#
# A fatal error has been detected by the Java Runtime Environment:
#
#  Internal Error (signature.cpp:53), pid=75856, tid=76099
#  fatal error: expecting (
#
# JRE version: OpenJDK Runtime Environment Temurin-11.0.31+11 (11.0.31+11) (build 11.0.31+11)
# Java VM: OpenJDK 64-Bit Server VM Temurin-11.0.31+11 (11.0.31+11, mixed mode, sharing, tiered, compressed oops, g1 gc, linux-amd64)
# Core dump will be written. Default location: Core dumps may be processed with "/wsl-capture-crash %t %E %p %s" (or dumping to /opt/spark/work-dir/core.75856)
#
# If you would like to submit a bug report, please visit:
#   https://github.com/adoptium/adoptium-support/issues
#

---------------  S U M M A R Y ------------

Command Line: -Xmx1g -XX:+IgnoreUnrecognizedVMOptions --add-opens=java.base/java.lang=ALL-UNNAMED --add-opens=java.base/java.lang.invoke=ALL-UNNAMED --add-opens=java.base/java.lang.reflect=ALL-UNNAMED --add-opens=java.base/java.io=ALL-UNNAMED --add-opens=java.base/java.net=ALL-UNNAMED --add-opens=java.base/java.nio=ALL-UNNAMED --add-opens=java.base/java.util=ALL-UNNAMED --add-opens=java.base/java.util.concurrent=ALL-UNNAMED --add-opens=java.base/java.util.concurrent.atomic=ALL-UNNAMED --add-opens=java.base/jdk.internal.ref=ALL-UNNAMED --add-opens=java.base/sun.nio.ch=ALL-UNNAMED --add-opens=java.base/sun.nio.cs=ALL-UNNAMED --add-opens=java.base/sun.security.action=ALL-UNNAMED --add-opens=java.base/sun.util.calendar=ALL-UNNAMED --add-opens=java.security.jgss/sun.security.krb5=ALL-UNNAMED -Djdk.reflect.useDirectMethodHandle=false org.apache.spark.deploy.SparkSubmit --conf spark.jars.ivy=/tmp/.ivy2 --packages org.apache.iceberg:iceberg-spark-runtime-3.5_2.12:1.5.0,org.projectnessie.nessie-integrations:nessie-spark-extensions-3.5_2.12:0.77.1,software.amazon.awssdk:bundle:2.20.18,software.amazon.awssdk:url-connection-client:2.20.18 /opt/spark/work-dir/complex_transforms/05_iceberg_transforms.py

Host: AMD Ryzen 7 7435HS, 16 cores, 7G, Ubuntu 22.04.5 LTS
Time: Thu Oct  1 16:39:13 2026 UTC elapsed time: 33.508190 seconds (0d 0h 0m 33s)

---------------  T H R E A D  ---------------

Current thread (0x00007f0ca8054800):  JavaThread "Executor task launch worker for task 188.0 in stage 0.0 (TID 188)" daemon [_thread_in_vm, id=76099, stack(0x00007f0bbce00000,0x00007f0bbcf00000)]

Stack: [0x00007f0bbce00000,0x00007f0bbcf00000],  sp=0x00007f0bbcefc1d0,  free space=1008k
Native frames: (J=compiled Java code, A=aot compiled Java code, j=interpreted, Vv=VM code, C=native code)
V  [libjvm.so+0xf4f61a]  VMError::report_and_die(int, char const*, char const*, __va_list_tag*, Thread*, unsigned char*, void*, void*, char const*, int, unsigned long)+0x1ca
V  [libjvm.so+0x6d847f]  report_fatal(VMErrorType, char const*, int, char const*, ...)+0x10f
V  [libjvm.so+0xe1ed18]  SignatureIterator::iterate_parameters()+0x58
V  [libjvm.so+0x7a0943]  frame::interpreter_callee_receiver_addr(Symbol*)+0x43
V  [libjvm.so+0x8d8393]  InterpreterRuntime::resolve_invoke(JavaThread*, Bytecodes::Code)+0x1b3
V  [libjvm.so+0x8d94f5]  InterpreterRuntime::resolve_from_cache(JavaThread*, Bytecodes::Code)+0x165
j  org.apache.iceberg.shaded.io.netty.buffer.PoolArena.tcacheAllocateSmall+179
J 18519 c1 org.apache.iceberg.shaded.io.netty.buffer.PoolArena.allocate (90 bytes) @ 0x00007f0d672cfa44 [0x00007f0d672cf900+0x0000000000000144]
J 18287 c1 org.apache.iceberg.shaded.io.netty.buffer.PooledByteBufAllocatorL$InnerAllocator.newDirectBufferL(II)Lorg/apache/iceberg/shaded/io/netty/buffer/UnsafeDirectLittleEndian; (197 bytes) @ 0x00007f0d6725260c [0x00007f0d672517e0+0x0000000000000e2c]
J 18286 c1 org.apache.iceberg.shaded.io.netty.buffer.PooledByteBufAllocatorL.allocate(J)Lorg/apache/iceberg/shaded/io/netty/buffer/UnsafeDirectLittleEndian; (47 bytes) @ 0x00007f0d6724bae4 [0x00007f0d6724b920+0x00000000000001c4]
J 18295 c1 org.apache.iceberg.shaded.org.apache.arrow.memory.NettyAllocationManager.<init>(Lorg/apache/iceberg/shaded/org/apache/arrow/memory/BufferAllocator;JI)V (75 bytes) @ 0x00007f0d6724df2c [0x00007f0d6724dcc0+0x000000000000026c]
J 18303 c1 org.apache.iceberg.shaded.org.apache.arrow.memory.NettyAllocationManager$1.create(Lorg/apache/iceberg/shaded/org/apache/arrow/memory/BufferAllocator;J)Lorg/apache/iceberg/shaded/org/apache/arrow/memory/AllocationManager; (10 bytes) @ 0x00007f0d672566ac [0x00007f0d67256560+0x000000000000014c]
J 18496 c1 org.apache.iceberg.shaded.org.apache.arrow.memory.BaseAllocator.bufferWithoutReservation(JLorg/apache/iceberg/shaded/org/apache/arrow/memory/BufferManager;)Lorg/apache/iceberg/shaded/org/apache/arrow/memory/ArrowBuf; (58 bytes) @ 0x00007f0d672cb2cc [0x00007f0d672cb200+0x00000000000000cc]
J 18494 c1 org.apache.iceberg.shaded.org.apache.arrow.memory.BaseAllocator.buffer(JLorg/apache/iceberg/shaded/org/apache/arrow/memory/BufferManager;)Lorg/apache/iceberg/shaded/org/apache/arrow/memory/ArrowBuf; (188 bytes) @ 0x00007f0d672c9a44 [0x00007f0d672c96a0+0x00000000000003a4]
J 20445 c2 org.apache.iceberg.shaded.org.apache.arrow.memory.BaseAllocator.buffer(J)Lorg/apache/iceberg/shaded/org/apache/arrow/memory/ArrowBuf; (11 bytes) @ 0x00007f0d6cd7288c [0x00007f0d6cd72820+0x000000000000006c]
j  org.apache.iceberg.shaded.org.apache.arrow.vector.BaseVariableWidthVector.reallocDataBuffer(J)V+42
J 21927 c1 org.apache.iceberg.shaded.org.apache.arrow.vector.BaseVariableWidthVector.handleSafe(II)V (64 bytes) @ 0x00007f0d64f1b284 [0x00007f0d64f1a900+0x0000000000000984]
J 21926 c1 org.apache.iceberg.shaded.org.apache.arrow.vector.BaseVariableWidthVector.setValueLengthSafe(II)V (57 bytes) @ 0x00007f0d64f7b18c [0x00007f0d64f7b0c0+0x00000000000000cc]
J 21921 c1 org.apache.iceberg.arrow.vectorized.parquet.VectorizedParquetDefinitionLevelReader$VarWidthReader.nextVal(Lorg/apache/iceberg/shaded/org/apache/arrow/vector/FieldVector;ILorg/apache/iceberg/parquet/ValuesAsBytesReader;I[B)V (70 bytes) @ 0x00007f0d64f32cd4 [0x00007f0d64f32920+0x00000000000003b4]
J 21922 c1 org.apache.iceberg.arrow.vectorized.parquet.VectorizedParquetDefinitionLevelReader$BaseReader.nextBatch(Lorg/apache/iceberg/shaded/org/apache/arrow/vector/FieldVector;IIILorg/apache/iceberg/arrow/vectorized/NullabilityHolder;Lorg/apache/iceberg/parquet/ValuesAsBytesReader;)V (298 bytes) @ 0x00007f0d650a4b0c [0x00007f0d650a4060+0x0000000000000aac]
J 19931 c1 org.apache.iceberg.arrow.vectorized.parquet.VectorizedPageIterator$VarWidthTypePageReader.nextVal(Lorg/apache/iceberg/shaded/org/apache/arrow/vector/FieldVector;IIILorg/apache/iceberg/arrow/vectorized/NullabilityHolder;)V (28 bytes) @ 0x00007f0d674d0254 [0x00007f0d674d00e0+0x0000000000000174]
J 19339 c1 org.apache.iceberg.arrow.vectorized.parquet.VectorizedPageIterator$BasePageReader.nextBatch(Lorg/apache/iceberg/shaded/org/apache/arrow/vector/FieldVector;IIILorg/apache/iceberg/arrow/vectorized/NullabilityHolder;)I (100 bytes) @ 0x00007f0d6740ae64 [0x00007f0d6740ad60+0x0000000000000104]
J 20622 c1 org.apache.iceberg.arrow.vectorized.parquet.VectorizedColumnIterator$VarWidthTypeBatchReader.nextBatchOf(Lorg/apache/iceberg/shaded/org/apache/arrow/vector/FieldVector;IIILorg/apache/iceberg/arrow/vectorized/NullabilityHolder;)I (21 bytes) @ 0x00007f0d675c08a4 [0x00007f0d675c0760+0x0000000000000144]
J 18600 c1 org.apache.iceberg.arrow.vectorized.parquet.VectorizedColumnIterator$BatchReader.nextBatch(Lorg/apache/iceberg/shaded/org/apache/arrow/vector/FieldVector;ILorg/apache/iceberg/arrow/vectorized/NullabilityHolder;)V (83 bytes) @ 0x00007f0d672f1cfc [0x00007f0d672f1be0+0x000000000000011c]
J 18353 c1 org.apache.iceberg.arrow.vectorized.VectorizedArrowReader.read(Lorg/apache/iceberg/arrow/vectorized/VectorHolder;I)Lorg/apache/iceberg/arrow/vectorized/VectorHolder; (496 bytes) @ 0x00007f0d67276924 [0x00007f0d67275ba0+0x0000000000000d84]
J 19491 c1 org.apache.iceberg.spark.data.vectorized.ColumnarBatchReader$ColumnBatchLoader.readDataToColumnVectors()[Lorg/apache/spark/sql/vectorized/ColumnVector; (144 bytes) @ 0x00007f0d67448654 [0x00007f0d67448480+0x00000000000001d4]
J 20615 c1 org.apache.iceberg.spark.data.vectorized.ColumnarBatchReader$ColumnBatchLoader.loadDataToColumnBatch()Lorg/apache/spark/sql/vectorized/ColumnarBatch; (90 bytes) @ 0x00007f0d675baf3c [0x00007f0d675baea0+0x000000000000009c]
J 19928 c1 org.apache.iceberg.spark.data.vectorized.ColumnarBatchReader.read(Ljava/lang/Object;I)Ljava/lang/Object; (10 bytes) @ 0x00007f0d674ceebc [0x00007f0d674ced60+0x000000000000015c]
J 20654 c1 org.apache.iceberg.parquet.VectorizedParquetReader$FileIterator.next()Ljava/lang/Object; (109 bytes) @ 0x00007f0d675d3e9c [0x00007f0d675d3d80+0x000000000000011c]
J 19481 c1 org.apache.iceberg.spark.source.BaseReader.next()Z (156 bytes) @ 0x00007f0d67441a6c [0x00007f0d67441820+0x000000000000024c]
J 18356 c1 org.apache.spark.sql.execution.datasources.v2.PartitionIterator.hasNext()Z (43 bytes) @ 0x00007f0d6727549c [0x00007f0d672752e0+0x00000000000001bc]
J 18760 c1 org.apache.spark.sql.execution.datasources.v2.MetricsIterator.hasNext()Z (20 bytes) @ 0x00007f0d6732d4ec [0x00007f0d6732d460+0x000000000000008c]
J 18579 c1 org.apache.spark.sql.execution.datasources.v2.DataSourceRDD$$anon$1.hasNext()Z (28 bytes) @ 0x00007f0d672ea84c [0x00007f0d672ea200+0x000000000000064c]
J 19489 c1 org.apache.spark.InterruptibleIterator.hasNext()Z (17 bytes) @ 0x00007f0d67447c84 [0x00007f0d67447be0+0x00000000000000a4]
J 21454 c2 scala.collection.Iterator$$anon$10.hasNext()Z (10 bytes) @ 0x00007f0d6cd57bf4 [0x00007f0d6cd57ba0+0x0000000000000054]
J 20368 c2 org.apache.spark.sql.catalyst.expressions.GeneratedClass$GeneratedIteratorForCodegenStage1.hashAgg_doAggregateWithKeys_0$(Lorg/apache/spark/sql/catalyst/expressions/GeneratedClass$GeneratedIteratorForCodegenStage1;)V (416 bytes) @ 0x00007f0d6cc6b718 [0x00007f0d6cc6b580+0x0000000000000198]
J 20697 c1 org.apache.spark.sql.catalyst.expressions.GeneratedClass$GeneratedIteratorForCodegenStage1.processNext()V (249 bytes) @ 0x00007f0d675e9be4 [0x00007f0d675e8e00+0x0000000000000de4]
J 17417 c1 org.apache.spark.sql.execution.WholeStageCodegenEvaluatorFactory$WholeStageCodegenPartitionEvaluator$$anon$1.hasNext()Z (37 bytes) @ 0x00007f0d6715ea9c [0x00007f0d6715e9e0+0x00000000000000bc]
J 21454 c2 scala.collection.Iterator$$anon$10.hasNext()Z (10 bytes) @ 0x00007f0d6cd57bf4 [0x00007f0d6cd57ba0+0x0000000000000054]
J 21203 c1 org.apache.spark.shuffle.sort.BypassMergeSortShuffleWriter.write(Lscala/collection/Iterator;)V (504 bytes) @ 0x00007f0d676a6274 [0x00007f0d676a6040+0x0000000000000234]
j  org.apache.spark.shuffle.ShuffleWriteProcessor.write(Lorg/apache/spark/rdd/RDD;Lorg/apache/spark/ShuffleDependency;JLorg/apache/spark/TaskContext;Lorg/apache/spark/Partition;)Lorg/apache/spark/scheduler/MapStatus;+46
j  org.apache.spark.scheduler.ShuffleMapTask.runTask(Lorg/apache/spark/TaskContext;)Lorg/apache/spark/scheduler/MapStatus;+189
j  org.apache.spark.scheduler.ShuffleMapTask.runTask(Lorg/apache/spark/TaskContext;)Ljava/lang/Object;+2
j  org.apache.spark.TaskContext.runTaskWithListeners(Lorg/apache/spark/scheduler/Task;)Ljava/lang/Object;+2
j  org.apache.spark.scheduler.Task.run(JILorg/apache/spark/metrics/MetricsSystem;ILscala/collection/immutable/Map;Lscala/Option;)Ljava/lang/Object;+254
j  org.apache.spark.executor.Executor$TaskRunner.$anonfun$run$4(Lorg/apache/spark/executor/Executor$TaskRunner;Lscala/runtime/BooleanRef;)Ljava/lang/Object;+43
j  org.apache.spark.executor.Executor$TaskRunner$$Lambda$3869.apply()Ljava/lang/Object;+8
J 21053 c2 org.apache.spark.util.SparkErrorUtils.tryWithSafeFinally(Lscala/Function0;Lscala/Function0;)Ljava/lang/Object; (211 bytes) @ 0x00007f0d6cce7018 [0x00007f0d6cce6fc0+0x0000000000000058]
J 17521 c1 org.apache.spark.util.Utils$.tryWithSafeFinally(Lscala/Function0;Lscala/Function0;)Ljava/lang/Object; (7 bytes) @ 0x00007f0d671839ac [0x00007f0d671838e0+0x00000000000000cc]
j  org.apache.spark.executor.Executor$TaskRunner.run()V+560
j  java.util.concurrent.ThreadPoolExecutor.runWorker(Ljava/util/concurrent/ThreadPoolExecutor$Worker;)V+92 java.base@11.0.31
j  java.util.concurrent.ThreadPoolExecutor$Worker.run()V+5 java.base@11.0.31
j  java.lang.Thread.run()V+11 java.base@11.0.31
v  ~StubRoutines::call_stub
V  [libjvm.so+0x8e2bdb]  JavaCalls::call_helper(JavaValue*, methodHandle const&, JavaCallArguments*, Thread*)+0x39b
V  [libjvm.so+0x8e0b9d]  JavaCalls::call_virtual(JavaValue*, Handle, Klass*, Symbol*, Symbol*, Thread*)+0x1ed
V  [libjvm.so+0x98f58c]  thread_entry(JavaThread*, Thread*)+0x6c
V  [libjvm.so+0xee364a]  JavaThread::thread_main_inner()+0x1ba
V  [libjvm.so+0xee028f]  Thread::call_run()+0x14f
V  [libjvm.so+0xc7e016]  thread_native_entry(Thread*)+0xe6

Java frames: (J=compiled Java code, j=interpreted, Vv=VM code)
j  org.apache.iceberg.shaded.io.netty.buffer.PoolArena.tcacheAllocateSmall+179
J 18519 c1 org.apache.iceberg.shaded.io.netty.buffer.PoolArena.allocate (90 bytes) @ 0x00007f0d672cfa44 [0x00007f0d672cf900+0x0000000000000144]
J 18287 c1 org.apache.iceberg.shaded.io.netty.buffer.PooledByteBufAllocatorL$InnerAllocator.newDirectBufferL(II)Lorg/apache/iceberg/shaded/io/netty/buffer/UnsafeDirectLittleEndian; (197 bytes) @ 0x00007f0d6725260c [0x00007f0d672517e0+0x0000000000000e2c]
J 18286 c1 org.apache.iceberg.shaded.io.netty.buffer.PooledByteBufAllocatorL.allocate(J)Lorg/apache/iceberg/shaded/io/netty/buffer/UnsafeDirectLittleEndian; (47 bytes) @ 0x00007f0d6724bae4 [0x00007f0d6724b920+0x00000000000001c4]
J 18295 c1 org.apache.iceberg.shaded.org.apache.arrow.memory.NettyAllocationManager.<init>(Lorg/apache/iceberg/shaded/org/apache/arrow/memory/BufferAllocator;JI)V (75 bytes) @ 0x00007f0d6724df2c [0x00007f0d6724dcc0+0x000000000000026c]
J 18303 c1 org.apache.iceberg.shaded.org.apache.arrow.memory.NettyAllocationManager$1.create(Lorg/apache/iceberg/shaded/org/apache/arrow/memory/BufferAllocator;J)Lorg/apache/iceberg/shaded/org/apache/arrow/memory/AllocationManager; (10 bytes) @ 0x00007f0d672566ac [0x00007f0d67256560+0x000000000000014c]
J 18496 c1 org.apache.iceberg.shaded.org.apache.arrow.memory.BaseAllocator.bufferWithoutReservation(JLorg/apache/iceberg/shaded/org/apache/arrow/memory/BufferManager;)Lorg/apache/iceberg/shaded/org/apache/arrow/memory/ArrowBuf; (58 bytes) @ 0x00007f0d672cb2cc [0x00007f0d672cb200+0x00000000000000cc]
J 18494 c1 org.apache.iceberg.shaded.org.apache.arrow.memory.BaseAllocator.buffer(JLorg/apache/iceberg/shaded/org/apache/arrow/memory/BufferManager;)Lorg/apache/iceberg/shaded/org/apache/arrow/memory/ArrowBuf; (188 bytes) @ 0x00007f0d672c9a44 [0x00007f0d672c96a0+0x00000000000003a4]
J 20445 c2 org.apache.iceberg.shaded.org.apache.arrow.memory.BaseAllocator.buffer(J)Lorg/apache/iceberg/shaded/org/apache/arrow/memory/ArrowBuf; (11 bytes) @ 0x00007f0d6cd7288c [0x00007f0d6cd72820+0x000000000000006c]
j  org.apache.iceberg.shaded.org.apache.arrow.vector.BaseVariableWidthVector.reallocDataBuffer(J)V+42
J 21927 c1 org.apache.iceberg.shaded.org.apache.arrow.vector.BaseVariableWidthVector.handleSafe(II)V (64 bytes) @ 0x00007f0d64f1b284 [0x00007f0d64f1a900+0x0000000000000984]
J 21926 c1 org.apache.iceberg.shaded.org.apache.arrow.vector.BaseVariableWidthVector.setValueLengthSafe(II)V (57 bytes) @ 0x00007f0d64f7b18c [0x00007f0d64f7b0c0+0x00000000000000cc]
J 21921 c1 org.apache.iceberg.arrow.vectorized.parquet.VectorizedParquetDefinitionLevelReader$VarWidthReader.nextVal(Lorg/apache/iceberg/shaded/org/apache/arrow/vector/FieldVector;ILorg/apache/iceberg/parquet/ValuesAsBytesReader;I[B)V (70 bytes) @ 0x00007f0d64f32cd4 [0x00007f0d64f32920+0x00000000000003b4]
J 21922 c1 org.apache.iceberg.arrow.vectorized.parquet.VectorizedParquetDefinitionLevelReader$BaseReader.nextBatch(Lorg/apache/iceberg/shaded/org/apache/arrow/vector/FieldVector;IIILorg/apache/iceberg/arrow/vectorized/NullabilityHolder;Lorg/apache/iceberg/parquet/ValuesAsBytesReader;)V (298 bytes) @ 0x00007f0d650a4b0c [0x00007f0d650a4060+0x0000000000000aac]
J 19931 c1 org.apache.iceberg.arrow.vectorized.parquet.VectorizedPageIterator$VarWidthTypePageReader.nextVal(Lorg/apache/iceberg/shaded/org/apache/arrow/vector/FieldVector;IIILorg/apache/iceberg/arrow/vectorized/NullabilityHolder;)V (28 bytes) @ 0x00007f0d674d0254 [0x00007f0d674d00e0+0x0000000000000174]
J 19339 c1 org.apache.iceberg.arrow.vectorized.parquet.VectorizedPageIterator$BasePageReader.nextBatch(Lorg/apache/iceberg/shaded/org/apache/arrow/vector/FieldVector;IIILorg/apache/iceberg/arrow/vectorized/NullabilityHolder;)I (100 bytes) @ 0x00007f0d6740ae64 [0x00007f0d6740ad60+0x0000000000000104]
J 20622 c1 org.apache.iceberg.arrow.vectorized.parquet.VectorizedColumnIterator$VarWidthTypeBatchReader.nextBatchOf(Lorg/apache/iceberg/shaded/org/apache/arrow/vector/FieldVector;IIILorg/apache/iceberg/arrow/vectorized/NullabilityHolder;)I (21 bytes) @ 0x00007f0d675c08a4 [0x00007f0d675c0760+0x0000000000000144]
J 18600 c1 org.apache.iceberg.arrow.vectorized.parquet.VectorizedColumnIterator$BatchReader.nextBatch(Lorg/apache/iceberg/shaded/org/apache/arrow/vector/FieldVector;ILorg/apache/iceberg/arrow/vectorized/NullabilityHolder;)V (83 bytes) @ 0x00007f0d672f1cfc [0x00007f0d672f1be0+0x000000000000011c]
J 18353 c1 org.apache.iceberg.arrow.vectorized.VectorizedArrowReader.read(Lorg/apache/iceberg/arrow/vectorized/VectorHolder;I)Lorg/apache/iceberg/arrow/vectorized/VectorHolder; (496 bytes) @ 0x00007f0d67276924 [0x00007f0d67275ba0+0x0000000000000d84]
J 19491 c1 org.apache.iceberg.spark.data.vectorized.ColumnarBatchReader$ColumnBatchLoader.readDataToColumnVectors()[Lorg/apache/spark/sql/vectorized/ColumnVector; (144 bytes) @ 0x00007f0d67448654 [0x00007f0d67448480+0x00000000000001d4]
J 20615 c1 org.apache.iceberg.spark.data.vectorized.ColumnarBatchReader$ColumnBatchLoader.loadDataToColumnBatch()Lorg/apache/spark/sql/vectorized/ColumnarBatch; (90 bytes) @ 0x00007f0d675baf3c [0x00007f0d675baea0+0x000000000000009c]
J 19928 c1 org.apache.iceberg.spark.data.vectorized.ColumnarBatchReader.read(Ljava/lang/Object;I)Ljava/lang/Object; (10 bytes) @ 0x00007f0d674ceebc [0x00007f0d674ced60+0x000000000000015c]
J 20654 c1 org.apache.iceberg.parquet.VectorizedParquetReader$FileIterator.next()Ljava/lang/Object; (109 bytes) @ 0x00007f0d675d3e9c [0x00007f0d675d3d80+0x000000000000011c]
J 19481 c1 org.apache.iceberg.spark.source.BaseReader.next()Z (156 bytes) @ 0x00007f0d67441a6c [0x00007f0d67441820+0x000000000000024c]
J 18356 c1 org.apache.spark.sql.execution.datasources.v2.PartitionIterator.hasNext()Z (43 bytes) @ 0x00007f0d6727549c [0x00007f0d672752e0+0x00000000000001bc]
J 18760 c1 org.apache.spark.sql.execution.datasources.v2.MetricsIterator.hasNext()Z (20 bytes) @ 0x00007f0d6732d4ec [0x00007f0d6732d460+0x000000000000008c]
J 18579 c1 org.apache.spark.sql.execution.datasources.v2.DataSourceRDD$$anon$1.hasNext()Z (28 bytes) @ 0x00007f0d672ea84c [0x00007f0d672ea200+0x000000000000064c]
J 19489 c1 org.apache.spark.InterruptibleIterator.hasNext()Z (17 bytes) @ 0x00007f0d67447c84 [0x00007f0d67447be0+0x00000000000000a4]
J 21454 c2 scala.collection.Iterator$$anon$10.hasNext()Z (10 bytes) @ 0x00007f0d6cd57bf4 [0x00007f0d6cd57ba0+0x0000000000000054]
J 20368 c2 org.apache.spark.sql.catalyst.expressions.GeneratedClass$GeneratedIteratorForCodegenStage1.hashAgg_doAggregateWithKeys_0$(Lorg/apache/spark/sql/catalyst/expressions/GeneratedClass$GeneratedIteratorForCodegenStage1;)V (416 bytes) @ 0x00007f0d6cc6b718 [0x00007f0d6cc6b580+0x0000000000000198]
J 20697 c1 org.apache.spark.sql.catalyst.expressions.GeneratedClass$GeneratedIteratorForCodegenStage1.processNext()V (249 bytes) @ 0x00007f0d675e9be4 [0x00007f0d675e8e00+0x0000000000000de4]
J 17417 c1 org.apache.spark.sql.execution.WholeStageCodegenEvaluatorFactory$WholeStageCodegenPartitionEvaluator$$anon$1.hasNext()Z (37 bytes) @ 0x00007f0d6715ea9c [0x00007f0d6715e9e0+0x00000000000000bc]
J 21454 c2 scala.collection.Iterator$$anon$10.hasNext()Z (10 bytes) @ 0x00007f0d6cd57bf4 [0x00007f0d6cd57ba0+0x0000000000000054]
J 21203 c1 org.apache.spark.shuffle.sort.BypassMergeSortShuffleWriter.write(Lscala/collection/Iterator;)V (504 bytes) @ 0x00007f0d676a6274 [0x00007f0d676a6040+0x0000000000000234]
j  org.apache.spark.shuffle.ShuffleWriteProcessor.write(Lorg/apache/spark/rdd/RDD;Lorg/apache/spark/ShuffleDependency;JLorg/apache/spark/TaskContext;Lorg/apache/spark/Partition;)Lorg/apache/spark/scheduler/MapStatus;+46
j  org.apache.spark.scheduler.ShuffleMapTask.runTask(Lorg/apache/spark/TaskContext;)Lorg/apache/spark/scheduler/MapStatus;+189
j  org.apache.spark.scheduler.ShuffleMapTask.runTask(Lorg/apache/spark/TaskContext;)Ljava/lang/Object;+2
j  org.apache.spark.TaskContext.runTaskWithListeners(Lorg/apache/spark/scheduler/Task;)Ljava/lang/Object;+2
j  org.apache.spark.scheduler.Task.run(JILorg/apache/spark/metrics/MetricsSystem;ILscala/collection/immutable/Map;Lscala/Option;)Ljava/lang/Object;+254
j  org.apache.spark.executor.Executor$TaskRunner.$anonfun$run$4(Lorg/apache/spark/executor/Executor$TaskRunner;Lscala/runtime/BooleanRef;)Ljava/lang/Object;+43
j  org.apache.spark.executor.Executor$TaskRunner$$Lambda$3869.apply()Ljava/lang/Object;+8
J 21053 c2 org.apache.spark.util.SparkErrorUtils.tryWithSafeFinally(Lscala/Function0;Lscala/Function0;)Ljava/lang/Object; (211 bytes) @ 0x00007f0d6cce7018 [0x00007f0d6cce6fc0+0x0000000000000058]
J 17521 c1 org.apache.spark.util.Utils$.tryWithSafeFinally(Lscala/Function0;Lscala/Function0;)Ljava/lang/Object; (7 bytes) @ 0x00007f0d671839ac [0x00007f0d671838e0+0x00000000000000cc]
j  org.apache.spark.executor.Executor$TaskRunner.run()V+560
j  java.util.concurrent.ThreadPoolExecutor.runWorker(Ljava/util/concurrent/ThreadPoolExecutor$Worker;)V+92 java.base@11.0.31
j  java.util.concurrent.ThreadPoolExecutor$Worker.run()V+5 java.base@11.0.31
j  java.lang.Thread.run()V+11 java.base@11.0.31
v  ~StubRoutines::call_stub

---------------  P R O C E S S  ---------------

Threads class SMR info:
_java_thread_list=0x00007f0cd4002f40, length=122, elements={
0x00007f0d7c02a800, 0x00007f0d7c12f800, 0x00007f0d7c131800, 0x00007f0d7c137000,
0x00007f0d7c139000, 0x00007f0d7c13b800, 0x00007f0d7c13d800, 0x00007f0d7c13f800,
0x00007f0d7c199800, 0x00007f0d7e651000, 0x00007f0d7e71f000, 0x00007f0d7e7c2800,
0x00007f0d7e7ca000, 0x00007f0cec007800, 0x00007f0cf833a000, 0x00007f0cf8342800,
0x00007f0cf8344000, 0x00007f0cf8345800, 0x00007f0cf8347000, 0x00007f0cf8349000,
0x00007f0cf834a800, 0x00007f0cf834c800, 0x00007f0cf834e000, 0x00007f0cf8350000,
0x00007f0cf8352000, 0x00007f0cf8353800, 0x00007f0cf8355800, 0x00007f0cf8357000,
0x00007f0cf8359000, 0x00007f0cf835a800, 0x00007f0cf835c800, 0x00007f0cf8395000,
0x00007f0cf83a3800, 0x00007f0cf83a5000, 0x00007f0cf83aa000, 0x00007f0cf83ab000,
0x00007f0cf83ad000, 0x00007f0cf83ae800, 0x00007f0cf83b0800, 0x00007f0cf83d7000,
0x00007f0cf8481000, 0x00007f0cf8486000, 0x00007f0cec009000, 0x00007f0cf8597800,
0x00007f0cf8598800, 0x00007f0cf859a800, 0x00007f0cf859c000, 0x00007f0cf859e000,
0x00007f0cf859f800, 0x00007f0cf85a1800, 0x00007f0cf85a3800, 0x00007f0cf85db000,
0x00007f0cf85f5800, 0x00007f0cf861d800, 0x00007f0cf8623000, 0x00007f0d00034000,
0x00007f0cd8032000, 0x00007f0cf862b000, 0x00007f0cf862d800, 0x00007f0cf8664800,
0x00007f0cf866a800, 0x00007f0cf867c800, 0x00007f0cf8610000, 0x00007f0cf86ba800,
0x00007f0cdc004000, 0x00007f0d30045000, 0x00007f0cf8742000, 0x00007f0cf886e800,
0x00007f0cf8871000, 0x00007f0cf887b000, 0x00007f0cf887d000, 0x00007f0bf4018800,
0x00007f0d300e7000, 0x00007f0cf9724800, 0x00007f0be0009800, 0x00007f0be000c000,
0x00007f0be000e800, 0x00007f0bf01e6000, 0x00007f0bf0015000, 0x00007f0bf0016000,
0x00007f0cf98c2800, 0x00007f0cf9a61000, 0x00007f0cfabe7800, 0x00007f0cfabe8800,
0x00007f0cfabea800, 0x00007f0cfabec000, 0x00007f0cfabee000, 0x00007f0cfabf0000,
0x00007f0cfabf2000, 0x00007f0cfabf3800, 0x00007f0cfabf5800, 0x00007f0cfabf7800,
0x00007f0cfabf9800, 0x00007f0cfabfb800, 0x00007f0cfabfd800, 0x00007f0cfabff800,
0x00007f0cfac01800, 0x00007f0cfac03800, 0x00007f0ca8038000, 0x00007f0ca8039000,
0x00007f0ca803b000, 0x00007f0ca803c800, 0x00007f0ca803e800, 0x00007f0ca8043000,
0x00007f0ca8044800, 0x00007f0ca8046000, 0x00007f0ca8048000, 0x00007f0ca804a000,
0x00007f0ca804c000, 0x00007f0ca804e800, 0x00007f0ca8050800, 0x00007f0ca8052800,
0x00007f0ca8054800, 0x00007f0ca8056800, 0x00007f0b7c032000, 0x00007f0b60003000,
0x00007f0b600d9800, 0x00007f0ca0002000, 0x00007f0c98001000, 0x00007f0c98003000,
0x00007f0c98005000, 0x00007f0cd4001800
}

Java Threads: ( => current thread )
  0x00007f0d7c02a800 JavaThread "main" [_thread_blocked, id=75885, stack(0x00007f0d82ad7000,0x00007f0d82bd7000)]
  0x00007f0d7c12f800 JavaThread "Reference Handler" daemon [_thread_blocked, id=75892, stack(0x00007f0d55dff000,0x00007f0d55eff000)]
  0x00007f0d7c131800 JavaThread "Finalizer" daemon [_thread_blocked, id=75893, stack(0x00007f0d55cff000,0x00007f0d55dff000)]
  0x00007f0d7c137000 JavaThread "Signal Dispatcher" daemon [_thread_blocked, id=75894, stack(0x00007f0d55916000,0x00007f0d55a16000)]
  0x00007f0d7c139000 JavaThread "Service Thread" daemon [_thread_blocked, id=75895, stack(0x00007f0d55816000,0x00007f0d55916000)]
  0x00007f0d7c13b800 JavaThread "C2 CompilerThread0" daemon [_thread_in_vm, id=75896, stack(0x00007f0d55716000,0x00007f0d55816000)]
  0x00007f0d7c13d800 JavaThread "C1 CompilerThread0" daemon [_thread_blocked, id=75897, stack(0x00007f0d55616000,0x00007f0d55716000)]
  0x00007f0d7c13f800 JavaThread "Sweeper thread" daemon [_thread_blocked, id=75898, stack(0x00007f0d55516000,0x00007f0d55616000)]
  0x00007f0d7c199800 JavaThread "Common-Cleaner" daemon [_thread_blocked, id=75901, stack(0x00007f0d55216000,0x00007f0d55316000)]
  0x00007f0d7e651000 JavaThread "process reaper (pid 75920)" daemon [_thread_in_native, id=75915, stack(0x00007f0d80a5c000,0x00007f0d80a7e000)]
  0x00007f0d7e71f000 JavaThread "org.apache.hadoop.fs.FileSystem$Statistics$StatisticsDataReferenceCleaner" daemon [_thread_blocked, id=75917, stack(0x00007f0d0acff000,0x00007f0d0adff000)]
  0x00007f0d7e7c2800 JavaThread "Thread-3" [_thread_in_native, id=75918, stack(0x00007f0d0a500000,0x00007f0d0a600000)]
  0x00007f0d7e7ca000 JavaThread "redirect output" daemon [_thread_in_native, id=75921, stack(0x00007f0d0a100000,0x00007f0d0a200000)]
  0x00007f0cec007800 JavaThread "Thread-5" [_thread_blocked, id=75923, stack(0x00007f0d55015000,0x00007f0d55115000)]
  0x00007f0cf833a000 JavaThread "rpc-boss-3-1" daemon [_thread_in_native, id=75928, stack(0x00007f0d0afff000,0x00007f0d0b0ff000)]
  0x00007f0cf8342800 JavaThread "dispatcher-event-loop-0" daemon [_thread_blocked, id=75929, stack(0x00007f0d096fd000,0x00007f0d097fd000)]
  0x00007f0cf8344000 JavaThread "dispatcher-event-loop-1" daemon [_thread_blocked, id=75930, stack(0x00007f0d095fd000,0x00007f0d096fd000)]
  0x00007f0cf8345800 JavaThread "dispatcher-event-loop-2" daemon [_thread_blocked, id=75931, stack(0x00007f0d094fd000,0x00007f0d095fd000)]
  0x00007f0cf8347000 JavaThread "dispatcher-event-loop-3" daemon [_thread_blocked, id=75932, stack(0x00007f0d093fd000,0x00007f0d094fd000)]
  0x00007f0cf8349000 JavaThread "dispatcher-event-loop-4" daemon [_thread_blocked, id=75933, stack(0x00007f0d092fd000,0x00007f0d093fd000)]
  0x00007f0cf834a800 JavaThread "dispatcher-event-loop-5" daemon [_thread_blocked, id=75934, stack(0x00007f0d091fd000,0x00007f0d092fd000)]
  0x00007f0cf834c800 JavaThread "dispatcher-event-loop-6" daemon [_thread_blocked, id=75935, stack(0x00007f0d090fd000,0x00007f0d091fd000)]
  0x00007f0cf834e000 JavaThread "dispatcher-event-loop-7" daemon [_thread_blocked, id=75936, stack(0x00007f0d08ffd000,0x00007f0d090fd000)]
  0x00007f0cf8350000 JavaThread "dispatcher-event-loop-8" daemon [_thread_blocked, id=75937, stack(0x00007f0d08efd000,0x00007f0d08ffd000)]
  0x00007f0cf8352000 JavaThread "dispatcher-event-loop-9" daemon [_thread_blocked, id=75938, stack(0x00007f0d08dfd000,0x00007f0d08efd000)]
  0x00007f0cf8353800 JavaThread "dispatcher-event-loop-10" daemon [_thread_blocked, id=75939, stack(0x00007f0d08cfd000,0x00007f0d08dfd000)]
  0x00007f0cf8355800 JavaThread "dispatcher-event-loop-11" daemon [_thread_blocked, id=75940, stack(0x00007f0d08bfd000,0x00007f0d08cfd000)]
  0x00007f0cf8357000 JavaThread "dispatcher-event-loop-12" daemon [_thread_blocked, id=75941, stack(0x00007f0d08afd000,0x00007f0d08bfd000)]
  0x00007f0cf8359000 JavaThread "dispatcher-event-loop-13" daemon [_thread_blocked, id=75942, stack(0x00007f0d089fd000,0x00007f0d08afd000)]
  0x00007f0cf835a800 JavaThread "dispatcher-event-loop-14" daemon [_thread_blocked, id=75943, stack(0x00007f0d088fd000,0x00007f0d089fd000)]
  0x00007f0cf835c800 JavaThread "dispatcher-event-loop-15" daemon [_thread_blocked, id=75944, stack(0x00007f0d087fd000,0x00007f0d088fd000)]
  0x00007f0cf8395000 JavaThread "map-output-dispatcher-0" daemon [_thread_blocked, id=75945, stack(0x00007f0d086fd000,0x00007f0d087fd000)]
  0x00007f0cf83a3800 JavaThread "map-output-dispatcher-1" daemon [_thread_blocked, id=75946, stack(0x00007f0d085fd000,0x00007f0d086fd000)]
  0x00007f0cf83a5000 JavaThread "map-output-dispatcher-2" daemon [_thread_blocked, id=75947, stack(0x00007f0d084fd000,0x00007f0d085fd000)]
  0x00007f0cf83aa000 JavaThread "map-output-dispatcher-3" daemon [_thread_blocked, id=75948, stack(0x00007f0d083fd000,0x00007f0d084fd000)]
  0x00007f0cf83ab000 JavaThread "map-output-dispatcher-4" daemon [_thread_blocked, id=75949, stack(0x00007f0d082fd000,0x00007f0d083fd000)]
  0x00007f0cf83ad000 JavaThread "map-output-dispatcher-5" daemon [_thread_blocked, id=75950, stack(0x00007f0d081fd000,0x00007f0d082fd000)]
  0x00007f0cf83ae800 JavaThread "map-output-dispatcher-6" daemon [_thread_blocked, id=75951, stack(0x00007f0d080fd000,0x00007f0d081fd000)]
  0x00007f0cf83b0800 JavaThread "map-output-dispatcher-7" daemon [_thread_blocked, id=75952, stack(0x00007f0c7ff00000,0x00007f0c80000000)]
  0x00007f0cf83d7000 JavaThread "dispatcher-BlockManagerMaster" daemon [_thread_blocked, id=75953, stack(0x00007f0c7fe00000,0x00007f0c7ff00000)]
  0x00007f0cf8481000 JavaThread "dispatcher-BlockManagerEndpoint1" daemon [_thread_blocked, id=75954, stack(0x00007f0c7fb00000,0x00007f0c7fc00000)]
  0x00007f0cf8486000 JavaThread "RemoteBlock-temp-file-clean-thread" daemon [_thread_blocked, id=75955, stack(0x00007f0c7fa00000,0x00007f0c7fb00000)]
  0x00007f0cec009000 JavaThread "Thread-7" [_thread_in_native, id=75956, stack(0x00007f0c7f900000,0x00007f0c7fa00000)]
  0x00007f0cf8597800 JavaThread "SparkUI-59" daemon [_thread_in_native, id=75959, stack(0x00007f0c7f3fe000,0x00007f0c7f4fe000)]
  0x00007f0cf8598800 JavaThread "SparkUI-60" daemon [_thread_in_native, id=75960, stack(0x00007f0c7f2fe000,0x00007f0c7f3fe000)]
  0x00007f0cf859a800 JavaThread "SparkUI-61" daemon [_thread_in_native, id=75961, stack(0x00007f0c7f1fe000,0x00007f0c7f2fe000)]
  0x00007f0cf859c000 JavaThread "SparkUI-62" daemon [_thread_in_native, id=75962, stack(0x00007f0c7f0fe000,0x00007f0c7f1fe000)]
  0x00007f0cf859e000 JavaThread "SparkUI-63" daemon [_thread_in_native, id=75963, stack(0x00007f0c7effe000,0x00007f0c7f0fe000)]
  0x00007f0cf859f800 JavaThread "SparkUI-64" daemon [_thread_in_native, id=75964, stack(0x00007f0c7eefe000,0x00007f0c7effe000)]
  0x00007f0cf85a1800 JavaThread "SparkUI-65" daemon [_thread_in_native, id=75965, stack(0x00007f0c7edfe000,0x00007f0c7eefe000)]
  0x00007f0cf85a3800 JavaThread "SparkUI-66" daemon [_thread_in_native, id=75966, stack(0x00007f0c7ecfe000,0x00007f0c7edfe000)]
  0x00007f0cf85db000 JavaThread "SparkUI-67-acceptor-0@3c75cdfa-ServerConnector@32b22404{HTTP/1.1, (http/1.1)}{0.0.0.0:4042}" daemon [_thread_in_native, id=75967, stack(0x00007f0c7ebfe000,0x00007f0c7ecfe000)]
  0x00007f0cf85f5800 JavaThread "SparkUI-68-acceptor-1@7384c980-ServerConnector@32b22404{HTTP/1.1, (http/1.1)}{0.0.0.0:4042}" daemon [_thread_blocked, id=75968, stack(0x00007f0c7eafe000,0x00007f0c7ebfe000)]
  0x00007f0cf861d800 JavaThread "process reaper" daemon [_thread_blocked, id=75970, stack(0x00007f0d80a3a000,0x00007f0d80a5c000)]
  0x00007f0cf8623000 JavaThread "dispatcher-HeartbeatReceiver" daemon [_thread_blocked, id=75992, stack(0x00007f0d544fe000,0x00007f0d545fe000)]
  0x00007f0d00034000 JavaThread "heartbeat-receiver-event-loop-thread" daemon [_thread_blocked, id=75993, stack(0x00007f0d54d00000,0x00007f0d54e00000)]
  0x00007f0cd8032000 JavaThread "netty-rpc-env-timeout" daemon [_thread_blocked, id=75994, stack(0x00007f0c7e9fe000,0x00007f0c7eafe000)]
  0x00007f0cf862b000 JavaThread "task-starvation-timer" daemon [_thread_blocked, id=75995, stack(0x00007f0c7e8fe000,0x00007f0c7e9fe000)]
  0x00007f0cf862d800 JavaThread "task-abort-timer" daemon [_thread_blocked, id=75996, stack(0x00007f0c7e7fe000,0x00007f0c7e8fe000)]
  0x00007f0cf8664800 JavaThread "dag-scheduler-event-loop" daemon [_thread_blocked, id=75997, stack(0x00007f0c7e4fe000,0x00007f0c7e5fe000)]
  0x00007f0cf866a800 JavaThread "driver-heartbeater" daemon [_thread_blocked, id=75998, stack(0x00007f0c7e3fe000,0x00007f0c7e4fe000)]
  0x00007f0cf867c800 JavaThread "executor-kill-mark-cleanup" daemon [_thread_blocked, id=75999, stack(0x00007f0c7e2fe000,0x00007f0c7e3fe000)]
  0x00007f0cf8610000 JavaThread "executor-heartbeater" daemon [_thread_blocked, id=76000, stack(0x00007f0c7e1fe000,0x00007f0c7e2fe000)]
  0x00007f0cf86ba800 JavaThread "files-client-5-1" daemon [_thread_in_native, id=76023, stack(0x00007f0c7e0fe000,0x00007f0c7e1fe000)]
  0x00007f0cdc004000 JavaThread "rpc-server-4-1" daemon [_thread_in_native, id=76024, stack(0x00007f0c7dffe000,0x00007f0c7e0fe000)]
  0x00007f0d30045000 JavaThread "C1 CompilerThread1" daemon [_thread_blocked, id=76045, stack(0x00007f0d55416000,0x00007f0d55516000)]
  0x00007f0cf8742000 JavaThread "shuffle-boss-7-1" daemon [_thread_in_native, id=76050, stack(0x00007f0d55316000,0x00007f0d55416000)]
  0x00007f0cf886e800 JavaThread "Spark Context Cleaner" daemon [_thread_blocked, id=76051, stack(0x00007f0c7d6fc000,0x00007f0c7d7fc000)]
  0x00007f0cf8871000 JavaThread "context-cleaner-periodic-gc" daemon [_thread_blocked, id=76052, stack(0x00007f0c7cffa000,0x00007f0c7d0fa000)]
  0x00007f0cf887b000 JavaThread "spark-listener-group-appStatus" daemon [_thread_blocked, id=76053, stack(0x00007f0c7cefa000,0x00007f0c7cffa000)]
  0x00007f0cf887d000 JavaThread "spark-listener-group-executorManagement" daemon [_thread_blocked, id=76054, stack(0x00007f0c7cdfa000,0x00007f0c7cefa000)]
  0x00007f0bf4018800 JavaThread "element-tracking-store-worker" daemon [_thread_blocked, id=76055, stack(0x00007f0c7ccfa000,0x00007f0c7cdfa000)]
  0x00007f0d300e7000 JavaThread "C1 CompilerThread2" daemon [_thread_blocked, id=76058, stack(0x00007f0c7c0fa000,0x00007f0c7c1fa000)]
  0x00007f0cf9724800 JavaThread "HttpClient-1-SelectorManager" daemon [_thread_in_native, id=76059, stack(0x00007f0c7c7fa000,0x00007f0c7c8fa000)]
  0x00007f0be0009800 JavaThread "HttpClient-2-Worker-0" daemon [_thread_blocked, id=76061, stack(0x00007f0bea900000,0x00007f0beaa00000)]
  0x00007f0be000c000 JavaThread "HttpClient-2-Worker-1" daemon [_thread_blocked, id=76062, stack(0x00007f0bea800000,0x00007f0bea900000)]
  0x00007f0be000e800 JavaThread "HttpClient-2-Worker-2" daemon [_thread_blocked, id=76063, stack(0x00007f0bea700000,0x00007f0bea800000)]
  0x00007f0bf01e6000 JavaThread "HttpClient-1-Worker-0" daemon [_thread_blocked, id=76064, stack(0x00007f0bea600000,0x00007f0bea700000)]
  0x00007f0bf0015000 JavaThread "HttpClient-1-Worker-1" daemon [_thread_blocked, id=76065, stack(0x00007f0bea500000,0x00007f0bea600000)]
  0x00007f0bf0016000 JavaThread "HttpClient-1-Worker-2" daemon [_thread_blocked, id=76066, stack(0x00007f0bea400000,0x00007f0bea500000)]
  0x00007f0cf98c2800 JavaThread "ForkJoinPool-1-worker-19" daemon [_thread_blocked, id=76067, stack(0x00007f0bea100000,0x00007f0bea200000)]
  0x00007f0cf9a61000 JavaThread "idle-connection-reaper" daemon [_thread_blocked, id=76068, stack(0x00007f0be9c00000,0x00007f0be9d00000)]
  0x00007f0cfabe7800 JavaThread "iceberg-worker-pool-0" daemon [_thread_blocked, id=76069, stack(0x00007f0beb300000,0x00007f0beb400000)]
  0x00007f0cfabe8800 JavaThread "iceberg-worker-pool-1" daemon [_thread_blocked, id=76070, stack(0x00007f0be8100000,0x00007f0be8200000)]
  0x00007f0cfabea800 JavaThread "iceberg-worker-pool-2" daemon [_thread_blocked, id=76071, stack(0x00007f0be8000000,0x00007f0be8100000)]
  0x00007f0cfabec000 JavaThread "iceberg-worker-pool-3" daemon [_thread_blocked, id=76072, stack(0x00007f0bbff00000,0x00007f0bc0000000)]
  0x00007f0cfabee000 JavaThread "iceberg-worker-pool-4" daemon [_thread_blocked, id=76073, stack(0x00007f0bbfb00000,0x00007f0bbfc00000)]
  0x00007f0cfabf0000 JavaThread "iceberg-worker-pool-5" daemon [_thread_blocked, id=76074, stack(0x00007f0bbfa00000,0x00007f0bbfb00000)]
  0x00007f0cfabf2000 JavaThread "iceberg-worker-pool-6" daemon [_thread_blocked, id=76075, stack(0x00007f0bbf900000,0x00007f0bbfa00000)]
  0x00007f0cfabf3800 JavaThread "iceberg-worker-pool-7" daemon [_thread_blocked, id=76076, stack(0x00007f0bbf800000,0x00007f0bbf900000)]
  0x00007f0cfabf5800 JavaThread "iceberg-worker-pool-8" daemon [_thread_blocked, id=76077, stack(0x00007f0bbf700000,0x00007f0bbf800000)]
  0x00007f0cfabf7800 JavaThread "iceberg-worker-pool-9" daemon [_thread_blocked, id=76078, stack(0x00007f0bbf600000,0x00007f0bbf700000)]
  0x00007f0cfabf9800 JavaThread "iceberg-worker-pool-10" daemon [_thread_blocked, id=76079, stack(0x00007f0bbf500000,0x00007f0bbf600000)]
  0x00007f0cfabfb800 JavaThread "iceberg-worker-pool-11" daemon [_thread_blocked, id=76080, stack(0x00007f0bbf400000,0x00007f0bbf500000)]
  0x00007f0cfabfd800 JavaThread "iceberg-worker-pool-12" daemon [_thread_blocked, id=76081, stack(0x00007f0bbf300000,0x00007f0bbf400000)]
  0x00007f0cfabff800 JavaThread "iceberg-worker-pool-13" daemon [_thread_blocked, id=76082, stack(0x00007f0bbf200000,0x00007f0bbf300000)]
  0x00007f0cfac01800 JavaThread "iceberg-worker-pool-14" daemon [_thread_blocked, id=76083, stack(0x00007f0bbf100000,0x00007f0bbf200000)]
  0x00007f0cfac03800 JavaThread "iceberg-worker-pool-15" daemon [_thread_blocked, id=76084, stack(0x00007f0bbf000000,0x00007f0bbf100000)]
  0x00007f0ca8038000 JavaThread "Executor task launch worker for task 195.0 in stage 0.0 (TID 195)" daemon [_thread_blocked, id=76085, stack(0x00007f0bbeb00000,0x00007f0bbec00000)]
  0x00007f0ca8039000 JavaThread "Executor task launch worker for task 187.0 in stage 0.0 (TID 187)" daemon [_thread_blocked, id=76086, stack(0x00007f0bbdb00000,0x00007f0bbdc00000)]
  0x00007f0ca803b000 JavaThread "Executor task launch worker for task 197.0 in stage 0.0 (TID 197)" daemon [_thread_blocked, id=76087, stack(0x00007f0bbda00000,0x00007f0bbdb00000)]
  0x00007f0ca803c800 JavaThread "Executor task launch worker for task 196.0 in stage 0.0 (TID 196)" daemon [_thread_blocked, id=76088, stack(0x00007f0bbd900000,0x00007f0bbda00000)]
  0x00007f0ca803e800 JavaThread "Executor task launch worker for task 190.0 in stage 0.0 (TID 190)" daemon [_thread_blocked, id=76089, stack(0x00007f0bbd800000,0x00007f0bbd900000)]
  0x00007f0ca8043000 JavaThread "Executor task launch worker for task 194.0 in stage 0.0 (TID 194)" daemon [_thread_blocked, id=76090, stack(0x00007f0bbd700000,0x00007f0bbd800000)]
  0x00007f0ca8044800 JavaThread "Executor task launch worker for task 184.0 in stage 0.0 (TID 184)" daemon [_thread_blocked, id=76091, stack(0x00007f0bbd600000,0x00007f0bbd700000)]
  0x00007f0ca8046000 JavaThread "Executor task launch worker for task 192.0 in stage 0.0 (TID 192)" daemon [_thread_blocked, id=76092, stack(0x00007f0bbd500000,0x00007f0bbd600000)]
  0x00007f0ca8048000 JavaThread "Executor task launch worker for task 191.0 in stage 0.0 (TID 191)" daemon [_thread_blocked, id=76093, stack(0x00007f0bbd400000,0x00007f0bbd500000)]
  0x00007f0ca804a000 JavaThread "Executor task launch worker for task 186.0 in stage 0.0 (TID 186)" daemon [_thread_blocked, id=76094, stack(0x00007f0bbd300000,0x00007f0bbd400000)]
  0x00007f0ca804c000 JavaThread "Executor task launch worker for task 183.0 in stage 0.0 (TID 183)" daemon [_thread_blocked, id=76095, stack(0x00007f0bbd200000,0x00007f0bbd300000)]
  0x00007f0ca804e800 JavaThread "Executor task launch worker for task 27.0 in stage 0.0 (TID 27)" daemon [_thread_blocked, id=76096, stack(0x00007f0bbd100000,0x00007f0bbd200000)]
  0x00007f0ca8050800 JavaThread "Executor task launch worker for task 185.0 in stage 0.0 (TID 185)" daemon [_thread_blocked, id=76097, stack(0x00007f0bbd000000,0x00007f0bbd100000)]
  0x00007f0ca8052800 JavaThread "Executor task launch worker for task 189.0 in stage 0.0 (TID 189)" daemon [_thread_blocked, id=76098, stack(0x00007f0bbcf00000,0x00007f0bbd000000)]
=>0x00007f0ca8054800 JavaThread "Executor task launch worker for task 188.0 in stage 0.0 (TID 188)" daemon [_thread_in_vm, id=76099, stack(0x00007f0bbce00000,0x00007f0bbcf00000)]
  0x00007f0ca8056800 JavaThread "Executor task launch worker for task 147.0 in stage 0.0 (TID 147)" daemon [_thread_blocked, id=76100, stack(0x00007f0bbcd00000,0x00007f0bbce00000)]
  0x00007f0b7c032000 JavaThread "ForkJoinPool.commonPool-worker-19" daemon [_thread_blocked, id=76101, stack(0x00007f0bbca00000,0x00007f0bbcb00000)]
  0x00007f0b60003000 JavaThread "ForkJoinPool.commonPool-worker-5" daemon [_thread_blocked, id=76102, stack(0x00007f0bbc900000,0x00007f0bbca00000)]
  0x00007f0b600d9800 JavaThread "ForkJoinPool.commonPool-worker-23" daemon [_thread_blocked, id=76103, stack(0x00007f0bbc000000,0x00007f0bbc100000)]
  0x00007f0ca0002000 JavaThread "task-result-getter-0" daemon [_thread_blocked, id=76110, stack(0x00007f0b57f00000,0x00007f0b58000000)]
  0x00007f0c98001000 JavaThread "task-result-getter-1" daemon [_thread_blocked, id=76111, stack(0x00007f0b542f3000,0x00007f0b543f3000)]
  0x00007f0c98003000 JavaThread "task-result-getter-2" daemon [_thread_blocked, id=76112, stack(0x00007f0b4f1fc000,0x00007f0b4f2fc000)]
  0x00007f0c98005000 JavaThread "task-result-getter-3" daemon [_thread_blocked, id=76113, stack(0x00007f0b4f0fc000,0x00007f0b4f1fc000)]
  0x00007f0cd4001800 JavaThread "Executor task launch worker for task 193.0 in stage 0.0 (TID 193)" daemon [_thread_blocked, id=76114, stack(0x00007f0b4edfc000,0x00007f0b4eefc000)]

Other Threads:
  0x00007f0d7c12c800 VMThread "VM Thread" [stack: 0x00007f0d55f00000,0x00007f0d56000000] [id=75891]
  0x00007f0d7c19d000 WatcherThread [stack: 0x00007f0d55116000,0x00007f0d55216000] [id=75902]
  0x00007f0d7c044000 GCTaskThread "GC Thread#0" [stack: 0x00007f0d81217000,0x00007f0d81317000] [id=75886]
  0x00007f0d48001000 GCTaskThread "GC Thread#1" [stack: 0x00007f0d54900000,0x00007f0d54a00000] [id=75905]
  0x00007f0d48002800 GCTaskThread "GC Thread#2" [stack: 0x00007f0d547ff000,0x00007f0d548ff000] [id=75906]
  0x00007f0d4800b000 GCTaskThread "GC Thread#3" [stack: 0x00007f0d0a000000,0x00007f0d0a100000] [id=75924]
  0x00007f0d4800b800 GCTaskThread "GC Thread#4" [stack: 0x00007f0d09eff000,0x00007f0d09fff000] [id=75925]
  0x00007f0d4800c800 GCTaskThread "GC Thread#5" [stack: 0x00007f0d09dfe000,0x00007f0d09efe000] [id=75926]
  0x00007f0d4800f000 GCTaskThread "GC Thread#6" [stack: 0x00007f0c7f800000,0x00007f0c7f900000] [id=75957]
  0x00007f0d48010800 GCTaskThread "GC Thread#7" [stack: 0x00007f0c7f6ff000,0x00007f0c7f7ff000] [id=75958]
  0x00007f0d48012000 GCTaskThread "GC Thread#8" [stack: 0x00007f0c7d3fc000,0x00007f0c7d4fc000] [id=76041]
  0x00007f0d48013000 GCTaskThread "GC Thread#9" [stack: 0x00007f0c7d2fb000,0x00007f0c7d3fb000] [id=76042]
  0x00007f0d48c1c800 GCTaskThread "GC Thread#10" [stack: 0x00007f0b541f3000,0x00007f0b542f3000] [id=76107]
  0x00007f0d48c1d800 GCTaskThread "GC Thread#11" [stack: 0x00007f0b540f2000,0x00007f0b541f2000] [id=76108]
  0x00007f0d48c1e000 GCTaskThread "GC Thread#12" [stack: 0x00007f0b4f2fd000,0x00007f0b4f3fd000] [id=76109]
  0x00007f0d7c060800 ConcurrentGCThread "G1 Main Marker" [stack: 0x00007f0d5d900000,0x00007f0d5da00000] [id=75887]
  0x00007f0d7c062800 ConcurrentGCThread "G1 Conc#0" [stack: 0x00007f0d5d7ff000,0x00007f0d5d8ff000] [id=75888]
  0x00007f0d58001000 ConcurrentGCThread "G1 Conc#1" [stack: 0x00007f0d0bf00000,0x00007f0d0c000000] [id=75909]
  0x00007f0d58002000 ConcurrentGCThread "G1 Conc#2" [stack: 0x00007f0d0b500000,0x00007f0d0b600000] [id=75910]
  0x00007f0d7c0fc800 ConcurrentGCThread "G1 Refine#0" [stack: 0x00007f0d5c9f1000,0x00007f0d5caf1000] [id=75889]
  0x00007f0d7c0fe800 ConcurrentGCThread "G1 Young RemSet Sampling" [stack: 0x00007f0d5c8f0000,0x00007f0d5c9f0000] [id=75890]

Threads with active compile tasks:
C2 CompilerThread0    33964 21938       4       org.apache.iceberg.arrow.vectorized.parquet.VectorizedParquetDefinitionLevelReader$VarWidthReader::nextVal (70 bytes)

VM state:synchronizing (normal execution)

VM Mutex/Monitor currently owned by a thread:  ([mutex/lock_event])
[0x00007f0d7c028520] Threads_lock - owner thread: 0x00007f0d7c12c800
[0x00007f0d7c028d00] Heap_lock - owner thread: 0x00007f0ca8056800
[0x00007f0d7c0292a0] Compile_lock - owner thread: 0x00007f0d7c13b800

Heap address: 0x00000000c0000000, size: 1024 MB, Compressed Oops mode: 32-bit
Narrow klass base: 0x0000000800000000, Narrow klass shift: 3
Compressed class space size: 1073741824 Address: 0x0000000840000000

Heap:
 garbage-first heap   total 807936K, used 692600K [0x00000000c0000000, 0x0000000100000000)
  region size 1024K, 260 young (266240K), 4 survivors (4096K)
 Metaspace       used 154737K, capacity 161865K, committed 164224K, reserved 1187840K
  class space    used 20524K, capacity 23997K, committed 24960K, reserved 1048576K
Heap Regions: E=young(eden), S=young(survivor), O=old, HS=humongous(starts), HC=humongous(continues), CS=collection set, F=free, A=archive, TAMS=top-at-mark-start (previous, next)
|   0|0x00000000c0000000, 0x00000000c0100000, 0x00000000c0100000|100%|HS|  |TAMS 0x00000000c0100000, 0x00000000c0000000| Complete 
|   1|0x00000000c0100000, 0x00000000c0200000, 0x00000000c0200000|100%|HS|  |TAMS 0x00000000c0200000, 0x00000000c0100000| Complete 
|   2|0x00000000c0200000, 0x00000000c0300000, 0x00000000c0300000|100%|HC|  |TAMS 0x00000000c0300000, 0x00000000c0200000| Complete 
|   3|0x00000000c0300000, 0x00000000c0400000, 0x00000000c0400000|100%|HC|  |TAMS 0x00000000c0400000, 0x00000000c0300000| Complete 
|   4|0x00000000c0400000, 0x00000000c0500000, 0x00000000c0500000|100%|HS|  |TAMS 0x00000000c0500000, 0x00000000c0400000| Complete 
|   5|0x00000000c0500000, 0x00000000c0600000, 0x00000000c0600000|100%|HS|  |TAMS 0x00000000c0600000, 0x00000000c0500000| Complete 
|   6|0x00000000c0600000, 0x00000000c0700000, 0x00000000c0700000|100%|HS|  |TAMS 0x00000000c0700000, 0x00000000c0600000| Complete 
|   7|0x00000000c0700000, 0x00000000c0800000, 0x00000000c0800000|100%|HS|  |TAMS 0x00000000c0800000, 0x00000000c0700000| Complete 
|   8|0x00000000c0800000, 0x00000000c0900000, 0x00000000c0900000|100%|HC|  |TAMS 0x00000000c0900000, 0x00000000c0800000| Complete 
|   9|0x00000000c0900000, 0x00000000c0a00000, 0x00000000c0a00000|100%| O|  |TAMS 0x00000000c0a00000, 0x00000000c0900000| Untracked 
|  10|0x00000000c0a00000, 0x00000000c0b00000, 0x00000000c0b00000|100%| O|  |TAMS 0x00000000c0b00000, 0x00000000c0a00000| Untracked 
|  11|0x00000000c0b00000, 0x00000000c0c00000, 0x00000000c0c00000|100%| O|  |TAMS 0x00000000c0c00000, 0x00000000c0b00000| Untracked 
|  12|0x00000000c0c00000, 0x00000000c0d00000, 0x00000000c0d00000|100%| O|  |TAMS 0x00000000c0d00000, 0x00000000c0c00000| Untracked 
|  13|0x00000000c0d00000, 0x00000000c0e00000, 0x00000000c0e00000|100%| O|  |TAMS 0x00000000c0e00000, 0x00000000c0d00000| Untracked 
|  14|0x00000000c0e00000, 0x00000000c0f00000, 0x00000000c0f00000|100%| O|  |TAMS 0x00000000c0f00000, 0x00000000c0e00000| Untracked 
|  15|0x00000000c0f00000, 0x00000000c1000000, 0x00000000c1000000|100%| O|  |TAMS 0x00000000c1000000, 0x00000000c0f00000| Untracked 
|  16|0x00000000c1000000, 0x00000000c1100000, 0x00000000c1100000|100%| O|  |TAMS 0x00000000c1100000, 0x00000000c1000000| Untracked 
|  17|0x00000000c1100000, 0x00000000c1200000, 0x00000000c1200000|100%| O|  |TAMS 0x00000000c1200000, 0x00000000c1100000| Untracked 
|  18|0x00000000c1200000, 0x00000000c1300000, 0x00000000c1300000|100%| O|  |TAMS 0x00000000c1300000, 0x00000000c1200000| Untracked 
|  19|0x00000000c1300000, 0x00000000c1400000, 0x00000000c1400000|100%| O|  |TAMS 0x00000000c1400000, 0x00000000c1300000| Untracked 
|  20|0x00000000c1400000, 0x00000000c1500000, 0x00000000c1500000|100%| O|  |TAMS 0x00000000c1500000, 0x00000000c1400000| Untracked 
|  21|0x00000000c1500000, 0x00000000c1600000, 0x00000000c1600000|100%| O|  |TAMS 0x00000000c1600000, 0x00000000c1500000| Untracked 
|  22|0x00000000c1600000, 0x00000000c1700000, 0x00000000c1700000|100%| O|  |TAMS 0x00000000c1700000, 0x00000000c1600000| Untracked 
|  23|0x00000000c1700000, 0x00000000c1800000, 0x00000000c1800000|100%| O|  |TAMS 0x00000000c1800000, 0x00000000c1700000| Untracked 
|  24|0x00000000c1800000, 0x00000000c1900000, 0x00000000c1900000|100%| O|  |TAMS 0x00000000c1900000, 0x00000000c1800000| Untracked 
|  25|0x00000000c1900000, 0x00000000c1a00000, 0x00000000c1a00000|100%|HS|  |TAMS 0x00000000c1a00000, 0x00000000c1900000| Complete 
|  26|0x00000000c1a00000, 0x00000000c1b00000, 0x00000000c1b00000|100%|HC|  |TAMS 0x00000000c1b00000, 0x00000000c1a00000| Complete 
|  27|0x00000000c1b00000, 0x00000000c1c00000, 0x00000000c1c00000|100%|HC|  |TAMS 0x00000000c1c00000, 0x00000000c1b00000| Complete 
|  28|0x00000000c1c00000, 0x00000000c1d00000, 0x00000000c1d00000|100%|HS|  |TAMS 0x00000000c1d00000, 0x00000000c1c00000| Complete 
|  29|0x00000000c1d00000, 0x00000000c1e00000, 0x00000000c1e00000|100%|HC|  |TAMS 0x00000000c1e00000, 0x00000000c1d00000| Complete 
|  30|0x00000000c1e00000, 0x00000000c1f00000, 0x00000000c1f00000|100%|HC|  |TAMS 0x00000000c1f00000, 0x00000000c1e00000| Complete 
|  31|0x00000000c1f00000, 0x00000000c2000000, 0x00000000c2000000|100%|HC|  |TAMS 0x00000000c2000000, 0x00000000c1f00000| Complete 
|  32|0x00000000c2000000, 0x00000000c2100000, 0x00000000c2100000|100%|HC|  |TAMS 0x00000000c2100000, 0x00000000c2000000| Complete 
|  33|0x00000000c2100000, 0x00000000c2200000, 0x00000000c2200000|100%|HC|  |TAMS 0x00000000c2200000, 0x00000000c2100000| Complete 
|  34|0x00000000c2200000, 0x00000000c2300000, 0x00000000c2300000|100%|HC|  |TAMS 0x00000000c2300000, 0x00000000c2200000| Complete 
|  35|0x00000000c2300000, 0x00000000c2400000, 0x00000000c2400000|100%|HC|  |TAMS 0x00000000c2400000, 0x00000000c2300000| Complete 
|  36|0x00000000c2400000, 0x00000000c2500000, 0x00000000c2500000|100%|HC|  |TAMS 0x00000000c2500000, 0x00000000c2400000| Complete 
|  37|0x00000000c2500000, 0x00000000c2600000, 0x00000000c2600000|100%|HC|  |TAMS 0x00000000c2600000, 0x00000000c2500000| Complete 
|  38|0x00000000c2600000, 0x00000000c2700000, 0x00000000c2700000|100%|HC|  |TAMS 0x00000000c2700000, 0x00000000c2600000| Complete 
|  39|0x00000000c2700000, 0x00000000c2800000, 0x00000000c2800000|100%|HC|  |TAMS 0x00000000c2800000, 0x00000000c2700000| Complete 
|  40|0x00000000c2800000, 0x00000000c2900000, 0x00000000c2900000|100%|HC|  |TAMS 0x00000000c2900000, 0x00000000c2800000| Complete 
|  41|0x00000000c2900000, 0x00000000c2a00000, 0x00000000c2a00000|100%|HC|  |TAMS 0x00000000c2a00000, 0x00000000c2900000| Complete 
|  42|0x00000000c2a00000, 0x00000000c2b00000, 0x00000000c2b00000|100%|HC|  |TAMS 0x00000000c2b00000, 0x00000000c2a00000| Complete 
|  43|0x00000000c2b00000, 0x00000000c2c00000, 0x00000000c2c00000|100%|HC|  |TAMS 0x00000000c2c00000, 0x00000000c2b00000| Complete 
|  44|0x00000000c2c00000, 0x00000000c2d00000, 0x00000000c2d00000|100%|HC|  |TAMS 0x00000000c2d00000, 0x00000000c2c00000| Complete 
|  45|0x00000000c2d00000, 0x00000000c2e00000, 0x00000000c2e00000|100%|HC|  |TAMS 0x00000000c2e00000, 0x00000000c2d00000| Complete 
|  46|0x00000000c2e00000, 0x00000000c2f00000, 0x00000000c2f00000|100%|HC|  |TAMS 0x00000000c2f00000, 0x00000000c2e00000| Complete 
|  47|0x00000000c2f00000, 0x00000000c3000000, 0x00000000c3000000|100%|HC|  |TAMS 0x00000000c3000000, 0x00000000c2f00000| Complete 
|  48|0x00000000c3000000, 0x00000000c3100000, 0x00000000c3100000|100%|HC|  |TAMS 0x00000000c3100000, 0x00000000c3000000| Complete 
|  49|0x00000000c3100000, 0x00000000c3200000, 0x00000000c3200000|100%|HC|  |TAMS 0x00000000c3200000, 0x00000000c3100000| Complete 
|  50|0x00000000c3200000, 0x00000000c3300000, 0x00000000c3300000|100%|HC|  |TAMS 0x00000000c3300000, 0x00000000c3200000| Complete 
|  51|0x00000000c3300000, 0x00000000c3400000, 0x00000000c3400000|100%|HC|  |TAMS 0x00000000c3400000, 0x00000000c3300000| Complete 
|  52|0x00000000c3400000, 0x00000000c3500000, 0x00000000c3500000|100%|HC|  |TAMS 0x00000000c3500000, 0x00000000c3400000| Complete 
|  53|0x00000000c3500000, 0x00000000c3600000, 0x00000000c3600000|100%|HC|  |TAMS 0x00000000c3600000, 0x00000000c3500000| Complete 
|  54|0x00000000c3600000, 0x00000000c3700000, 0x00000000c3700000|100%|HC|  |TAMS 0x00000000c3700000, 0x00000000c3600000| Complete 
|  55|0x00000000c3700000, 0x00000000c3800000, 0x00000000c3800000|100%|HC|  |TAMS 0x00000000c3800000, 0x00000000c3700000| Complete 
|  56|0x00000000c3800000, 0x00000000c3900000, 0x00000000c3900000|100%|HC|  |TAMS 0x00000000c3900000, 0x00000000c3800000| Complete 
|  57|0x00000000c3900000, 0x00000000c3a00000, 0x00000000c3a00000|100%|HC|  |TAMS 0x00000000c3a00000, 0x00000000c3900000| Complete 
|  58|0x00000000c3a00000, 0x00000000c3b00000, 0x00000000c3b00000|100%|HC|  |TAMS 0x00000000c3b00000, 0x00000000c3a00000| Complete 
|  59|0x00000000c3b00000, 0x00000000c3c00000, 0x00000000c3c00000|100%|HC|  |TAMS 0x00000000c3c00000, 0x00000000c3b00000| Complete 
|  60|0x00000000c3c00000, 0x00000000c3d00000, 0x00000000c3d00000|100%|HC|  |TAMS 0x00000000c3d00000, 0x00000000c3c00000| Complete 
|  61|0x00000000c3d00000, 0x00000000c3e00000, 0x00000000c3e00000|100%|HC|  |TAMS 0x00000000c3e00000, 0x00000000c3d00000| Complete 
|  62|0x00000000c3e00000, 0x00000000c3f00000, 0x00000000c3f00000|100%|HC|  |TAMS 0x00000000c3f00000, 0x00000000c3e00000| Complete 
|  63|0x00000000c3f00000, 0x00000000c4000000, 0x00000000c4000000|100%|HC|  |TAMS 0x00000000c4000000, 0x00000000c3f00000| Complete 
|  64|0x00000000c4000000, 0x00000000c4100000, 0x00000000c4100000|100%| O|  |TAMS 0x00000000c4100000, 0x00000000c4000000| Untracked 
|  65|0x00000000c4100000, 0x00000000c4200000, 0x00000000c4200000|100%| O|  |TAMS 0x00000000c4200000, 0x00000000c4100000| Untracked 
|  66|0x00000000c4200000, 0x00000000c4300000, 0x00000000c4300000|100%|HS|  |TAMS 0x00000000c4300000, 0x00000000c4200000| Complete 
|  67|0x00000000c4300000, 0x00000000c4400000, 0x00000000c4400000|100%|HC|  |TAMS 0x00000000c4400000, 0x00000000c4300000| Complete 
|  68|0x00000000c4400000, 0x00000000c4500000, 0x00000000c4500000|100%|HC|  |TAMS 0x00000000c4500000, 0x00000000c4400000| Complete 
|  69|0x00000000c4500000, 0x00000000c4600000, 0x00000000c4600000|100%|HC|  |TAMS 0x00000000c4600000, 0x00000000c4500000| Complete 
|  70|0x00000000c4600000, 0x00000000c4700000, 0x00000000c4700000|100%|HS|  |TAMS 0x00000000c4700000, 0x00000000c4600000| Complete 
|  71|0x00000000c4700000, 0x00000000c4800000, 0x00000000c4800000|100%| O|  |TAMS 0x00000000c4800000, 0x00000000c4700000| Untracked 
|  72|0x00000000c4800000, 0x00000000c4900000, 0x00000000c4900000|100%| O|  |TAMS 0x00000000c4900000, 0x00000000c4800000| Untracked 
|  73|0x00000000c4900000, 0x00000000c4a00000, 0x00000000c4a00000|100%| O|  |TAMS 0x00000000c4a00000, 0x00000000c4900000| Untracked 
|  74|0x00000000c4a00000, 0x00000000c4b00000, 0x00000000c4b00000|100%| O|  |TAMS 0x00000000c4b00000, 0x00000000c4a00000| Untracked 
|  75|0x00000000c4b00000, 0x00000000c4c00000, 0x00000000c4c00000|100%| O|  |TAMS 0x00000000c4c00000, 0x00000000c4b00000| Untracked 
|  76|0x00000000c4c00000, 0x00000000c4d00000, 0x00000000c4d00000|100%| O|  |TAMS 0x00000000c4d00000, 0x00000000c4c00000| Untracked 
|  77|0x00000000c4d00000, 0x00000000c4e00000, 0x00000000c4e00000|100%| O|  |TAMS 0x00000000c4e00000, 0x00000000c4d00000| Untracked 
|  78|0x00000000c4e00000, 0x00000000c4f00000, 0x00000000c4f00000|100%| O|  |TAMS 0x00000000c4f00000, 0x00000000c4e00000| Untracked 
|  79|0x00000000c4f00000, 0x00000000c5000000, 0x00000000c5000000|100%| O|  |TAMS 0x00000000c5000000, 0x00000000c4f00000| Untracked 
|  80|0x00000000c5000000, 0x00000000c5100000, 0x00000000c5100000|100%| O|  |TAMS 0x00000000c5100000, 0x00000000c5000000| Untracked 
|  81|0x00000000c5100000, 0x00000000c5200000, 0x00000000c5200000|100%| O|  |TAMS 0x00000000c5200000, 0x00000000c5100000| Untracked 
|  82|0x00000000c5200000, 0x00000000c5300000, 0x00000000c5300000|100%| O|  |TAMS 0x00000000c5300000, 0x00000000c5200000| Untracked 
|  83|0x00000000c5300000, 0x00000000c5400000, 0x00000000c5400000|100%| O|  |TAMS 0x00000000c5400000, 0x00000000c5300000| Untracked 
|  84|0x00000000c5400000, 0x00000000c5500000, 0x00000000c5500000|100%| O|  |TAMS 0x00000000c5500000, 0x00000000c5400000| Untracked 
|  85|0x00000000c5500000, 0x00000000c5600000, 0x00000000c5600000|100%| O|  |TAMS 0x00000000c5600000, 0x00000000c5500000| Untracked 
|  86|0x00000000c5600000, 0x00000000c5700000, 0x00000000c5700000|100%| O|  |TAMS 0x00000000c5700000, 0x00000000c5600000| Untracked 
|  87|0x00000000c5700000, 0x00000000c5800000, 0x00000000c5800000|100%| O|  |TAMS 0x00000000c5800000, 0x00000000c5700000| Untracked 
|  88|0x00000000c5800000, 0x00000000c5900000, 0x00000000c5900000|100%| O|  |TAMS 0x00000000c5900000, 0x00000000c5800000| Untracked 
|  89|0x00000000c5900000, 0x00000000c5a00000, 0x00000000c5a00000|100%| O|  |TAMS 0x00000000c5a00000, 0x00000000c5900000| Untracked 
|  90|0x00000000c5a00000, 0x00000000c5b00000, 0x00000000c5b00000|100%| O|  |TAMS 0x00000000c5b00000, 0x00000000c5a00000| Untracked 
|  91|0x00000000c5b00000, 0x00000000c5c00000, 0x00000000c5c00000|100%| O|  |TAMS 0x00000000c5c00000, 0x00000000c5b00000| Untracked 
|  92|0x00000000c5c00000, 0x00000000c5d00000, 0x00000000c5d00000|100%| O|  |TAMS 0x00000000c5d00000, 0x00000000c5c00000| Untracked 
|  93|0x00000000c5d00000, 0x00000000c5e00000, 0x00000000c5e00000|100%| O|  |TAMS 0x00000000c5e00000, 0x00000000c5d00000| Untracked 
|  94|0x00000000c5e00000, 0x00000000c5f00000, 0x00000000c5f00000|100%| O|  |TAMS 0x00000000c5f00000, 0x00000000c5e00000| Untracked 
|  95|0x00000000c5f00000, 0x00000000c6000000, 0x00000000c6000000|100%| O|  |TAMS 0x00000000c6000000, 0x00000000c5f00000| Untracked 
|  96|0x00000000c6000000, 0x00000000c6100000, 0x00000000c6100000|100%| O|  |TAMS 0x00000000c6100000, 0x00000000c6000000| Untracked 
|  97|0x00000000c6100000, 0x00000000c6200000, 0x00000000c6200000|100%| O|  |TAMS 0x00000000c6200000, 0x00000000c6100000| Untracked 
|  98|0x00000000c6200000, 0x00000000c6300000, 0x00000000c6300000|100%| O|  |TAMS 0x00000000c6300000, 0x00000000c6200000| Untracked 
|  99|0x00000000c6300000, 0x00000000c6400000, 0x00000000c6400000|100%| O|  |TAMS 0x00000000c6400000, 0x00000000c6300000| Untracked 
| 100|0x00000000c6400000, 0x00000000c6500000, 0x00000000c6500000|100%| O|  |TAMS 0x00000000c6500000, 0x00000000c6400000| Untracked 
| 101|0x00000000c6500000, 0x00000000c6600000, 0x00000000c6600000|100%| O|  |TAMS 0x00000000c6600000, 0x00000000c6500000| Untracked 
| 102|0x00000000c6600000, 0x00000000c6700000, 0x00000000c6700000|100%| O|  |TAMS 0x00000000c6700000, 0x00000000c6600000| Untracked 
| 103|0x00000000c6700000, 0x00000000c6800000, 0x00000000c6800000|100%| O|  |TAMS 0x00000000c6800000, 0x00000000c6700000| Untracked 
| 104|0x00000000c6800000, 0x00000000c6900000, 0x00000000c6900000|100%| O|  |TAMS 0x00000000c6900000, 0x00000000c6800000| Untracked 
| 105|0x00000000c6900000, 0x00000000c6a00000, 0x00000000c6a00000|100%| O|  |TAMS 0x00000000c6a00000, 0x00000000c6900000| Untracked 
| 106|0x00000000c6a00000, 0x00000000c6b00000, 0x00000000c6b00000|100%| O|  |TAMS 0x00000000c6b00000, 0x00000000c6a00000| Untracked 
| 107|0x00000000c6b00000, 0x00000000c6c00000, 0x00000000c6c00000|100%|HS|  |TAMS 0x00000000c6b00000, 0x00000000c6b00000| Complete 
| 108|0x00000000c6c00000, 0x00000000c6d00000, 0x00000000c6d00000|100%| O|  |TAMS 0x00000000c6d00000, 0x00000000c6c00000| Untracked 
| 109|0x00000000c6d00000, 0x00000000c6e00000, 0x00000000c6e00000|100%| O|  |TAMS 0x00000000c6e00000, 0x00000000c6d00000| Untracked 
| 110|0x00000000c6e00000, 0x00000000c6f00000, 0x00000000c6f00000|100%| O|  |TAMS 0x00000000c6f00000, 0x00000000c6e00000| Untracked 
| 111|0x00000000c6f00000, 0x00000000c7000000, 0x00000000c7000000|100%|HS|  |TAMS 0x00000000c6f00000, 0x00000000c6f00000| Complete 
| 112|0x00000000c7000000, 0x00000000c7100000, 0x00000000c7100000|100%| O|  |TAMS 0x00000000c7100000, 0x00000000c7000000| Untracked 
| 113|0x00000000c7100000, 0x00000000c7200000, 0x00000000c7200000|100%| O|  |TAMS 0x00000000c7200000, 0x00000000c7100000| Untracked 
| 114|0x00000000c7200000, 0x00000000c7300000, 0x00000000c7300000|100%|HS|  |TAMS 0x00000000c7300000, 0x00000000c7200000| Complete 
| 115|0x00000000c7300000, 0x00000000c7400000, 0x00000000c7400000|100%|HC|  |TAMS 0x00000000c7400000, 0x00000000c7300000| Complete 
| 116|0x00000000c7400000, 0x00000000c7500000, 0x00000000c7500000|100%|HC|  |TAMS 0x00000000c7500000, 0x00000000c7400000| Complete 
| 117|0x00000000c7500000, 0x00000000c7600000, 0x00000000c7600000|100%|HC|  |TAMS 0x00000000c7600000, 0x00000000c7500000| Complete 
| 118|0x00000000c7600000, 0x00000000c7700000, 0x00000000c7700000|100%|HS|  |TAMS 0x00000000c7700000, 0x00000000c7600000| Complete 
| 119|0x00000000c7700000, 0x00000000c7800000, 0x00000000c7800000|100%|HS|  |TAMS 0x00000000c7800000, 0x00000000c7700000| Complete 
| 120|0x00000000c7800000, 0x00000000c7900000, 0x00000000c7900000|100%|HC|  |TAMS 0x00000000c7900000, 0x00000000c7800000| Complete 
| 121|0x00000000c7900000, 0x00000000c7a00000, 0x00000000c7a00000|100%|HC|  |TAMS 0x00000000c7a00000, 0x00000000c7900000| Complete 
| 122|0x00000000c7a00000, 0x00000000c7b00000, 0x00000000c7b00000|100%| O|  |TAMS 0x00000000c7b00000, 0x00000000c7a00000| Untracked 
| 123|0x00000000c7b00000, 0x00000000c7c00000, 0x00000000c7c00000|100%| O|  |TAMS 0x00000000c7c00000, 0x00000000c7b00000| Untracked 
| 124|0x00000000c7c00000, 0x00000000c7d00000, 0x00000000c7d00000|100%|HS|  |TAMS 0x00000000c7c00000, 0x00000000c7c00000| Complete 
| 125|0x00000000c7d00000, 0x00000000c7e00000, 0x00000000c7e00000|100%|HS|  |TAMS 0x00000000c7d00000, 0x00000000c7d00000| Complete 
| 126|0x00000000c7e00000, 0x00000000c7f00000, 0x00000000c7f00000|100%|HC|  |TAMS 0x00000000c7e00000, 0x00000000c7e00000| Complete 
| 127|0x00000000c7f00000, 0x00000000c8000000, 0x00000000c8000000|100%|HS|  |TAMS 0x00000000c7f00000, 0x00000000c7f00000| Complete 
| 128|0x00000000c8000000, 0x00000000c8100000, 0x00000000c8100000|100%|HS|  |TAMS 0x00000000c8000000, 0x00000000c8000000| Complete 
| 129|0x00000000c8100000, 0x00000000c8200000, 0x00000000c8200000|100%|HS|  |TAMS 0x00000000c8100000, 0x00000000c8100000| Complete 
| 130|0x00000000c8200000, 0x00000000c8300000, 0x00000000c8300000|100%|HS|  |TAMS 0x00000000c8300000, 0x00000000c8200000| Complete 
| 131|0x00000000c8300000, 0x00000000c8400000, 0x00000000c8400000|100%| O|  |TAMS 0x00000000c8400000, 0x00000000c8300000| Untracked 
| 132|0x00000000c8400000, 0x00000000c8500000, 0x00000000c8500000|100%| O|  |TAMS 0x00000000c8500000, 0x00000000c8400000| Untracked 
| 133|0x00000000c8500000, 0x00000000c8600000, 0x00000000c8600000|100%| O|  |TAMS 0x00000000c8600000, 0x00000000c8500000| Untracked 
| 134|0x00000000c8600000, 0x00000000c8700000, 0x00000000c8700000|100%| O|  |TAMS 0x00000000c8700000, 0x00000000c8600000| Untracked 
| 135|0x00000000c8700000, 0x00000000c8800000, 0x00000000c8800000|100%|HS|  |TAMS 0x00000000c8700000, 0x00000000c8700000| Complete 
| 136|0x00000000c8800000, 0x00000000c8900000, 0x00000000c8900000|100%|HS|  |TAMS 0x00000000c8800000, 0x00000000c8800000| Complete 
| 137|0x00000000c8900000, 0x00000000c8a00000, 0x00000000c8a00000|100%|HS|  |TAMS 0x00000000c8900000, 0x00000000c8900000| Complete 
| 138|0x00000000c8a00000, 0x00000000c8b00000, 0x00000000c8b00000|100%|HS|  |TAMS 0x00000000c8b00000, 0x00000000c8a00000| Complete 
| 139|0x00000000c8b00000, 0x00000000c8c00000, 0x00000000c8c00000|100%| O|  |TAMS 0x00000000c8c00000, 0x00000000c8b00000| Untracked 
| 140|0x00000000c8c00000, 0x00000000c8d00000, 0x00000000c8d00000|100%| O|  |TAMS 0x00000000c8d00000, 0x00000000c8c00000| Untracked 
| 141|0x00000000c8d00000, 0x00000000c8e00000, 0x00000000c8e00000|100%|HS|  |TAMS 0x00000000c8d00000, 0x00000000c8d00000| Complete 
| 142|0x00000000c8e00000, 0x00000000c8f00000, 0x00000000c8f00000|100%| O|  |TAMS 0x00000000c8f00000, 0x00000000c8e00000| Untracked 
| 143|0x00000000c8f00000, 0x00000000c9000000, 0x00000000c9000000|100%|HS|  |TAMS 0x00000000c8f00000, 0x00000000c8f00000| Complete 
| 144|0x00000000c9000000, 0x00000000c9100000, 0x00000000c9100000|100%|HS|  |TAMS 0x00000000c9000000, 0x00000000c9000000| Complete 
| 145|0x00000000c9100000, 0x00000000c9200000, 0x00000000c9200000|100%| O|  |TAMS 0x00000000c9200000, 0x00000000c9100000| Untracked 
| 146|0x00000000c9200000, 0x00000000c9300000, 0x00000000c9300000|100%|HS|  |TAMS 0x00000000c9200000, 0x00000000c9200000| Complete 
| 147|0x00000000c9300000, 0x00000000c9400000, 0x00000000c9400000|100%| O|  |TAMS 0x00000000c9400000, 0x00000000c9300000| Untracked 
| 148|0x00000000c9400000, 0x00000000c9500000, 0x00000000c9500000|100%|HS|  |TAMS 0x00000000c9500000, 0x00000000c9400000| Complete 
| 149|0x00000000c9500000, 0x00000000c9600000, 0x00000000c9600000|100%|HC|  |TAMS 0x00000000c9600000, 0x00000000c9500000| Complete 
| 150|0x00000000c9600000, 0x00000000c9700000, 0x00000000c9700000|100%|HC|  |TAMS 0x00000000c9700000, 0x00000000c9600000| Complete 
| 151|0x00000000c9700000, 0x00000000c9800000, 0x00000000c9800000|100%|HC|  |TAMS 0x00000000c9800000, 0x00000000c9700000| Complete 
| 152|0x00000000c9800000, 0x00000000c9900000, 0x00000000c9900000|100%|HC|  |TAMS 0x00000000c9900000, 0x00000000c9800000| Complete 
| 153|0x00000000c9900000, 0x00000000c9a00000, 0x00000000c9a00000|100%|HC|  |TAMS 0x00000000c9a00000, 0x00000000c9900000| Complete 
| 154|0x00000000c9a00000, 0x00000000c9b00000, 0x00000000c9b00000|100%|HC|  |TAMS 0x00000000c9b00000, 0x00000000c9a00000| Complete 
| 155|0x00000000c9b00000, 0x00000000c9c00000, 0x00000000c9c00000|100%|HC|  |TAMS 0x00000000c9c00000, 0x00000000c9b00000| Complete 
| 156|0x00000000c9c00000, 0x00000000c9d00000, 0x00000000c9d00000|100%|HC|  |TAMS 0x00000000c9d00000, 0x00000000c9c00000| Complete 
| 157|0x00000000c9d00000, 0x00000000c9e00000, 0x00000000c9e00000|100%|HC|  |TAMS 0x00000000c9e00000, 0x00000000c9d00000| Complete 
| 158|0x00000000c9e00000, 0x00000000c9f00000, 0x00000000c9f00000|100%|HC|  |TAMS 0x00000000c9f00000, 0x00000000c9e00000| Complete 
| 159|0x00000000c9f00000, 0x00000000ca000000, 0x00000000ca000000|100%|HC|  |TAMS 0x00000000ca000000, 0x00000000c9f00000| Complete 
| 160|0x00000000ca000000, 0x00000000ca100000, 0x00000000ca100000|100%|HC|  |TAMS 0x00000000ca100000, 0x00000000ca000000| Complete 
| 161|0x00000000ca100000, 0x00000000ca200000, 0x00000000ca200000|100%|HC|  |TAMS 0x00000000ca200000, 0x00000000ca100000| Complete 
| 162|0x00000000ca200000, 0x00000000ca300000, 0x00000000ca300000|100%|HC|  |TAMS 0x00000000ca300000, 0x00000000ca200000| Complete 
| 163|0x00000000ca300000, 0x00000000ca400000, 0x00000000ca400000|100%|HC|  |TAMS 0x00000000ca400000, 0x00000000ca300000| Complete 
| 164|0x00000000ca400000, 0x00000000ca500000, 0x00000000ca500000|100%|HC|  |TAMS 0x00000000ca500000, 0x00000000ca400000| Complete 
| 165|0x00000000ca500000, 0x00000000ca600000, 0x00000000ca600000|100%|HC|  |TAMS 0x00000000ca600000, 0x00000000ca500000| Complete 
| 166|0x00000000ca600000, 0x00000000ca700000, 0x00000000ca700000|100%|HC|  |TAMS 0x00000000ca700000, 0x00000000ca600000| Complete 
| 167|0x00000000ca700000, 0x00000000ca800000, 0x00000000ca800000|100%|HC|  |TAMS 0x00000000ca800000, 0x00000000ca700000| Complete 
| 168|0x00000000ca800000, 0x00000000ca900000, 0x00000000ca900000|100%|HC|  |TAMS 0x00000000ca900000, 0x00000000ca800000| Complete 
| 169|0x00000000ca900000, 0x00000000caa00000, 0x00000000caa00000|100%|HC|  |TAMS 0x00000000caa00000, 0x00000000ca900000| Complete 
| 170|0x00000000caa00000, 0x00000000cab00000, 0x00000000cab00000|100%|HC|  |TAMS 0x00000000cab00000, 0x00000000caa00000| Complete 
| 171|0x00000000cab00000, 0x00000000cac00000, 0x00000000cac00000|100%|HC|  |TAMS 0x00000000cac00000, 0x00000000cab00000| Complete 
| 172|0x00000000cac00000, 0x00000000cad00000, 0x00000000cad00000|100%|HC|  |TAMS 0x00000000cad00000, 0x00000000cac00000| Complete 
| 173|0x00000000cad00000, 0x00000000cae00000, 0x00000000cae00000|100%|HC|  |TAMS 0x00000000cae00000, 0x00000000cad00000| Complete 
| 174|0x00000000cae00000, 0x00000000caf00000, 0x00000000caf00000|100%|HC|  |TAMS 0x00000000caf00000, 0x00000000cae00000| Complete 
| 175|0x00000000caf00000, 0x00000000cb000000, 0x00000000cb000000|100%|HC|  |TAMS 0x00000000cb000000, 0x00000000caf00000| Complete 
| 176|0x00000000cb000000, 0x00000000cb100000, 0x00000000cb100000|100%|HC|  |TAMS 0x00000000cb100000, 0x00000000cb000000| Complete 
| 177|0x00000000cb100000, 0x00000000cb200000, 0x00000000cb200000|100%|HC|  |TAMS 0x00000000cb200000, 0x00000000cb100000| Complete 
| 178|0x00000000cb200000, 0x00000000cb300000, 0x00000000cb300000|100%|HC|  |TAMS 0x00000000cb300000, 0x00000000cb200000| Complete 
| 179|0x00000000cb300000, 0x00000000cb400000, 0x00000000cb400000|100%|HC|  |TAMS 0x00000000cb400000, 0x00000000cb300000| Complete 
| 180|0x00000000cb400000, 0x00000000cb500000, 0x00000000cb500000|100%|HC|  |TAMS 0x00000000cb500000, 0x00000000cb400000| Complete 
| 181|0x00000000cb500000, 0x00000000cb600000, 0x00000000cb600000|100%|HC|  |TAMS 0x00000000cb600000, 0x00000000cb500000| Complete 
| 182|0x00000000cb600000, 0x00000000cb700000, 0x00000000cb700000|100%|HC|  |TAMS 0x00000000cb700000, 0x00000000cb600000| Complete 
| 183|0x00000000cb700000, 0x00000000cb800000, 0x00000000cb800000|100%|HC|  |TAMS 0x00000000cb800000, 0x00000000cb700000| Complete 
| 184|0x00000000cb800000, 0x00000000cb900000, 0x00000000cb900000|100%|HS|  |TAMS 0x00000000cb800000, 0x00000000cb800000| Complete 
| 185|0x00000000cb900000, 0x00000000cba00000, 0x00000000cba00000|100%|HS|  |TAMS 0x00000000cba00000, 0x00000000cb900000| Complete 
| 186|0x00000000cba00000, 0x00000000cbb00000, 0x00000000cbb00000|100%|HS|  |TAMS 0x00000000cba00000, 0x00000000cba00000| Complete 
| 187|0x00000000cbb00000, 0x00000000cbc00000, 0x00000000cbc00000|100%| O|  |TAMS 0x00000000cbc00000, 0x00000000cbb00000| Untracked 
| 188|0x00000000cbc00000, 0x00000000cbd00000, 0x00000000cbd00000|100%| O|  |TAMS 0x00000000cbd00000, 0x00000000cbc00000| Untracked 
| 189|0x00000000cbd00000, 0x00000000cbe00000, 0x00000000cbe00000|100%|HS|  |TAMS 0x00000000cbd00000, 0x00000000cbd00000| Complete 
| 190|0x00000000cbe00000, 0x00000000cbf00000, 0x00000000cbf00000|100%|HS|  |TAMS 0x00000000cbe00000, 0x00000000cbe00000| Complete 
| 191|0x00000000cbf00000, 0x00000000cc000000, 0x00000000cc000000|100%| O|  |TAMS 0x00000000cc000000, 0x00000000cbf00000| Untracked 
| 192|0x00000000cc000000, 0x00000000cc100000, 0x00000000cc100000|100%|HS|  |TAMS 0x00000000cc000000, 0x00000000cc000000| Complete 
| 193|0x00000000cc100000, 0x00000000cc200000, 0x00000000cc200000|100%|HS|  |TAMS 0x00000000cc100000, 0x00000000cc100000| Complete 
| 194|0x00000000cc200000, 0x00000000cc300000, 0x00000000cc300000|100%|HS|  |TAMS 0x00000000cc200000, 0x00000000cc200000| Complete 
| 195|0x00000000cc300000, 0x00000000cc400000, 0x00000000cc400000|100%| O|  |TAMS 0x00000000cc400000, 0x00000000cc300000| Untracked 
| 196|0x00000000cc400000, 0x00000000cc500000, 0x00000000cc500000|100%| O|  |TAMS 0x00000000cc500000, 0x00000000cc400000| Untracked 
| 197|0x00000000cc500000, 0x00000000cc600000, 0x00000000cc600000|100%| O|  |TAMS 0x00000000cc600000, 0x00000000cc500000| Untracked 
| 198|0x00000000cc600000, 0x00000000cc700000, 0x00000000cc700000|100%| O|  |TAMS 0x00000000cc700000, 0x00000000cc600000| Untracked 
| 199|0x00000000cc700000, 0x00000000cc800000, 0x00000000cc800000|100%|HS|  |TAMS 0x00000000cc700000, 0x00000000cc700000| Complete 
| 200|0x00000000cc800000, 0x00000000cc900000, 0x00000000cc900000|100%|HC|  |TAMS 0x00000000cc800000, 0x00000000cc800000| Complete 
| 201|0x00000000cc900000, 0x00000000cca00000, 0x00000000cca00000|100%| O|  |TAMS 0x00000000cca00000, 0x00000000cc900000| Untracked 
| 202|0x00000000cca00000, 0x00000000ccb00000, 0x00000000ccb00000|100%|HS|  |TAMS 0x00000000cca00000, 0x00000000cca00000| Complete 
| 203|0x00000000ccb00000, 0x00000000ccc00000, 0x00000000ccc00000|100%|HS|  |TAMS 0x00000000ccb00000, 0x00000000ccb00000| Complete 
| 204|0x00000000ccc00000, 0x00000000ccd00000, 0x00000000ccd00000|100%| O|  |TAMS 0x00000000ccc5a600, 0x00000000ccc00000| Untracked 
| 205|0x00000000ccd00000, 0x00000000cce00000, 0x00000000cce00000|100%|HS|  |TAMS 0x00000000ccd00000, 0x00000000ccd00000| Complete 
| 206|0x00000000cce00000, 0x00000000ccf00000, 0x00000000ccf00000|100%|HS|  |TAMS 0x00000000cce00000, 0x00000000cce00000| Complete 
| 207|0x00000000ccf00000, 0x00000000cd000000, 0x00000000cd000000|100%| O|  |TAMS 0x00000000cd000000, 0x00000000ccf00000| Untracked 
| 208|0x00000000cd000000, 0x00000000cd100000, 0x00000000cd100000|100%|HS|  |TAMS 0x00000000cd000000, 0x00000000cd000000| Complete 
| 209|0x00000000cd100000, 0x00000000cd200000, 0x00000000cd200000|100%| O|  |TAMS 0x00000000cd200000, 0x00000000cd100000| Untracked 
| 210|0x00000000cd200000, 0x00000000cd300000, 0x00000000cd300000|100%| O|  |TAMS 0x00000000cd300000, 0x00000000cd200000| Untracked 
| 211|0x00000000cd300000, 0x00000000cd400000, 0x00000000cd400000|100%| O|  |TAMS 0x00000000cd400000, 0x00000000cd300000| Untracked 
| 212|0x00000000cd400000, 0x00000000cd500000, 0x00000000cd500000|100%| O|  |TAMS 0x00000000cd500000, 0x00000000cd400000| Untracked 
| 213|0x00000000cd500000, 0x00000000cd600000, 0x00000000cd600000|100%| O|  |TAMS 0x00000000cd600000, 0x00000000cd500000| Untracked 
| 214|0x00000000cd600000, 0x00000000cd700000, 0x00000000cd700000|100%| O|  |TAMS 0x00000000cd700000, 0x00000000cd600000| Untracked 
| 215|0x00000000cd700000, 0x00000000cd800000, 0x00000000cd800000|100%| O|  |TAMS 0x00000000cd800000, 0x00000000cd700000| Untracked 
| 216|0x00000000cd800000, 0x00000000cd900000, 0x00000000cd900000|100%| O|  |TAMS 0x00000000cd900000, 0x00000000cd800000| Untracked 
| 217|0x00000000cd900000, 0x00000000cda00000, 0x00000000cda00000|100%| O|  |TAMS 0x00000000cda00000, 0x00000000cd900000| Untracked 
| 218|0x00000000cda00000, 0x00000000cdb00000, 0x00000000cdb00000|100%| O|  |TAMS 0x00000000cdb00000, 0x00000000cda00000| Untracked 
| 219|0x00000000cdb00000, 0x00000000cdc00000, 0x00000000cdc00000|100%| O|  |TAMS 0x00000000cdc00000, 0x00000000cdb00000| Untracked 
| 220|0x00000000cdc00000, 0x00000000cdd00000, 0x00000000cdd00000|100%| O|  |TAMS 0x00000000cdd00000, 0x00000000cdc00000| Untracked 
| 221|0x00000000cdd00000, 0x00000000cde00000, 0x00000000cde00000|100%|HS|  |TAMS 0x00000000cdd00000, 0x00000000cdd00000| Complete 
| 222|0x00000000cde00000, 0x00000000cdf00000, 0x00000000cdf00000|100%|HS|  |TAMS 0x00000000cde00000, 0x00000000cde00000| Complete 
| 223|0x00000000cdf00000, 0x00000000ce000000, 0x00000000ce000000|100%|HS|  |TAMS 0x00000000cdf00000, 0x00000000cdf00000| Complete 
| 224|0x00000000ce000000, 0x00000000ce100000, 0x00000000ce100000|100%|HS|  |TAMS 0x00000000ce100000, 0x00000000ce000000| Complete 
| 225|0x00000000ce100000, 0x00000000ce200000, 0x00000000ce200000|100%|HS|  |TAMS 0x00000000ce200000, 0x00000000ce100000| Complete 
| 226|0x00000000ce200000, 0x00000000ce300000, 0x00000000ce300000|100%|HS|  |TAMS 0x00000000ce200000, 0x00000000ce200000| Complete 
| 227|0x00000000ce300000, 0x00000000ce400000, 0x00000000ce400000|100%| O|  |TAMS 0x00000000ce400000, 0x00000000ce300000| Untracked 
| 228|0x00000000ce400000, 0x00000000ce500000, 0x00000000ce500000|100%| O|  |TAMS 0x00000000ce500000, 0x00000000ce400000| Untracked 
| 229|0x00000000ce500000, 0x00000000ce600000, 0x00000000ce600000|100%| O|  |TAMS 0x00000000ce600000, 0x00000000ce500000| Untracked 
| 230|0x00000000ce600000, 0x00000000ce700000, 0x00000000ce700000|100%| O|  |TAMS 0x00000000ce600000, 0x00000000ce600000| Untracked 
| 231|0x00000000ce700000, 0x00000000ce800000, 0x00000000ce800000|100%| O|  |TAMS 0x00000000ce700000, 0x00000000ce700000| Untracked 
| 232|0x00000000ce800000, 0x00000000ce900000, 0x00000000ce900000|100%| O|  |TAMS 0x00000000ce800000, 0x00000000ce800000| Untracked 
| 233|0x00000000ce900000, 0x00000000cea00000, 0x00000000cea00000|100%| O|  |TAMS 0x00000000ce900000, 0x00000000ce900000| Untracked 
| 234|0x00000000cea00000, 0x00000000ceb00000, 0x00000000ceb00000|100%|HS|  |TAMS 0x00000000cea00000, 0x00000000cea00000| Complete 
| 235|0x00000000ceb00000, 0x00000000cec00000, 0x00000000cec00000|100%|HS|  |TAMS 0x00000000cec00000, 0x00000000ceb00000| Complete 
| 236|0x00000000cec00000, 0x00000000ced00000, 0x00000000ced00000|100%|HS|  |TAMS 0x00000000ced00000, 0x00000000cec00000| Complete 
| 237|0x00000000ced00000, 0x00000000cee00000, 0x00000000cee00000|100%|HS|  |TAMS 0x00000000ced00000, 0x00000000ced00000| Complete 
| 238|0x00000000cee00000, 0x00000000cef00000, 0x00000000cef00000|100%|HS|  |TAMS 0x00000000cee00000, 0x00000000cee00000| Complete 
| 239|0x00000000cef00000, 0x00000000cf000000, 0x00000000cf000000|100%| O|  |TAMS 0x00000000cef00000, 0x00000000cef00000| Untracked 
| 240|0x00000000cf000000, 0x00000000cf100000, 0x00000000cf100000|100%| O|  |TAMS 0x00000000cf000000, 0x00000000cf000000| Untracked 
| 241|0x00000000cf100000, 0x00000000cf200000, 0x00000000cf200000|100%|HS|  |TAMS 0x00000000cf100000, 0x00000000cf100000| Complete 
| 242|0x00000000cf200000, 0x00000000cf300000, 0x00000000cf300000|100%| O|  |TAMS 0x00000000cf300000, 0x00000000cf200000| Untracked 
| 243|0x00000000cf300000, 0x00000000cf400000, 0x00000000cf400000|100%|HS|  |TAMS 0x00000000cf300000, 0x00000000cf300000| Complete 
| 244|0x00000000cf400000, 0x00000000cf500000, 0x00000000cf500000|100%|HS|  |TAMS 0x00000000cf400000, 0x00000000cf400000| Complete 
| 245|0x00000000cf500000, 0x00000000cf600000, 0x00000000cf600000|100%|HS|  |TAMS 0x00000000cf600000, 0x00000000cf500000| Complete 
| 246|0x00000000cf600000, 0x00000000cf700000, 0x00000000cf700000|100%|HS|  |TAMS 0x00000000cf600000, 0x00000000cf600000| Complete 
| 247|0x00000000cf700000, 0x00000000cf800000, 0x00000000cf800000|100%|HS|  |TAMS 0x00000000cf800000, 0x00000000cf700000| Complete 
| 248|0x00000000cf800000, 0x00000000cf900000, 0x00000000cf900000|100%|HS|  |TAMS 0x00000000cf800000, 0x00000000cf800000| Complete 
| 249|0x00000000cf900000, 0x00000000cfa00000, 0x00000000cfa00000|100%|HC|  |TAMS 0x00000000cf900000, 0x00000000cf900000| Complete 
| 250|0x00000000cfa00000, 0x00000000cfb00000, 0x00000000cfb00000|100%|HS|  |TAMS 0x00000000cfb00000, 0x00000000cfa00000| Complete 
| 251|0x00000000cfb00000, 0x00000000cfc00000, 0x00000000cfc00000|100%|HS|  |TAMS 0x00000000cfb00000, 0x00000000cfb00000| Complete 
| 252|0x00000000cfc00000, 0x00000000cfd00000, 0x00000000cfd00000|100%| O|  |TAMS 0x00000000cfc00000, 0x00000000cfc00000| Untracked 
| 253|0x00000000cfd00000, 0x00000000cfe00000, 0x00000000cfe00000|100%| O|  |TAMS 0x00000000cfd00000, 0x00000000cfd00000| Untracked 
| 254|0x00000000cfe00000, 0x00000000cff00000, 0x00000000cff00000|100%|HS|  |TAMS 0x00000000cff00000, 0x00000000cfe00000| Complete 
| 255|0x00000000cff00000, 0x00000000d0000000, 0x00000000d0000000|100%|HS|  |TAMS 0x00000000cff00000, 0x00000000cff00000| Complete 
| 256|0x00000000d0000000, 0x00000000d0100000, 0x00000000d0100000|100%| O|  |TAMS 0x00000000d0100000, 0x00000000d0000000| Untracked 
| 257|0x00000000d0100000, 0x00000000d0200000, 0x00000000d0200000|100%|HS|  |TAMS 0x00000000d0200000, 0x00000000d0100000| Complete 
| 258|0x00000000d0200000, 0x00000000d0300000, 0x00000000d0300000|100%|HS|  |TAMS 0x00000000d0200000, 0x00000000d0200000| Complete 
| 259|0x00000000d0300000, 0x00000000d0400000, 0x00000000d0400000|100%|HS|  |TAMS 0x00000000d0300000, 0x00000000d0300000| Complete 
| 260|0x00000000d0400000, 0x00000000d0500000, 0x00000000d0500000|100%| O|  |TAMS 0x00000000d0500000, 0x00000000d0400000| Untracked 
| 261|0x00000000d0500000, 0x00000000d0600000, 0x00000000d0600000|100%|HS|  |TAMS 0x00000000d0500000, 0x00000000d0500000| Complete 
| 262|0x00000000d0600000, 0x00000000d0700000, 0x00000000d0700000|100%|HC|  |TAMS 0x00000000d0600000, 0x00000000d0600000| Complete 
| 263|0x00000000d0700000, 0x00000000d0800000, 0x00000000d0800000|100%|HC|  |TAMS 0x00000000d0700000, 0x00000000d0700000| Complete 
| 264|0x00000000d0800000, 0x00000000d0900000, 0x00000000d0900000|100%| O|  |TAMS 0x00000000d0800000, 0x00000000d0800000| Untracked 
| 265|0x00000000d0900000, 0x00000000d0a00000, 0x00000000d0a00000|100%| O|  |TAMS 0x00000000d0900000, 0x00000000d0900000| Untracked 
| 266|0x00000000d0a00000, 0x00000000d0a9d800, 0x00000000d0b00000| 61%| O|  |TAMS 0x00000000d0a00000, 0x00000000d0a00000| Untracked 
| 267|0x00000000d0b00000, 0x00000000d0b00000, 0x00000000d0c00000|  0%| F|  |TAMS 0x00000000d0b00000, 0x00000000d0b00000| Untracked 
| 268|0x00000000d0c00000, 0x00000000d0d00000, 0x00000000d0d00000|100%|HS|  |TAMS 0x00000000d0d00000, 0x00000000d0c00000| Complete 
| 269|0x00000000d0d00000, 0x00000000d0e00000, 0x00000000d0e00000|100%|HS|  |TAMS 0x00000000d0d00000, 0x00000000d0d00000| Complete 
| 270|0x00000000d0e00000, 0x00000000d0f00000, 0x00000000d0f00000|100%|HS|  |TAMS 0x00000000d0f00000, 0x00000000d0e00000| Complete 
| 271|0x00000000d0f00000, 0x00000000d1000000, 0x00000000d1000000|100%|HS|  |TAMS 0x00000000d1000000, 0x00000000d0f00000| Complete 
| 272|0x00000000d1000000, 0x00000000d1100000, 0x00000000d1100000|100%|HS|  |TAMS 0x00000000d1000000, 0x00000000d1000000| Complete 
| 273|0x00000000d1100000, 0x00000000d1200000, 0x00000000d1200000|100%|HS|  |TAMS 0x00000000d1200000, 0x00000000d1100000| Complete 
| 274|0x00000000d1200000, 0x00000000d1300000, 0x00000000d1300000|100%|HS|  |TAMS 0x00000000d1300000, 0x00000000d1200000| Complete 
| 275|0x00000000d1300000, 0x00000000d1400000, 0x00000000d1400000|100%|HS|  |TAMS 0x00000000d1300000, 0x00000000d1300000| Complete 
| 276|0x00000000d1400000, 0x00000000d1500000, 0x00000000d1500000|100%|HS|  |TAMS 0x00000000d1500000, 0x00000000d1400000| Complete 
| 277|0x00000000d1500000, 0x00000000d1600000, 0x00000000d1600000|100%|HS|  |TAMS 0x00000000d1500000, 0x00000000d1500000| Complete 
| 278|0x00000000d1600000, 0x00000000d1700000, 0x00000000d1700000|100%|HS|  |TAMS 0x00000000d1700000, 0x00000000d1600000| Complete 
| 279|0x00000000d1700000, 0x00000000d1800000, 0x00000000d1800000|100%|HS|  |TAMS 0x00000000d1700000, 0x00000000d1700000| Complete 
| 280|0x00000000d1800000, 0x00000000d1900000, 0x00000000d1900000|100%|HS|  |TAMS 0x00000000d1800000, 0x00000000d1800000| Complete 
| 281|0x00000000d1900000, 0x00000000d1a00000, 0x00000000d1a00000|100%|HC|  |TAMS 0x00000000d1900000, 0x00000000d1900000| Complete 
| 282|0x00000000d1a00000, 0x00000000d1b00000, 0x00000000d1b00000|100%|HS|  |TAMS 0x00000000d1a00000, 0x00000000d1a00000| Complete 
| 283|0x00000000d1b00000, 0x00000000d1c00000, 0x00000000d1c00000|100%|HS|  |TAMS 0x00000000d1b00000, 0x00000000d1b00000| Complete 
| 284|0x00000000d1c00000, 0x00000000d1d00000, 0x00000000d1d00000|100%|HS|  |TAMS 0x00000000d1c00000, 0x00000000d1c00000| Complete 
| 285|0x00000000d1d00000, 0x00000000d1e00000, 0x00000000d1e00000|100%|HS|  |TAMS 0x00000000d1d00000, 0x00000000d1d00000| Complete 
| 286|0x00000000d1e00000, 0x00000000d1f00000, 0x00000000d1f00000|100%|HS|  |TAMS 0x00000000d1f00000, 0x00000000d1e00000| Complete 
| 287|0x00000000d1f00000, 0x00000000d2000000, 0x00000000d2000000|100%|HS|  |TAMS 0x00000000d2000000, 0x00000000d1f00000| Complete 
| 288|0x00000000d2000000, 0x00000000d2100000, 0x00000000d2100000|100%|HS|  |TAMS 0x00000000d2100000, 0x00000000d2000000| Complete 
| 289|0x00000000d2100000, 0x00000000d2200000, 0x00000000d2200000|100%|HS|  |TAMS 0x00000000d2100000, 0x00000000d2100000| Complete 
| 290|0x00000000d2200000, 0x00000000d2300000, 0x00000000d2300000|100%|HS|  |TAMS 0x00000000d2300000, 0x00000000d2200000| Complete 
| 291|0x00000000d2300000, 0x00000000d2400000, 0x00000000d2400000|100%|HS|  |TAMS 0x00000000d2300000, 0x00000000d2300000| Complete 
| 292|0x00000000d2400000, 0x00000000d2500000, 0x00000000d2500000|100%|HC|  |TAMS 0x00000000d2400000, 0x00000000d2400000| Complete 
| 293|0x00000000d2500000, 0x00000000d2600000, 0x00000000d2600000|100%|HS|  |TAMS 0x00000000d2500000, 0x00000000d2500000| Complete 
| 294|0x00000000d2600000, 0x00000000d2700000, 0x00000000d2700000|100%|HS|  |TAMS 0x00000000d2700000, 0x00000000d2600000| Complete 
| 295|0x00000000d2700000, 0x00000000d2800000, 0x00000000d2800000|100%| O|  |TAMS 0x00000000d2800000, 0x00000000d2700000| Untracked 
| 296|0x00000000d2800000, 0x00000000d2900000, 0x00000000d2900000|100%|HS|  |TAMS 0x00000000d2800000, 0x00000000d2800000| Complete 
| 297|0x00000000d2900000, 0x00000000d2a00000, 0x00000000d2a00000|100%|HC|  |TAMS 0x00000000d2900000, 0x00000000d2900000| Complete 
| 298|0x00000000d2a00000, 0x00000000d2a00000, 0x00000000d2b00000|  0%| F|  |TAMS 0x00000000d2a00000, 0x00000000d2a00000| Untracked 
| 299|0x00000000d2b00000, 0x00000000d2c00000, 0x00000000d2c00000|100%|HS|  |TAMS 0x00000000d2c00000, 0x00000000d2b00000| Complete 
| 300|0x00000000d2c00000, 0x00000000d2d00000, 0x00000000d2d00000|100%|HS|  |TAMS 0x00000000d2d00000, 0x00000000d2c00000| Complete 
| 301|0x00000000d2d00000, 0x00000000d2e00000, 0x00000000d2e00000|100%|HS|  |TAMS 0x00000000d2d00000, 0x00000000d2d00000| Complete 
| 302|0x00000000d2e00000, 0x00000000d2f00000, 0x00000000d2f00000|100%|HC|  |TAMS 0x00000000d2e00000, 0x00000000d2e00000| Complete 
| 303|0x00000000d2f00000, 0x00000000d3000000, 0x00000000d3000000|100%|HS|  |TAMS 0x00000000d3000000, 0x00000000d2f00000| Complete 
| 304|0x00000000d3000000, 0x00000000d3100000, 0x00000000d3100000|100%|HS|  |TAMS 0x00000000d3000000, 0x00000000d3000000| Complete 
| 305|0x00000000d3100000, 0x00000000d3200000, 0x00000000d3200000|100%|HC|  |TAMS 0x00000000d3100000, 0x00000000d3100000| Complete 
| 306|0x00000000d3200000, 0x00000000d3300000, 0x00000000d3300000|100%|HS|  |TAMS 0x00000000d3200000, 0x00000000d3200000| Complete 
| 307|0x00000000d3300000, 0x00000000d3400000, 0x00000000d3400000|100%|HC|  |TAMS 0x00000000d3300000, 0x00000000d3300000| Complete 
| 308|0x00000000d3400000, 0x00000000d3400000, 0x00000000d3500000|  0%| F|  |TAMS 0x00000000d3400000, 0x00000000d3400000| Untracked 
| 309|0x00000000d3500000, 0x00000000d3600000, 0x00000000d3600000|100%|HS|  |TAMS 0x00000000d3600000, 0x00000000d3500000| Complete 
| 310|0x00000000d3600000, 0x00000000d3700000, 0x00000000d3700000|100%|HS|  |TAMS 0x00000000d3700000, 0x00000000d3600000| Complete 
| 311|0x00000000d3700000, 0x00000000d3800000, 0x00000000d3800000|100%|HS|  |TAMS 0x00000000d3800000, 0x00000000d3700000| Complete 
| 312|0x00000000d3800000, 0x00000000d3900000, 0x00000000d3900000|100%|HS|  |TAMS 0x00000000d3900000, 0x00000000d3800000| Complete 
| 313|0x00000000d3900000, 0x00000000d3a00000, 0x00000000d3a00000|100%|HS|  |TAMS 0x00000000d3900000, 0x00000000d3900000| Complete 
| 314|0x00000000d3a00000, 0x00000000d3b00000, 0x00000000d3b00000|100%|HC|  |TAMS 0x00000000d3a00000, 0x00000000d3a00000| Complete 
| 315|0x00000000d3b00000, 0x00000000d3b00000, 0x00000000d3c00000|  0%| F|  |TAMS 0x00000000d3b00000, 0x00000000d3b00000| Untracked 
| 316|0x00000000d3c00000, 0x00000000d3d00000, 0x00000000d3d00000|100%|HS|  |TAMS 0x00000000d3d00000, 0x00000000d3c00000| Complete 
| 317|0x00000000d3d00000, 0x00000000d3e00000, 0x00000000d3e00000|100%|HS|  |TAMS 0x00000000d3d00000, 0x00000000d3d00000| Complete 
| 318|0x00000000d3e00000, 0x00000000d3f00000, 0x00000000d3f00000|100%|HC|  |TAMS 0x00000000d3e00000, 0x00000000d3e00000| Complete 
| 319|0x00000000d3f00000, 0x00000000d4000000, 0x00000000d4000000|100%|HS|  |TAMS 0x00000000d4000000, 0x00000000d3f00000| Complete 
| 320|0x00000000d4000000, 0x00000000d4100000, 0x00000000d4100000|100%|HS|  |TAMS 0x00000000d4000000, 0x00000000d4000000| Complete 
| 321|0x00000000d4100000, 0x00000000d4200000, 0x00000000d4200000|100%|HC|  |TAMS 0x00000000d4100000, 0x00000000d4100000| Complete 
| 322|0x00000000d4200000, 0x00000000d4300000, 0x00000000d4300000|100%|HS|  |TAMS 0x00000000d4200000, 0x00000000d4200000| Complete 
| 323|0x00000000d4300000, 0x00000000d4400000, 0x00000000d4400000|100%|HC|  |TAMS 0x00000000d4300000, 0x00000000d4300000| Complete 
| 324|0x00000000d4400000, 0x00000000d4500000, 0x00000000d4500000|100%|HS|  |TAMS 0x00000000d4500000, 0x00000000d4400000| Complete 
| 325|0x00000000d4500000, 0x00000000d4600000, 0x00000000d4600000|100%|HS|  |TAMS 0x00000000d4600000, 0x00000000d4500000| Complete 
| 326|0x00000000d4600000, 0x00000000d4700000, 0x00000000d4700000|100%|HS|  |TAMS 0x00000000d4600000, 0x00000000d4600000| Complete 
| 327|0x00000000d4700000, 0x00000000d4800000, 0x00000000d4800000|100%|HC|  |TAMS 0x00000000d4700000, 0x00000000d4700000| Complete 
| 328|0x00000000d4800000, 0x00000000d4900000, 0x00000000d4900000|100%|HS|  |TAMS 0x00000000d4800000, 0x00000000d4800000| Complete 
| 329|0x00000000d4900000, 0x00000000d4a00000, 0x00000000d4a00000|100%|HC|  |TAMS 0x00000000d4900000, 0x00000000d4900000| Complete 
| 330|0x00000000d4a00000, 0x00000000d4b00000, 0x00000000d4b00000|100%|HS|  |TAMS 0x00000000d4b00000, 0x00000000d4a00000| Complete 
| 331|0x00000000d4b00000, 0x00000000d4c00000, 0x00000000d4c00000|100%| O|  |TAMS 0x00000000d4c00000, 0x00000000d4b00000| Untracked 
| 332|0x00000000d4c00000, 0x00000000d4d00000, 0x00000000d4d00000|100%|HS|  |TAMS 0x00000000d4d00000, 0x00000000d4c00000| Complete 
| 333|0x00000000d4d00000, 0x00000000d4e00000, 0x00000000d4e00000|100%|HS|  |TAMS 0x00000000d4e00000, 0x00000000d4d00000| Complete 
| 334|0x00000000d4e00000, 0x00000000d4f00000, 0x00000000d4f00000|100%| O|  |TAMS 0x00000000d4f00000, 0x00000000d4e00000| Untracked 
| 335|0x00000000d4f00000, 0x00000000d5000000, 0x00000000d5000000|100%|HS|  |TAMS 0x00000000d5000000, 0x00000000d4f00000| Complete 
| 336|0x00000000d5000000, 0x00000000d5100000, 0x00000000d5100000|100%|HS|  |TAMS 0x00000000d5000000, 0x00000000d5000000| Complete 
| 337|0x00000000d5100000, 0x00000000d5200000, 0x00000000d5200000|100%|HC|  |TAMS 0x00000000d5100000, 0x00000000d5100000| Complete 
| 338|0x00000000d5200000, 0x00000000d5300000, 0x00000000d5300000|100%|HS|  |TAMS 0x00000000d5200000, 0x00000000d5200000| Complete 
| 339|0x00000000d5300000, 0x00000000d5400000, 0x00000000d5400000|100%|HC|  |TAMS 0x00000000d5300000, 0x00000000d5300000| Complete 
| 340|0x00000000d5400000, 0x00000000d5500000, 0x00000000d5500000|100%|HS|  |TAMS 0x00000000d5500000, 0x00000000d5400000| Complete 
| 341|0x00000000d5500000, 0x00000000d5600000, 0x00000000d5600000|100%|HS|  |TAMS 0x00000000d5600000, 0x00000000d5500000| Complete 
| 342|0x00000000d5600000, 0x00000000d5700000, 0x00000000d5700000|100%|HS|  |TAMS 0x00000000d5700000, 0x00000000d5600000| Complete 
| 343|0x00000000d5700000, 0x00000000d5800000, 0x00000000d5800000|100%| O|  |TAMS 0x00000000d5800000, 0x00000000d5700000| Untracked 
| 344|0x00000000d5800000, 0x00000000d5900000, 0x00000000d5900000|100%|HS|  |TAMS 0x00000000d5900000, 0x00000000d5800000| Complete 
| 345|0x00000000d5900000, 0x00000000d5a00000, 0x00000000d5a00000|100%|HS|  |TAMS 0x00000000d5a00000, 0x00000000d5900000| Complete 
| 346|0x00000000d5a00000, 0x00000000d5b00000, 0x00000000d5b00000|100%|HS|  |TAMS 0x00000000d5b00000, 0x00000000d5a00000| Complete 
| 347|0x00000000d5b00000, 0x00000000d5c00000, 0x00000000d5c00000|100%|HS|  |TAMS 0x00000000d5b00000, 0x00000000d5b00000| Complete 
| 348|0x00000000d5c00000, 0x00000000d5d00000, 0x00000000d5d00000|100%|HC|  |TAMS 0x00000000d5c00000, 0x00000000d5c00000| Complete 
| 349|0x00000000d5d00000, 0x00000000d5e00000, 0x00000000d5e00000|100%|HC|  |TAMS 0x00000000d5d00000, 0x00000000d5d00000| Complete 
| 350|0x00000000d5e00000, 0x00000000d5f00000, 0x00000000d5f00000|100%|HC|  |TAMS 0x00000000d5e00000, 0x00000000d5e00000| Complete 
| 351|0x00000000d5f00000, 0x00000000d6000000, 0x00000000d6000000|100%|HC|  |TAMS 0x00000000d5f00000, 0x00000000d5f00000| Complete 
| 352|0x00000000d6000000, 0x00000000d6100000, 0x00000000d6100000|100%| O|  |TAMS 0x00000000d6100000, 0x00000000d6000000| Untracked 
| 353|0x00000000d6100000, 0x00000000d6200000, 0x00000000d6200000|100%|HS|  |TAMS 0x00000000d6100000, 0x00000000d6100000| Complete 
| 354|0x00000000d6200000, 0x00000000d6300000, 0x00000000d6300000|100%|HC|  |TAMS 0x00000000d6200000, 0x00000000d6200000| Complete 
| 355|0x00000000d6300000, 0x00000000d6400000, 0x00000000d6400000|100%|HC|  |TAMS 0x00000000d6300000, 0x00000000d6300000| Complete 
| 356|0x00000000d6400000, 0x00000000d6500000, 0x00000000d6500000|100%|HC|  |TAMS 0x00000000d6400000, 0x00000000d6400000| Complete 
| 357|0x00000000d6500000, 0x00000000d6600000, 0x00000000d6600000|100%|HC|  |TAMS 0x00000000d6500000, 0x00000000d6500000| Complete 
| 358|0x00000000d6600000, 0x00000000d6700000, 0x00000000d6700000|100%|HC|  |TAMS 0x00000000d6600000, 0x00000000d6600000| Complete 
| 359|0x00000000d6700000, 0x00000000d6800000, 0x00000000d6800000|100%|HC|  |TAMS 0x00000000d6700000, 0x00000000d6700000| Complete 
| 360|0x00000000d6800000, 0x00000000d6900000, 0x00000000d6900000|100%|HC|  |TAMS 0x00000000d6800000, 0x00000000d6800000| Complete 
| 361|0x00000000d6900000, 0x00000000d6a00000, 0x00000000d6a00000|100%|HC|  |TAMS 0x00000000d6900000, 0x00000000d6900000| Complete 
| 362|0x00000000d6a00000, 0x00000000d6a00000, 0x00000000d6b00000|  0%| F|  |TAMS 0x00000000d6a00000, 0x00000000d6a00000| Untracked 
| 363|0x00000000d6b00000, 0x00000000d6c00000, 0x00000000d6c00000|100%| O|  |TAMS 0x00000000d6c00000, 0x00000000d6b00000| Untracked 
| 364|0x00000000d6c00000, 0x00000000d6c00000, 0x00000000d6d00000|  0%| F|  |TAMS 0x00000000d6c00000, 0x00000000d6c00000| Untracked 
| 365|0x00000000d6d00000, 0x00000000d6d00000, 0x00000000d6e00000|  0%| F|  |TAMS 0x00000000d6d00000, 0x00000000d6d00000| Untracked 
| 366|0x00000000d6e00000, 0x00000000d6f00000, 0x00000000d6f00000|100%|HS|  |TAMS 0x00000000d6f00000, 0x00000000d6e00000| Complete 
| 367|0x00000000d6f00000, 0x00000000d7000000, 0x00000000d7000000|100%|HC|  |TAMS 0x00000000d7000000, 0x00000000d6f00000| Complete 
| 368|0x00000000d7000000, 0x00000000d7100000, 0x00000000d7100000|100%|HC|  |TAMS 0x00000000d7100000, 0x00000000d7000000| Complete 
| 369|0x00000000d7100000, 0x00000000d7200000, 0x00000000d7200000|100%|HC|  |TAMS 0x00000000d7200000, 0x00000000d7100000| Complete 
| 370|0x00000000d7200000, 0x00000000d7300000, 0x00000000d7300000|100%|HC|  |TAMS 0x00000000d7300000, 0x00000000d7200000| Complete 
| 371|0x00000000d7300000, 0x00000000d7400000, 0x00000000d7400000|100%|HC|  |TAMS 0x00000000d7400000, 0x00000000d7300000| Complete 
| 372|0x00000000d7400000, 0x00000000d7500000, 0x00000000d7500000|100%|HC|  |TAMS 0x00000000d7500000, 0x00000000d7400000| Complete 
| 373|0x00000000d7500000, 0x00000000d7600000, 0x00000000d7600000|100%|HC|  |TAMS 0x00000000d7600000, 0x00000000d7500000| Complete 
| 374|0x00000000d7600000, 0x00000000d7700000, 0x00000000d7700000|100%|HC|  |TAMS 0x00000000d7700000, 0x00000000d7600000| Complete 
| 375|0x00000000d7700000, 0x00000000d7700000, 0x00000000d7800000|  0%| F|  |TAMS 0x00000000d7700000, 0x00000000d7700000| Untracked 
| 376|0x00000000d7800000, 0x00000000d7800000, 0x00000000d7900000|  0%| F|  |TAMS 0x00000000d7800000, 0x00000000d7800000| Untracked 
| 377|0x00000000d7900000, 0x00000000d7900000, 0x00000000d7a00000|  0%| F|  |TAMS 0x00000000d7900000, 0x00000000d7900000| Untracked 
| 378|0x00000000d7a00000, 0x00000000d7b00000, 0x00000000d7b00000|100%| O|  |TAMS 0x00000000d7b00000, 0x00000000d7a00000| Untracked 
| 379|0x00000000d7b00000, 0x00000000d7b00000, 0x00000000d7c00000|  0%| F|  |TAMS 0x00000000d7b00000, 0x00000000d7b00000| Untracked 
| 380|0x00000000d7c00000, 0x00000000d7d00000, 0x00000000d7d00000|100%| O|  |TAMS 0x00000000d7d00000, 0x00000000d7c00000| Untracked 
| 381|0x00000000d7d00000, 0x00000000d7e00000, 0x00000000d7e00000|100%| O|  |TAMS 0x00000000d7e00000, 0x00000000d7d00000| Untracked 
| 382|0x00000000d7e00000, 0x00000000d7f00000, 0x00000000d7f00000|100%|HS|  |TAMS 0x00000000d7f00000, 0x00000000d7e00000| Complete 
| 383|0x00000000d7f00000, 0x00000000d8000000, 0x00000000d8000000|100%|HC|  |TAMS 0x00000000d8000000, 0x00000000d7f00000| Complete 
| 384|0x00000000d8000000, 0x00000000d8100000, 0x00000000d8100000|100%|HC|  |TAMS 0x00000000d8100000, 0x00000000d8000000| Complete 
| 385|0x00000000d8100000, 0x00000000d8200000, 0x00000000d8200000|100%|HC|  |TAMS 0x00000000d8200000, 0x00000000d8100000| Complete 
| 386|0x00000000d8200000, 0x00000000d8300000, 0x00000000d8300000|100%|HC|  |TAMS 0x00000000d8300000, 0x00000000d8200000| Complete 
| 387|0x00000000d8300000, 0x00000000d8400000, 0x00000000d8400000|100%|HC|  |TAMS 0x00000000d8400000, 0x00000000d8300000| Complete 
| 388|0x00000000d8400000, 0x00000000d8500000, 0x00000000d8500000|100%|HC|  |TAMS 0x00000000d8500000, 0x00000000d8400000| Complete 
| 389|0x00000000d8500000, 0x00000000d8600000, 0x00000000d8600000|100%|HC|  |TAMS 0x00000000d8600000, 0x00000000d8500000| Complete 
| 390|0x00000000d8600000, 0x00000000d8700000, 0x00000000d8700000|100%|HC|  |TAMS 0x00000000d8700000, 0x00000000d8600000| Complete 
| 391|0x00000000d8700000, 0x00000000d8800000, 0x00000000d8800000|100%|HS|  |TAMS 0x00000000d8800000, 0x00000000d8700000| Complete 
| 392|0x00000000d8800000, 0x00000000d8900000, 0x00000000d8900000|100%|HC|  |TAMS 0x00000000d8900000, 0x00000000d8800000| Complete 
| 393|0x00000000d8900000, 0x00000000d8a00000, 0x00000000d8a00000|100%|HC|  |TAMS 0x00000000d8a00000, 0x00000000d8900000| Complete 
| 394|0x00000000d8a00000, 0x00000000d8b00000, 0x00000000d8b00000|100%|HC|  |TAMS 0x00000000d8b00000, 0x00000000d8a00000| Complete 
| 395|0x00000000d8b00000, 0x00000000d8c00000, 0x00000000d8c00000|100%|HC|  |TAMS 0x00000000d8c00000, 0x00000000d8b00000| Complete 
| 396|0x00000000d8c00000, 0x00000000d8d00000, 0x00000000d8d00000|100%|HC|  |TAMS 0x00000000d8d00000, 0x00000000d8c00000| Complete 
| 397|0x00000000d8d00000, 0x00000000d8e00000, 0x00000000d8e00000|100%|HC|  |TAMS 0x00000000d8e00000, 0x00000000d8d00000| Complete 
| 398|0x00000000d8e00000, 0x00000000d8f00000, 0x00000000d8f00000|100%|HC|  |TAMS 0x00000000d8f00000, 0x00000000d8e00000| Complete 
| 399|0x00000000d8f00000, 0x00000000d9000000, 0x00000000d9000000|100%|HC|  |TAMS 0x00000000d9000000, 0x00000000d8f00000| Complete 
| 400|0x00000000d9000000, 0x00000000d9100000, 0x00000000d9100000|100%|HS|  |TAMS 0x00000000d9000000, 0x00000000d9000000| Complete 
| 401|0x00000000d9100000, 0x00000000d9200000, 0x00000000d9200000|100%|HC|  |TAMS 0x00000000d9100000, 0x00000000d9100000| Complete 
| 402|0x00000000d9200000, 0x00000000d9300000, 0x00000000d9300000|100%|HC|  |TAMS 0x00000000d9200000, 0x00000000d9200000| Complete 
| 403|0x00000000d9300000, 0x00000000d9400000, 0x00000000d9400000|100%|HC|  |TAMS 0x00000000d9300000, 0x00000000d9300000| Complete 
| 404|0x00000000d9400000, 0x00000000d9500000, 0x00000000d9500000|100%|HC|  |TAMS 0x00000000d9400000, 0x00000000d9400000| Complete 
| 405|0x00000000d9500000, 0x00000000d9600000, 0x00000000d9600000|100%|HC|  |TAMS 0x00000000d9500000, 0x00000000d9500000| Complete 
| 406|0x00000000d9600000, 0x00000000d9700000, 0x00000000d9700000|100%|HC|  |TAMS 0x00000000d9600000, 0x00000000d9600000| Complete 
| 407|0x00000000d9700000, 0x00000000d9800000, 0x00000000d9800000|100%|HC|  |TAMS 0x00000000d9700000, 0x00000000d9700000| Complete 
| 408|0x00000000d9800000, 0x00000000d9900000, 0x00000000d9900000|100%|HC|  |TAMS 0x00000000d9800000, 0x00000000d9800000| Complete 
| 409|0x00000000d9900000, 0x00000000d9a00000, 0x00000000d9a00000|100%|HS|  |TAMS 0x00000000d9900000, 0x00000000d9900000| Complete 
| 410|0x00000000d9a00000, 0x00000000d9b00000, 0x00000000d9b00000|100%|HC|  |TAMS 0x00000000d9a00000, 0x00000000d9a00000| Complete 
| 411|0x00000000d9b00000, 0x00000000d9c00000, 0x00000000d9c00000|100%|HC|  |TAMS 0x00000000d9b00000, 0x00000000d9b00000| Complete 
| 412|0x00000000d9c00000, 0x00000000d9d00000, 0x00000000d9d00000|100%|HC|  |TAMS 0x00000000d9c00000, 0x00000000d9c00000| Complete 
| 413|0x00000000d9d00000, 0x00000000d9e00000, 0x00000000d9e00000|100%|HC|  |TAMS 0x00000000d9d00000, 0x00000000d9d00000| Complete 
| 414|0x00000000d9e00000, 0x00000000d9f00000, 0x00000000d9f00000|100%|HC|  |TAMS 0x00000000d9e00000, 0x00000000d9e00000| Complete 
| 415|0x00000000d9f00000, 0x00000000da000000, 0x00000000da000000|100%|HC|  |TAMS 0x00000000d9f00000, 0x00000000d9f00000| Complete 
| 416|0x00000000da000000, 0x00000000da100000, 0x00000000da100000|100%|HC|  |TAMS 0x00000000da000000, 0x00000000da000000| Complete 
| 417|0x00000000da100000, 0x00000000da200000, 0x00000000da200000|100%|HC|  |TAMS 0x00000000da100000, 0x00000000da100000| Complete 
| 418|0x00000000da200000, 0x00000000da300000, 0x00000000da300000|100%|HS|  |TAMS 0x00000000da200000, 0x00000000da200000| Complete 
| 419|0x00000000da300000, 0x00000000da400000, 0x00000000da400000|100%|HC|  |TAMS 0x00000000da300000, 0x00000000da300000| Complete 
| 420|0x00000000da400000, 0x00000000da500000, 0x00000000da500000|100%|HC|  |TAMS 0x00000000da400000, 0x00000000da400000| Complete 
| 421|0x00000000da500000, 0x00000000da600000, 0x00000000da600000|100%|HC|  |TAMS 0x00000000da500000, 0x00000000da500000| Complete 
| 422|0x00000000da600000, 0x00000000da700000, 0x00000000da700000|100%|HC|  |TAMS 0x00000000da600000, 0x00000000da600000| Complete 
| 423|0x00000000da700000, 0x00000000da800000, 0x00000000da800000|100%|HC|  |TAMS 0x00000000da700000, 0x00000000da700000| Complete 
| 424|0x00000000da800000, 0x00000000da900000, 0x00000000da900000|100%|HC|  |TAMS 0x00000000da800000, 0x00000000da800000| Complete 
| 425|0x00000000da900000, 0x00000000daa00000, 0x00000000daa00000|100%|HC|  |TAMS 0x00000000da900000, 0x00000000da900000| Complete 
| 426|0x00000000daa00000, 0x00000000dab00000, 0x00000000dab00000|100%|HC|  |TAMS 0x00000000daa00000, 0x00000000daa00000| Complete 
| 427|0x00000000dab00000, 0x00000000dab00000, 0x00000000dac00000|  0%| F|  |TAMS 0x00000000dab00000, 0x00000000dab00000| Untracked 
| 428|0x00000000dac00000, 0x00000000dac00000, 0x00000000dad00000|  0%| F|  |TAMS 0x00000000dac00000, 0x00000000dac00000| Untracked 
| 429|0x00000000dad00000, 0x00000000dad00000, 0x00000000dae00000|  0%| F|  |TAMS 0x00000000dad00000, 0x00000000dad00000| Untracked 
| 430|0x00000000dae00000, 0x00000000dae00000, 0x00000000daf00000|  0%| F|  |TAMS 0x00000000dae00000, 0x00000000dae00000| Untracked 
| 431|0x00000000daf00000, 0x00000000daf00000, 0x00000000db000000|  0%| F|  |TAMS 0x00000000daf00000, 0x00000000daf00000| Untracked 
| 432|0x00000000db000000, 0x00000000db000000, 0x00000000db100000|  0%| F|  |TAMS 0x00000000db000000, 0x00000000db000000| Untracked 
| 433|0x00000000db100000, 0x00000000db100000, 0x00000000db200000|  0%| F|  |TAMS 0x00000000db100000, 0x00000000db100000| Untracked 
| 434|0x00000000db200000, 0x00000000db200000, 0x00000000db300000|  0%| F|  |TAMS 0x00000000db200000, 0x00000000db200000| Untracked 
| 435|0x00000000db300000, 0x00000000db300000, 0x00000000db400000|  0%| F|  |TAMS 0x00000000db300000, 0x00000000db300000| Untracked 
| 436|0x00000000db400000, 0x00000000db400000, 0x00000000db500000|  0%| F|  |TAMS 0x00000000db400000, 0x00000000db400000| Untracked 
| 437|0x00000000db500000, 0x00000000db500000, 0x00000000db600000|  0%| F|  |TAMS 0x00000000db500000, 0x00000000db500000| Untracked 
| 438|0x00000000db600000, 0x00000000db600000, 0x00000000db700000|  0%| F|  |TAMS 0x00000000db600000, 0x00000000db600000| Untracked 
| 439|0x00000000db700000, 0x00000000db700000, 0x00000000db800000|  0%| F|  |TAMS 0x00000000db700000, 0x00000000db700000| Untracked 
| 440|0x00000000db800000, 0x00000000db800000, 0x00000000db900000|  0%| F|  |TAMS 0x00000000db800000, 0x00000000db800000| Untracked 
| 441|0x00000000db900000, 0x00000000db900000, 0x00000000dba00000|  0%| F|  |TAMS 0x00000000db900000, 0x00000000db900000| Untracked 
| 442|0x00000000dba00000, 0x00000000dba00000, 0x00000000dbb00000|  0%| F|  |TAMS 0x00000000dba00000, 0x00000000dba00000| Untracked 
| 443|0x00000000dbb00000, 0x00000000dbb00000, 0x00000000dbc00000|  0%| F|  |TAMS 0x00000000dbb00000, 0x00000000dbb00000| Untracked 
| 444|0x00000000dbc00000, 0x00000000dbc00000, 0x00000000dbd00000|  0%| F|  |TAMS 0x00000000dbc00000, 0x00000000dbc00000| Untracked 
| 445|0x00000000dbd00000, 0x00000000dbd00000, 0x00000000dbe00000|  0%| F|  |TAMS 0x00000000dbd00000, 0x00000000dbd00000| Untracked 
| 446|0x00000000dbe00000, 0x00000000dbe00000, 0x00000000dbf00000|  0%| F|  |TAMS 0x00000000dbe00000, 0x00000000dbe00000| Untracked 
| 447|0x00000000dbf00000, 0x00000000dbf00000, 0x00000000dc000000|  0%| F|  |TAMS 0x00000000dbf00000, 0x00000000dbf00000| Untracked 
| 448|0x00000000dc000000, 0x00000000dc000000, 0x00000000dc100000|  0%| F|  |TAMS 0x00000000dc000000, 0x00000000dc000000| Untracked 
| 449|0x00000000dc100000, 0x00000000dc100000, 0x00000000dc200000|  0%| F|  |TAMS 0x00000000dc100000, 0x00000000dc100000| Untracked 
| 450|0x00000000dc200000, 0x00000000dc200000, 0x00000000dc300000|  0%| F|  |TAMS 0x00000000dc200000, 0x00000000dc200000| Untracked 
| 451|0x00000000dc300000, 0x00000000dc300000, 0x00000000dc400000|  0%| F|  |TAMS 0x00000000dc300000, 0x00000000dc300000| Untracked 
| 452|0x00000000dc400000, 0x00000000dc400000, 0x00000000dc500000|  0%| F|  |TAMS 0x00000000dc400000, 0x00000000dc400000| Untracked 
| 453|0x00000000dc500000, 0x00000000dc500000, 0x00000000dc600000|  0%| F|  |TAMS 0x00000000dc500000, 0x00000000dc500000| Untracked 
| 454|0x00000000dc600000, 0x00000000dc600000, 0x00000000dc700000|  0%| F|  |TAMS 0x00000000dc600000, 0x00000000dc600000| Untracked 
| 455|0x00000000dc700000, 0x00000000dc700000, 0x00000000dc800000|  0%| F|  |TAMS 0x00000000dc700000, 0x00000000dc700000| Untracked 
| 456|0x00000000dc800000, 0x00000000dc800000, 0x00000000dc900000|  0%| F|  |TAMS 0x00000000dc800000, 0x00000000dc800000| Untracked 
| 457|0x00000000dc900000, 0x00000000dc900000, 0x00000000dca00000|  0%| F|  |TAMS 0x00000000dc900000, 0x00000000dc900000| Untracked 
| 458|0x00000000dca00000, 0x00000000dca00000, 0x00000000dcb00000|  0%| F|  |TAMS 0x00000000dca00000, 0x00000000dca00000| Untracked 
| 459|0x00000000dcb00000, 0x00000000dcb00000, 0x00000000dcc00000|  0%| F|  |TAMS 0x00000000dcb00000, 0x00000000dcb00000| Untracked 
| 460|0x00000000dcc00000, 0x00000000dcc00000, 0x00000000dcd00000|  0%| F|  |TAMS 0x00000000dcc00000, 0x00000000dcc00000| Untracked 
| 461|0x00000000dcd00000, 0x00000000dcd00000, 0x00000000dce00000|  0%| F|  |TAMS 0x00000000dcd00000, 0x00000000dcd00000| Untracked 
| 462|0x00000000dce00000, 0x00000000dce00000, 0x00000000dcf00000|  0%| F|  |TAMS 0x00000000dce00000, 0x00000000dce00000| Untracked 
| 463|0x00000000dcf00000, 0x00000000dcf00000, 0x00000000dd000000|  0%| F|  |TAMS 0x00000000dcf00000, 0x00000000dcf00000| Untracked 
| 464|0x00000000dd000000, 0x00000000dd000000, 0x00000000dd100000|  0%| F|  |TAMS 0x00000000dd000000, 0x00000000dd000000| Untracked 
| 465|0x00000000dd100000, 0x00000000dd100000, 0x00000000dd200000|  0%| F|  |TAMS 0x00000000dd100000, 0x00000000dd100000| Untracked 
| 466|0x00000000dd200000, 0x00000000dd200000, 0x00000000dd300000|  0%| F|  |TAMS 0x00000000dd200000, 0x00000000dd200000| Untracked 
| 467|0x00000000dd300000, 0x00000000dd300000, 0x00000000dd400000|  0%| F|  |TAMS 0x00000000dd300000, 0x00000000dd300000| Untracked 
| 468|0x00000000dd400000, 0x00000000dd400000, 0x00000000dd500000|  0%| F|  |TAMS 0x00000000dd400000, 0x00000000dd400000| Untracked 
| 469|0x00000000dd500000, 0x00000000dd500000, 0x00000000dd600000|  0%| F|  |TAMS 0x00000000dd500000, 0x00000000dd500000| Untracked 
| 470|0x00000000dd600000, 0x00000000dd600000, 0x00000000dd700000|  0%| F|  |TAMS 0x00000000dd600000, 0x00000000dd600000| Untracked 
| 471|0x00000000dd700000, 0x00000000dd700000, 0x00000000dd800000|  0%| F|  |TAMS 0x00000000dd700000, 0x00000000dd700000| Untracked 
| 472|0x00000000dd800000, 0x00000000dd800000, 0x00000000dd900000|  0%| F|  |TAMS 0x00000000dd800000, 0x00000000dd800000| Untracked 
| 473|0x00000000dd900000, 0x00000000dd900000, 0x00000000dda00000|  0%| F|  |TAMS 0x00000000dd900000, 0x00000000dd900000| Untracked 
| 474|0x00000000dda00000, 0x00000000dda00000, 0x00000000ddb00000|  0%| F|  |TAMS 0x00000000dda00000, 0x00000000dda00000| Untracked 
| 475|0x00000000ddb00000, 0x00000000ddb00000, 0x00000000ddc00000|  0%| F|  |TAMS 0x00000000ddb00000, 0x00000000ddb00000| Untracked 
| 476|0x00000000ddc00000, 0x00000000ddc00000, 0x00000000ddd00000|  0%| F|  |TAMS 0x00000000ddc00000, 0x00000000ddc00000| Untracked 
| 477|0x00000000ddd00000, 0x00000000ddd00000, 0x00000000dde00000|  0%| F|  |TAMS 0x00000000ddd00000, 0x00000000ddd00000| Untracked 
| 478|0x00000000dde00000, 0x00000000dde00000, 0x00000000ddf00000|  0%| F|  |TAMS 0x00000000dde00000, 0x00000000dde00000| Untracked 
| 479|0x00000000ddf00000, 0x00000000ddf00000, 0x00000000de000000|  0%| F|  |TAMS 0x00000000ddf00000, 0x00000000ddf00000| Untracked 
| 480|0x00000000de000000, 0x00000000de000000, 0x00000000de100000|  0%| F|  |TAMS 0x00000000de000000, 0x00000000de000000| Untracked 
| 481|0x00000000de100000, 0x00000000de100000, 0x00000000de200000|  0%| F|  |TAMS 0x00000000de100000, 0x00000000de100000| Untracked 
| 482|0x00000000de200000, 0x00000000de200000, 0x00000000de300000|  0%| F|  |TAMS 0x00000000de200000, 0x00000000de200000| Untracked 
| 483|0x00000000de300000, 0x00000000de300000, 0x00000000de400000|  0%| F|  |TAMS 0x00000000de300000, 0x00000000de300000| Untracked 
| 484|0x00000000de400000, 0x00000000de400000, 0x00000000de500000|  0%| F|  |TAMS 0x00000000de400000, 0x00000000de400000| Untracked 
| 485|0x00000000de500000, 0x00000000de500000, 0x00000000de600000|  0%| F|  |TAMS 0x00000000de500000, 0x00000000de500000| Untracked 
| 486|0x00000000de600000, 0x00000000de600000, 0x00000000de700000|  0%| F|  |TAMS 0x00000000de600000, 0x00000000de600000| Untracked 
| 487|0x00000000de700000, 0x00000000de700000, 0x00000000de800000|  0%| F|  |TAMS 0x00000000de700000, 0x00000000de700000| Untracked 
| 488|0x00000000de800000, 0x00000000de800000, 0x00000000de900000|  0%| F|  |TAMS 0x00000000de800000, 0x00000000de800000| Untracked 
| 489|0x00000000de900000, 0x00000000de900000, 0x00000000dea00000|  0%| F|  |TAMS 0x00000000de900000, 0x00000000de900000| Untracked 
| 490|0x00000000dea00000, 0x00000000dea00000, 0x00000000deb00000|  0%| F|  |TAMS 0x00000000dea00000, 0x00000000dea00000| Untracked 
| 491|0x00000000deb00000, 0x00000000deb00000, 0x00000000dec00000|  0%| F|  |TAMS 0x00000000deb00000, 0x00000000deb00000| Untracked 
| 492|0x00000000dec00000, 0x00000000dec00000, 0x00000000ded00000|  0%| F|  |TAMS 0x00000000dec00000, 0x00000000dec00000| Untracked 
| 493|0x00000000ded00000, 0x00000000ded00000, 0x00000000dee00000|  0%| F|  |TAMS 0x00000000ded00000, 0x00000000ded00000| Untracked 
| 494|0x00000000dee00000, 0x00000000dee00000, 0x00000000def00000|  0%| F|  |TAMS 0x00000000dee00000, 0x00000000dee00000| Untracked 
| 495|0x00000000def00000, 0x00000000def00000, 0x00000000df000000|  0%| F|  |TAMS 0x00000000def00000, 0x00000000def00000| Untracked 
| 496|0x00000000df000000, 0x00000000df100000, 0x00000000df100000|100%| O|  |TAMS 0x00000000df100000, 0x00000000df000000| Untracked 
| 497|0x00000000df100000, 0x00000000df200000, 0x00000000df200000|100%| O|  |TAMS 0x00000000df200000, 0x00000000df100000| Untracked 
| 498|0x00000000df200000, 0x00000000df200000, 0x00000000df300000|  0%| F|  |TAMS 0x00000000df200000, 0x00000000df200000| Untracked 
| 499|0x00000000df300000, 0x00000000df300000, 0x00000000df400000|  0%| F|  |TAMS 0x00000000df300000, 0x00000000df300000| Untracked 
| 500|0x00000000df400000, 0x00000000df400000, 0x00000000df500000|  0%| F|  |TAMS 0x00000000df400000, 0x00000000df400000| Untracked 
| 501|0x00000000df500000, 0x00000000df500000, 0x00000000df600000|  0%| F|  |TAMS 0x00000000df500000, 0x00000000df500000| Untracked 
| 502|0x00000000df600000, 0x00000000df600000, 0x00000000df700000|  0%| F|  |TAMS 0x00000000df600000, 0x00000000df600000| Untracked 
| 503|0x00000000df700000, 0x00000000df700000, 0x00000000df800000|  0%| F|  |TAMS 0x00000000df700000, 0x00000000df700000| Untracked 
| 504|0x00000000df800000, 0x00000000df800000, 0x00000000df900000|  0%| F|  |TAMS 0x00000000df800000, 0x00000000df800000| Untracked 
| 505|0x00000000df900000, 0x00000000df900000, 0x00000000dfa00000|  0%| F|  |TAMS 0x00000000df900000, 0x00000000df900000| Untracked 
| 506|0x00000000dfa00000, 0x00000000dfa00000, 0x00000000dfb00000|  0%| F|  |TAMS 0x00000000dfa00000, 0x00000000dfa00000| Untracked 
| 507|0x00000000dfb00000, 0x00000000dfb00000, 0x00000000dfc00000|  0%| F|  |TAMS 0x00000000dfb00000, 0x00000000dfb00000| Untracked 
| 508|0x00000000dfc00000, 0x00000000dfc00000, 0x00000000dfd00000|  0%| F|  |TAMS 0x00000000dfc00000, 0x00000000dfc00000| Untracked 
| 509|0x00000000dfd00000, 0x00000000dfd00000, 0x00000000dfe00000|  0%| F|  |TAMS 0x00000000dfd00000, 0x00000000dfd00000| Untracked 
| 510|0x00000000dfe00000, 0x00000000dfe00000, 0x00000000dff00000|  0%| F|  |TAMS 0x00000000dfe00000, 0x00000000dfe00000| Untracked 
| 511|0x00000000dff00000, 0x00000000dff00000, 0x00000000e0000000|  0%| F|  |TAMS 0x00000000dff00000, 0x00000000dff00000| Untracked 
| 512|0x00000000e0000000, 0x00000000e0000000, 0x00000000e0100000|  0%| F|  |TAMS 0x00000000e0000000, 0x00000000e0000000| Untracked 
| 513|0x00000000e0100000, 0x00000000e0100000, 0x00000000e0200000|  0%| F|  |TAMS 0x00000000e0100000, 0x00000000e0100000| Untracked 
| 514|0x00000000e0200000, 0x00000000e0200000, 0x00000000e0300000|  0%| F|  |TAMS 0x00000000e0200000, 0x00000000e0200000| Untracked 
| 515|0x00000000e0300000, 0x00000000e0300000, 0x00000000e0400000|  0%| F|  |TAMS 0x00000000e0300000, 0x00000000e0300000| Untracked 
| 516|0x00000000e0400000, 0x00000000e0400000, 0x00000000e0500000|  0%| F|  |TAMS 0x00000000e0400000, 0x00000000e0400000| Untracked 
| 517|0x00000000e0500000, 0x00000000e0500000, 0x00000000e0600000|  0%| F|  |TAMS 0x00000000e0500000, 0x00000000e0500000| Untracked 
| 518|0x00000000e0600000, 0x00000000e0600000, 0x00000000e0700000|  0%| F|  |TAMS 0x00000000e0600000, 0x00000000e0600000| Untracked 
| 519|0x00000000e0700000, 0x00000000e0700000, 0x00000000e0800000|  0%| F|  |TAMS 0x00000000e0700000, 0x00000000e0700000| Untracked 
| 520|0x00000000e0800000, 0x00000000e0800000, 0x00000000e0900000|  0%| F|  |TAMS 0x00000000e0800000, 0x00000000e0800000| Untracked 
| 521|0x00000000e0900000, 0x00000000e0900000, 0x00000000e0a00000|  0%| F|  |TAMS 0x00000000e0900000, 0x00000000e0900000| Untracked 
| 522|0x00000000e0a00000, 0x00000000e0a00000, 0x00000000e0b00000|  0%| F|  |TAMS 0x00000000e0a00000, 0x00000000e0a00000| Untracked 
| 523|0x00000000e0b00000, 0x00000000e0b00000, 0x00000000e0c00000|  0%| F|  |TAMS 0x00000000e0b00000, 0x00000000e0b00000| Untracked 
| 524|0x00000000e0c00000, 0x00000000e0c00000, 0x00000000e0d00000|  0%| F|  |TAMS 0x00000000e0c00000, 0x00000000e0c00000| Untracked 
| 525|0x00000000e0d00000, 0x00000000e0d00000, 0x00000000e0e00000|  0%| F|  |TAMS 0x00000000e0d00000, 0x00000000e0d00000| Untracked 
| 526|0x00000000e0e00000, 0x00000000e0e00000, 0x00000000e0f00000|  0%| F|  |TAMS 0x00000000e0e00000, 0x00000000e0e00000| Untracked 
| 527|0x00000000e0f00000, 0x00000000e1000000, 0x00000000e1000000|100%| E|CS|TAMS 0x00000000e0f00000, 0x00000000e0f00000| Complete 
| 528|0x00000000e1000000, 0x00000000e1100000, 0x00000000e1100000|100%| E|CS|TAMS 0x00000000e1000000, 0x00000000e1000000| Complete 
| 529|0x00000000e1100000, 0x00000000e1200000, 0x00000000e1200000|100%| E|CS|TAMS 0x00000000e1100000, 0x00000000e1100000| Complete 
| 530|0x00000000e1200000, 0x00000000e1300000, 0x00000000e1300000|100%| E|CS|TAMS 0x00000000e1200000, 0x00000000e1200000| Complete 
| 531|0x00000000e1300000, 0x00000000e1400000, 0x00000000e1400000|100%| E|CS|TAMS 0x00000000e1300000, 0x00000000e1300000| Complete 
| 532|0x00000000e1400000, 0x00000000e1500000, 0x00000000e1500000|100%| E|CS|TAMS 0x00000000e1400000, 0x00000000e1400000| Complete 
| 533|0x00000000e1500000, 0x00000000e1600000, 0x00000000e1600000|100%| E|CS|TAMS 0x00000000e1500000, 0x00000000e1500000| Complete 
| 534|0x00000000e1600000, 0x00000000e1700000, 0x00000000e1700000|100%| E|CS|TAMS 0x00000000e1600000, 0x00000000e1600000| Complete 
| 535|0x00000000e1700000, 0x00000000e1800000, 0x00000000e1800000|100%| E|CS|TAMS 0x00000000e1700000, 0x00000000e1700000| Complete 
| 536|0x00000000e1800000, 0x00000000e1900000, 0x00000000e1900000|100%| E|CS|TAMS 0x00000000e1800000, 0x00000000e1800000| Complete 
| 537|0x00000000e1900000, 0x00000000e1a00000, 0x00000000e1a00000|100%| E|CS|TAMS 0x00000000e1900000, 0x00000000e1900000| Complete 
| 538|0x00000000e1a00000, 0x00000000e1b00000, 0x00000000e1b00000|100%| E|CS|TAMS 0x00000000e1a00000, 0x00000000e1a00000| Complete 
| 539|0x00000000e1b00000, 0x00000000e1c00000, 0x00000000e1c00000|100%| E|CS|TAMS 0x00000000e1b00000, 0x00000000e1b00000| Complete 
| 540|0x00000000e1c00000, 0x00000000e1d00000, 0x00000000e1d00000|100%| E|CS|TAMS 0x00000000e1c00000, 0x00000000e1c00000| Complete 
| 541|0x00000000e1d00000, 0x00000000e1e00000, 0x00000000e1e00000|100%| E|CS|TAMS 0x00000000e1d00000, 0x00000000e1d00000| Complete 
| 542|0x00000000e1e00000, 0x00000000e1f00000, 0x00000000e1f00000|100%| E|CS|TAMS 0x00000000e1e00000, 0x00000000e1e00000| Complete 
| 543|0x00000000e1f00000, 0x00000000e2000000, 0x00000000e2000000|100%| E|CS|TAMS 0x00000000e1f00000, 0x00000000e1f00000| Complete 
| 544|0x00000000e2000000, 0x00000000e2100000, 0x00000000e2100000|100%| E|CS|TAMS 0x00000000e2000000, 0x00000000e2000000| Complete 
| 545|0x00000000e2100000, 0x00000000e2200000, 0x00000000e2200000|100%| E|CS|TAMS 0x00000000e2100000, 0x00000000e2100000| Complete 
| 546|0x00000000e2200000, 0x00000000e2300000, 0x00000000e2300000|100%| E|CS|TAMS 0x00000000e2200000, 0x00000000e2200000| Complete 
| 547|0x00000000e2300000, 0x00000000e2400000, 0x00000000e2400000|100%| E|CS|TAMS 0x00000000e2300000, 0x00000000e2300000| Complete 
| 548|0x00000000e2400000, 0x00000000e2500000, 0x00000000e2500000|100%| E|CS|TAMS 0x00000000e2400000, 0x00000000e2400000| Complete 
| 549|0x00000000e2500000, 0x00000000e2600000, 0x00000000e2600000|100%| E|CS|TAMS 0x00000000e2500000, 0x00000000e2500000| Complete 
| 550|0x00000000e2600000, 0x00000000e2700000, 0x00000000e2700000|100%| E|CS|TAMS 0x00000000e2600000, 0x00000000e2600000| Complete 
| 551|0x00000000e2700000, 0x00000000e2800000, 0x00000000e2800000|100%| E|CS|TAMS 0x00000000e2700000, 0x00000000e2700000| Complete 
| 552|0x00000000e2800000, 0x00000000e2900000, 0x00000000e2900000|100%| E|CS|TAMS 0x00000000e2800000, 0x00000000e2800000| Complete 
| 553|0x00000000e2900000, 0x00000000e2a00000, 0x00000000e2a00000|100%| E|CS|TAMS 0x00000000e2900000, 0x00000000e2900000| Complete 
| 554|0x00000000e2a00000, 0x00000000e2b00000, 0x00000000e2b00000|100%| E|CS|TAMS 0x00000000e2a00000, 0x00000000e2a00000| Complete 
| 555|0x00000000e2b00000, 0x00000000e2c00000, 0x00000000e2c00000|100%| E|CS|TAMS 0x00000000e2b00000, 0x00000000e2b00000| Complete 
| 556|0x00000000e2c00000, 0x00000000e2d00000, 0x00000000e2d00000|100%| E|CS|TAMS 0x00000000e2c00000, 0x00000000e2c00000| Complete 
| 557|0x00000000e2d00000, 0x00000000e2e00000, 0x00000000e2e00000|100%| E|CS|TAMS 0x00000000e2d00000, 0x00000000e2d00000| Complete 
| 558|0x00000000e2e00000, 0x00000000e2f00000, 0x00000000e2f00000|100%| E|CS|TAMS 0x00000000e2e00000, 0x00000000e2e00000| Complete 
| 559|0x00000000e2f00000, 0x00000000e3000000, 0x00000000e3000000|100%| E|CS|TAMS 0x00000000e2f00000, 0x00000000e2f00000| Complete 
| 560|0x00000000e3000000, 0x00000000e3100000, 0x00000000e3100000|100%| E|CS|TAMS 0x00000000e3000000, 0x00000000e3000000| Complete 
| 561|0x00000000e3100000, 0x00000000e3200000, 0x00000000e3200000|100%| E|CS|TAMS 0x00000000e3100000, 0x00000000e3100000| Complete 
| 562|0x00000000e3200000, 0x00000000e3300000, 0x00000000e3300000|100%| E|CS|TAMS 0x00000000e3200000, 0x00000000e3200000| Complete 
| 563|0x00000000e3300000, 0x00000000e3400000, 0x00000000e3400000|100%| E|CS|TAMS 0x00000000e3300000, 0x00000000e3300000| Complete 
| 564|0x00000000e3400000, 0x00000000e3500000, 0x00000000e3500000|100%| E|CS|TAMS 0x00000000e3400000, 0x00000000e3400000| Complete 
| 565|0x00000000e3500000, 0x00000000e3600000, 0x00000000e3600000|100%| E|CS|TAMS 0x00000000e3500000, 0x00000000e3500000| Complete 
| 566|0x00000000e3600000, 0x00000000e3700000, 0x00000000e3700000|100%| E|CS|TAMS 0x00000000e3600000, 0x00000000e3600000| Complete 
| 567|0x00000000e3700000, 0x00000000e3800000, 0x00000000e3800000|100%| E|CS|TAMS 0x00000000e3700000, 0x00000000e3700000| Complete 
| 568|0x00000000e3800000, 0x00000000e3900000, 0x00000000e3900000|100%| E|CS|TAMS 0x00000000e3800000, 0x00000000e3800000| Complete 
| 569|0x00000000e3900000, 0x00000000e3a00000, 0x00000000e3a00000|100%| E|  |TAMS 0x00000000e3900000, 0x00000000e3900000| Complete 
| 570|0x00000000e3a00000, 0x00000000e3b00000, 0x00000000e3b00000|100%| E|CS|TAMS 0x00000000e3a00000, 0x00000000e3a00000| Complete 
| 571|0x00000000e3b00000, 0x00000000e3c00000, 0x00000000e3c00000|100%| E|CS|TAMS 0x00000000e3b00000, 0x00000000e3b00000| Complete 
| 572|0x00000000e3c00000, 0x00000000e3d00000, 0x00000000e3d00000|100%| E|CS|TAMS 0x00000000e3c00000, 0x00000000e3c00000| Complete 
| 573|0x00000000e3d00000, 0x00000000e3e00000, 0x00000000e3e00000|100%| E|CS|TAMS 0x00000000e3d00000, 0x00000000e3d00000| Complete 
| 574|0x00000000e3e00000, 0x00000000e3f00000, 0x00000000e3f00000|100%| E|CS|TAMS 0x00000000e3e00000, 0x00000000e3e00000| Complete 
| 575|0x00000000e3f00000, 0x00000000e4000000, 0x00000000e4000000|100%| E|CS|TAMS 0x00000000e3f00000, 0x00000000e3f00000| Complete 
| 576|0x00000000e4000000, 0x00000000e4100000, 0x00000000e4100000|100%| E|CS|TAMS 0x00000000e4000000, 0x00000000e4000000| Complete 
| 577|0x00000000e4100000, 0x00000000e4200000, 0x00000000e4200000|100%| E|CS|TAMS 0x00000000e4100000, 0x00000000e4100000| Complete 
| 578|0x00000000e4200000, 0x00000000e4300000, 0x00000000e4300000|100%| E|CS|TAMS 0x00000000e4200000, 0x00000000e4200000| Complete 
| 579|0x00000000e4300000, 0x00000000e4400000, 0x00000000e4400000|100%| E|CS|TAMS 0x00000000e4300000, 0x00000000e4300000| Complete 
| 580|0x00000000e4400000, 0x00000000e4500000, 0x00000000e4500000|100%| E|CS|TAMS 0x00000000e4400000, 0x00000000e4400000| Complete 
| 581|0x00000000e4500000, 0x00000000e4600000, 0x00000000e4600000|100%| E|CS|TAMS 0x00000000e4500000, 0x00000000e4500000| Complete 
| 582|0x00000000e4600000, 0x00000000e4700000, 0x00000000e4700000|100%| E|CS|TAMS 0x00000000e4600000, 0x00000000e4600000| Complete 
| 583|0x00000000e4700000, 0x00000000e4800000, 0x00000000e4800000|100%| E|CS|TAMS 0x00000000e4700000, 0x00000000e4700000| Complete 
| 584|0x00000000e4800000, 0x00000000e4900000, 0x00000000e4900000|100%| E|CS|TAMS 0x00000000e4800000, 0x00000000e4800000| Complete 
| 585|0x00000000e4900000, 0x00000000e4a00000, 0x00000000e4a00000|100%| E|CS|TAMS 0x00000000e4900000, 0x00000000e4900000| Complete 
| 586|0x00000000e4a00000, 0x00000000e4b00000, 0x00000000e4b00000|100%| E|CS|TAMS 0x00000000e4a00000, 0x00000000e4a00000| Complete 
| 587|0x00000000e4b00000, 0x00000000e4c00000, 0x00000000e4c00000|100%| E|CS|TAMS 0x00000000e4b00000, 0x00000000e4b00000| Complete 
| 588|0x00000000e4c00000, 0x00000000e4d00000, 0x00000000e4d00000|100%| E|CS|TAMS 0x00000000e4c00000, 0x00000000e4c00000| Complete 
| 589|0x00000000e4d00000, 0x00000000e4e00000, 0x00000000e4e00000|100%| E|CS|TAMS 0x00000000e4d00000, 0x00000000e4d00000| Complete 
| 590|0x00000000e4e00000, 0x00000000e4f00000, 0x00000000e4f00000|100%| E|CS|TAMS 0x00000000e4e00000, 0x00000000e4e00000| Complete 
| 591|0x00000000e4f00000, 0x00000000e5000000, 0x00000000e5000000|100%| E|CS|TAMS 0x00000000e4f00000, 0x00000000e4f00000| Complete 
| 592|0x00000000e5000000, 0x00000000e5100000, 0x00000000e5100000|100%| E|CS|TAMS 0x00000000e5000000, 0x00000000e5000000| Complete 
| 593|0x00000000e5100000, 0x00000000e5200000, 0x00000000e5200000|100%| E|CS|TAMS 0x00000000e5100000, 0x00000000e5100000| Complete 
| 594|0x00000000e5200000, 0x00000000e5300000, 0x00000000e5300000|100%| E|CS|TAMS 0x00000000e5200000, 0x00000000e5200000| Complete 
| 595|0x00000000e5300000, 0x00000000e5400000, 0x00000000e5400000|100%| E|CS|TAMS 0x00000000e5300000, 0x00000000e5300000| Complete 
| 596|0x00000000e5400000, 0x00000000e5500000, 0x00000000e5500000|100%| E|CS|TAMS 0x00000000e5400000, 0x00000000e5400000| Complete 
| 597|0x00000000e5500000, 0x00000000e5600000, 0x00000000e5600000|100%| E|CS|TAMS 0x00000000e5500000, 0x00000000e5500000| Complete 
| 598|0x00000000e5600000, 0x00000000e5700000, 0x00000000e5700000|100%| E|CS|TAMS 0x00000000e5600000, 0x00000000e5600000| Complete 
| 599|0x00000000e5700000, 0x00000000e5800000, 0x00000000e5800000|100%| E|CS|TAMS 0x00000000e5700000, 0x00000000e5700000| Complete 
| 600|0x00000000e5800000, 0x00000000e5900000, 0x00000000e5900000|100%| E|CS|TAMS 0x00000000e5800000, 0x00000000e5800000| Complete 
| 601|0x00000000e5900000, 0x00000000e5a00000, 0x00000000e5a00000|100%| E|CS|TAMS 0x00000000e5900000, 0x00000000e5900000| Complete 
| 602|0x00000000e5a00000, 0x00000000e5b00000, 0x00000000e5b00000|100%| E|CS|TAMS 0x00000000e5a00000, 0x00000000e5a00000| Complete 
| 603|0x00000000e5b00000, 0x00000000e5c00000, 0x00000000e5c00000|100%| E|CS|TAMS 0x00000000e5b00000, 0x00000000e5b00000| Complete 
| 604|0x00000000e5c00000, 0x00000000e5d00000, 0x00000000e5d00000|100%| E|CS|TAMS 0x00000000e5c00000, 0x00000000e5c00000| Complete 
| 605|0x00000000e5d00000, 0x00000000e5e00000, 0x00000000e5e00000|100%| E|CS|TAMS 0x00000000e5d00000, 0x00000000e5d00000| Complete 
| 606|0x00000000e5e00000, 0x00000000e5f00000, 0x00000000e5f00000|100%| E|CS|TAMS 0x00000000e5e00000, 0x00000000e5e00000| Complete 
| 607|0x00000000e5f00000, 0x00000000e6000000, 0x00000000e6000000|100%| E|CS|TAMS 0x00000000e5f00000, 0x00000000e5f00000| Complete 
| 608|0x00000000e6000000, 0x00000000e6100000, 0x00000000e6100000|100%| E|CS|TAMS 0x00000000e6000000, 0x00000000e6000000| Complete 
| 609|0x00000000e6100000, 0x00000000e6200000, 0x00000000e6200000|100%| E|CS|TAMS 0x00000000e6100000, 0x00000000e6100000| Complete 
| 610|0x00000000e6200000, 0x00000000e6300000, 0x00000000e6300000|100%| E|CS|TAMS 0x00000000e6200000, 0x00000000e6200000| Complete 
| 611|0x00000000e6300000, 0x00000000e6400000, 0x00000000e6400000|100%| E|CS|TAMS 0x00000000e6300000, 0x00000000e6300000| Complete 
| 612|0x00000000e6400000, 0x00000000e6500000, 0x00000000e6500000|100%| E|CS|TAMS 0x00000000e6400000, 0x00000000e6400000| Complete 
| 613|0x00000000e6500000, 0x00000000e6600000, 0x00000000e6600000|100%| E|CS|TAMS 0x00000000e6500000, 0x00000000e6500000| Complete 
| 614|0x00000000e6600000, 0x00000000e6700000, 0x00000000e6700000|100%| E|CS|TAMS 0x00000000e6600000, 0x00000000e6600000| Complete 
| 615|0x00000000e6700000, 0x00000000e6800000, 0x00000000e6800000|100%| E|CS|TAMS 0x00000000e6700000, 0x00000000e6700000| Complete 
| 616|0x00000000e6800000, 0x00000000e6900000, 0x00000000e6900000|100%| E|CS|TAMS 0x00000000e6800000, 0x00000000e6800000| Complete 
| 617|0x00000000e6900000, 0x00000000e6a00000, 0x00000000e6a00000|100%| E|CS|TAMS 0x00000000e6900000, 0x00000000e6900000| Complete 
| 618|0x00000000e6a00000, 0x00000000e6b00000, 0x00000000e6b00000|100%| E|CS|TAMS 0x00000000e6a00000, 0x00000000e6a00000| Complete 
| 619|0x00000000e6b00000, 0x00000000e6c00000, 0x00000000e6c00000|100%| E|CS|TAMS 0x00000000e6b00000, 0x00000000e6b00000| Complete 
| 620|0x00000000e6c00000, 0x00000000e6d00000, 0x00000000e6d00000|100%| E|CS|TAMS 0x00000000e6c00000, 0x00000000e6c00000| Complete 
| 621|0x00000000e6d00000, 0x00000000e6e00000, 0x00000000e6e00000|100%| E|CS|TAMS 0x00000000e6d00000, 0x00000000e6d00000| Complete 
| 622|0x00000000e6e00000, 0x00000000e6f00000, 0x00000000e6f00000|100%| E|CS|TAMS 0x00000000e6e00000, 0x00000000e6e00000| Complete 
| 623|0x00000000e6f00000, 0x00000000e7000000, 0x00000000e7000000|100%| E|CS|TAMS 0x00000000e6f00000, 0x00000000e6f00000| Complete 
| 624|0x00000000e7000000, 0x00000000e7100000, 0x00000000e7100000|100%| E|CS|TAMS 0x00000000e7000000, 0x00000000e7000000| Complete 
| 625|0x00000000e7100000, 0x00000000e7200000, 0x00000000e7200000|100%| E|CS|TAMS 0x00000000e7100000, 0x00000000e7100000| Complete 
| 626|0x00000000e7200000, 0x00000000e7300000, 0x00000000e7300000|100%| E|CS|TAMS 0x00000000e7200000, 0x00000000e7200000| Complete 
| 627|0x00000000e7300000, 0x00000000e7400000, 0x00000000e7400000|100%| E|CS|TAMS 0x00000000e7300000, 0x00000000e7300000| Complete 
| 628|0x00000000e7400000, 0x00000000e7500000, 0x00000000e7500000|100%| E|CS|TAMS 0x00000000e7400000, 0x00000000e7400000| Complete 
| 629|0x00000000e7500000, 0x00000000e7600000, 0x00000000e7600000|100%| E|CS|TAMS 0x00000000e7500000, 0x00000000e7500000| Complete 
| 630|0x00000000e7600000, 0x00000000e7700000, 0x00000000e7700000|100%| E|CS|TAMS 0x00000000e7600000, 0x00000000e7600000| Complete 
| 631|0x00000000e7700000, 0x00000000e7800000, 0x00000000e7800000|100%| E|CS|TAMS 0x00000000e7700000, 0x00000000e7700000| Complete 
| 632|0x00000000e7800000, 0x00000000e7900000, 0x00000000e7900000|100%| E|CS|TAMS 0x00000000e7800000, 0x00000000e7800000| Complete 
| 633|0x00000000e7900000, 0x00000000e7a00000, 0x00000000e7a00000|100%| E|CS|TAMS 0x00000000e7900000, 0x00000000e7900000| Complete 
| 634|0x00000000e7a00000, 0x00000000e7b00000, 0x00000000e7b00000|100%| E|CS|TAMS 0x00000000e7a00000, 0x00000000e7a00000| Complete 
| 635|0x00000000e7b00000, 0x00000000e7c00000, 0x00000000e7c00000|100%| E|CS|TAMS 0x00000000e7b00000, 0x00000000e7b00000| Complete 
| 636|0x00000000e7c00000, 0x00000000e7d00000, 0x00000000e7d00000|100%| E|CS|TAMS 0x00000000e7c00000, 0x00000000e7c00000| Complete 
| 637|0x00000000e7d00000, 0x00000000e7e00000, 0x00000000e7e00000|100%| E|CS|TAMS 0x00000000e7d00000, 0x00000000e7d00000| Complete 
| 638|0x00000000e7e00000, 0x00000000e7f00000, 0x00000000e7f00000|100%| E|CS|TAMS 0x00000000e7e00000, 0x00000000e7e00000| Complete 
| 639|0x00000000e7f00000, 0x00000000e8000000, 0x00000000e8000000|100%| E|CS|TAMS 0x00000000e7f00000, 0x00000000e7f00000| Complete 
| 640|0x00000000e8000000, 0x00000000e8100000, 0x00000000e8100000|100%| E|CS|TAMS 0x00000000e8000000, 0x00000000e8000000| Complete 
| 641|0x00000000e8100000, 0x00000000e8200000, 0x00000000e8200000|100%| E|CS|TAMS 0x00000000e8100000, 0x00000000e8100000| Complete 
| 642|0x00000000e8200000, 0x00000000e8300000, 0x00000000e8300000|100%| E|CS|TAMS 0x00000000e8200000, 0x00000000e8200000| Complete 
| 643|0x00000000e8300000, 0x00000000e8400000, 0x00000000e8400000|100%| E|CS|TAMS 0x00000000e8300000, 0x00000000e8300000| Complete 
| 644|0x00000000e8400000, 0x00000000e8500000, 0x00000000e8500000|100%| E|CS|TAMS 0x00000000e8400000, 0x00000000e8400000| Complete 
| 645|0x00000000e8500000, 0x00000000e8600000, 0x00000000e8600000|100%| E|CS|TAMS 0x00000000e8500000, 0x00000000e8500000| Complete 
| 646|0x00000000e8600000, 0x00000000e8700000, 0x00000000e8700000|100%| E|CS|TAMS 0x00000000e8600000, 0x00000000e8600000| Complete 
| 647|0x00000000e8700000, 0x00000000e8800000, 0x00000000e8800000|100%| E|CS|TAMS 0x00000000e8700000, 0x00000000e8700000| Complete 
| 648|0x00000000e8800000, 0x00000000e8900000, 0x00000000e8900000|100%| E|CS|TAMS 0x00000000e8800000, 0x00000000e8800000| Complete 
| 649|0x00000000e8900000, 0x00000000e8a00000, 0x00000000e8a00000|100%| E|CS|TAMS 0x00000000e8900000, 0x00000000e8900000| Complete 
| 650|0x00000000e8a00000, 0x00000000e8b00000, 0x00000000e8b00000|100%| E|CS|TAMS 0x00000000e8a00000, 0x00000000e8a00000| Complete 
| 651|0x00000000e8b00000, 0x00000000e8c00000, 0x00000000e8c00000|100%| E|CS|TAMS 0x00000000e8b00000, 0x00000000e8b00000| Complete 
| 652|0x00000000e8c00000, 0x00000000e8d00000, 0x00000000e8d00000|100%| E|CS|TAMS 0x00000000e8c00000, 0x00000000e8c00000| Complete 
| 653|0x00000000e8d00000, 0x00000000e8e00000, 0x00000000e8e00000|100%| E|CS|TAMS 0x00000000e8d00000, 0x00000000e8d00000| Complete 
| 654|0x00000000e8e00000, 0x00000000e8f00000, 0x00000000e8f00000|100%| E|CS|TAMS 0x00000000e8e00000, 0x00000000e8e00000| Complete 
| 655|0x00000000e8f00000, 0x00000000e9000000, 0x00000000e9000000|100%| E|CS|TAMS 0x00000000e8f00000, 0x00000000e8f00000| Complete 
| 656|0x00000000e9000000, 0x00000000e9100000, 0x00000000e9100000|100%| E|CS|TAMS 0x00000000e9000000, 0x00000000e9000000| Complete 
| 657|0x00000000e9100000, 0x00000000e9200000, 0x00000000e9200000|100%| E|CS|TAMS 0x00000000e9100000, 0x00000000e9100000| Complete 
| 658|0x00000000e9200000, 0x00000000e9300000, 0x00000000e9300000|100%| E|CS|TAMS 0x00000000e9200000, 0x00000000e9200000| Complete 
| 659|0x00000000e9300000, 0x00000000e9400000, 0x00000000e9400000|100%| E|CS|TAMS 0x00000000e9300000, 0x00000000e9300000| Complete 
| 660|0x00000000e9400000, 0x00000000e9500000, 0x00000000e9500000|100%| E|CS|TAMS 0x00000000e9400000, 0x00000000e9400000| Complete 
| 661|0x00000000e9500000, 0x00000000e9600000, 0x00000000e9600000|100%| E|CS|TAMS 0x00000000e9500000, 0x00000000e9500000| Complete 
| 662|0x00000000e9600000, 0x00000000e9700000, 0x00000000e9700000|100%| E|CS|TAMS 0x00000000e9600000, 0x00000000e9600000| Complete 
| 663|0x00000000e9700000, 0x00000000e9800000, 0x00000000e9800000|100%| E|CS|TAMS 0x00000000e9700000, 0x00000000e9700000| Complete 
| 664|0x00000000e9800000, 0x00000000e9900000, 0x00000000e9900000|100%| E|CS|TAMS 0x00000000e9800000, 0x00000000e9800000| Complete 
| 665|0x00000000e9900000, 0x00000000e9a00000, 0x00000000e9a00000|100%| E|CS|TAMS 0x00000000e9900000, 0x00000000e9900000| Complete 
| 666|0x00000000e9a00000, 0x00000000e9b00000, 0x00000000e9b00000|100%| E|CS|TAMS 0x00000000e9a00000, 0x00000000e9a00000| Complete 
| 667|0x00000000e9b00000, 0x00000000e9c00000, 0x00000000e9c00000|100%| E|CS|TAMS 0x00000000e9b00000, 0x00000000e9b00000| Complete 
| 668|0x00000000e9c00000, 0x00000000e9d00000, 0x00000000e9d00000|100%| E|CS|TAMS 0x00000000e9c00000, 0x00000000e9c00000| Complete 
| 669|0x00000000e9d00000, 0x00000000e9e00000, 0x00000000e9e00000|100%| E|CS|TAMS 0x00000000e9d00000, 0x00000000e9d00000| Complete 
| 670|0x00000000e9e00000, 0x00000000e9f00000, 0x00000000e9f00000|100%| E|CS|TAMS 0x00000000e9e00000, 0x00000000e9e00000| Complete 
| 671|0x00000000e9f00000, 0x00000000ea000000, 0x00000000ea000000|100%| E|CS|TAMS 0x00000000e9f00000, 0x00000000e9f00000| Complete 
| 672|0x00000000ea000000, 0x00000000ea100000, 0x00000000ea100000|100%| E|CS|TAMS 0x00000000ea000000, 0x00000000ea000000| Complete 
| 673|0x00000000ea100000, 0x00000000ea200000, 0x00000000ea200000|100%| E|CS|TAMS 0x00000000ea100000, 0x00000000ea100000| Complete 
| 674|0x00000000ea200000, 0x00000000ea300000, 0x00000000ea300000|100%| E|CS|TAMS 0x00000000ea200000, 0x00000000ea200000| Complete 
| 675|0x00000000ea300000, 0x00000000ea400000, 0x00000000ea400000|100%| E|CS|TAMS 0x00000000ea300000, 0x00000000ea300000| Complete 
| 676|0x00000000ea400000, 0x00000000ea500000, 0x00000000ea500000|100%| E|CS|TAMS 0x00000000ea400000, 0x00000000ea400000| Complete 
| 677|0x00000000ea500000, 0x00000000ea600000, 0x00000000ea600000|100%| E|CS|TAMS 0x00000000ea500000, 0x00000000ea500000| Complete 
| 678|0x00000000ea600000, 0x00000000ea700000, 0x00000000ea700000|100%| E|CS|TAMS 0x00000000ea600000, 0x00000000ea600000| Complete 
| 679|0x00000000ea700000, 0x00000000ea800000, 0x00000000ea800000|100%| E|CS|TAMS 0x00000000ea700000, 0x00000000ea700000| Complete 
| 680|0x00000000ea800000, 0x00000000ea900000, 0x00000000ea900000|100%| E|CS|TAMS 0x00000000ea800000, 0x00000000ea800000| Complete 
| 681|0x00000000ea900000, 0x00000000eaa00000, 0x00000000eaa00000|100%| E|CS|TAMS 0x00000000ea900000, 0x00000000ea900000| Complete 
| 682|0x00000000eaa00000, 0x00000000eab00000, 0x00000000eab00000|100%| E|CS|TAMS 0x00000000eaa00000, 0x00000000eaa00000| Complete 
| 683|0x00000000eab00000, 0x00000000eac00000, 0x00000000eac00000|100%| E|CS|TAMS 0x00000000eab00000, 0x00000000eab00000| Complete 
| 684|0x00000000eac00000, 0x00000000ead00000, 0x00000000ead00000|100%| E|CS|TAMS 0x00000000eac00000, 0x00000000eac00000| Complete 
| 685|0x00000000ead00000, 0x00000000eae00000, 0x00000000eae00000|100%| E|CS|TAMS 0x00000000ead00000, 0x00000000ead00000| Complete 
| 686|0x00000000eae00000, 0x00000000eaf00000, 0x00000000eaf00000|100%| E|CS|TAMS 0x00000000eae00000, 0x00000000eae00000| Complete 
| 687|0x00000000eaf00000, 0x00000000eb000000, 0x00000000eb000000|100%| E|CS|TAMS 0x00000000eaf00000, 0x00000000eaf00000| Complete 
| 688|0x00000000eb000000, 0x00000000eb100000, 0x00000000eb100000|100%| E|CS|TAMS 0x00000000eb000000, 0x00000000eb000000| Complete 
| 689|0x00000000eb100000, 0x00000000eb200000, 0x00000000eb200000|100%| E|CS|TAMS 0x00000000eb100000, 0x00000000eb100000| Complete 
| 690|0x00000000eb200000, 0x00000000eb300000, 0x00000000eb300000|100%| E|CS|TAMS 0x00000000eb200000, 0x00000000eb200000| Complete 
| 691|0x00000000eb300000, 0x00000000eb400000, 0x00000000eb400000|100%| E|CS|TAMS 0x00000000eb300000, 0x00000000eb300000| Complete 
| 692|0x00000000eb400000, 0x00000000eb500000, 0x00000000eb500000|100%| E|CS|TAMS 0x00000000eb400000, 0x00000000eb400000| Complete 
| 693|0x00000000eb500000, 0x00000000eb600000, 0x00000000eb600000|100%| E|CS|TAMS 0x00000000eb500000, 0x00000000eb500000| Complete 
| 694|0x00000000eb600000, 0x00000000eb700000, 0x00000000eb700000|100%| E|CS|TAMS 0x00000000eb600000, 0x00000000eb600000| Complete 
| 695|0x00000000eb700000, 0x00000000eb800000, 0x00000000eb800000|100%| E|CS|TAMS 0x00000000eb700000, 0x00000000eb700000| Complete 
| 696|0x00000000eb800000, 0x00000000eb900000, 0x00000000eb900000|100%| E|CS|TAMS 0x00000000eb800000, 0x00000000eb800000| Complete 
| 697|0x00000000eb900000, 0x00000000eba00000, 0x00000000eba00000|100%| E|CS|TAMS 0x00000000eb900000, 0x00000000eb900000| Complete 
| 698|0x00000000eba00000, 0x00000000ebb00000, 0x00000000ebb00000|100%| E|CS|TAMS 0x00000000eba00000, 0x00000000eba00000| Complete 
| 699|0x00000000ebb00000, 0x00000000ebc00000, 0x00000000ebc00000|100%| E|CS|TAMS 0x00000000ebb00000, 0x00000000ebb00000| Complete 
| 700|0x00000000ebc00000, 0x00000000ebd00000, 0x00000000ebd00000|100%| E|CS|TAMS 0x00000000ebc00000, 0x00000000ebc00000| Complete 
| 701|0x00000000ebd00000, 0x00000000ebe00000, 0x00000000ebe00000|100%| E|CS|TAMS 0x00000000ebd00000, 0x00000000ebd00000| Complete 
| 702|0x00000000ebe00000, 0x00000000ebf00000, 0x00000000ebf00000|100%| E|CS|TAMS 0x00000000ebe00000, 0x00000000ebe00000| Complete 
| 703|0x00000000ebf00000, 0x00000000ec000000, 0x00000000ec000000|100%| E|CS|TAMS 0x00000000ebf00000, 0x00000000ebf00000| Complete 
| 704|0x00000000ec000000, 0x00000000ec100000, 0x00000000ec100000|100%| E|CS|TAMS 0x00000000ec000000, 0x00000000ec000000| Complete 
| 705|0x00000000ec100000, 0x00000000ec200000, 0x00000000ec200000|100%| E|CS|TAMS 0x00000000ec100000, 0x00000000ec100000| Complete 
| 706|0x00000000ec200000, 0x00000000ec300000, 0x00000000ec300000|100%| E|CS|TAMS 0x00000000ec200000, 0x00000000ec200000| Complete 
| 707|0x00000000ec300000, 0x00000000ec400000, 0x00000000ec400000|100%| E|CS|TAMS 0x00000000ec300000, 0x00000000ec300000| Complete 
| 708|0x00000000ec400000, 0x00000000ec500000, 0x00000000ec500000|100%| E|CS|TAMS 0x00000000ec400000, 0x00000000ec400000| Complete 
| 709|0x00000000ec500000, 0x00000000ec600000, 0x00000000ec600000|100%| E|CS|TAMS 0x00000000ec500000, 0x00000000ec500000| Complete 
| 710|0x00000000ec600000, 0x00000000ec700000, 0x00000000ec700000|100%| E|CS|TAMS 0x00000000ec600000, 0x00000000ec600000| Complete 
| 711|0x00000000ec700000, 0x00000000ec800000, 0x00000000ec800000|100%| E|CS|TAMS 0x00000000ec700000, 0x00000000ec700000| Complete 
| 712|0x00000000ec800000, 0x00000000ec900000, 0x00000000ec900000|100%| E|CS|TAMS 0x00000000ec800000, 0x00000000ec800000| Complete 
| 713|0x00000000ec900000, 0x00000000eca00000, 0x00000000eca00000|100%| E|CS|TAMS 0x00000000ec900000, 0x00000000ec900000| Complete 
| 714|0x00000000eca00000, 0x00000000ecb00000, 0x00000000ecb00000|100%| E|CS|TAMS 0x00000000eca00000, 0x00000000eca00000| Complete 
| 715|0x00000000ecb00000, 0x00000000ecc00000, 0x00000000ecc00000|100%| E|CS|TAMS 0x00000000ecb00000, 0x00000000ecb00000| Complete 
| 716|0x00000000ecc00000, 0x00000000ecd00000, 0x00000000ecd00000|100%| E|CS|TAMS 0x00000000ecc00000, 0x00000000ecc00000| Complete 
| 717|0x00000000ecd00000, 0x00000000ece00000, 0x00000000ece00000|100%| E|CS|TAMS 0x00000000ecd00000, 0x00000000ecd00000| Complete 
| 718|0x00000000ece00000, 0x00000000ecf00000, 0x00000000ecf00000|100%| E|CS|TAMS 0x00000000ece00000, 0x00000000ece00000| Complete 
| 719|0x00000000ecf00000, 0x00000000ed000000, 0x00000000ed000000|100%| E|CS|TAMS 0x00000000ecf00000, 0x00000000ecf00000| Complete 
| 720|0x00000000ed000000, 0x00000000ed100000, 0x00000000ed100000|100%| E|CS|TAMS 0x00000000ed000000, 0x00000000ed000000| Complete 
| 721|0x00000000ed100000, 0x00000000ed200000, 0x00000000ed200000|100%| E|CS|TAMS 0x00000000ed100000, 0x00000000ed100000| Complete 
| 722|0x00000000ed200000, 0x00000000ed300000, 0x00000000ed300000|100%| E|CS|TAMS 0x00000000ed200000, 0x00000000ed200000| Complete 
| 723|0x00000000ed300000, 0x00000000ed400000, 0x00000000ed400000|100%| E|CS|TAMS 0x00000000ed300000, 0x00000000ed300000| Complete 
| 724|0x00000000ed400000, 0x00000000ed500000, 0x00000000ed500000|100%| E|CS|TAMS 0x00000000ed400000, 0x00000000ed400000| Complete 
| 725|0x00000000ed500000, 0x00000000ed600000, 0x00000000ed600000|100%| E|CS|TAMS 0x00000000ed500000, 0x00000000ed500000| Complete 
| 726|0x00000000ed600000, 0x00000000ed700000, 0x00000000ed700000|100%| E|CS|TAMS 0x00000000ed600000, 0x00000000ed600000| Complete 
| 727|0x00000000ed700000, 0x00000000ed800000, 0x00000000ed800000|100%| E|CS|TAMS 0x00000000ed700000, 0x00000000ed700000| Complete 
| 728|0x00000000ed800000, 0x00000000ed900000, 0x00000000ed900000|100%| E|CS|TAMS 0x00000000ed800000, 0x00000000ed800000| Complete 
| 729|0x00000000ed900000, 0x00000000eda00000, 0x00000000eda00000|100%| E|CS|TAMS 0x00000000ed900000, 0x00000000ed900000| Complete 
| 730|0x00000000eda00000, 0x00000000edb00000, 0x00000000edb00000|100%| E|CS|TAMS 0x00000000eda00000, 0x00000000eda00000| Complete 
| 731|0x00000000edb00000, 0x00000000edc00000, 0x00000000edc00000|100%| E|CS|TAMS 0x00000000edb00000, 0x00000000edb00000| Complete 
| 732|0x00000000edc00000, 0x00000000edd00000, 0x00000000edd00000|100%| E|CS|TAMS 0x00000000edc00000, 0x00000000edc00000| Complete 
| 733|0x00000000edd00000, 0x00000000ede00000, 0x00000000ede00000|100%| E|CS|TAMS 0x00000000edd00000, 0x00000000edd00000| Complete 
| 734|0x00000000ede00000, 0x00000000edf00000, 0x00000000edf00000|100%| E|CS|TAMS 0x00000000ede00000, 0x00000000ede00000| Complete 
| 735|0x00000000edf00000, 0x00000000ee000000, 0x00000000ee000000|100%| E|CS|TAMS 0x00000000edf00000, 0x00000000edf00000| Complete 
| 736|0x00000000ee000000, 0x00000000ee100000, 0x00000000ee100000|100%| E|CS|TAMS 0x00000000ee000000, 0x00000000ee000000| Complete 
| 737|0x00000000ee100000, 0x00000000ee200000, 0x00000000ee200000|100%| E|CS|TAMS 0x00000000ee100000, 0x00000000ee100000| Complete 
| 738|0x00000000ee200000, 0x00000000ee300000, 0x00000000ee300000|100%| E|CS|TAMS 0x00000000ee200000, 0x00000000ee200000| Complete 
| 739|0x00000000ee300000, 0x00000000ee400000, 0x00000000ee400000|100%| E|CS|TAMS 0x00000000ee300000, 0x00000000ee300000| Complete 
| 740|0x00000000ee400000, 0x00000000ee500000, 0x00000000ee500000|100%| E|CS|TAMS 0x00000000ee400000, 0x00000000ee400000| Complete 
| 741|0x00000000ee500000, 0x00000000ee600000, 0x00000000ee600000|100%| E|CS|TAMS 0x00000000ee500000, 0x00000000ee500000| Complete 
| 742|0x00000000ee600000, 0x00000000ee700000, 0x00000000ee700000|100%| E|CS|TAMS 0x00000000ee600000, 0x00000000ee600000| Complete 
| 743|0x00000000ee700000, 0x00000000ee800000, 0x00000000ee800000|100%| E|CS|TAMS 0x00000000ee700000, 0x00000000ee700000| Complete 
| 744|0x00000000ee800000, 0x00000000ee900000, 0x00000000ee900000|100%| E|CS|TAMS 0x00000000ee800000, 0x00000000ee800000| Complete 
| 745|0x00000000ee900000, 0x00000000eea00000, 0x00000000eea00000|100%| E|CS|TAMS 0x00000000ee900000, 0x00000000ee900000| Complete 
| 746|0x00000000eea00000, 0x00000000eeb00000, 0x00000000eeb00000|100%| E|CS|TAMS 0x00000000eea00000, 0x00000000eea00000| Complete 
| 747|0x00000000eeb00000, 0x00000000eec00000, 0x00000000eec00000|100%| E|CS|TAMS 0x00000000eeb00000, 0x00000000eeb00000| Complete 
| 748|0x00000000eec00000, 0x00000000eed00000, 0x00000000eed00000|100%| E|CS|TAMS 0x00000000eec00000, 0x00000000eec00000| Complete 
| 749|0x00000000eed00000, 0x00000000eee00000, 0x00000000eee00000|100%| E|CS|TAMS 0x00000000eed00000, 0x00000000eed00000| Complete 
| 750|0x00000000eee00000, 0x00000000eef00000, 0x00000000eef00000|100%| E|CS|TAMS 0x00000000eee00000, 0x00000000eee00000| Complete 
| 751|0x00000000eef00000, 0x00000000ef000000, 0x00000000ef000000|100%| E|CS|TAMS 0x00000000eef00000, 0x00000000eef00000| Complete 
| 752|0x00000000ef000000, 0x00000000ef100000, 0x00000000ef100000|100%| E|CS|TAMS 0x00000000ef000000, 0x00000000ef000000| Complete 
| 753|0x00000000ef100000, 0x00000000ef200000, 0x00000000ef200000|100%| E|CS|TAMS 0x00000000ef100000, 0x00000000ef100000| Complete 
| 754|0x00000000ef200000, 0x00000000ef300000, 0x00000000ef300000|100%| E|CS|TAMS 0x00000000ef200000, 0x00000000ef200000| Complete 
| 755|0x00000000ef300000, 0x00000000ef400000, 0x00000000ef400000|100%| E|CS|TAMS 0x00000000ef300000, 0x00000000ef300000| Complete 
| 756|0x00000000ef400000, 0x00000000ef500000, 0x00000000ef500000|100%| E|CS|TAMS 0x00000000ef400000, 0x00000000ef400000| Complete 
| 757|0x00000000ef500000, 0x00000000ef600000, 0x00000000ef600000|100%| E|CS|TAMS 0x00000000ef500000, 0x00000000ef500000| Complete 
| 758|0x00000000ef600000, 0x00000000ef700000, 0x00000000ef700000|100%| E|CS|TAMS 0x00000000ef600000, 0x00000000ef600000| Complete 
| 759|0x00000000ef700000, 0x00000000ef800000, 0x00000000ef800000|100%| E|CS|TAMS 0x00000000ef700000, 0x00000000ef700000| Complete 
| 760|0x00000000ef800000, 0x00000000ef900000, 0x00000000ef900000|100%| E|CS|TAMS 0x00000000ef800000, 0x00000000ef800000| Complete 
| 761|0x00000000ef900000, 0x00000000efa00000, 0x00000000efa00000|100%| E|CS|TAMS 0x00000000ef900000, 0x00000000ef900000| Complete 
| 762|0x00000000efa00000, 0x00000000efb00000, 0x00000000efb00000|100%| E|CS|TAMS 0x00000000efa00000, 0x00000000efa00000| Complete 
| 763|0x00000000efb00000, 0x00000000efc00000, 0x00000000efc00000|100%| E|CS|TAMS 0x00000000efb00000, 0x00000000efb00000| Complete 
| 764|0x00000000efc00000, 0x00000000efd00000, 0x00000000efd00000|100%| E|CS|TAMS 0x00000000efc00000, 0x00000000efc00000| Complete 
| 765|0x00000000efd00000, 0x00000000efe00000, 0x00000000efe00000|100%| E|CS|TAMS 0x00000000efd00000, 0x00000000efd00000| Complete 
| 766|0x00000000efe00000, 0x00000000eff00000, 0x00000000eff00000|100%| E|CS|TAMS 0x00000000efe00000, 0x00000000efe00000| Complete 
| 767|0x00000000eff00000, 0x00000000eff0da70, 0x00000000f0000000|  5%| S|CS|TAMS 0x00000000eff00000, 0x00000000eff00000| Complete 
| 768|0x00000000f0000000, 0x00000000f0100000, 0x00000000f0100000|100%| S|CS|TAMS 0x00000000f0000000, 0x00000000f0000000| Complete 
| 769|0x00000000f0100000, 0x00000000f0200000, 0x00000000f0200000|100%| S|CS|TAMS 0x00000000f0100000, 0x00000000f0100000| Complete 
| 770|0x00000000f0200000, 0x00000000f0300000, 0x00000000f0300000|100%| S|CS|TAMS 0x00000000f0200000, 0x00000000f0200000| Complete 
| 771|0x00000000f0300000, 0x00000000f0400000, 0x00000000f0400000|100%| E|CS|TAMS 0x00000000f0300000, 0x00000000f0300000| Complete 
| 772|0x00000000f0400000, 0x00000000f0500000, 0x00000000f0500000|100%| E|CS|TAMS 0x00000000f0400000, 0x00000000f0400000| Complete 
| 773|0x00000000f0500000, 0x00000000f0600000, 0x00000000f0600000|100%| E|CS|TAMS 0x00000000f0500000, 0x00000000f0500000| Complete 
| 774|0x00000000f0600000, 0x00000000f0700000, 0x00000000f0700000|100%| E|CS|TAMS 0x00000000f0600000, 0x00000000f0600000| Complete 
| 775|0x00000000f0700000, 0x00000000f0800000, 0x00000000f0800000|100%| E|CS|TAMS 0x00000000f0700000, 0x00000000f0700000| Complete 
| 776|0x00000000f0800000, 0x00000000f0900000, 0x00000000f0900000|100%| E|CS|TAMS 0x00000000f0800000, 0x00000000f0800000| Complete 
| 777|0x00000000f0900000, 0x00000000f0a00000, 0x00000000f0a00000|100%| E|CS|TAMS 0x00000000f0900000, 0x00000000f0900000| Complete 
| 778|0x00000000f0a00000, 0x00000000f0b00000, 0x00000000f0b00000|100%| E|CS|TAMS 0x00000000f0a00000, 0x00000000f0a00000| Complete 
| 779|0x00000000f0b00000, 0x00000000f0c00000, 0x00000000f0c00000|100%| E|CS|TAMS 0x00000000f0b00000, 0x00000000f0b00000| Complete 
| 780|0x00000000f0c00000, 0x00000000f0d00000, 0x00000000f0d00000|100%| E|CS|TAMS 0x00000000f0c00000, 0x00000000f0c00000| Complete 
| 781|0x00000000f0d00000, 0x00000000f0e00000, 0x00000000f0e00000|100%| E|CS|TAMS 0x00000000f0d00000, 0x00000000f0d00000| Complete 
| 782|0x00000000f0e00000, 0x00000000f0f00000, 0x00000000f0f00000|100%| E|CS|TAMS 0x00000000f0e00000, 0x00000000f0e00000| Complete 
| 783|0x00000000f0f00000, 0x00000000f1000000, 0x00000000f1000000|100%| E|CS|TAMS 0x00000000f0f00000, 0x00000000f0f00000| Complete 
| 784|0x00000000f1000000, 0x00000000f1100000, 0x00000000f1100000|100%| E|CS|TAMS 0x00000000f1000000, 0x00000000f1000000| Complete 
| 785|0x00000000f1100000, 0x00000000f1200000, 0x00000000f1200000|100%| E|CS|TAMS 0x00000000f1100000, 0x00000000f1100000| Complete 
| 786|0x00000000f1200000, 0x00000000f1300000, 0x00000000f1300000|100%| E|CS|TAMS 0x00000000f1200000, 0x00000000f1200000| Complete 
|1022|0x00000000ffe00000, 0x00000000ffe47000, 0x00000000fff00000| 27%|OA|  |TAMS 0x00000000ffe47000, 0x00000000ffe00000| Untracked 
|1023|0x00000000fff00000, 0x00000000fff6c000, 0x0000000100000000| 42%|CA|  |TAMS 0x00000000fff6c000, 0x00000000fff00000| Untracked 

Card table byte_map: [0x00007f0d5fc00000,0x00007f0d5fe00000] _byte_map_base: 0x00007f0d5f600000

Marking Bits (Prev, Next): (CMBitMap*) 0x00007f0d7c05b800, (CMBitMap*) 0x00007f0d7c05b7c8
 Prev Bits: [0x00007f0d5da00000, 0x00007f0d5ea00000)
 Next Bits: [0x00007f0d5ea00000, 0x00007f0d5fa00000)

Polling page: 0x00007f0d831ee000

Metaspace:

Usage:
  Non-class:    134.64 MB capacity,   131.07 MB ( 97%) used,     2.70 MB (  2%) free+waste,   890.88 KB ( <1%) overhead. 
      Class:     23.43 MB capacity,    20.04 MB ( 86%) used,     2.93 MB ( 13%) free+waste,   467.44 KB (  2%) overhead. 
       Both:    158.07 MB capacity,   151.11 MB ( 96%) used,     5.63 MB (  4%) free+waste,     1.33 MB ( <1%) overhead. 

Virtual space:
  Non-class space:      136.00 MB reserved,     136.00 MB (100%) committed 
      Class space:        1.00 GB reserved,      24.38 MB (  2%) committed 
             Both:        1.13 GB reserved,     160.38 MB ( 14%) committed 

Chunk freelists:
   Non-Class:  1.13 MB
       Class:  931.00 KB
        Both:  2.04 MB

MaxMetaspaceSize: unlimited
CompressedClassSpaceSize: 1.00 GB
Initial GC threshold: 20.80 MB
Current GC threshold: 266.88 MB
CDS: on

CodeHeap 'non-profiled nmethods': size=119172Kb used=10600Kb max_used=10642Kb free=108571Kb
 bounds [0x00007f0d6c343000, 0x00007f0d6cdb3000, 0x00007f0d737a4000]
CodeHeap 'profiled nmethods': size=119168Kb used=38940Kb max_used=41110Kb free=80227Kb
 bounds [0x00007f0d64ee3000, 0x00007f0d67713000, 0x00007f0d6c343000]
CodeHeap 'non-nmethods': size=7420Kb used=2740Kb max_used=3068Kb free=4679Kb
 bounds [0x00007f0d647a4000, 0x00007f0d64ab4000, 0x00007f0d64ee3000]
 total_blobs=21732 nmethods=20740 adapters=902
 compilation: enabled
              stopped_count=0, restarted_count=0
 full_count=0

Compilation events (20 events):
Event: 33.334 Thread 0x00007f0d7c13b800 21899       4       org.apache.logging.log4j.spi.AbstractLogger::logIfEnabled (29 bytes)
Event: 33.336 Thread 0x00007f0d7c13b800 nmethod 21899 0x00007f0d6c52a410 code [0x00007f0d6c52a5c0, 0x00007f0d6c52a6e8]
Event: 33.336 Thread 0x00007f0d7c13b800 21843       4       java.util.concurrent.ConcurrentHashMap$Traverser::<init> (36 bytes)
Event: 33.337 Thread 0x00007f0d7c13b800 nmethod 21843 0x00007f0d6c52a010 code [0x00007f0d6c52a1a0, 0x00007f0d6c52a358]
Event: 33.337 Thread 0x00007f0d7c13b800 21856       4       java.util.zip.Adler32::getValue (10 bytes)
Event: 33.337 Thread 0x00007f0d7c13b800 nmethod 21856 0x00007f0d6c529d10 code [0x00007f0d6c529ea0, 0x00007f0d6c529f18]
Event: 33.417 Thread 0x00007f0d7c13b800 21915       4       software.amazon.awssdk.protocols.xml.internal.marshall.QueryParamMarshaller$$Lambda$1658/0x0000000840d0a440::marshall (12 bytes)
Event: 33.420 Thread 0x00007f0d7c13b800 nmethod 21915 0x00007f0d6c529590 code [0x00007f0d6c529780, 0x00007f0d6c529a08]
Event: 33.480 Thread 0x00007f0d7c13b800 21916       4       org.apache.iceberg.shaded.org.apache.parquet.shaded.org.apache.thrift.protocol.TCompactProtocol::readFieldBegin (106 bytes)
Event: 33.481 Thread 0x00007f0d7c13d800 21920       3       org.apache.iceberg.shaded.org.apache.parquet.bytes.MultiBufferInputStream::read (140 bytes)
Event: 33.482 Thread 0x00007f0d7c13d800 nmethod 21920 0x00007f0d64fbab10 code [0x00007f0d64fbade0, 0x00007f0d64fbbd10]
Event: 33.487 Thread 0x00007f0d30045000 21921       3       org.apache.iceberg.arrow.vectorized.parquet.VectorizedParquetDefinitionLevelReader$VarWidthReader::nextVal (70 bytes)
Event: 33.487 Thread 0x00007f0d7c13d800 21922       3       org.apache.iceberg.arrow.vectorized.parquet.VectorizedParquetDefinitionLevelReader$BaseReader::nextBatch (298 bytes)
Event: 33.487 Thread 0x00007f0d300e7000 21927       3       org.apache.iceberg.shaded.org.apache.arrow.vector.BaseVariableWidthVector::handleSafe (64 bytes)
Event: 33.488 Thread 0x00007f0d30045000 nmethod 21921 0x00007f0d64f32690 code [0x00007f0d64f32920, 0x00007f0d64f33430]
Event: 33.488 Thread 0x00007f0d30045000 21926       3       org.apache.iceberg.shaded.org.apache.arrow.vector.BaseVariableWidthVector::setValueLengthSafe (57 bytes)
Event: 33.488 Thread 0x00007f0d7c13d800 nmethod 21922 0x00007f0d650a3d90 code [0x00007f0d650a4060, 0x00007f0d650a5120]
Event: 33.488 Thread 0x00007f0d30045000 nmethod 21926 0x00007f0d64f7ae90 code [0x00007f0d64f7b0c0, 0x00007f0d64f7b750]
Event: 33.488 Thread 0x00007f0d300e7000 nmethod 21927 0x00007f0d64f1a690 code [0x00007f0d64f1a900, 0x00007f0d64f1b570]
Event: 33.490 Thread 0x00007f0d7c13d800 21928   !   3       org.apache.iceberg.shaded.org.apache.arrow.memory.BufferLedger::decrement (59 bytes)

GC Heap History (20 events):
Event: 30.353 GC heap before
{Heap before GC invocations=190 (full 0):
 garbage-first heap   total 807936K, used 620407K [0x00000000c0000000, 0x0000000100000000)
  region size 1024K, 246 young (251904K), 26 survivors (26624K)
 Metaspace       used 154447K, capacity 161572K, committed 163968K, reserved 1187840K
  class space    used 20513K, capacity 23982K, committed 24960K, reserved 1048576K
}
Event: 30.360 GC heap after
{Heap after GC invocations=191 (full 0):
 garbage-first heap   total 807936K, used 340724K [0x00000000c0000000, 0x0000000100000000)
  region size 1024K, 23 young (23552K), 23 survivors (23552K)
 Metaspace       used 154447K, capacity 161572K, committed 163968K, reserved 1187840K
  class space    used 20513K, capacity 23982K, committed 24960K, reserved 1048576K
}
Event: 30.477 GC heap before
{Heap before GC invocations=191 (full 0):
 garbage-first heap   total 807936K, used 361204K [0x00000000c0000000, 0x0000000100000000)
  region size 1024K, 39 young (39936K), 23 survivors (23552K)
 Metaspace       used 154490K, capacity 161580K, committed 163968K, reserved 1187840K
  class space    used 20513K, capacity 23982K, committed 24960K, reserved 1048576K
}
Event: 30.482 GC heap after
{Heap after GC invocations=192 (full 0):
 garbage-first heap   total 807936K, used 297738K [0x00000000c0000000, 0x0000000100000000)
  region size 1024K, 5 young (5120K), 5 survivors (5120K)
 Metaspace       used 154490K, capacity 161580K, committed 163968K, reserved 1187840K
  class space    used 20513K, capacity 23982K, committed 24960K, reserved 1048576K
}
Event: 30.946 GC heap before
{Heap before GC invocations=192 (full 0):
 garbage-first heap   total 807936K, used 676618K [0x00000000c0000000, 0x0000000100000000)
  region size 1024K, 301 young (308224K), 5 survivors (5120K)
 Metaspace       used 154581K, capacity 161677K, committed 163968K, reserved 1187840K
  class space    used 20514K, capacity 23983K, committed 24960K, reserved 1048576K
}
Event: 30.954 GC heap after
{Heap after GC invocations=193 (full 0):
 garbage-first heap   total 807936K, used 356465K [0x00000000c0000000, 0x0000000100000000)
  region size 1024K, 17 young (17408K), 17 survivors (17408K)
 Metaspace       used 154581K, capacity 161677K, committed 163968K, reserved 1187840K
  class space    used 20514K, capacity 23983K, committed 24960K, reserved 1048576K
}
Event: 30.991 GC heap before
{Heap before GC invocations=193 (full 0):
 garbage-first heap   total 807936K, used 374897K [0x00000000c0000000, 0x0000000100000000)
  region size 1024K, 36 young (36864K), 17 survivors (17408K)
 Metaspace       used 154581K, capacity 161677K, committed 163968K, reserved 1187840K
  class space    used 20514K, capacity 23983K, committed 24960K, reserved 1048576K
}
Event: 30.999 GC heap after
{Heap after GC invocations=194 (full 0):
 garbage-first heap   total 807936K, used 351235K [0x00000000c0000000, 0x0000000100000000)
  region size 1024K, 15 young (15360K), 15 survivors (15360K)
 Metaspace       used 154581K, capacity 161677K, committed 163968K, reserved 1187840K
  class space    used 20514K, capacity 23983K, committed 24960K, reserved 1048576K
}
Event: 31.555 GC heap before
{Heap before GC invocations=195 (full 0):
 garbage-first heap   total 807936K, used 696323K [0x00000000c0000000, 0x0000000100000000)
  region size 1024K, 306 young (313344K), 15 survivors (15360K)
 Metaspace       used 154589K, capacity 161679K, committed 163968K, reserved 1187840K
  class space    used 20514K, capacity 23983K, committed 24960K, reserved 1048576K
}
Event: 31.561 GC heap after
{Heap after GC invocations=196 (full 0):
 garbage-first heap   total 807936K, used 334826K [0x00000000c0000000, 0x0000000100000000)
  region size 1024K, 14 young (14336K), 14 survivors (14336K)
 Metaspace       used 154589K, capacity 161679K, committed 163968K, reserved 1187840K
  class space    used 20514K, capacity 23983K, committed 24960K, reserved 1048576K
}
Event: 31.647 GC heap before
{Heap before GC invocations=196 (full 0):
 garbage-first heap   total 807936K, used 374762K [0x00000000c0000000, 0x0000000100000000)
  region size 1024K, 39 young (39936K), 14 survivors (14336K)
 Metaspace       used 154589K, capacity 161679K, committed 163968K, reserved 1187840K
  class space    used 20514K, capacity 23983K, committed 24960K, reserved 1048576K
}
Event: 31.651 GC heap after
{Heap after GC invocations=197 (full 0):
 garbage-first heap   total 807936K, used 321151K [0x00000000c0000000, 0x0000000100000000)
  region size 1024K, 4 young (4096K), 4 survivors (4096K)
 Metaspace       used 154589K, capacity 161679K, committed 163968K, reserved 1187840K
  class space    used 20514K, capacity 23983K, committed 24960K, reserved 1048576K
}
Event: 32.287 GC heap before
{Heap before GC invocations=197 (full 0):
 garbage-first heap   total 807936K, used 734847K [0x00000000c0000000, 0x0000000100000000)
  region size 1024K, 334 young (342016K), 4 survivors (4096K)
 Metaspace       used 154604K, capacity 161684K, committed 163968K, reserved 1187840K
  class space    used 20514K, capacity 23983K, committed 24960K, reserved 1048576K
}
Event: 32.296 GC heap after
{Heap after GC invocations=198 (full 0):
 garbage-first heap   total 807936K, used 383592K [0x00000000c0000000, 0x0000000100000000)
  region size 1024K, 29 young (29696K), 29 survivors (29696K)
 Metaspace       used 154604K, capacity 161684K, committed 163968K, reserved 1187840K
  class space    used 20514K, capacity 23983K, committed 24960K, reserved 1048576K
}
Event: 32.317 GC heap before
{Heap before GC invocations=198 (full 0):
 garbage-first heap   total 807936K, used 389736K [0x00000000c0000000, 0x0000000100000000)
  region size 1024K, 37 young (37888K), 29 survivors (29696K)
 Metaspace       used 154604K, capacity 161684K, committed 163968K, reserved 1187840K
  class space    used 20514K, capacity 23983K, committed 24960K, reserved 1048576K
}
Event: 32.324 GC heap after
{Heap after GC invocations=199 (full 0):
 garbage-first heap   total 807936K, used 366790K [0x00000000c0000000, 0x0000000100000000)
  region size 1024K, 3 young (3072K), 3 survivors (3072K)
 Metaspace       used 154604K, capacity 161684K, committed 163968K, reserved 1187840K
  class space    used 20514K, capacity 23983K, committed 24960K, reserved 1048576K
}
Event: 32.745 GC heap before
{Heap before GC invocations=200 (full 0):
 garbage-first heap   total 807936K, used 673990K [0x00000000c0000000, 0x0000000100000000)
  region size 1024K, 270 young (276480K), 3 survivors (3072K)
 Metaspace       used 154629K, capacity 161759K, committed 163968K, reserved 1187840K
  class space    used 20514K, capacity 23983K, committed 24960K, reserved 1048576K
}
Event: 32.753 GC heap after
{Heap after GC invocations=201 (full 0):
 garbage-first heap   total 807936K, used 396302K [0x00000000c0000000, 0x0000000100000000)
  region size 1024K, 23 young (23552K), 23 survivors (23552K)
 Metaspace       used 154629K, capacity 161759K, committed 163968K, reserved 1187840K
  class space    used 20514K, capacity 23983K, committed 24960K, reserved 1048576K
}
Event: 32.862 GC heap before
{Heap before GC invocations=201 (full 0):
 garbage-first heap   total 807936K, used 421902K [0x00000000c0000000, 0x0000000100000000)
  region size 1024K, 39 young (39936K), 23 survivors (23552K)
 Metaspace       used 154630K, capacity 161759K, committed 163968K, reserved 1187840K
  class space    used 20514K, capacity 23983K, committed 24960K, reserved 1048576K
}
Event: 32.868 GC heap after
{Heap after GC invocations=202 (full 0):
 garbage-first heap   total 807936K, used 387448K [0x00000000c0000000, 0x0000000100000000)
  region size 1024K, 4 young (4096K), 4 survivors (4096K)
 Metaspace       used 154630K, capacity 161759K, committed 163968K, reserved 1187840K
  class space    used 20514K, capacity 23983K, committed 24960K, reserved 1048576K
}

Deoptimization events (20 events):
Event: 33.480 Thread 0x00007f0ca8054800 Uncommon trap: trap_request=0xffffffde fr.pc=0x00007f0d6cb0d9ac relative=0x000000000000024c
Event: 33.480 Thread 0x00007f0ca8054800 Uncommon trap: reason=class_check action=maybe_recompile pc=0x00007f0d6cb0d9ac method=org.apache.iceberg.shaded.org.apache.parquet.shaded.org.apache.thrift.transport.TIOStreamTransport.read([BII)I @ 25 c2
Event: 33.480 Thread 0x00007f0ca8054800 DEOPT PACKING pc=0x00007f0d6cb0d9ac sp=0x00007f0bbcefcc10
Event: 33.480 Thread 0x00007f0ca8054800 DEOPT UNPACKING pc=0x00007f0d647edea5 sp=0x00007f0bbcefcac8 mode 2
Event: 33.480 Thread 0x00007f0ca8054800 Uncommon trap: trap_request=0xffffffde fr.pc=0x00007f0d6cb08aec relative=0x000000000000022c
Event: 33.480 Thread 0x00007f0ca8054800 Uncommon trap: reason=class_check action=maybe_recompile pc=0x00007f0d6cb08aec method=org.apache.iceberg.shaded.org.apache.parquet.shaded.org.apache.thrift.transport.TIOStreamTransport.read([BII)I @ 25 c2
Event: 33.480 Thread 0x00007f0ca8054800 DEOPT PACKING pc=0x00007f0d6cb08aec sp=0x00007f0bbcefcb70
Event: 33.480 Thread 0x00007f0ca8054800 DEOPT UNPACKING pc=0x00007f0d647edea5 sp=0x00007f0bbcefcac0 mode 2
Event: 33.480 Thread 0x00007f0ca8054800 Uncommon trap: trap_request=0xffffffde fr.pc=0x00007f0d6cb0a2cc relative=0x000000000000018c
Event: 33.480 Thread 0x00007f0ca8054800 Uncommon trap: reason=class_check action=maybe_recompile pc=0x00007f0d6cb0a2cc method=org.apache.iceberg.shaded.org.apache.parquet.shaded.org.apache.thrift.transport.TIOStreamTransport.read([BII)I @ 25 c2
Event: 33.480 Thread 0x00007f0ca8054800 DEOPT PACKING pc=0x00007f0d6cb0a2cc sp=0x00007f0bbcefcb00
Event: 33.480 Thread 0x00007f0ca8054800 DEOPT UNPACKING pc=0x00007f0d647edea5 sp=0x00007f0bbcefcab8 mode 2
Event: 33.486 Thread 0x00007f0ca8054800 Uncommon trap: trap_request=0xffffff4d fr.pc=0x00007f0d6cc7176c relative=0x00000000000011ec
Event: 33.486 Thread 0x00007f0ca8054800 Uncommon trap: reason=unstable_if action=reinterpret pc=0x00007f0d6cc7176c method=org.apache.iceberg.arrow.vectorized.parquet.VectorizedParquetDefinitionLevelReader$BaseReader.nextBatch(Lorg/apache/iceberg/shaded/org/apache/arrow/vector/FieldVector;IIILor
Event: 33.486 Thread 0x00007f0ca8054800 DEOPT PACKING pc=0x00007f0d6cc7176c sp=0x00007f0bbcefd250
Event: 33.486 Thread 0x00007f0ca8054800 DEOPT UNPACKING pc=0x00007f0d647edea5 sp=0x00007f0bbcefd230 mode 2
Event: 33.486 Thread 0x00007f0ca8054800 Uncommon trap: trap_request=0xffffff4d fr.pc=0x00007f0d6cad8f60 relative=0x0000000000000940
Event: 33.486 Thread 0x00007f0ca8054800 Uncommon trap: reason=unstable_if action=reinterpret pc=0x00007f0d6cad8f60 method=org.apache.iceberg.shaded.org.apache.arrow.vector.BaseVariableWidthVector.handleSafe(II)V @ 5 c2
Event: 33.486 Thread 0x00007f0ca8054800 DEOPT PACKING pc=0x00007f0d6cad8f60 sp=0x00007f0bbcefd1a0
Event: 33.486 Thread 0x00007f0ca8054800 DEOPT UNPACKING pc=0x00007f0d647edea5 sp=0x00007f0bbcefd078 mode 2

Classes redefined (0 events):
No events

Internal exceptions (20 events):
Event: 23.277 Thread 0x00007f0ca8039000 Exception <a 'java/net/SocketTimeoutException'{0x00000000cdcc4020}: Read timed out> (0x00000000cdcc4020) thrown at [./src/hotspot/share/prims/jni.cpp, line 638]
Event: 23.277 Thread 0x00007f0ca803b000 Exception <a 'java/net/SocketTimeoutException'{0x00000000cdcebed0}: Read timed out> (0x00000000cdcebed0) thrown at [./src/hotspot/share/prims/jni.cpp, line 638]
Event: 23.277 Thread 0x00007f0ca8043000 Exception <a 'java/net/SocketTimeoutException'{0x00000000cdcfa2e8}: Read timed out> (0x00000000cdcfa2e8) thrown at [./src/hotspot/share/prims/jni.cpp, line 638]
Event: 23.300 Thread 0x00007f0ca804c000 Exception <a 'java/net/SocketTimeoutException'{0x00000000cdce4928}: Read timed out> (0x00000000cdce4928) thrown at [./src/hotspot/share/prims/jni.cpp, line 638]
Event: 23.300 Thread 0x00007f0ca804a000 Exception <a 'java/net/SocketTimeoutException'{0x00000000cdcfcdc0}: Read timed out> (0x00000000cdcfcdc0) thrown at [./src/hotspot/share/prims/jni.cpp, line 638]
Event: 23.300 Thread 0x00007f0ca8046000 Exception <a 'java/net/SocketTimeoutException'{0x00000000cdcf4410}: Read timed out> (0x00000000cdcf4410) thrown at [./src/hotspot/share/prims/jni.cpp, line 638]
Event: 24.019 Thread 0x00007f0ca8048000 Exception <a 'java/lang/ClassCastException'{0x00000000cfa6c228}: class org.apache.commons.logging.impl.SLF4JLogFactory cannot be cast to class software.amazon.awssdk.thirdparty.org.apache.commons.logging.LogFactory (org.apache.commons.logging.impl.SLF4JLogFactory is in unnamed module of loader 'app'; software.amazon.awssdk.thirdparty.org.apache.commons.logging.LogFactory is in unnamed module of loader org.apache.spark.util.MutableURLClassLoader @2184b4f4)> (0x00000000cfa6c228) thrown at [./src/hotspot/shar
Event: 24.019 Thread 0x00007f0ca8048000 Exception <a 'java/lang/ClassCastException'{0x00000000cfa735a8}: class org.apache.commons.logging.impl.SLF4JLogFactory cannot be cast to class software.amazon.awssdk.thirdparty.org.apache.commons.logging.LogFactory (org.apache.commons.logging.impl.SLF4JLogFactory is in unnamed module of loader 'app'; software.amazon.awssdk.thirdparty.org.apache.commons.logging.LogFactory is in unnamed module of loader org.apache.spark.util.MutableURLClassLoader @2184b4f4)> (0x00000000cfa735a8) thrown at [./src/hotspot/shar
Event: 24.019 Thread 0x00007f0ca8048000 Exception <a 'java/lang/NoClassDefFoundError'{0x00000000cfaacfa0}: software/amazon/awssdk/thirdparty/org/apache/log4j/Priority> (0x00000000cfaacfa0) thrown at [./src/hotspot/share/classfile/systemDictionary.cpp, line 219]
Event: 25.115 Thread 0x00007f0ca8039000 Exception <a 'java/net/SocketException'{0x00000000d38f2e00}: Socket closed> (0x00000000d38f2e00) thrown at [./src/hotspot/share/prims/jni.cpp, line 638]
Event: 25.410 Thread 0x00007f0ca8044800 Exception <a 'java/lang/NoSuchMethodError'{0x00000000d9bcaad0}: 'java.lang.Object java.lang.invoke.DirectMethodHandle$Holder.invokeStatic(java.lang.Object, long, long)'> (0x00000000d9bcaad0) thrown at [./src/hotspot/share/interpreter/linkResolver.cpp, line 773]
Event: 25.411 Thread 0x00007f0ca8044800 Exception <a 'java/lang/NoSuchMethodError'{0x00000000d9bd1fa0}: 'java.lang.Object java.lang.invoke.DirectMethodHandle$Holder.invokeSpecial(java.lang.Object, java.lang.Object, long, long)'> (0x00000000d9bd1fa0) thrown at [./src/hotspot/share/interpreter/linkResolver.cpp, line 773]
Event: 25.515 Thread 0x00007f0cf887b000 Exception <a 'java/lang/NoSuchMethodError'{0x00000000e66583d0}: 'java.lang.Object java.lang.invoke.DirectMethodHandle$Holder.invokeSpecial(java.lang.Object, java.lang.Object, java.lang.Object, java.lang.Object, long, java.lang.Object)'> (0x00000000e66583d0) thrown at [./src/hotspot/share/interpreter/linkResolver.cpp, line 773]
Event: 25.516 Thread 0x00007f0cf887b000 Exception <a 'java/lang/NoSuchMethodError'{0x00000000e665b5c8}: 'java.lang.Object java.lang.invoke.Invokers$Holder.linkToTargetMethod(java.lang.Object, java.lang.Object, long, java.lang.Object, java.lang.Object)'> (0x00000000e665b5c8) thrown at [./src/hotspot/share/interpreter/linkResolver.cpp, line 773]
Event: 25.582 Thread 0x00007f0ca8044800 Exception <a 'java/lang/NoSuchMethodError'{0x00000000e8b32510}: <clinit>> (0x00000000e8b32510) thrown at [./src/hotspot/share/prims/jni.cpp, line 1372]
Event: 25.592 Thread 0x00007f0ca8044800 Exception <a 'java/lang/NoSuchMethodError'{0x00000000e8a74288}: <clinit>> (0x00000000e8a74288) thrown at [./src/hotspot/share/prims/jni.cpp, line 1372]
Event: 25.668 Thread 0x00007f0cf887b000 Exception <a 'java/lang/NoSuchMethodError'{0x00000000e833f3b0}: 'java.lang.Object java.lang.invoke.DirectMethodHandle$Holder.invokeSpecial(java.lang.Object, java.lang.Object, java.lang.Object, int, long)'> (0x00000000e833f3b0) thrown at [./src/hotspot/share/interpreter/linkResolver.cpp, line 773]
Event: 25.671 Thread 0x00007f0cf887b000 Exception <a 'java/lang/NoSuchMethodError'{0x00000000e83be480}: 'java.lang.Object java.lang.invoke.DirectMethodHandle$Holder.invokeStatic(java.lang.Object, long, long, java.lang.Object)'> (0x00000000e83be480) thrown at [./src/hotspot/share/interpreter/linkResolver.cpp, line 773]
Event: 32.992 Thread 0x00007f0cf835c800 Exception <a 'java/lang/NoSuchMethodError'{0x00000000ee1aaf48}: 'java.lang.Object java.lang.invoke.DirectMethodHandle$Holder.invokeStatic(java.lang.Object, java.lang.Object, java.lang.Object, java.lang.Object, int, java.lang.Object, java.lang.Object, java.lang.Object)'> (0x00000000ee1aaf48) thrown at [./src/hotspot/share/interpreter/linkResolver.cpp, line 773]
Event: 33.416 Thread 0x00007f0ca8054800 Exception <a 'java/net/SocketException'{0x00000000e17b2c00}: Socket closed> (0x00000000e17b2c00) thrown at [./src/hotspot/share/prims/jni.cpp, line 638]

Events (20 events):
Event: 32.992 loading class org/apache/spark/scheduler/TaskSetManager
Event: 32.992 loading class org/apache/spark/scheduler/TaskSetManager done
Event: 32.993 loading class scala/runtime/Nothing$
Event: 32.993 loading class scala/runtime/Nothing$ done
Event: 32.993 loading class scala/Function1
Event: 32.993 loading class scala/Function1 done
Event: 32.994 loading class org/apache/spark/scheduler/TaskSetManager
Event: 32.994 loading class org/apache/spark/scheduler/TaskSetManager done
Event: 32.994 loading class org/apache/spark/scheduler/TaskSetExcludelist
Event: 32.994 loading class org/apache/spark/scheduler/TaskSetExcludelist done
Event: 32.994 loading class org/apache/spark/scheduler/TaskSetManager
Event: 32.994 loading class org/apache/spark/scheduler/TaskSetManager done
Event: 32.994 loading class org/apache/spark/scheduler/TaskSchedulerImpl
Event: 32.994 loading class org/apache/spark/scheduler/TaskSchedulerImpl done
Event: 32.994 loading class org/apache/spark/scheduler/TaskSchedulerImpl
Event: 32.994 loading class org/apache/spark/scheduler/TaskSchedulerImpl done
Event: 33.063 Executing VM operation: ICBufferFull
Event: 33.063 Executing VM operation: ICBufferFull done
Event: 33.116 loading class software/amazon/awssdk/internal/http/LowCopyListMap$1
Event: 33.116 loading class software/amazon/awssdk/internal/http/LowCopyListMap$1 done


Dynamic libraries:
c0000000-f1300000 rw-p 00000000 00:00 0 
f1300000-ffe00000 ---p 00000000 00:00 0 
ffe00000-ffe47000 rw-p 00b0e000 08:30 217812                             /opt/java/openjdk/lib/server/classes.jsa
ffe47000-fff00000 rw-p 00000000 00:00 0 
fff00000-fff6c000 rw-p 00aa2000 08:30 217812                             /opt/java/openjdk/lib/server/classes.jsa
fff6c000-100000000 rw-p 00000000 00:00 0 
800000000-800002000 rwxp 00001000 08:30 217812                           /opt/java/openjdk/lib/server/classes.jsa
800002000-8003cc000 rw-p 00003000 08:30 217812                           /opt/java/openjdk/lib/server/classes.jsa
8003cc000-800aa0000 r--p 003cd000 08:30 217812                           /opt/java/openjdk/lib/server/classes.jsa
800aa0000-800aa1000 rw-p 00aa1000 08:30 217812                           /opt/java/openjdk/lib/server/classes.jsa
840000000-841860000 rw-p 00000000 00:00 0 
841860000-880000000 ---p 00000000 00:00 0 
626e9de00000-626e9de01000 r-xp 00000000 08:30 216781                     /opt/java/openjdk/bin/java
626e9e001000-626e9e002000 r--p 00001000 08:30 216781                     /opt/java/openjdk/bin/java
626e9e002000-626e9e003000 rw-p 00002000 08:30 216781                     /opt/java/openjdk/bin/java
626eb2820000-626eb2b0e000 rw-p 00000000 00:00 0                          [heap]
7f0b4e78a000-7f0b4edfc000 rw-p 00000000 00:00 0 
7f0b4edfc000-7f0b4ee00000 ---p 00000000 00:00 0 
7f0b4ee00000-7f0b4f0fc000 rw-p 00000000 00:00 0 
7f0b4f0fc000-7f0b4f100000 ---p 00000000 00:00 0 
7f0b4f100000-7f0b4f1fc000 rw-p 00000000 00:00 0 
7f0b4f1fc000-7f0b4f200000 ---p 00000000 00:00 0 
7f0b4f200000-7f0b4f2fc000 rw-p 00000000 00:00 0 
7f0b4f2fc000-7f0b4f2fd000 ---p 00000000 00:00 0 
7f0b4f2fd000-7f0b50000000 rw-p 00000000 00:00 0 
7f0b50000000-7f0b50563000 rw-p 00000000 00:00 0 
7f0b50563000-7f0b54000000 ---p 00000000 00:00 0 
7f0b540f1000-7f0b540f2000 ---p 00000000 00:00 0 
7f0b540f2000-7f0b541f2000 rw-p 00000000 00:00 0 
7f0b541f2000-7f0b541f3000 ---p 00000000 00:00 0 
7f0b541f3000-7f0b542f3000 rw-p 00000000 00:00 0 
7f0b542f3000-7f0b542f7000 ---p 00000000 00:00 0 
7f0b542f7000-7f0b579c0000 rw-p 00000000 00:00 0 
7f0b579c0000-7f0b57c00000 rw-p 00000000 00:00 0 
7f0b57c00000-7f0b57cea000 r-xp 00000000 08:30 419648                     /tmp/libzstd-jni-1.5.5-46605816927636528044.so (deleted)
7f0b57cea000-7f0b57ee9000 ---p 000ea000 08:30 419648                     /tmp/libzstd-jni-1.5.5-46605816927636528044.so (deleted)
7f0b57ee9000-7f0b57eea000 rw-p 000e9000 08:30 419648                     /tmp/libzstd-jni-1.5.5-46605816927636528044.so (deleted)
7f0b57f00000-7f0b57f04000 ---p 00000000 00:00 0 
7f0b57f04000-7f0b58000000 rw-p 00000000 00:00 0 
7f0b58000000-7f0b58555000 rw-p 00000000 00:00 0 
7f0b58555000-7f0b5c000000 ---p 00000000 00:00 0 
7f0b5c000000-7f0b5c7ab000 rw-p 00000000 00:00 0 
7f0b5c7ab000-7f0b60000000 ---p 00000000 00:00 0 
7f0b60000000-7f0b60373000 rw-p 00000000 00:00 0 
7f0b60373000-7f0b64000000 ---p 00000000 00:00 0 
7f0b64000000-7f0b64569000 rw-p 00000000 00:00 0 
7f0b64569000-7f0b68000000 ---p 00000000 00:00 0 
7f0b68000000-7f0b6830d000 rw-p 00000000 00:00 0 
7f0b6830d000-7f0b6c000000 ---p 00000000 00:00 0 
7f0b6c000000-7f0b6c2eb000 rw-p 00000000 00:00 0 
7f0b6c2eb000-7f0b70000000 ---p 00000000 00:00 0 
7f0b70000000-7f0b702e1000 rw-p 00000000 00:00 0 
7f0b702e1000-7f0b74000000 ---p 00000000 00:00 0 
7f0b74000000-7f0b74309000 rw-p 00000000 00:00 0 
7f0b74309000-7f0b78000000 ---p 00000000 00:00 0 
7f0b78000000-7f0b783f1000 rw-p 00000000 00:00 0 
7f0b783f1000-7f0b7c000000 ---p 00000000 00:00 0 
7f0b7c000000-7f0b7c2f7000 rw-p 00000000 00:00 0 
7f0b7c2f7000-7f0b80000000 ---p 00000000 00:00 0 
7f0b80000000-7f0b8002c000 rw-p 00000000 00:00 0 
7f0b8002c000-7f0b84000000 ---p 00000000 00:00 0 
7f0b84000000-7f0b8402d000 rw-p 00000000 00:00 0 
7f0b8402d000-7f0b88000000 ---p 00000000 00:00 0 
7f0b88000000-7f0b88030000 rw-p 00000000 00:00 0 
7f0b88030000-7f0b8c000000 ---p 00000000 00:00 0 
7f0b8c000000-7f0b8c02b000 rw-p 00000000 00:00 0 
7f0b8c02b000-7f0b90000000 ---p 00000000 00:00 0 
7f0b90000000-7f0b902a0000 rw-p 00000000 00:00 0 
7f0b902a0000-7f0b94000000 ---p 00000000 00:00 0 
7f0b94000000-7f0b9402a000 rw-p 00000000 00:00 0 
7f0b9402a000-7f0b98000000 ---p 00000000 00:00 0 
7f0b98000000-7f0b98029000 rw-p 00000000 00:00 0 
7f0b98029000-7f0b9c000000 ---p 00000000 00:00 0 
7f0b9c000000-7f0b9c033000 rw-p 00000000 00:00 0 
7f0b9c033000-7f0ba0000000 ---p 00000000 00:00 0 
7f0ba0000000-7f0ba002a000 rw-p 00000000 00:00 0 
7f0ba002a000-7f0ba4000000 ---p 00000000 00:00 0 
7f0ba4000000-7f0ba402b000 rw-p 00000000 00:00 0 
7f0ba402b000-7f0ba8000000 ---p 00000000 00:00 0 
7f0ba8000000-7f0ba8032000 rw-p 00000000 00:00 0 
7f0ba8032000-7f0bac000000 ---p 00000000 00:00 0 
7f0bac000000-7f0bac02b000 rw-p 00000000 00:00 0 
7f0bac02b000-7f0bb0000000 ---p 00000000 00:00 0 
7f0bb0000000-7f0bb0040000 rw-p 00000000 00:00 0 
7f0bb0040000-7f0bb4000000 ---p 00000000 00:00 0 
7f0bb4000000-7f0bb402b000 rw-p 00000000 00:00 0 
7f0bb402b000-7f0bb8000000 ---p 00000000 00:00 0 
7f0bb8000000-7f0bb8033000 rw-p 00000000 00:00 0 
7f0bb8033000-7f0bbc000000 ---p 00000000 00:00 0 
7f0bbc000000-7f0bbc004000 ---p 00000000 00:00 0 
7f0bbc004000-7f0bbc2c0000 rw-p 00000000 00:00 0 
7f0bbc2c0000-7f0bbc4c0000 rw-p 00000000 00:00 0 
7f0bbc4c0000-7f0bbc6c0000 rw-p 00000000 00:00 0 
7f0bbc6c0000-7f0bbc900000 rw-p 00000000 00:00 0 
7f0bbc900000-7f0bbc904000 ---p 00000000 00:00 0 
7f0bbc904000-7f0bbca00000 rw-p 00000000 00:00 0 
7f0bbca00000-7f0bbca04000 ---p 00000000 00:00 0 
7f0bbca04000-7f0bbcd00000 rw-p 00000000 00:00 0 
7f0bbcd00000-7f0bbcd04000 ---p 00000000 00:00 0 
7f0bbcd04000-7f0bbce00000 rw-p 00000000 00:00 0 
7f0bbce00000-7f0bbce04000 ---p 00000000 00:00 0 
7f0bbce04000-7f0bbcf00000 rw-p 00000000 00:00 0 
7f0bbcf00000-7f0bbcf04000 ---p 00000000 00:00 0 
7f0bbcf04000-7f0bbd000000 rw-p 00000000 00:00 0 
7f0bbd000000-7f0bbd004000 ---p 00000000 00:00 0 
7f0bbd004000-7f0bbd100000 rw-p 00000000 00:00 0 
7f0bbd100000-7f0bbd104000 ---p 00000000 00:00 0 
7f0bbd104000-7f0bbd200000 rw-p 00000000 00:00 0 
7f0bbd200000-7f0bbd204000 ---p 00000000 00:00 0 
7f0bbd204000-7f0bbd300000 rw-p 00000000 00:00 0 
7f0bbd300000-7f0bbd304000 ---p 00000000 00:00 0 
7f0bbd304000-7f0bbd400000 rw-p 00000000 00:00 0 
7f0bbd400000-7f0bbd404000 ---p 00000000 00:00 0 
7f0bbd404000-7f0bbd500000 rw-p 00000000 00:00 0 
7f0bbd500000-7f0bbd504000 ---p 00000000 00:00 0 
7f0bbd504000-7f0bbd600000 rw-p 00000000 00:00 0 
7f0bbd600000-7f0bbd604000 ---p 00000000 00:00 0 
7f0bbd604000-7f0bbd700000 rw-p 00000000 00:00 0 
7f0bbd700000-7f0bbd704000 ---p 00000000 00:00 0 
7f0bbd704000-7f0bbd800000 rw-p 00000000 00:00 0 
7f0bbd800000-7f0bbd804000 ---p 00000000 00:00 0 
7f0bbd804000-7f0bbd900000 rw-p 00000000 00:00 0 
7f0bbd900000-7f0bbd904000 ---p 00000000 00:00 0 
7f0bbd904000-7f0bbda00000 rw-p 00000000 00:00 0 
7f0bbda00000-7f0bbda04000 ---p 00000000 00:00 0 
7f0bbda04000-7f0bbdb00000 rw-p 00000000 00:00 0 
7f0bbdb00000-7f0bbdb04000 ---p 00000000 00:00 0 
7f0bbdb04000-7f0bbddc0000 rw-p 00000000 00:00 0 
7f0bbddc0000-7f0bbdfc0000 rw-p 00000000 00:00 0 
7f0bbdfc0000-7f0bbe1c0000 rw-p 00000000 00:00 0 
7f0bbe1c0000-7f0bbe3c0000 rw-p 00000000 00:00 0 
7f0bbe3c0000-7f0bbe5c0000 rw-p 00000000 00:00 0 
7f0bbe5c0000-7f0bbe800000 rw-p 00000000 00:00 0 
7f0bbe800000-7f0bbe824000 r-xp 00000000 08:30 419656                     /tmp/liblz4-java-13952251234313615487.so
7f0bbe824000-7f0bbea23000 ---p 00024000 08:30 419656                     /tmp/liblz4-java-13952251234313615487.so
7f0bbea23000-7f0bbea24000 rw-p 00023000 08:30 419656                     /tmp/liblz4-java-13952251234313615487.so
7f0bbeb00000-7f0bbeb04000 ---p 00000000 00:00 0 
7f0bbeb04000-7f0bbedc0000 rw-p 00000000 00:00 0 
7f0bbedc0000-7f0bbf000000 rw-p 00000000 00:00 0 
7f0bbf000000-7f0bbf004000 ---p 00000000 00:00 0 
7f0bbf004000-7f0bbf100000 rw-p 00000000 00:00 0 
7f0bbf100000-7f0bbf104000 ---p 00000000 00:00 0 
7f0bbf104000-7f0bbf200000 rw-p 00000000 00:00 0 
7f0bbf200000-7f0bbf204000 ---p 00000000 00:00 0 
7f0bbf204000-7f0bbf300000 rw-p 00000000 00:00 0 
7f0bbf300000-7f0bbf304000 ---p 00000000 00:00 0 
7f0bbf304000-7f0bbf400000 rw-p 00000000 00:00 0 
7f0bbf400000-7f0bbf404000 ---p 00000000 00:00 0 
7f0bbf404000-7f0bbf500000 rw-p 00000000 00:00 0 
7f0bbf500000-7f0bbf504000 ---p 00000000 00:00 0 
7f0bbf504000-7f0bbf600000 rw-p 00000000 00:00 0 
7f0bbf600000-7f0bbf604000 ---p 00000000 00:00 0 
7f0bbf604000-7f0bbf700000 rw-p 00000000 00:00 0 
7f0bbf700000-7f0bbf704000 ---p 00000000 00:00 0 
7f0bbf704000-7f0bbf800000 rw-p 00000000 00:00 0 
7f0bbf800000-7f0bbf804000 ---p 00000000 00:00 0 
7f0bbf804000-7f0bbf900000 rw-p 00000000 00:00 0 
7f0bbf900000-7f0bbf904000 ---p 00000000 00:00 0 
7f0bbf904000-7f0bbfa00000 rw-p 00000000 00:00 0 
7f0bbfa00000-7f0bbfa04000 ---p 00000000 00:00 0 
7f0bbfa04000-7f0bbfb00000 rw-p 00000000 00:00 0 
7f0bbfb00000-7f0bbfb04000 ---p 00000000 00:00 0 
7f0bbfb04000-7f0bbfc00000 rw-p 00000000 00:00 0 
7f0bbfc00000-7f0bbfc42000 r-xp 00000000 08:30 419646                     /tmp/snappy-1.1.10-d9e763f2-5d75-44c2-8905-821d24617dd9-libsnappyjava.so
7f0bbfc42000-7f0bbfe41000 ---p 00042000 08:30 419646                     /tmp/snappy-1.1.10-d9e763f2-5d75-44c2-8905-821d24617dd9-libsnappyjava.so
7f0bbfe41000-7f0bbfe44000 rw-p 00041000 08:30 419646                     /tmp/snappy-1.1.10-d9e763f2-5d75-44c2-8905-821d24617dd9-libsnappyjava.so
7f0bbfe44000-7f0bbfe56000 rw-p 00000000 00:00 0 
7f0bbff00000-7f0bbff04000 ---p 00000000 00:00 0 
7f0bbff04000-7f0bc0000000 rw-p 00000000 00:00 0 
7f0bc0000000-7f0bc0059000 rw-p 00000000 00:00 0 
7f0bc0059000-7f0bc4000000 ---p 00000000 00:00 0 
7f0bc4000000-7f0bc4021000 rw-p 00000000 00:00 0 
7f0bc4021000-7f0bc8000000 ---p 00000000 00:00 0 
7f0bc8000000-7f0bc8021000 rw-p 00000000 00:00 0 
7f0bc8021000-7f0bcc000000 ---p 00000000 00:00 0 
7f0bcc000000-7f0bcc021000 rw-p 00000000 00:00 0 
7f0bcc021000-7f0bd0000000 ---p 00000000 00:00 0 
7f0bd0000000-7f0bd0021000 rw-p 00000000 00:00 0 
7f0bd0021000-7f0bd4000000 ---p 00000000 00:00 0 
7f0bd4000000-7f0bd4021000 rw-p 00000000 00:00 0 
7f0bd4021000-7f0bd8000000 ---p 00000000 00:00 0 
7f0bd8000000-7f0bd8023000 rw-p 00000000 00:00 0 
7f0bd8023000-7f0bdc000000 ---p 00000000 00:00 0 
7f0bdc000000-7f0bdc021000 rw-p 00000000 00:00 0 
7f0bdc021000-7f0be0000000 ---p 00000000 00:00 0 
7f0be0000000-7f0be0054000 rw-p 00000000 00:00 0 
7f0be0054000-7f0be4000000 ---p 00000000 00:00 0 
7f0be4000000-7f0be427d000 rw-p 00000000 00:00 0 
7f0be427d000-7f0be8000000 ---p 00000000 00:00 0 
7f0be8000000-7f0be8004000 ---p 00000000 00:00 0 
7f0be8004000-7f0be8100000 rw-p 00000000 00:00 0 
7f0be8100000-7f0be8104000 ---p 00000000 00:00 0 
7f0be8104000-7f0be83c0000 rw-p 00000000 00:00 0 
7f0be83c0000-7f0be85c0000 rw-p 00000000 00:00 0 
7f0be85c0000-7f0be87c0000 rw-p 00000000 00:00 0 
7f0be87c0000-7f0be89c0000 rw-p 00000000 00:00 0 
7f0be89c0000-7f0be8bc0000 rw-p 00000000 00:00 0 
7f0be8bc0000-7f0be8dc0000 rw-p 00000000 00:00 0 
7f0be8dc0000-7f0be8fc0000 rw-p 00000000 00:00 0 
7f0be8fc0000-7f0be91c0000 rw-p 00000000 00:00 0 
7f0be91c0000-7f0be93c0000 rw-p 00000000 00:00 0 
7f0be93c0000-7f0be95c0000 rw-p 00000000 00:00 0 
7f0be95c0000-7f0be97c0000 rw-p 00000000 00:00 0 
7f0be97c0000-7f0be99c0000 rw-p 00000000 00:00 0 
7f0be99c0000-7f0be9c00000 rw-p 00000000 00:00 0 
7f0be9c00000-7f0be9c04000 ---p 00000000 00:00 0 
7f0be9c04000-7f0be9ec0000 rw-p 00000000 00:00 0 
7f0be9ec0000-7f0bea100000 rw-p 00000000 00:00 0 
7f0bea100000-7f0bea104000 ---p 00000000 00:00 0 
7f0bea104000-7f0bea400000 rw-p 00000000 00:00 0 
7f0bea400000-7f0bea404000 ---p 00000000 00:00 0 
7f0bea404000-7f0bea500000 rw-p 00000000 00:00 0 
7f0bea500000-7f0bea504000 ---p 00000000 00:00 0 
7f0bea504000-7f0bea600000 rw-p 00000000 00:00 0 
7f0bea600000-7f0bea604000 ---p 00000000 00:00 0 
7f0bea604000-7f0bea700000 rw-p 00000000 00:00 0 
7f0bea700000-7f0bea704000 ---p 00000000 00:00 0 
7f0bea704000-7f0bea800000 rw-p 00000000 00:00 0 
7f0bea800000-7f0bea804000 ---p 00000000 00:00 0 
7f0bea804000-7f0bea900000 rw-p 00000000 00:00 0 
7f0bea900000-7f0bea904000 ---p 00000000 00:00 0 
7f0bea904000-7f0beabc0000 rw-p 00000000 00:00 0 
7f0beabc0000-7f0beadc0000 rw-p 00000000 00:00 0 
7f0beadc0000-7f0beb000000 rw-p 00000000 00:00 0 
7f0beb000000-7f0beb040000 r-xp 00000000 08:30 217776                     /opt/java/openjdk/lib/libsunec.so
7f0beb040000-7f0beb240000 ---p 00040000 08:30 217776                     /opt/java/openjdk/lib/libsunec.so
7f0beb240000-7f0beb245000 r--p 00040000 08:30 217776                     /opt/java/openjdk/lib/libsunec.so
7f0beb245000-7f0beb247000 rw-p 00045000 08:30 217776                     /opt/java/openjdk/lib/libsunec.so
7f0beb300000-7f0beb304000 ---p 00000000 00:00 0 
7f0beb304000-7f0beb5c0000 rw-p 00000000 00:00 0 
7f0beb5c0000-7f0beb7c0000 rw-p 00000000 00:00 0 
7f0beb7c0000-7f0beb9c0000 rw-p 00000000 00:00 0 
7f0beb9c0000-7f0bebbc0000 rw-p 00000000 00:00 0 
7f0bebbc0000-7f0bebdc0000 rw-p 00000000 00:00 0 
7f0bebdc0000-7f0bec000000 rw-p 00000000 00:00 0 
7f0bec000000-7f0bec021000 rw-p 00000000 00:00 0 
7f0bec021000-7f0bf0000000 ---p 00000000 00:00 0 
7f0bf0000000-7f0bf0b04000 rw-p 00000000 00:00 0 
7f0bf0b04000-7f0bf4000000 ---p 00000000 00:00 0 
7f0bf4000000-7f0bf408c000 rw-p 00000000 00:00 0 
7f0bf408c000-7f0bf8000000 ---p 00000000 00:00 0 
7f0bf8000000-7f0bf8025000 rw-p 00000000 00:00 0 
7f0bf8025000-7f0bfc000000 ---p 00000000 00:00 0 
7f0bfc000000-7f0bfc021000 rw-p 00000000 00:00 0 
7f0bfc021000-7f0c00000000 ---p 00000000 00:00 0 
7f0c00000000-7f0c00021000 rw-p 00000000 00:00 0 
7f0c00021000-7f0c04000000 ---p 00000000 00:00 0 
7f0c04000000-7f0c04021000 rw-p 00000000 00:00 0 
7f0c04021000-7f0c08000000 ---p 00000000 00:00 0 
7f0c08000000-7f0c08021000 rw-p 00000000 00:00 0 
7f0c08021000-7f0c0c000000 ---p 00000000 00:00 0 
7f0c0c000000-7f0c0c031000 rw-p 00000000 00:00 0 
7f0c0c031000-7f0c10000000 ---p 00000000 00:00 0 
7f0c10000000-7f0c10021000 rw-p 00000000 00:00 0 
7f0c10021000-7f0c14000000 ---p 00000000 00:00 0 
7f0c14000000-7f0c14021000 rw-p 00000000 00:00 0 
7f0c14021000-7f0c18000000 ---p 00000000 00:00 0 
7f0c18000000-7f0c18021000 rw-p 00000000 00:00 0 
7f0c18021000-7f0c1c000000 ---p 00000000 00:00 0 
7f0c1c000000-7f0c1c07d000 rw-p 00000000 00:00 0 
7f0c1c07d000-7f0c20000000 ---p 00000000 00:00 0 
7f0c20000000-7f0c20021000 rw-p 00000000 00:00 0 
7f0c20021000-7f0c24000000 ---p 00000000 00:00 0 
7f0c24000000-7f0c24021000 rw-p 00000000 00:00 0 
7f0c24021000-7f0c28000000 ---p 00000000 00:00 0 
7f0c28000000-7f0c28021000 rw-p 00000000 00:00 0 
7f0c28021000-7f0c2c000000 ---p 00000000 00:00 0 
7f0c2c000000-7f0c2c021000 rw-p 00000000 00:00 0 
7f0c2c021000-7f0c30000000 ---p 00000000 00:00 0 
7f0c30000000-7f0c30021000 rw-p 00000000 00:00 0 
7f0c30021000-7f0c34000000 ---p 00000000 00:00 0 
7f0c34000000-7f0c34021000 rw-p 00000000 00:00 0 
7f0c34021000-7f0c38000000 ---p 00000000 00:00 0 
7f0c38000000-7f0c38021000 rw-p 00000000 00:00 0 
7f0c38021000-7f0c3c000000 ---p 00000000 00:00 0 
7f0c3c000000-7f0c3c021000 rw-p 00000000 00:00 0 
7f0c3c021000-7f0c40000000 ---p 00000000 00:00 0 
7f0c40000000-7f0c40021000 rw-p 00000000 00:00 0 
7f0c40021000-7f0c44000000 ---p 00000000 00:00 0 
7f0c44000000-7f0c44021000 rw-p 00000000 00:00 0 
7f0c44021000-7f0c48000000 ---p 00000000 00:00 0 
7f0c48000000-7f0c48021000 rw-p 00000000 00:00 0 
7f0c48021000-7f0c4c000000 ---p 00000000 00:00 0 
7f0c4c000000-7f0c4c021000 rw-p 00000000 00:00 0 
7f0c4c021000-7f0c50000000 ---p 00000000 00:00 0 
7f0c50000000-7f0c50021000 rw-p 00000000 00:00 0 
7f0c50021000-7f0c54000000 ---p 00000000 00:00 0 
7f0c54000000-7f0c54021000 rw-p 00000000 00:00 0 
7f0c54021000-7f0c58000000 ---p 00000000 00:00 0 
7f0c58000000-7f0c58021000 rw-p 00000000 00:00 0 
7f0c58021000-7f0c5c000000 ---p 00000000 00:00 0 
7f0c5c000000-7f0c5c029000 rw-p 00000000 00:00 0 
7f0c5c029000-7f0c60000000 ---p 00000000 00:00 0 
7f0c60000000-7f0c60041000 rw-p 00000000 00:00 0 
7f0c60041000-7f0c64000000 ---p 00000000 00:00 0 
7f0c64000000-7f0c64021000 rw-p 00000000 00:00 0 
7f0c64021000-7f0c68000000 ---p 00000000 00:00 0 
7f0c68000000-7f0c68021000 rw-p 00000000 00:00 0 
7f0c68021000-7f0c6c000000 ---p 00000000 00:00 0 
7f0c6c000000-7f0c6c021000 rw-p 00000000 00:00 0 
7f0c6c021000-7f0c70000000 ---p 00000000 00:00 0 
7f0c70000000-7f0c70021000 rw-p 00000000 00:00 0 
7f0c70021000-7f0c74000000 ---p 00000000 00:00 0 
7f0c74000000-7f0c74021000 rw-p 00000000 00:00 0 
7f0c74021000-7f0c78000000 ---p 00000000 00:00 0 
7f0c78000000-7f0c78021000 rw-p 00000000 00:00 0 
7f0c78021000-7f0c7c000000 ---p 00000000 00:00 0 
7f0c7c0fa000-7f0c7c0fe000 ---p 00000000 00:00 0 
7f0c7c0fe000-7f0c7c3ba000 rw-p 00000000 00:00 0 
7f0c7c3ba000-7f0c7c5ba000 rw-p 00000000 00:00 0 
7f0c7c5ba000-7f0c7c7fa000 rw-p 00000000 00:00 0 
7f0c7c7fa000-7f0c7c7fe000 ---p 00000000 00:00 0 
7f0c7c7fe000-7f0c7caba000 rw-p 00000000 00:00 0 
7f0c7caba000-7f0c7ccfa000 rw-p 00000000 00:00 0 
7f0c7ccfa000-7f0c7ccfe000 ---p 00000000 00:00 0 
7f0c7ccfe000-7f0c7cdfa000 rw-p 00000000 00:00 0 
7f0c7cdfa000-7f0c7cdfe000 ---p 00000000 00:00 0 
7f0c7cdfe000-7f0c7cefa000 rw-p 00000000 00:00 0 
7f0c7cefa000-7f0c7cefe000 ---p 00000000 00:00 0 
7f0c7cefe000-7f0c7cffa000 rw-p 00000000 00:00 0 
7f0c7cffa000-7f0c7cffe000 ---p 00000000 00:00 0 
7f0c7cffe000-7f0c7d2fa000 rw-p 00000000 00:00 0 
7f0c7d2fa000-7f0c7d2fb000 ---p 00000000 00:00 0 
7f0c7d2fb000-7f0c7d3fb000 rw-p 00000000 00:00 0 
7f0c7d3fb000-7f0c7d3fc000 ---p 00000000 00:00 0 
7f0c7d3fc000-7f0c7d6fc000 rw-p 00000000 00:00 0 
7f0c7d6fc000-7f0c7d700000 ---p 00000000 00:00 0 
7f0c7d700000-7f0c7dffe000 rw-p 00000000 00:00 0 
7f0c7dffe000-7f0c7e002000 ---p 00000000 00:00 0 
7f0c7e002000-7f0c7e0fe000 rw-p 00000000 00:00 0 
7f0c7e0fe000-7f0c7e102000 ---p 00000000 00:00 0 
7f0c7e102000-7f0c7e1fe000 rw-p 00000000 00:00 0 
7f0c7e1fe000-7f0c7e202000 ---p 00000000 00:00 0 
7f0c7e202000-7f0c7e2fe000 rw-p 00000000 00:00 0 
7f0c7e2fe000-7f0c7e302000 ---p 00000000 00:00 0 
7f0c7e302000-7f0c7e3fe000 rw-p 00000000 00:00 0 
7f0c7e3fe000-7f0c7e402000 ---p 00000000 00:00 0 
7f0c7e402000-7f0c7e4fe000 rw-p 00000000 00:00 0 
7f0c7e4fe000-7f0c7e502000 ---p 00000000 00:00 0 
7f0c7e502000-7f0c7e7fe000 rw-p 00000000 00:00 0 
7f0c7e7fe000-7f0c7e802000 ---p 00000000 00:00 0 
7f0c7e802000-7f0c7e8fe000 rw-p 00000000 00:00 0 
7f0c7e8fe000-7f0c7e902000 ---p 00000000 00:00 0 
7f0c7e902000-7f0c7e9fe000 rw-p 00000000 00:00 0 
7f0c7e9fe000-7f0c7ea02000 ---p 00000000 00:00 0 
7f0c7ea02000-7f0c7eafe000 rw-p 00000000 00:00 0 
7f0c7eafe000-7f0c7eb02000 ---p 00000000 00:00 0 
7f0c7eb02000-7f0c7ebfe000 rw-p 00000000 00:00 0 
7f0c7ebfe000-7f0c7ec02000 ---p 00000000 00:00 0 
7f0c7ec02000-7f0c7ecfe000 rw-p 00000000 00:00 0 
7f0c7ecfe000-7f0c7ed02000 ---p 00000000 00:00 0 
7f0c7ed02000-7f0c7edfe000 rw-p 00000000 00:00 0 
7f0c7edfe000-7f0c7ee02000 ---p 00000000 00:00 0 
7f0c7ee02000-7f0c7eefe000 rw-p 00000000 00:00 0 
7f0c7eefe000-7f0c7ef02000 ---p 00000000 00:00 0 
7f0c7ef02000-7f0c7effe000 rw-p 00000000 00:00 0 
7f0c7effe000-7f0c7f002000 ---p 00000000 00:00 0 
7f0c7f002000-7f0c7f0fe000 rw-p 00000000 00:00 0 
7f0c7f0fe000-7f0c7f102000 ---p 00000000 00:00 0 
7f0c7f102000-7f0c7f1fe000 rw-p 00000000 00:00 0 
7f0c7f1fe000-7f0c7f202000 ---p 00000000 00:00 0 
7f0c7f202000-7f0c7f2fe000 rw-p 00000000 00:00 0 
7f0c7f2fe000-7f0c7f302000 ---p 00000000 00:00 0 
7f0c7f302000-7f0c7f3fe000 rw-p 00000000 00:00 0 
7f0c7f3fe000-7f0c7f402000 ---p 00000000 00:00 0 
7f0c7f402000-7f0c7f6fe000 rw-p 00000000 00:00 0 
7f0c7f6fe000-7f0c7f6ff000 ---p 00000000 00:00 0 
7f0c7f6ff000-7f0c7f7ff000 rw-p 00000000 00:00 0 
7f0c7f7ff000-7f0c7f800000 ---p 00000000 00:00 0 
7f0c7f800000-7f0c7f900000 rw-p 00000000 00:00 0 
7f0c7f900000-7f0c7f904000 ---p 00000000 00:00 0 
7f0c7f904000-7f0c7fa00000 rw-p 00000000 00:00 0 
7f0c7fa00000-7f0c7fa04000 ---p 00000000 00:00 0 
7f0c7fa04000-7f0c7fb00000 rw-p 00000000 00:00 0 
7f0c7fb00000-7f0c7fb04000 ---p 00000000 00:00 0 
7f0c7fb04000-7f0c7fe00000 rw-p 00000000 00:00 0 
7f0c7fe00000-7f0c7fe04000 ---p 00000000 00:00 0 
7f0c7fe04000-7f0c7ff00000 rw-p 00000000 00:00 0 
7f0c7ff00000-7f0c7ff04000 ---p 00000000 00:00 0 
7f0c7ff04000-7f0c80000000 rw-p 00000000 00:00 0 
7f0c80000000-7f0c80021000 rw-p 00000000 00:00 0 
7f0c80021000-7f0c84000000 ---p 00000000 00:00 0 
7f0c84000000-7f0c84021000 rw-p 00000000 00:00 0 
7f0c84021000-7f0c88000000 ---p 00000000 00:00 0 
7f0c88000000-7f0c88021000 rw-p 00000000 00:00 0 
7f0c88021000-7f0c8c000000 ---p 00000000 00:00 0 
7f0c8c000000-7f0c8c021000 rw-p 00000000 00:00 0 
7f0c8c021000-7f0c90000000 ---p 00000000 00:00 0 
7f0c90000000-7f0c90021000 rw-p 00000000 00:00 0 
7f0c90021000-7f0c94000000 ---p 00000000 00:00 0 
7f0c94000000-7f0c94021000 rw-p 00000000 00:00 0 
7f0c94021000-7f0c98000000 ---p 00000000 00:00 0 
7f0c98000000-7f0c98021000 rw-p 00000000 00:00 0 
7f0c98021000-7f0c9c000000 ---p 00000000 00:00 0 
7f0c9c000000-7f0c9c021000 rw-p 00000000 00:00 0 
7f0c9c021000-7f0ca0000000 ---p 00000000 00:00 0 
7f0ca0000000-7f0ca0021000 rw-p 00000000 00:00 0 
7f0ca0021000-7f0ca4000000 ---p 00000000 00:00 0 
7f0ca4000000-7f0ca4021000 rw-p 00000000 00:00 0 
7f0ca4021000-7f0ca8000000 ---p 00000000 00:00 0 
7f0ca8000000-7f0ca805d000 rw-p 00000000 00:00 0 
7f0ca805d000-7f0cac000000 ---p 00000000 00:00 0 
7f0cac000000-7f0cac021000 rw-p 00000000 00:00 0 
7f0cac021000-7f0cb0000000 ---p 00000000 00:00 0 
7f0cb0000000-7f0cb0021000 rw-p 00000000 00:00 0 
7f0cb0021000-7f0cb4000000 ---p 00000000 00:00 0 
7f0cb4000000-7f0cb4021000 rw-p 00000000 00:00 0 
7f0cb4021000-7f0cb8000000 ---p 00000000 00:00 0 
7f0cb8000000-7f0cb8021000 rw-p 00000000 00:00 0 
7f0cb8021000-7f0cbc000000 ---p 00000000 00:00 0 
7f0cbc000000-7f0cbc021000 rw-p 00000000 00:00 0 
7f0cbc021000-7f0cc0000000 ---p 00000000 00:00 0 
7f0cc0000000-7f0cc0021000 rw-p 00000000 00:00 0 
7f0cc0021000-7f0cc4000000 ---p 00000000 00:00 0 
7f0cc4000000-7f0cc4021000 rw-p 00000000 00:00 0 
7f0cc4021000-7f0cc8000000 ---p 00000000 00:00 0 
7f0cc8000000-7f0cc8021000 rw-p 00000000 00:00 0 
7f0cc8021000-7f0ccc000000 ---p 00000000 00:00 0 
7f0ccc000000-7f0ccc021000 rw-p 00000000 00:00 0 
7f0ccc021000-7f0cd0000000 ---p 00000000 00:00 0 
7f0cd0000000-7f0cd0021000 rw-p 00000000 00:00 0 
7f0cd0021000-7f0cd4000000 ---p 00000000 00:00 0 
7f0cd4000000-7f0cd4021000 rw-p 00000000 00:00 0 
7f0cd4021000-7f0cd8000000 ---p 00000000 00:00 0 
7f0cd8000000-7f0cd8246000 rw-p 00000000 00:00 0 
7f0cd8246000-7f0cdc000000 ---p 00000000 00:00 0 
7f0cdc000000-7f0cdc021000 rw-p 00000000 00:00 0 
7f0cdc021000-7f0ce0000000 ---p 00000000 00:00 0 
7f0ce0000000-7f0ce0021000 rw-p 00000000 00:00 0 
7f0ce0021000-7f0ce4000000 ---p 00000000 00:00 0 
7f0ce4000000-7f0ce402e000 rw-p 00000000 00:00 0 
7f0ce402e000-7f0ce8000000 ---p 00000000 00:00 0 
7f0ce8000000-7f0ce8021000 rw-p 00000000 00:00 0 
7f0ce8021000-7f0cec000000 ---p 00000000 00:00 0 
7f0cec000000-7f0cec021000 rw-p 00000000 00:00 0 
7f0cec021000-7f0cf0000000 ---p 00000000 00:00 0 
7f0cf0000000-7f0cf027f000 rw-p 00000000 00:00 0 
7f0cf027f000-7f0cf4000000 ---p 00000000 00:00 0 
7f0cf4000000-7f0cf4021000 rw-p 00000000 00:00 0 
7f0cf4021000-7f0cf8000000 ---p 00000000 00:00 0 
7f0cf8000000-7f0cfac07000 rw-p 00000000 00:00 0 
7f0cfac07000-7f0cfc000000 ---p 00000000 00:00 0 
7f0cfc000000-7f0cfc4d5000 rw-p 00000000 00:00 0 
7f0cfc4d5000-7f0d00000000 ---p 00000000 00:00 0 
7f0d00000000-7f0d0006d000 rw-p 00000000 00:00 0 
7f0d0006d000-7f0d04000000 ---p 00000000 00:00 0 
7f0d04000000-7f0d04029000 rw-p 00000000 00:00 0 
7f0d04029000-7f0d08000000 ---p 00000000 00:00 0 
7f0d080fd000-7f0d08101000 ---p 00000000 00:00 0 
7f0d08101000-7f0d081fd000 rw-p 00000000 00:00 0 
7f0d081fd000-7f0d08201000 ---p 00000000 00:00 0 
7f0d08201000-7f0d082fd000 rw-p 00000000 00:00 0 
7f0d082fd000-7f0d08301000 ---p 00000000 00:00 0 
7f0d08301000-7f0d083fd000 rw-p 00000000 00:00 0 
7f0d083fd000-7f0d08401000 ---p 00000000 00:00 0 
7f0d08401000-7f0d084fd000 rw-p 00000000 00:00 0 
7f0d084fd000-7f0d08501000 ---p 00000000 00:00 0 
7f0d08501000-7f0d085fd000 rw-p 00000000 00:00 0 
7f0d085fd000-7f0d08601000 ---p 00000000 00:00 0 
7f0d08601000-7f0d086fd000 rw-p 00000000 00:00 0 
7f0d086fd000-7f0d08701000 ---p 00000000 00:00 0 
7f0d08701000-7f0d087fd000 rw-p 00000000 00:00 0 
7f0d087fd000-7f0d08801000 ---p 00000000 00:00 0 
7f0d08801000-7f0d088fd000 rw-p 00000000 00:00 0 
7f0d088fd000-7f0d08901000 ---p 00000000 00:00 0 
7f0d08901000-7f0d089fd000 rw-p 00000000 00:00 0 
7f0d089fd000-7f0d08a01000 ---p 00000000 00:00 0 
7f0d08a01000-7f0d08afd000 rw-p 00000000 00:00 0 
7f0d08afd000-7f0d08b01000 ---p 00000000 00:00 0 
7f0d08b01000-7f0d08bfd000 rw-p 00000000 00:00 0 
7f0d08bfd000-7f0d08c01000 ---p 00000000 00:00 0 
7f0d08c01000-7f0d08cfd000 rw-p 00000000 00:00 0 
7f0d08cfd000-7f0d08d01000 ---p 00000000 00:00 0 
7f0d08d01000-7f0d08dfd000 rw-p 00000000 00:00 0 
7f0d08dfd000-7f0d08e01000 ---p 00000000 00:00 0 
7f0d08e01000-7f0d08efd000 rw-p 00000000 00:00 0 
7f0d08efd000-7f0d08f01000 ---p 00000000 00:00 0 
7f0d08f01000-7f0d08ffd000 rw-p 00000000 00:00 0 
7f0d08ffd000-7f0d09001000 ---p 00000000 00:00 0 
7f0d09001000-7f0d090fd000 rw-p 00000000 00:00 0 
7f0d090fd000-7f0d09101000 ---p 00000000 00:00 0 
7f0d09101000-7f0d091fd000 rw-p 00000000 00:00 0 
7f0d091fd000-7f0d09201000 ---p 00000000 00:00 0 
7f0d09201000-7f0d092fd000 rw-p 00000000 00:00 0 
7f0d092fd000-7f0d09301000 ---p 00000000 00:00 0 
7f0d09301000-7f0d093fd000 rw-p 00000000 00:00 0 
7f0d093fd000-7f0d09401000 ---p 00000000 00:00 0 
7f0d09401000-7f0d094fd000 rw-p 00000000 00:00 0 
7f0d094fd000-7f0d09501000 ---p 00000000 00:00 0 
7f0d09501000-7f0d095fd000 rw-p 00000000 00:00 0 
7f0d095fd000-7f0d09601000 ---p 00000000 00:00 0 
7f0d09601000-7f0d096fd000 rw-p 00000000 00:00 0 
7f0d096fd000-7f0d09701000 ---p 00000000 00:00 0 
7f0d09701000-7f0d099bd000 rw-p 00000000 00:00 0 
7f0d099bd000-7f0d09bbd000 rw-p 00000000 00:00 0 
7f0d09bbd000-7f0d09dfd000 rw-p 00000000 00:00 0 
7f0d09dfd000-7f0d09dfe000 ---p 00000000 00:00 0 
7f0d09dfe000-7f0d09efe000 rw-p 00000000 00:00 0 
7f0d09efe000-7f0d09eff000 ---p 00000000 00:00 0 
7f0d09eff000-7f0d09fff000 rw-p 00000000 00:00 0 
7f0d09fff000-7f0d0a000000 ---p 00000000 00:00 0 
7f0d0a000000-7f0d0a100000 rw-p 00000000 00:00 0 
7f0d0a100000-7f0d0a104000 ---p 00000000 00:00 0 
7f0d0a104000-7f0d0a200000 rw-p 00000000 00:00 0 
7f0d0a200000-7f0d0a202000 r-xp 00000000 08:30 217725                     /opt/java/openjdk/lib/libextnet.so
7f0d0a202000-7f0d0a401000 ---p 00002000 08:30 217725                     /opt/java/openjdk/lib/libextnet.so
7f0d0a401000-7f0d0a402000 r--p 00001000 08:30 217725                     /opt/java/openjdk/lib/libextnet.so
7f0d0a402000-7f0d0a403000 rw-p 00002000 08:30 217725                     /opt/java/openjdk/lib/libextnet.so
7f0d0a500000-7f0d0a504000 ---p 00000000 00:00 0 
7f0d0a504000-7f0d0a800000 rw-p 00000000 00:00 0 
7f0d0a800000-7f0d0a801000 r-xp 00000000 08:30 217742                     /opt/java/openjdk/lib/libjaas.so
7f0d0a801000-7f0d0aa00000 ---p 00001000 08:30 217742                     /opt/java/openjdk/lib/libjaas.so
7f0d0aa00000-7f0d0aa01000 r--p 00000000 08:30 217742                     /opt/java/openjdk/lib/libjaas.so
7f0d0aa01000-7f0d0aa02000 rw-p 00001000 08:30 217742                     /opt/java/openjdk/lib/libjaas.so
7f0d0aaff000-7f0d0acff000 rw-p 00000000 00:00 0 
7f0d0acff000-7f0d0ad03000 ---p 00000000 00:00 0 
7f0d0ad03000-7f0d0afff000 rw-p 00000000 00:00 0 
7f0d0afff000-7f0d0b003000 ---p 00000000 00:00 0 
7f0d0b003000-7f0d0b2bf000 rw-p 00000000 00:00 0 
7f0d0b2bf000-7f0d0b4ff000 rw-p 00000000 00:00 0 
7f0d0b4ff000-7f0d0b500000 ---p 00000000 00:00 0 
7f0d0b500000-7f0d0b7c0000 rw-p 00000000 00:00 0 
7f0d0b7c0000-7f0d0b9c0000 rw-p 00000000 00:00 0 
7f0d0b9c0000-7f0d0bc00000 rw-p 00000000 00:00 0 
7f0d0bc00000-7f0d0bc05000 r-xp 00000000 08:30 217760                     /opt/java/openjdk/lib/libmanagement_ext.so
7f0d0bc05000-7f0d0be05000 ---p 00005000 08:30 217760                     /opt/java/openjdk/lib/libmanagement_ext.so
7f0d0be05000-7f0d0be06000 r--p 00005000 08:30 217760                     /opt/java/openjdk/lib/libmanagement_ext.so
7f0d0be06000-7f0d0be07000 rw-p 00006000 08:30 217760                     /opt/java/openjdk/lib/libmanagement_ext.so
7f0d0beff000-7f0d0bf00000 ---p 00000000 00:00 0 
7f0d0bf00000-7f0d0c000000 rw-p 00000000 00:00 0 
7f0d0c000000-7f0d0c722000 rw-p 00000000 00:00 0 
7f0d0c722000-7f0d10000000 ---p 00000000 00:00 0 
7f0d10000000-7f0d10132000 rw-p 00000000 00:00 0 
7f0d10132000-7f0d14000000 ---p 00000000 00:00 0 
7f0d14000000-7f0d14021000 rw-p 00000000 00:00 0 
7f0d14021000-7f0d18000000 ---p 00000000 00:00 0 
7f0d18000000-7f0d18234000 rw-p 00000000 00:00 0 
7f0d18234000-7f0d1c000000 ---p 00000000 00:00 0 
7f0d1c000000-7f0d1c10e000 rw-p 00000000 00:00 0 
7f0d1c10e000-7f0d20000000 ---p 00000000 00:00 0 
7f0d20000000-7f0d20021000 rw-p 00000000 00:00 0 
7f0d20021000-7f0d24000000 ---p 00000000 00:00 0 
7f0d24000000-7f0d24021000 rw-p 00000000 00:00 0 
7f0d24021000-7f0d28000000 ---p 00000000 00:00 0 
7f0d28000000-7f0d28315000 rw-p 00000000 00:00 0 
7f0d28315000-7f0d2c000000 ---p 00000000 00:00 0 
7f0d2c000000-7f0d2dbd4000 rw-p 00000000 00:00 0 
7f0d2dbd4000-7f0d30000000 ---p 00000000 00:00 0 
7f0d30000000-7f0d302d3000 rw-p 00000000 00:00 0 
7f0d302d3000-7f0d34000000 ---p 00000000 00:00 0 
7f0d34000000-7f0d34021000 rw-p 00000000 00:00 0 
7f0d34021000-7f0d38000000 ---p 00000000 00:00 0 
7f0d38000000-7f0d38021000 rw-p 00000000 00:00 0 
7f0d38021000-7f0d3c000000 ---p 00000000 00:00 0 
7f0d3c000000-7f0d3c021000 rw-p 00000000 00:00 0 
7f0d3c021000-7f0d40000000 ---p 00000000 00:00 0 
7f0d40000000-7f0d40021000 rw-p 00000000 00:00 0 
7f0d40021000-7f0d44000000 ---p 00000000 00:00 0 
7f0d44000000-7f0d44021000 rw-p 00000000 00:00 0 
7f0d44021000-7f0d48000000 ---p 00000000 00:00 0 
7f0d48000000-7f0d48fb7000 rw-p 00000000 00:00 0 
7f0d48fb7000-7f0d4c000000 ---p 00000000 00:00 0 
7f0d4c000000-7f0d4c021000 rw-p 00000000 00:00 0 
7f0d4c021000-7f0d50000000 ---p 00000000 00:00 0 
7f0d50000000-7f0d5008f000 rw-p 00000000 00:00 0 
7f0d5008f000-7f0d54000000 ---p 00000000 00:00 0 
7f0d54000000-7f0d54200000 rw-p 00000000 00:00 0 
7f0d54200000-7f0d54204000 r-xp 00000000 08:30 217758                     /opt/java/openjdk/lib/libmanagement.so
7f0d54204000-7f0d54403000 ---p 00004000 08:30 217758                     /opt/java/openjdk/lib/libmanagement.so
7f0d54403000-7f0d54404000 r--p 00003000 08:30 217758                     /opt/java/openjdk/lib/libmanagement.so
7f0d54404000-7f0d54405000 rw-p 00004000 08:30 217758                     /opt/java/openjdk/lib/libmanagement.so
7f0d544fe000-7f0d54502000 ---p 00000000 00:00 0 
7f0d54502000-7f0d547fe000 rw-p 00000000 00:00 0 
7f0d547fe000-7f0d547ff000 ---p 00000000 00:00 0 
7f0d547ff000-7f0d548ff000 rw-p 00000000 00:00 0 
7f0d548ff000-7f0d54900000 ---p 00000000 00:00 0 
7f0d54900000-7f0d54a00000 rw-p 00000000 00:00 0 
7f0d54a00000-7f0d54a15000 r-xp 00000000 08:30 217766                     /opt/java/openjdk/lib/libnet.so
7f0d54a15000-7f0d54c14000 ---p 00015000 08:30 217766                     /opt/java/openjdk/lib/libnet.so
7f0d54c14000-7f0d54c15000 r--p 00014000 08:30 217766                     /opt/java/openjdk/lib/libnet.so
7f0d54c15000-7f0d54c16000 rw-p 00015000 08:30 217766                     /opt/java/openjdk/lib/libnet.so
7f0d54d00000-7f0d54d04000 ---p 00000000 00:00 0 
7f0d54d04000-7f0d54e00000 rw-p 00000000 00:00 0 
7f0d54e00000-7f0d54e10000 r-xp 00000000 08:30 217767                     /opt/java/openjdk/lib/libnio.so
7f0d54e10000-7f0d5500f000 ---p 00010000 08:30 217767                     /opt/java/openjdk/lib/libnio.so
7f0d5500f000-7f0d55010000 r--p 0000f000 08:30 217767                     /opt/java/openjdk/lib/libnio.so
7f0d55010000-7f0d55011000 rw-p 00010000 08:30 217767                     /opt/java/openjdk/lib/libnio.so
7f0d55015000-7f0d55019000 ---p 00000000 00:00 0 
7f0d55019000-7f0d55115000 rw-p 00000000 00:00 0 
7f0d55115000-7f0d55116000 ---p 00000000 00:00 0 
7f0d55116000-7f0d55216000 rw-p 00000000 00:00 0 
7f0d55216000-7f0d5521a000 ---p 00000000 00:00 0 
7f0d5521a000-7f0d55316000 rw-p 00000000 00:00 0 
7f0d55316000-7f0d5531a000 ---p 00000000 00:00 0 
7f0d5531a000-7f0d55416000 rw-p 00000000 00:00 0 
7f0d55416000-7f0d5541a000 ---p 00000000 00:00 0 
7f0d5541a000-7f0d55516000 rw-p 00000000 00:00 0 
7f0d55516000-7f0d5551a000 ---p 00000000 00:00 0 
7f0d5551a000-7f0d55616000 rw-p 00000000 00:00 0 
7f0d55616000-7f0d5561a000 ---p 00000000 00:00 0 
7f0d5561a000-7f0d55716000 rw-p 00000000 00:00 0 
7f0d55716000-7f0d5571a000 ---p 00000000 00:00 0 
7f0d5571a000-7f0d55816000 rw-p 00000000 00:00 0 
7f0d55816000-7f0d5581a000 ---p 00000000 00:00 0 
7f0d5581a000-7f0d55916000 rw-p 00000000 00:00 0 
7f0d55916000-7f0d5591a000 ---p 00000000 00:00 0 
7f0d5591a000-7f0d55a16000 rw-p 00000000 00:00 0 
7f0d55a16000-7f0d55cff000 r--p 00000000 08:30 204020                     /usr/lib/locale/locale-archive
7f0d55cff000-7f0d55d03000 ---p 00000000 00:00 0 
7f0d55d03000-7f0d55dff000 rw-p 00000000 00:00 0 
7f0d55dff000-7f0d55e03000 ---p 00000000 00:00 0 
7f0d55e03000-7f0d55eff000 rw-p 00000000 00:00 0 
7f0d55eff000-7f0d55f00000 ---p 00000000 00:00 0 
7f0d55f00000-7f0d58000000 rw-p 00000000 00:00 0 
7f0d58000000-7f0d58021000 rw-p 00000000 00:00 0 
7f0d58021000-7f0d5c000000 ---p 00000000 00:00 0 
7f0d5c0ef000-7f0d5c8ef000 rw-p 00000000 00:00 0 
7f0d5c8ef000-7f0d5c8f0000 ---p 00000000 00:00 0 
7f0d5c8f0000-7f0d5c9f0000 rw-p 00000000 00:00 0 
7f0d5c9f0000-7f0d5c9f1000 ---p 00000000 00:00 0 
7f0d5c9f1000-7f0d5d7fe000 rw-p 00000000 00:00 0 
7f0d5d7fe000-7f0d5d7ff000 ---p 00000000 00:00 0 
7f0d5d7ff000-7f0d5d8ff000 rw-p 00000000 00:00 0 
7f0d5d8ff000-7f0d5d900000 ---p 00000000 00:00 0 
7f0d5d900000-7f0d5e64c000 rw-p 00000000 00:00 0 
7f0d5e64c000-7f0d5e9f8000 ---p 00000000 00:00 0 
7f0d5e9f8000-7f0d5f64c000 rw-p 00000000 00:00 0 
7f0d5f64c000-7f0d5f9f8000 ---p 00000000 00:00 0 
7f0d5f9f8000-7f0d5fb8a000 rw-p 00000000 00:00 0 
7f0d5fb8a000-7f0d5fbff000 ---p 00000000 00:00 0 
7f0d5fbff000-7f0d5fd8a000 rw-p 00000000 00:00 0 
7f0d5fd8a000-7f0d5fdff000 ---p 00000000 00:00 0 
7f0d5fdff000-7f0d5ff8a000 rw-p 00000000 00:00 0 
7f0d5ff8a000-7f0d5ffff000 ---p 00000000 00:00 0 
7f0d5ffff000-7f0d60000000 rw-p 00000000 00:00 0 
7f0d60000000-7f0d6006f000 rw-p 00000000 00:00 0 
7f0d6006f000-7f0d64000000 ---p 00000000 00:00 0 
7f0d6409d000-7f0d647a4000 rw-p 00000000 00:00 0 
7f0d647a4000-7f0d64ab4000 rwxp 00000000 00:00 0 
7f0d64ab4000-7f0d64ee3000 ---p 00000000 00:00 0 
7f0d64ee3000-7f0d67713000 rwxp 00000000 00:00 0 
7f0d67713000-7f0d6c343000 ---p 00000000 00:00 0 
7f0d6c343000-7f0d6cdb3000 rwxp 00000000 00:00 0 
7f0d6cdb3000-7f0d737a4000 ---p 00000000 00:00 0 
7f0d737a4000-7f0d7c000000 r--s 00000000 08:30 217784                     /opt/java/openjdk/lib/modules
7f0d7c000000-7f0d7e7d3000 rw-p 00000000 00:00 0 
7f0d7e7d3000-7f0d80000000 ---p 00000000 00:00 0 
7f0d800fd000-7f0d80400000 rw-p 00000000 00:00 0 
7f0d80400000-7f0d8041b000 r-xp 00000000 08:30 217783                     /opt/java/openjdk/lib/libzip.so
7f0d8041b000-7f0d8061a000 ---p 0001b000 08:30 217783                     /opt/java/openjdk/lib/libzip.so
7f0d8061a000-7f0d8061b000 r--p 0001a000 08:30 217783                     /opt/java/openjdk/lib/libzip.so
7f0d8061b000-7f0d8061c000 rw-p 0001b000 08:30 217783                     /opt/java/openjdk/lib/libzip.so
7f0d806ff000-7f0d80800000 rw-p 00000000 00:00 0 
7f0d80800000-7f0d8081b000 r-xp 00000000 08:30 217748                     /opt/java/openjdk/lib/libjimage.so
7f0d8081b000-7f0d80a1a000 ---p 0001b000 08:30 217748                     /opt/java/openjdk/lib/libjimage.so
7f0d80a1a000-7f0d80a1c000 r--p 0001a000 08:30 217748                     /opt/java/openjdk/lib/libjimage.so
7f0d80a1c000-7f0d80a1d000 rw-p 0001c000 08:30 217748                     /opt/java/openjdk/lib/libjimage.so
7f0d80a3a000-7f0d80a3e000 ---p 00000000 00:00 0 
7f0d80a3e000-7f0d80a5c000 rw-p 00000000 00:00 0 
7f0d80a5c000-7f0d80a60000 ---p 00000000 00:00 0 
7f0d80a60000-7f0d80c00000 rw-p 00000000 00:00 0 
7f0d80c00000-7f0d80c29000 r-xp 00000000 08:30 217743                     /opt/java/openjdk/lib/libjava.so
7f0d80c29000-7f0d80e28000 ---p 00029000 08:30 217743                     /opt/java/openjdk/lib/libjava.so
7f0d80e28000-7f0d80e29000 r--p 00028000 08:30 217743                     /opt/java/openjdk/lib/libjava.so
7f0d80e29000-7f0d80e2a000 rw-p 00029000 08:30 217743                     /opt/java/openjdk/lib/libjava.so
7f0d80e2a000-7f0d80e2b000 rw-p 00000000 00:00 0 
7f0d80e4b000-7f0d81000000 rw-p 00000000 00:00 0 
7f0d81000000-7f0d8100d000 r-xp 00000000 08:30 217782                     /opt/java/openjdk/lib/libverify.so
7f0d8100d000-7f0d8120c000 ---p 0000d000 08:30 217782                     /opt/java/openjdk/lib/libverify.so
7f0d8120c000-7f0d8120e000 r--p 0000c000 08:30 217782                     /opt/java/openjdk/lib/libverify.so
7f0d8120e000-7f0d8120f000 rw-p 0000e000 08:30 217782                     /opt/java/openjdk/lib/libverify.so
7f0d81216000-7f0d81217000 ---p 00000000 00:00 0 
7f0d81217000-7f0d8132c000 rw-p 00000000 00:00 0 
7f0d8132c000-7f0d81400000 ---p 00000000 00:00 0 
7f0d81400000-7f0d82682000 r-xp 00000000 08:30 217819                     /opt/java/openjdk/lib/server/libjvm.so
7f0d82682000-7f0d82881000 ---p 01282000 08:30 217819                     /opt/java/openjdk/lib/server/libjvm.so
7f0d82881000-7f0d82947000 r--p 01281000 08:30 217819                     /opt/java/openjdk/lib/server/libjvm.so
7f0d82947000-7f0d82982000 rw-p 01347000 08:30 217819                     /opt/java/openjdk/lib/server/libjvm.so
7f0d82982000-7f0d829da000 rw-p 00000000 00:00 0 
7f0d829ee000-7f0d82a3f000 rw-p 00000000 00:00 0 
7f0d82a3f000-7f0d82ad7000 ---p 00000000 00:00 0 
7f0d82ad7000-7f0d82adb000 ---p 00000000 00:00 0 
7f0d82adb000-7f0d82bd7000 rw-p 00000000 00:00 0 
7f0d82bd7000-7f0d82bff000 r--p 00000000 08:30 201005                     /usr/lib/x86_64-linux-gnu/libc.so.6
7f0d82bff000-7f0d82d94000 r-xp 00028000 08:30 201005                     /usr/lib/x86_64-linux-gnu/libc.so.6
7f0d82d94000-7f0d82dec000 r--p 001bd000 08:30 201005                     /usr/lib/x86_64-linux-gnu/libc.so.6
7f0d82dec000-7f0d82ded000 ---p 00215000 08:30 201005                     /usr/lib/x86_64-linux-gnu/libc.so.6
7f0d82ded000-7f0d82df1000 r--p 00215000 08:30 201005                     /usr/lib/x86_64-linux-gnu/libc.so.6
7f0d82df1000-7f0d82df3000 rw-p 00219000 08:30 201005                     /usr/lib/x86_64-linux-gnu/libc.so.6
7f0d82df3000-7f0d82e00000 rw-p 00000000 00:00 0 
7f0d82e00000-7f0d82e1a000 r-xp 00000000 08:30 217710                     /opt/java/openjdk/lib/jli/libjli.so
7f0d82e1a000-7f0d8301a000 ---p 0001a000 08:30 217710                     /opt/java/openjdk/lib/jli/libjli.so
7f0d8301a000-7f0d8301b000 r--p 0001a000 08:30 217710                     /opt/java/openjdk/lib/jli/libjli.so
7f0d8301b000-7f0d8301c000 rw-p 0001b000 08:30 217710                     /opt/java/openjdk/lib/jli/libjli.so
7f0d8302f000-7f0d83036000 r--s 00000000 08:30 200973                     /usr/lib/x86_64-linux-gnu/gconv/gconv-modules.cache
7f0d83036000-7f0d830e2000 rw-p 00000000 00:00 0 
7f0d830e2000-7f0d830ea000 ---p 00000000 00:00 0 
7f0d830ea000-7f0d830f2000 rw-s 00000000 08:30 418671                     /tmp/hsperfdata_spark/75856
7f0d830f2000-7f0d830f3000 r--p 00000000 08:30 201102                     /usr/lib/x86_64-linux-gnu/librt.so.1
7f0d830f3000-7f0d830f4000 r-xp 00001000 08:30 201102                     /usr/lib/x86_64-linux-gnu/librt.so.1
7f0d830f4000-7f0d830f5000 r--p 00002000 08:30 201102                     /usr/lib/x86_64-linux-gnu/librt.so.1
7f0d830f5000-7f0d830f6000 r--p 00002000 08:30 201102                     /usr/lib/x86_64-linux-gnu/librt.so.1
7f0d830f6000-7f0d830f7000 rw-p 00003000 08:30 201102                     /usr/lib/x86_64-linux-gnu/librt.so.1
7f0d830f7000-7f0d83105000 r--p 00000000 08:30 201057                     /usr/lib/x86_64-linux-gnu/libm.so.6
7f0d83105000-7f0d83181000 r-xp 0000e000 08:30 201057                     /usr/lib/x86_64-linux-gnu/libm.so.6
7f0d83181000-7f0d831dc000 r--p 0008a000 08:30 201057                     /usr/lib/x86_64-linux-gnu/libm.so.6
7f0d831dc000-7f0d831dd000 r--p 000e4000 08:30 201057                     /usr/lib/x86_64-linux-gnu/libm.so.6
7f0d831dd000-7f0d831de000 rw-p 000e5000 08:30 201057                     /usr/lib/x86_64-linux-gnu/libm.so.6
7f0d831de000-7f0d831e0000 rw-p 00000000 00:00 0 
7f0d831e0000-7f0d831e1000 r--p 00000000 08:30 201019                     /usr/lib/x86_64-linux-gnu/libdl.so.2
7f0d831e1000-7f0d831e2000 r-xp 00001000 08:30 201019                     /usr/lib/x86_64-linux-gnu/libdl.so.2
7f0d831e2000-7f0d831e3000 r--p 00002000 08:30 201019                     /usr/lib/x86_64-linux-gnu/libdl.so.2
7f0d831e3000-7f0d831e4000 r--p 00002000 08:30 201019                     /usr/lib/x86_64-linux-gnu/libdl.so.2
7f0d831e4000-7f0d831e5000 rw-p 00003000 08:30 201019                     /usr/lib/x86_64-linux-gnu/libdl.so.2
7f0d831e5000-7f0d831e6000 r--p 00000000 08:30 201100                     /usr/lib/x86_64-linux-gnu/libpthread.so.0
7f0d831e6000-7f0d831e7000 r-xp 00001000 08:30 201100                     /usr/lib/x86_64-linux-gnu/libpthread.so.0
7f0d831e7000-7f0d831e8000 r--p 00002000 08:30 201100                     /usr/lib/x86_64-linux-gnu/libpthread.so.0
7f0d831e8000-7f0d831e9000 r--p 00002000 08:30 201100                     /usr/lib/x86_64-linux-gnu/libpthread.so.0
7f0d831e9000-7f0d831ea000 rw-p 00003000 08:30 201100                     /usr/lib/x86_64-linux-gnu/libpthread.so.0
7f0d831ee000-7f0d831ef000 ---p 00000000 00:00 0 
7f0d831ef000-7f0d831f0000 r--p 00000000 00:00 0 
7f0d831f0000-7f0d831f2000 rw-p 00000000 00:00 0 
7f0d831f2000-7f0d831f4000 r--p 00000000 08:30 200987                     /usr/lib/x86_64-linux-gnu/ld-linux-x86-64.so.2
7f0d831f4000-7f0d8321e000 r-xp 00002000 08:30 200987                     /usr/lib/x86_64-linux-gnu/ld-linux-x86-64.so.2
7f0d8321e000-7f0d83229000 r--p 0002c000 08:30 200987                     /usr/lib/x86_64-linux-gnu/ld-linux-x86-64.so.2
7f0d8322a000-7f0d8322c000 r--p 00037000 08:30 200987                     /usr/lib/x86_64-linux-gnu/ld-linux-x86-64.so.2
7f0d8322c000-7f0d8322e000 rw-p 00039000 08:30 200987                     /usr/lib/x86_64-linux-gnu/ld-linux-x86-64.so.2
7ffc23d62000-7ffc23d83000 rw-p 00000000 00:00 0                          [stack]
7ffc23db8000-7ffc23dbc000 r--p 00000000 00:00 0                          [vvar]
7ffc23dbc000-7ffc23dbe000 r-xp 00000000 00:00 0                          [vdso]


VM Arguments:
jvm_args: -Xmx1g -XX:+IgnoreUnrecognizedVMOptions --add-opens=java.base/java.lang=ALL-UNNAMED --add-opens=java.base/java.lang.invoke=ALL-UNNAMED --add-opens=java.base/java.lang.reflect=ALL-UNNAMED --add-opens=java.base/java.io=ALL-UNNAMED --add-opens=java.base/java.net=ALL-UNNAMED --add-opens=java.base/java.nio=ALL-UNNAMED --add-opens=java.base/java.util=ALL-UNNAMED --add-opens=java.base/java.util.concurrent=ALL-UNNAMED --add-opens=java.base/java.util.concurrent.atomic=ALL-UNNAMED --add-opens=java.base/jdk.internal.ref=ALL-UNNAMED --add-opens=java.base/sun.nio.ch=ALL-UNNAMED --add-opens=java.base/sun.nio.cs=ALL-UNNAMED --add-opens=java.base/sun.security.action=ALL-UNNAMED --add-opens=java.base/sun.util.calendar=ALL-UNNAMED --add-opens=java.security.jgss/sun.security.krb5=ALL-UNNAMED -Djdk.reflect.useDirectMethodHandle=false 
java_command: org.apache.spark.deploy.SparkSubmit --conf spark.jars.ivy=/tmp/.ivy2 --packages org.apache.iceberg:iceberg-spark-runtime-3.5_2.12:1.5.0,org.projectnessie.nessie-integrations:nessie-spark-extensions-3.5_2.12:0.77.1,software.amazon.awssdk:bundle:2.20.18,software.amazon.awssdk:url-connection-client:2.20.18 /opt/spark/work-dir/complex_transforms/05_iceberg_transforms.py
java_class_path (initial): /opt/spark/conf:/opt/spark/jars/kubernetes-model-core-6.7.2.jar:/opt/spark/jars/scala-reflect-2.12.18.jar:/opt/spark/jars/libthrift-0.12.0.jar:/opt/spark/jars/jersey-hk2-2.47.jar:/opt/spark/jars/spark-common-utils_2.12-3.5.9.jar:/opt/spark/jars/kubernetes-model-events-6.7.2.jar:/opt/spark/jars/kubernetes-model-autoscaling-6.7.2.jar:/opt/spark/jars/log4j-1.2-api-2.20.0.jar:/opt/spark/jars/netty-codec-http2-4.1.96.Final.jar:/opt/spark/jars/arrow-memory-core-12.0.1.jar:/opt/spark/jars/stax-api-1.0.1.jar:/opt/spark/jars/spark-catalyst_2.12-3.5.9.jar:/opt/spark/jars/guava-14.0.1.jar:/opt/spark/jars/kubernetes-client-api-6.7.2.jar:/opt/spark/jars/osgi-resource-locator-1.0.3.jar:/opt/spark/jars/netty-handler-4.1.96.Final.jar:/opt/spark/jars/mesos-1.4.3-shaded-protobuf.jar:/opt/spark/jars/httpcore-4.4.16.jar:/opt/spark/jars/compress-lzf-1.1.2.jar:/opt/spark/jars/jsr305-3.0.0.jar:/opt/spark/jars/hive-storage-api-2.8.1.jar:/opt/spark/jars/ivy-2.5.3.jar:/opt/spark/jars/javolution-5.5.1.jar:/opt/spark/jars/netty-codec-socks-4.1.96.Final.jar:/opt/spark/jars/spark-sql-api_2.12-3.5.9.jar:/opt/spark/jars/netty-handler-proxy-4.1.96.Final.jar:/opt/spark/jars/audience-annotations-0.5.0.jar:/opt/spark/jars/kubernetes-client-6.7.2.jar:/opt/spark/jars/jakarta.inject-2.6.1.jar:/opt/spark/jars/aopalliance-repackaged-2.6.1.jar:/opt/spark/jars/commons-compiler-3.1.9.jar:/opt/spark/jars/netty-all-4.1.96.Final.jar:/opt/spark/jars/netty-transport-4.1.96.Final.jar:/opt/spark/jars/commons-logging-1.1.3.jar:/opt/spark/jars/zstd-jni-1.5.5-4.jar:/opt/spark/jars/xz-1.9.jar:/opt/spark/jars/lz4-java-1.8.0.jar:/opt/spark/jars/kubernetes-model-common-6.7.2.jar:/opt/spark/jars/curator-recipes-2.13.0.jar:/opt/spark/jars/jackson-databind-2.15.2.jar:/opt/spark/jars/kubernetes-model-node-6.7.2.jar:/opt/spark/jars/curator-framework-2.13.0.jar:/opt/spark/jars/shims-0.9.45.jar:/opt/spark/jars/jackson-dataformat-yaml-2.15.2.jar:/opt/spark/jars/jakarta.servlet-api-4.0.3.jar:/opt/spark/
Launcher Type: SUN_STANDARD

[Global flags]
     intx CICompilerCount                          = 12                                        {product} {ergonomic}
     uint ConcGCThreads                            = 3                                         {product} {ergonomic}
     uint G1ConcRefinementThreads                  = 13                                        {product} {ergonomic}
   size_t G1HeapRegionSize                         = 1048576                                   {product} {ergonomic}
    uintx GCDrainStackTargetSize                   = 64                                        {product} {ergonomic}
     bool IgnoreUnrecognizedVMOptions              = true                                      {product} {command line}
   size_t InitialHeapSize                          = 130023424                                 {product} {ergonomic}
   size_t MarkStackSize                            = 4194304                                   {product} {ergonomic}
   size_t MaxHeapSize                              = 1073741824                                {product} {command line}
   size_t MaxNewSize                               = 643825664                                 {product} {ergonomic}
   size_t MinHeapDeltaBytes                        = 1048576                                   {product} {ergonomic}
    uintx NonNMethodCodeHeapSize                   = 7594288                                {pd product} {ergonomic}
    uintx NonProfiledCodeHeapSize                  = 122031976                              {pd product} {ergonomic}
    uintx ProfiledCodeHeapSize                     = 122031976                              {pd product} {ergonomic}
    uintx ReservedCodeCacheSize                    = 251658240                              {pd product} {ergonomic}
     bool SegmentedCodeCache                       = true                                      {product} {ergonomic}
     bool UseCompressedClassPointers               = true                                 {lp64_product} {ergonomic}
     bool UseCompressedOops                        = true                                 {lp64_product} {ergonomic}
     bool UseG1GC                                  = true                                      {product} {ergonomic}

Logging:
Log output configuration:
 #0: stdout all=warning uptime,level,tags
 #1: stderr all=off uptime,level,tags

Environment Variables:
JAVA_HOME=/opt/java/openjdk
PATH=/opt/java/openjdk/bin:/usr/local/sbin:/usr/local/bin:/usr/sbin:/usr/bin:/sbin:/bin
LANG=en_US.UTF-8
LC_ALL=en_US.UTF-8

Signal Handlers:
SIGSEGV: [libjvm.so+0xf51250], sa_mask[0]=11111111011111111101111111111110, sa_flags=SA_RESTART|SA_SIGINFO
SIGBUS: [libjvm.so+0xf51250], sa_mask[0]=11111111011111111101111111111110, sa_flags=SA_RESTART|SA_SIGINFO
SIGFPE: [libjvm.so+0xf51250], sa_mask[0]=11111111011111111101111111111110, sa_flags=SA_RESTART|SA_SIGINFO
SIGPIPE: [libjvm.so+0xc72f40], sa_mask[0]=11111111011111111101111111111110, sa_flags=SA_RESTART|SA_SIGINFO
SIGXFSZ: [libjvm.so+0xc72f40], sa_mask[0]=11111111011111111101111111111110, sa_flags=SA_RESTART|SA_SIGINFO
SIGILL: [libjvm.so+0xf51250], sa_mask[0]=11111111011111111101111111111110, sa_flags=SA_RESTART|SA_SIGINFO
SIGUSR2: [libjvm.so+0xc72de0], sa_mask[0]=00000000000000000000000000000000, sa_flags=SA_RESTART|SA_SIGINFO
SIGHUP: [libjvm.so+0xc73370], sa_mask[0]=11111111011111111101111111111110, sa_flags=SA_RESTART|SA_SIGINFO
SIGINT: [libjvm.so+0xc73370], sa_mask[0]=11111111011111111101111111111110, sa_flags=SA_RESTART|SA_SIGINFO
SIGTERM: [libjvm.so+0xc73370], sa_mask[0]=11111111011111111101111111111110, sa_flags=SA_RESTART|SA_SIGINFO
SIGQUIT: [libjvm.so+0xc73370], sa_mask[0]=11111111011111111101111111111110, sa_flags=SA_RESTART|SA_SIGINFO


---------------  S Y S T E M  ---------------

OS:DISTRIB_ID=Ubuntu
DISTRIB_RELEASE=22.04
DISTRIB_CODENAME=jammy
DISTRIB_DESCRIPTION="Ubuntu 22.04.5 LTS"
uname:Linux 6.6.114.1-microsoft-standard-WSL2 #1 SMP PREEMPT_DYNAMIC Mon Dec  1 20:46:23 UTC 2025 x86_64
OS uptime: 0 days 2:05 hours
libc:glibc 2.35 NPTL 2.35 
rlimit (soft/hard): STACK 8192k/infinity , CORE 0k/infinity , NPROC infinity/infinity , NOFILE 1048576/1048576 , AS infinity/infinity , CPU infinity/infinity , DATA infinity/infinity , FSIZE infinity/infinity , MEMLOCK infinity/infinity
load average:3.00 4.84 4.05

/proc/meminfo:
MemTotal:        8036432 kB
MemFree:           81648 kB
MemAvailable:    1274396 kB
Buffers:            3372 kB
Cached:          1285312 kB
SwapCached:        10532 kB
Active:          2053908 kB
Inactive:        5394112 kB
Active(anon):    1378792 kB
Inactive(anon):  4785032 kB
Active(file):     675116 kB
Inactive(file):   609080 kB
Unevictable:           0 kB
Mlocked:               0 kB
SwapTotal:       2097152 kB
SwapFree:             16 kB
Dirty:              1324 kB
Writeback:           128 kB
AnonPages:       6150936 kB
Mapped:           112600 kB
Shmem:              3300 kB
KReclaimable:      96640 kB
Slab:             198496 kB
SReclaimable:      96640 kB
SUnreclaim:       101856 kB
KernelStack:       21856 kB
PageTables:        29312 kB
SecPageTables:         0 kB
NFS_Unstable:          0 kB
Bounce:                0 kB
WritebackTmp:          0 kB
CommitLimit:     6115368 kB
Committed_AS:   11403912 kB
VmallocTotal:   34359738367 kB
VmallocUsed:       47588 kB
VmallocChunk:          0 kB
Percpu:             6464 kB
HardwareCorrupted:     0 kB
AnonHugePages:         0 kB
ShmemHugePages:        0 kB
ShmemPmdMapped:        0 kB
FileHugePages:         0 kB
FilePmdMapped:         0 kB
Unaccepted:            0 kB
HugePages_Total:       0
HugePages_Free:        0
HugePages_Rsvd:        0
HugePages_Surp:        0
Hugepagesize:       2048 kB
Hugetlb:               0 kB
DirectMap4k:       84992 kB
DirectMap2M:     5062656 kB
DirectMap1G:    12582912 kB

/sys/kernel/mm/transparent_hugepage/enabled:
always [madvise] never
/sys/kernel/mm/transparent_hugepage/defrag (defrag/compaction efforts parameter):
always defer defer+madvise [madvise] never

Process Memory:
Virtual Size: 11348396K (peak: 12467828K)
Resident Set Size: 1357032K (peak: 1357032K) (anon: 1327400K, file: 29632K, shmem: 0K)
Swapped out: 0K
C-Heap outstanding allocations: 208609K, retained: 124630K
glibc malloc tunables: (default)

/proc/sys/kernel/threads-max (system-wide limit on the number of threads):
62706
/proc/sys/vm/max_map_count (maximum number of memory map areas a process may have):
262144
/proc/sys/kernel/pid_max (system-wide limit on number of process identifiers):
99999

container (cgroup) information:
container_type: cgroupv2
cpu_cpuset_cpus: not supported
cpu_memory_nodes: not supported
active_processor_count: 16
cpu_quota: no quota
cpu_period: 100000
cpu_shares: no shares
memory_limit_in_bytes: unlimited
memory_and_swap_limit_in_bytes: unlimited
memory_soft_limit_in_bytes: unlimited
memory_usage_in_bytes: 4539468 k
memory_max_usage_in_bytes: not supported
rss_usage_in_bytes: not supported
cache_usage_in_bytes: not supported
memory_swap_current_in_bytes: 804700 k
memory_swap_max_limit_in_bytes: unlimited
maximum number of tasks: unlimited
current number of tasks: 452

Hyper-V virtualization detected
Steal ticks since vm start: 0
Steal ticks percentage since vm start:  0.000

CPU:total 16 (initial active 16) (16 cores per cpu, 2 threads per core) family 25 model 68 stepping 1 microcode 0xffffffff, cmov, cx8, fxsr, mmx, sse, sse2, sse3, ssse3, sse4.1, sse4.2, popcnt, avx, avx2, aes, clmul, erms, mmxext, 3dnowpref, lzcnt, sse4a, ht, tsc, tscinvbit, tscinv, bmi1, bmi2, adx, sha, fma
CPU Model and flags from /proc/cpuinfo:
model name	: AMD Ryzen 7 7435HS
flags		: fpu vme de pse tsc msr pae mce cx8 apic sep mtrr pge mca cmov pat pse36 clflush mmx fxsr sse sse2 ht syscall nx mmxext fxsr_opt pdpe1gb rdtscp lm constant_tsc rep_good nopl tsc_reliable nonstop_tsc cpuid extd_apicid tsc_known_freq pni pclmulqdq ssse3 fma cx16 sse4_1 sse4_2 movbe popcnt aes xsave avx f16c rdrand hypervisor lahf_lm cmp_legacy svm cr8_legacy abm sse4a misalignsse 3dnowprefetch osvw topoext perfctr_core ssbd ibrs ibpb stibp vmmcall fsgsbase bmi1 avx2 smep bmi2 erms invpcid rdseed adx smap clflushopt clwb sha_ni xsaveopt xsavec xgetbv1 xsaves clzero xsaveerptr arat npt nrip_save tsc_scale vmcb_clean flushbyasid decodeassists pausefilter pfthreshold v_vmsave_vmload umip vaes vpclmulqdq rdpid fsrm
Online cpus:
0-15
Offline cpus:

BIOS frequency limitation:
<Not Available>
Frequency switch latency (ns):
<Not Available>
Available cpu frequencies:
<Not Available>
Current governor:
<Not Available>
Core performance/turbo boost:
<Not Available>

Memory: 4k page, physical 8036432k(81648k free), swap 2097152k(16k free)

vm_info: OpenJDK 64-Bit Server VM (11.0.31+11) for linux-amd64 JRE (11.0.31+11), built on Apr 25 2026 12:54:35 by "" with gcc 7.5.0

END.
