#
# A fatal error has been detected by the Java Runtime Environment:
#
#  Internal Error (signature.cpp:53), pid=59999, tid=60609
#  fatal error: expecting (
#
# JRE version: OpenJDK Runtime Environment Temurin-11.0.31+11 (11.0.31+11) (build 11.0.31+11)
# Java VM: OpenJDK 64-Bit Server VM Temurin-11.0.31+11 (11.0.31+11, mixed mode, sharing, tiered, compressed oops, g1 gc, linux-amd64)
# Core dump will be written. Default location: Core dumps may be processed with "/wsl-capture-crash %t %E %p %s" (or dumping to /opt/spark/work-dir/core.59999)
#
# If you would like to submit a bug report, please visit:
#   https://github.com/adoptium/adoptium-support/issues
#

---------------  S U M M A R Y ------------

Command Line: -Xmx1g -XX:+IgnoreUnrecognizedVMOptions --add-opens=java.base/java.lang=ALL-UNNAMED --add-opens=java.base/java.lang.invoke=ALL-UNNAMED --add-opens=java.base/java.lang.reflect=ALL-UNNAMED --add-opens=java.base/java.io=ALL-UNNAMED --add-opens=java.base/java.net=ALL-UNNAMED --add-opens=java.base/java.nio=ALL-UNNAMED --add-opens=java.base/java.util=ALL-UNNAMED --add-opens=java.base/java.util.concurrent=ALL-UNNAMED --add-opens=java.base/java.util.concurrent.atomic=ALL-UNNAMED --add-opens=java.base/jdk.internal.ref=ALL-UNNAMED --add-opens=java.base/sun.nio.ch=ALL-UNNAMED --add-opens=java.base/sun.nio.cs=ALL-UNNAMED --add-opens=java.base/sun.security.action=ALL-UNNAMED --add-opens=java.base/sun.util.calendar=ALL-UNNAMED --add-opens=java.security.jgss/sun.security.krb5=ALL-UNNAMED -Djdk.reflect.useDirectMethodHandle=false org.apache.spark.deploy.SparkSubmit --conf spark.jars.ivy=/tmp/.ivy2 --packages org.apache.iceberg:iceberg-spark-runtime-3.5_2.12:1.5.0,org.projectnessie.nessie-integrations:nessie-spark-extensions-3.5_2.12:0.77.1,software.amazon.awssdk:bundle:2.20.18,software.amazon.awssdk:url-connection-client:2.20.18 /opt/spark/work-dir/complex_transforms/05_iceberg_transforms.py

Host: AMD Ryzen 7 7435HS, 16 cores, 7G, Ubuntu 22.04.5 LTS
Time: Thu Oct  1 16:18:54 2026 UTC elapsed time: 33.346910 seconds (0d 0h 0m 33s)

---------------  T H R E A D  ---------------

Current thread (0x0000792f1404f000):  JavaThread "Executor task launch worker for task 150.0 in stage 0.0 (TID 150)" daemon [_thread_in_vm, id=60609, stack(0x0000792de7400000,0x0000792de7500000)]

Stack: [0x0000792de7400000,0x0000792de7500000],  sp=0x0000792de74fc2c0,  free space=1008k
Native frames: (J=compiled Java code, A=aot compiled Java code, j=interpreted, Vv=VM code, C=native code)
V  [libjvm.so+0xf4f61a]  VMError::report_and_die(int, char const*, char const*, __va_list_tag*, Thread*, unsigned char*, void*, void*, char const*, int, unsigned long)+0x1ca
V  [libjvm.so+0x6d847f]  report_fatal(VMErrorType, char const*, int, char const*, ...)+0x10f
V  [libjvm.so+0xe1ed18]  SignatureIterator::iterate_parameters()+0x58
V  [libjvm.so+0x7a0943]  frame::interpreter_callee_receiver_addr(Symbol*)+0x43
V  [libjvm.so+0x8d8393]  InterpreterRuntime::resolve_invoke(JavaThread*, Bytecodes::Code)+0x1b3
V  [libjvm.so+0x8d94f5]  InterpreterRuntime::resolve_from_cache(JavaThread*, Bytecodes::Code)+0x165
j  org.apache.iceberg.shaded.io.netty.buffer.PoolArena.tcacheAllocateSmall+179
J 18487 c1 org.apache.iceberg.shaded.io.netty.buffer.PoolArena.allocate (90 bytes) @ 0x0000792fc3404714 [0x0000792fc34044a0+0x0000000000000274]
J 18486 c1 org.apache.iceberg.shaded.io.netty.buffer.PooledByteBufAllocatorL$InnerAllocator.newDirectBufferL(II)Lorg/apache/iceberg/shaded/io/netty/buffer/UnsafeDirectLittleEndian; (197 bytes) @ 0x0000792fc340820c [0x0000792fc34073e0+0x0000000000000e2c]
J 17211 c1 org.apache.iceberg.shaded.io.netty.buffer.PooledByteBufAllocatorL.allocate(J)Lorg/apache/iceberg/shaded/io/netty/buffer/UnsafeDirectLittleEndian; (47 bytes) @ 0x0000792fc3209164 [0x0000792fc3208fa0+0x00000000000001c4]
J 17237 c1 org.apache.iceberg.shaded.org.apache.arrow.memory.NettyAllocationManager.<init>(Lorg/apache/iceberg/shaded/org/apache/arrow/memory/BufferAllocator;JI)V (75 bytes) @ 0x0000792fc3213a2c [0x0000792fc32137c0+0x000000000000026c]
J 18492 c1 org.apache.iceberg.shaded.org.apache.arrow.memory.NettyAllocationManager$1.create(Lorg/apache/iceberg/shaded/org/apache/arrow/memory/BufferAllocator;J)Lorg/apache/iceberg/shaded/org/apache/arrow/memory/AllocationManager; (10 bytes) @ 0x0000792fc340f9ac [0x0000792fc340f860+0x000000000000014c]
J 18284 c1 org.apache.iceberg.shaded.org.apache.arrow.memory.BaseAllocator.bufferWithoutReservation(JLorg/apache/iceberg/shaded/org/apache/arrow/memory/BufferManager;)Lorg/apache/iceberg/shaded/org/apache/arrow/memory/ArrowBuf; (58 bytes) @ 0x0000792fc337694c [0x0000792fc3376880+0x00000000000000cc]
J 18481 c1 org.apache.iceberg.shaded.org.apache.arrow.memory.BaseAllocator.buffer(JLorg/apache/iceberg/shaded/org/apache/arrow/memory/BufferManager;)Lorg/apache/iceberg/shaded/org/apache/arrow/memory/ArrowBuf; (188 bytes) @ 0x0000792fc3405ad4 [0x0000792fc3405160+0x0000000000000974]
J 17210 c1 org.apache.iceberg.shaded.org.apache.arrow.memory.BaseAllocator.buffer(J)Lorg/apache/iceberg/shaded/org/apache/arrow/memory/ArrowBuf; (11 bytes) @ 0x0000792fc320765c [0x0000792fc3207460+0x00000000000001fc]
j  org.apache.iceberg.shaded.org.apache.arrow.vector.BaseVariableWidthVector.reallocDataBuffer(J)V+42
J 21885 c1 org.apache.iceberg.shaded.org.apache.arrow.vector.BaseVariableWidthVector.handleSafe(II)V (64 bytes) @ 0x0000792fc0f17304 [0x0000792fc0f16980+0x0000000000000984]
J 21887 c1 org.apache.iceberg.shaded.org.apache.arrow.vector.BaseVariableWidthVector.setValueLengthSafe(II)V (57 bytes) @ 0x0000792fc10a950c [0x0000792fc10a9440+0x00000000000000cc]
J 21884 c1 org.apache.iceberg.arrow.vectorized.parquet.VectorizedParquetDefinitionLevelReader$VarWidthReader.nextVal(Lorg/apache/iceberg/shaded/org/apache/arrow/vector/FieldVector;ILorg/apache/iceberg/parquet/ValuesAsBytesReader;I[B)V (70 bytes) @ 0x0000792fc10f5dd4 [0x0000792fc10f5a20+0x00000000000003b4]
J 21886 c1 org.apache.iceberg.arrow.vectorized.parquet.VectorizedParquetDefinitionLevelReader$BaseReader.nextBatch(Lorg/apache/iceberg/shaded/org/apache/arrow/vector/FieldVector;IIILorg/apache/iceberg/arrow/vectorized/NullabilityHolder;Lorg/apache/iceberg/parquet/ValuesAsBytesReader;)V (298 bytes) @ 0x0000792fc0f3418c [0x0000792fc0f336e0+0x0000000000000aac]
J 20747 c1 org.apache.iceberg.arrow.vectorized.parquet.VectorizedPageIterator$VarWidthTypePageReader.nextVal(Lorg/apache/iceberg/shaded/org/apache/arrow/vector/FieldVector;IIILorg/apache/iceberg/arrow/vectorized/NullabilityHolder;)V (28 bytes) @ 0x0000792fc374c154 [0x0000792fc374bfe0+0x0000000000000174]
J 18848 c1 org.apache.iceberg.arrow.vectorized.parquet.VectorizedPageIterator$BasePageReader.nextBatch(Lorg/apache/iceberg/shaded/org/apache/arrow/vector/FieldVector;IIILorg/apache/iceberg/arrow/vectorized/NullabilityHolder;)I (100 bytes) @ 0x0000792fc34d73e4 [0x0000792fc34d72e0+0x0000000000000104]
J 20712 c1 org.apache.iceberg.arrow.vectorized.parquet.VectorizedColumnIterator$VarWidthTypeBatchReader.nextBatchOf(Lorg/apache/iceberg/shaded/org/apache/arrow/vector/FieldVector;IIILorg/apache/iceberg/arrow/vectorized/NullabilityHolder;)I (21 bytes) @ 0x0000792fc373a1a4 [0x0000792fc373a060+0x0000000000000144]
J 18427 c1 org.apache.iceberg.arrow.vectorized.parquet.VectorizedColumnIterator$BatchReader.nextBatch(Lorg/apache/iceberg/shaded/org/apache/arrow/vector/FieldVector;ILorg/apache/iceberg/arrow/vectorized/NullabilityHolder;)V (83 bytes) @ 0x0000792fc33b18cc [0x0000792fc33b14a0+0x000000000000042c]
J 18610 c1 org.apache.iceberg.arrow.vectorized.VectorizedArrowReader.read(Lorg/apache/iceberg/arrow/vectorized/VectorHolder;I)Lorg/apache/iceberg/arrow/vectorized/VectorHolder; (496 bytes) @ 0x0000792fc34600cc [0x0000792fc345f380+0x0000000000000d4c]
J 19847 c1 org.apache.iceberg.spark.data.vectorized.ColumnarBatchReader$ColumnBatchLoader.readDataToColumnVectors()[Lorg/apache/spark/sql/vectorized/ColumnVector; (144 bytes) @ 0x0000792fc3619954 [0x0000792fc3619780+0x00000000000001d4]
J 20714 c1 org.apache.iceberg.spark.data.vectorized.ColumnarBatchReader$ColumnBatchLoader.loadDataToColumnBatch()Lorg/apache/spark/sql/vectorized/ColumnarBatch; (90 bytes) @ 0x0000792fc373c6bc [0x0000792fc373c620+0x000000000000009c]
J 20051 c1 org.apache.iceberg.spark.data.vectorized.ColumnarBatchReader.read(Ljava/lang/Object;I)Ljava/lang/Object; (10 bytes) @ 0x0000792fc3672a3c [0x0000792fc36728e0+0x000000000000015c]
J 20031 c1 org.apache.iceberg.parquet.VectorizedParquetReader$FileIterator.next()Ljava/lang/Object; (109 bytes) @ 0x0000792fc366861c [0x0000792fc3668500+0x000000000000011c]
J 19748 c1 org.apache.iceberg.spark.source.BaseReader.next()Z (156 bytes) @ 0x0000792fc35efaec [0x0000792fc35ef8a0+0x000000000000024c]
J 18396 c1 org.apache.spark.sql.execution.datasources.v2.PartitionIterator.hasNext()Z (43 bytes) @ 0x0000792fc33a9c9c [0x0000792fc33a9ae0+0x00000000000001bc]
J 18656 c1 org.apache.spark.sql.execution.datasources.v2.MetricsIterator.hasNext()Z (20 bytes) @ 0x0000792fc3492294 [0x0000792fc3492160+0x0000000000000134]
J 18566 c1 org.apache.spark.sql.execution.datasources.v2.DataSourceRDD$$anon$1.hasNext()Z (28 bytes) @ 0x0000792fc343afcc [0x0000792fc343a980+0x000000000000064c]
J 19688 c1 org.apache.spark.InterruptibleIterator.hasNext()Z (17 bytes) @ 0x0000792fc35e2c04 [0x0000792fc35e2b60+0x00000000000000a4]
J 20837 c2 scala.collection.Iterator$$anon$10.hasNext()Z (10 bytes) @ 0x0000792fc8d19b74 [0x0000792fc8d19b20+0x0000000000000054]
J 20299 c2 org.apache.spark.sql.catalyst.expressions.GeneratedClass$GeneratedIteratorForCodegenStage1.hashAgg_doAggregateWithKeys_0$(Lorg/apache/spark/sql/catalyst/expressions/GeneratedClass$GeneratedIteratorForCodegenStage1;)V (416 bytes) @ 0x0000792fc8c8ad84 [0x0000792fc8c8ac00+0x0000000000000184]
J 20648 c2 org.apache.spark.sql.catalyst.expressions.GeneratedClass$GeneratedIteratorForCodegenStage1.processNext()V (249 bytes) @ 0x0000792fc8cd83d8 [0x0000792fc8cd77c0+0x0000000000000c18]
J 20643 c2 org.apache.spark.sql.execution.WholeStageCodegenEvaluatorFactory$WholeStageCodegenPartitionEvaluator$$anon$1.hasNext()Z (37 bytes) @ 0x0000792fc8cf9ca0 [0x0000792fc8cf9c40+0x0000000000000060]
J 20837 c2 scala.collection.Iterator$$anon$10.hasNext()Z (10 bytes) @ 0x0000792fc8d19b74 [0x0000792fc8d19b20+0x0000000000000054]
J 21436 c1 org.apache.spark.shuffle.sort.BypassMergeSortShuffleWriter.write(Lscala/collection/Iterator;)V (504 bytes) @ 0x0000792fc382ccf4 [0x0000792fc382cac0+0x0000000000000234]
j  org.apache.spark.shuffle.ShuffleWriteProcessor.write(Lorg/apache/spark/rdd/RDD;Lorg/apache/spark/ShuffleDependency;JLorg/apache/spark/TaskContext;Lorg/apache/spark/Partition;)Lorg/apache/spark/scheduler/MapStatus;+46
j  org.apache.spark.scheduler.ShuffleMapTask.runTask(Lorg/apache/spark/TaskContext;)Lorg/apache/spark/scheduler/MapStatus;+189
j  org.apache.spark.scheduler.ShuffleMapTask.runTask(Lorg/apache/spark/TaskContext;)Ljava/lang/Object;+2
j  org.apache.spark.TaskContext.runTaskWithListeners(Lorg/apache/spark/scheduler/Task;)Ljava/lang/Object;+2
j  org.apache.spark.scheduler.Task.run(JILorg/apache/spark/metrics/MetricsSystem;ILscala/collection/immutable/Map;Lscala/Option;)Ljava/lang/Object;+254
j  org.apache.spark.executor.Executor$TaskRunner.$anonfun$run$4(Lorg/apache/spark/executor/Executor$TaskRunner;Lscala/runtime/BooleanRef;)Ljava/lang/Object;+43
j  org.apache.spark.executor.Executor$TaskRunner$$Lambda$3814.apply()Ljava/lang/Object;+8
J 20705 c2 org.apache.spark.util.SparkErrorUtils.tryWithSafeFinally(Lscala/Function0;Lscala/Function0;)Ljava/lang/Object; (211 bytes) @ 0x0000792fc8cfa218 [0x0000792fc8cfa1c0+0x0000000000000058]
J 17635 c1 org.apache.spark.util.Utils$.tryWithSafeFinally(Lscala/Function0;Lscala/Function0;)Ljava/lang/Object; (7 bytes) @ 0x0000792fc32c71ac [0x0000792fc32c70e0+0x00000000000000cc]
j  org.apache.spark.executor.Executor$TaskRunner.run()V+560
j  java.util.concurrent.ThreadPoolExecutor.runWorker(Ljava/util/concurrent/ThreadPoolExecutor$Worker;)V+92 java.base@11.0.31
j  java.util.concurrent.ThreadPoolExecutor$Worker.run()V+5 java.base@11.0.31
j  java.lang.Thread.run()V+11 java.base@11.0.31
v  ~StubRoutines::call_stub
V  [libjvm.so+0x8e2bdb]  JavaCalls::call_helper(JavaValue*, methodHandle const&, JavaCallArguments*, Thread*)+0x39b
V  [libjvm.so+0x8e0b9d]  JavaCalls::call_virtual(JavaValue*, Handle, Klass*, Symbol*, Symbol*, Thread*)+0x1ed
V  [libjvm.so+0x98f58c]  thread_entry(JavaThread*, Thread*)+0x6c
V  [libjvm.so+0xee364a]  JavaThread::thread_main_inner()+0x1ba
V  [libjvm.so+0xee028f]  Thread::call_run()+0x14f
V  [libjvm.so+0xc7e016]  thread_native_entry(Thread*)+0xe6

Java frames: (J=compiled Java code, j=interpreted, Vv=VM code)
j  org.apache.iceberg.shaded.io.netty.buffer.PoolArena.tcacheAllocateSmall+179
J 18487 c1 org.apache.iceberg.shaded.io.netty.buffer.PoolArena.allocate (90 bytes) @ 0x0000792fc3404714 [0x0000792fc34044a0+0x0000000000000274]
J 18486 c1 org.apache.iceberg.shaded.io.netty.buffer.PooledByteBufAllocatorL$InnerAllocator.newDirectBufferL(II)Lorg/apache/iceberg/shaded/io/netty/buffer/UnsafeDirectLittleEndian; (197 bytes) @ 0x0000792fc340820c [0x0000792fc34073e0+0x0000000000000e2c]
J 17211 c1 org.apache.iceberg.shaded.io.netty.buffer.PooledByteBufAllocatorL.allocate(J)Lorg/apache/iceberg/shaded/io/netty/buffer/UnsafeDirectLittleEndian; (47 bytes) @ 0x0000792fc3209164 [0x0000792fc3208fa0+0x00000000000001c4]
J 17237 c1 org.apache.iceberg.shaded.org.apache.arrow.memory.NettyAllocationManager.<init>(Lorg/apache/iceberg/shaded/org/apache/arrow/memory/BufferAllocator;JI)V (75 bytes) @ 0x0000792fc3213a2c [0x0000792fc32137c0+0x000000000000026c]
J 18492 c1 org.apache.iceberg.shaded.org.apache.arrow.memory.NettyAllocationManager$1.create(Lorg/apache/iceberg/shaded/org/apache/arrow/memory/BufferAllocator;J)Lorg/apache/iceberg/shaded/org/apache/arrow/memory/AllocationManager; (10 bytes) @ 0x0000792fc340f9ac [0x0000792fc340f860+0x000000000000014c]
J 18284 c1 org.apache.iceberg.shaded.org.apache.arrow.memory.BaseAllocator.bufferWithoutReservation(JLorg/apache/iceberg/shaded/org/apache/arrow/memory/BufferManager;)Lorg/apache/iceberg/shaded/org/apache/arrow/memory/ArrowBuf; (58 bytes) @ 0x0000792fc337694c [0x0000792fc3376880+0x00000000000000cc]
J 18481 c1 org.apache.iceberg.shaded.org.apache.arrow.memory.BaseAllocator.buffer(JLorg/apache/iceberg/shaded/org/apache/arrow/memory/BufferManager;)Lorg/apache/iceberg/shaded/org/apache/arrow/memory/ArrowBuf; (188 bytes) @ 0x0000792fc3405ad4 [0x0000792fc3405160+0x0000000000000974]
J 17210 c1 org.apache.iceberg.shaded.org.apache.arrow.memory.BaseAllocator.buffer(J)Lorg/apache/iceberg/shaded/org/apache/arrow/memory/ArrowBuf; (11 bytes) @ 0x0000792fc320765c [0x0000792fc3207460+0x00000000000001fc]
j  org.apache.iceberg.shaded.org.apache.arrow.vector.BaseVariableWidthVector.reallocDataBuffer(J)V+42
J 21885 c1 org.apache.iceberg.shaded.org.apache.arrow.vector.BaseVariableWidthVector.handleSafe(II)V (64 bytes) @ 0x0000792fc0f17304 [0x0000792fc0f16980+0x0000000000000984]
J 21887 c1 org.apache.iceberg.shaded.org.apache.arrow.vector.BaseVariableWidthVector.setValueLengthSafe(II)V (57 bytes) @ 0x0000792fc10a950c [0x0000792fc10a9440+0x00000000000000cc]
J 21884 c1 org.apache.iceberg.arrow.vectorized.parquet.VectorizedParquetDefinitionLevelReader$VarWidthReader.nextVal(Lorg/apache/iceberg/shaded/org/apache/arrow/vector/FieldVector;ILorg/apache/iceberg/parquet/ValuesAsBytesReader;I[B)V (70 bytes) @ 0x0000792fc10f5dd4 [0x0000792fc10f5a20+0x00000000000003b4]
J 21886 c1 org.apache.iceberg.arrow.vectorized.parquet.VectorizedParquetDefinitionLevelReader$BaseReader.nextBatch(Lorg/apache/iceberg/shaded/org/apache/arrow/vector/FieldVector;IIILorg/apache/iceberg/arrow/vectorized/NullabilityHolder;Lorg/apache/iceberg/parquet/ValuesAsBytesReader;)V (298 bytes) @ 0x0000792fc0f3418c [0x0000792fc0f336e0+0x0000000000000aac]
J 20747 c1 org.apache.iceberg.arrow.vectorized.parquet.VectorizedPageIterator$VarWidthTypePageReader.nextVal(Lorg/apache/iceberg/shaded/org/apache/arrow/vector/FieldVector;IIILorg/apache/iceberg/arrow/vectorized/NullabilityHolder;)V (28 bytes) @ 0x0000792fc374c154 [0x0000792fc374bfe0+0x0000000000000174]
J 18848 c1 org.apache.iceberg.arrow.vectorized.parquet.VectorizedPageIterator$BasePageReader.nextBatch(Lorg/apache/iceberg/shaded/org/apache/arrow/vector/FieldVector;IIILorg/apache/iceberg/arrow/vectorized/NullabilityHolder;)I (100 bytes) @ 0x0000792fc34d73e4 [0x0000792fc34d72e0+0x0000000000000104]
J 20712 c1 org.apache.iceberg.arrow.vectorized.parquet.VectorizedColumnIterator$VarWidthTypeBatchReader.nextBatchOf(Lorg/apache/iceberg/shaded/org/apache/arrow/vector/FieldVector;IIILorg/apache/iceberg/arrow/vectorized/NullabilityHolder;)I (21 bytes) @ 0x0000792fc373a1a4 [0x0000792fc373a060+0x0000000000000144]
J 18427 c1 org.apache.iceberg.arrow.vectorized.parquet.VectorizedColumnIterator$BatchReader.nextBatch(Lorg/apache/iceberg/shaded/org/apache/arrow/vector/FieldVector;ILorg/apache/iceberg/arrow/vectorized/NullabilityHolder;)V (83 bytes) @ 0x0000792fc33b18cc [0x0000792fc33b14a0+0x000000000000042c]
J 18610 c1 org.apache.iceberg.arrow.vectorized.VectorizedArrowReader.read(Lorg/apache/iceberg/arrow/vectorized/VectorHolder;I)Lorg/apache/iceberg/arrow/vectorized/VectorHolder; (496 bytes) @ 0x0000792fc34600cc [0x0000792fc345f380+0x0000000000000d4c]
J 19847 c1 org.apache.iceberg.spark.data.vectorized.ColumnarBatchReader$ColumnBatchLoader.readDataToColumnVectors()[Lorg/apache/spark/sql/vectorized/ColumnVector; (144 bytes) @ 0x0000792fc3619954 [0x0000792fc3619780+0x00000000000001d4]
J 20714 c1 org.apache.iceberg.spark.data.vectorized.ColumnarBatchReader$ColumnBatchLoader.loadDataToColumnBatch()Lorg/apache/spark/sql/vectorized/ColumnarBatch; (90 bytes) @ 0x0000792fc373c6bc [0x0000792fc373c620+0x000000000000009c]
J 20051 c1 org.apache.iceberg.spark.data.vectorized.ColumnarBatchReader.read(Ljava/lang/Object;I)Ljava/lang/Object; (10 bytes) @ 0x0000792fc3672a3c [0x0000792fc36728e0+0x000000000000015c]
J 20031 c1 org.apache.iceberg.parquet.VectorizedParquetReader$FileIterator.next()Ljava/lang/Object; (109 bytes) @ 0x0000792fc366861c [0x0000792fc3668500+0x000000000000011c]
J 19748 c1 org.apache.iceberg.spark.source.BaseReader.next()Z (156 bytes) @ 0x0000792fc35efaec [0x0000792fc35ef8a0+0x000000000000024c]
J 18396 c1 org.apache.spark.sql.execution.datasources.v2.PartitionIterator.hasNext()Z (43 bytes) @ 0x0000792fc33a9c9c [0x0000792fc33a9ae0+0x00000000000001bc]
J 18656 c1 org.apache.spark.sql.execution.datasources.v2.MetricsIterator.hasNext()Z (20 bytes) @ 0x0000792fc3492294 [0x0000792fc3492160+0x0000000000000134]
J 18566 c1 org.apache.spark.sql.execution.datasources.v2.DataSourceRDD$$anon$1.hasNext()Z (28 bytes) @ 0x0000792fc343afcc [0x0000792fc343a980+0x000000000000064c]
J 19688 c1 org.apache.spark.InterruptibleIterator.hasNext()Z (17 bytes) @ 0x0000792fc35e2c04 [0x0000792fc35e2b60+0x00000000000000a4]
J 20837 c2 scala.collection.Iterator$$anon$10.hasNext()Z (10 bytes) @ 0x0000792fc8d19b74 [0x0000792fc8d19b20+0x0000000000000054]
J 20299 c2 org.apache.spark.sql.catalyst.expressions.GeneratedClass$GeneratedIteratorForCodegenStage1.hashAgg_doAggregateWithKeys_0$(Lorg/apache/spark/sql/catalyst/expressions/GeneratedClass$GeneratedIteratorForCodegenStage1;)V (416 bytes) @ 0x0000792fc8c8ad84 [0x0000792fc8c8ac00+0x0000000000000184]
J 20648 c2 org.apache.spark.sql.catalyst.expressions.GeneratedClass$GeneratedIteratorForCodegenStage1.processNext()V (249 bytes) @ 0x0000792fc8cd83d8 [0x0000792fc8cd77c0+0x0000000000000c18]
J 20643 c2 org.apache.spark.sql.execution.WholeStageCodegenEvaluatorFactory$WholeStageCodegenPartitionEvaluator$$anon$1.hasNext()Z (37 bytes) @ 0x0000792fc8cf9ca0 [0x0000792fc8cf9c40+0x0000000000000060]
J 20837 c2 scala.collection.Iterator$$anon$10.hasNext()Z (10 bytes) @ 0x0000792fc8d19b74 [0x0000792fc8d19b20+0x0000000000000054]
J 21436 c1 org.apache.spark.shuffle.sort.BypassMergeSortShuffleWriter.write(Lscala/collection/Iterator;)V (504 bytes) @ 0x0000792fc382ccf4 [0x0000792fc382cac0+0x0000000000000234]
j  org.apache.spark.shuffle.ShuffleWriteProcessor.write(Lorg/apache/spark/rdd/RDD;Lorg/apache/spark/ShuffleDependency;JLorg/apache/spark/TaskContext;Lorg/apache/spark/Partition;)Lorg/apache/spark/scheduler/MapStatus;+46
j  org.apache.spark.scheduler.ShuffleMapTask.runTask(Lorg/apache/spark/TaskContext;)Lorg/apache/spark/scheduler/MapStatus;+189
j  org.apache.spark.scheduler.ShuffleMapTask.runTask(Lorg/apache/spark/TaskContext;)Ljava/lang/Object;+2
j  org.apache.spark.TaskContext.runTaskWithListeners(Lorg/apache/spark/scheduler/Task;)Ljava/lang/Object;+2
j  org.apache.spark.scheduler.Task.run(JILorg/apache/spark/metrics/MetricsSystem;ILscala/collection/immutable/Map;Lscala/Option;)Ljava/lang/Object;+254
j  org.apache.spark.executor.Executor$TaskRunner.$anonfun$run$4(Lorg/apache/spark/executor/Executor$TaskRunner;Lscala/runtime/BooleanRef;)Ljava/lang/Object;+43
j  org.apache.spark.executor.Executor$TaskRunner$$Lambda$3814.apply()Ljava/lang/Object;+8
J 20705 c2 org.apache.spark.util.SparkErrorUtils.tryWithSafeFinally(Lscala/Function0;Lscala/Function0;)Ljava/lang/Object; (211 bytes) @ 0x0000792fc8cfa218 [0x0000792fc8cfa1c0+0x0000000000000058]
J 17635 c1 org.apache.spark.util.Utils$.tryWithSafeFinally(Lscala/Function0;Lscala/Function0;)Ljava/lang/Object; (7 bytes) @ 0x0000792fc32c71ac [0x0000792fc32c70e0+0x00000000000000cc]
j  org.apache.spark.executor.Executor$TaskRunner.run()V+560
j  java.util.concurrent.ThreadPoolExecutor.runWorker(Ljava/util/concurrent/ThreadPoolExecutor$Worker;)V+92 java.base@11.0.31
j  java.util.concurrent.ThreadPoolExecutor$Worker.run()V+5 java.base@11.0.31
j  java.lang.Thread.run()V+11 java.base@11.0.31
v  ~StubRoutines::call_stub

---------------  P R O C E S S  ---------------

Threads class SMR info:
_java_thread_list=0x0000792dbc015f70, length=121, elements={
0x0000792fd802a800, 0x0000792fd812f800, 0x0000792fd8131800, 0x0000792fd8137000,
0x0000792fd8139000, 0x0000792fd813b800, 0x0000792fd813d800, 0x0000792fd813f800,
0x0000792fd8179800, 0x0000792fd9ec9000, 0x0000792fd9496800, 0x0000792fda073800,
0x0000792fda07c800, 0x0000792f48007800, 0x0000792f7c581800, 0x0000792f7c588000,
0x0000792f7c589000, 0x0000792f7c58b000, 0x0000792f7c58c800, 0x0000792f7c58e800,
0x0000792f7c590000, 0x0000792f7c592000, 0x0000792f7c593800, 0x0000792f7c595800,
0x0000792f7c597000, 0x0000792f7c599000, 0x0000792f7c59a800, 0x0000792f7c59c800,
0x0000792f7c59e800, 0x0000792f7c5a0000, 0x0000792f7c5a1800, 0x0000792f7c5d8800,
0x0000792f7c5e7000, 0x0000792f7c5e8800, 0x0000792f7c5ea800, 0x0000792f7c5ee800,
0x0000792f7c5f0800, 0x0000792f7c5f2000, 0x0000792f7c5f4000, 0x0000792f7c619800,
0x0000792f7c6c2800, 0x0000792f7c6c7000, 0x0000792f7c7d6000, 0x0000792f7c7d7000,
0x0000792f7c7d9000, 0x0000792f7c7da800, 0x0000792f7c7dc800, 0x0000792f7c7de000,
0x0000792f7c7e0000, 0x0000792f7c7e2000, 0x0000792f48009800, 0x0000792f7c81a800,
0x0000792f7c834800, 0x0000792f7c855000, 0x0000792f7c85e800, 0x0000792e90004000,
0x0000792e94019000, 0x0000792f7c867800, 0x0000792f7c869800, 0x0000792f7c8a3000,
0x0000792f7c8a8800, 0x0000792f7c8b9800, 0x0000792f7c8bd000, 0x0000792f7c8f9800,
0x0000792f6c10a000, 0x0000792f84018000, 0x0000792f7c8ee000, 0x0000792f7c90e000,
0x0000792f7c90f800, 0x0000792f7c918800, 0x0000792f7c91a800, 0x0000792e60034800,
0x0000792f58083800, 0x0000792f7d74e800, 0x0000792e48009800, 0x0000792e4800c000,
0x0000792e4800e800, 0x0000792e44002000, 0x0000792e44004000, 0x0000792e44006000,
0x0000792f7d8e0800, 0x0000792f7db06000, 0x0000792f7e377800, 0x0000792f7e378800,
0x0000792f7e37a000, 0x0000792f7e37b800, 0x0000792f7e37d800, 0x0000792f7e37f800,
0x0000792f7e381000, 0x0000792f7e383000, 0x0000792f7e384800, 0x0000792f7e386800,
0x0000792f7e388000, 0x0000792f7e38a000, 0x0000792f7e38c000, 0x0000792f7e38d800,
0x0000792f7e38f800, 0x0000792f7e34c000, 0x0000792f1403c000, 0x0000792f1403c800,
0x0000792f1403d800, 0x0000792f1403f800, 0x0000792f14041800, 0x0000792f14043000,
0x0000792f14049800, 0x0000792f1404b000, 0x0000792f1404d000, 0x0000792f1404f000,
0x0000792f14050800, 0x0000792f14052800, 0x0000792f14054800, 0x0000792f14057000,
0x0000792f14059000, 0x0000792f1405b000, 0x0000792db4014800, 0x0000792f00002000,
0x0000792f00005000, 0x0000792f00006800, 0x0000792f00008800, 0x0000792dbc027800,
0x0000792dbc024800
}

Java Threads: ( => current thread )
  0x0000792fd802a800 JavaThread "main" [_thread_blocked, id=60058, stack(0x0000792fe0ff0000,0x0000792fe10f0000)]
  0x0000792fd812f800 JavaThread "Reference Handler" daemon [_thread_blocked, id=60065, stack(0x0000792fb83fd000,0x0000792fb84fd000)]
  0x0000792fd8131800 JavaThread "Finalizer" daemon [_thread_blocked, id=60066, stack(0x0000792fb82fd000,0x0000792fb83fd000)]
  0x0000792fd8137000 JavaThread "Signal Dispatcher" daemon [_thread_blocked, id=60067, stack(0x0000792f9bf00000,0x0000792f9c000000)]
  0x0000792fd8139000 JavaThread "Service Thread" daemon [_thread_blocked, id=60068, stack(0x0000792f9be00000,0x0000792f9bf00000)]
  0x0000792fd813b800 JavaThread "C2 CompilerThread0" daemon [_thread_in_vm, id=60069, stack(0x0000792f9bd00000,0x0000792f9be00000)]
  0x0000792fd813d800 JavaThread "C1 CompilerThread0" daemon [_thread_blocked, id=60070, stack(0x0000792f9bc00000,0x0000792f9bd00000)]
  0x0000792fd813f800 JavaThread "Sweeper thread" daemon [_thread_blocked, id=60071, stack(0x0000792f9bb00000,0x0000792f9bc00000)]
  0x0000792fd8179800 JavaThread "Common-Cleaner" daemon [_thread_blocked, id=60074, stack(0x0000792f9b800000,0x0000792f9b900000)]
  0x0000792fd9ec9000 JavaThread "process reaper (pid 60188)" daemon [_thread_in_native, id=60183, stack(0x0000792fdf431000,0x0000792fdf453000)]
  0x0000792fd9496800 JavaThread "org.apache.hadoop.fs.FileSystem$Statistics$StatisticsDataReferenceCleaner" daemon [_thread_blocked, id=60185, stack(0x0000792f997ff000,0x0000792f998ff000)]
  0x0000792fda073800 JavaThread "Thread-3" [_thread_in_native, id=60186, stack(0x0000792f98f00000,0x0000792f99000000)]
  0x0000792fda07c800 JavaThread "redirect output" daemon [_thread_in_native, id=60189, stack(0x0000792f98300000,0x0000792f98400000)]
  0x0000792f48007800 JavaThread "Thread-5" [_thread_blocked, id=60191, stack(0x0000792f9ba00000,0x0000792f9bb00000)]
  0x0000792f7c581800 JavaThread "rpc-boss-3-1" daemon [_thread_in_native, id=60196, stack(0x0000792f9b300000,0x0000792f9b400000)]
  0x0000792f7c588000 JavaThread "dispatcher-event-loop-0" daemon [_thread_blocked, id=60197, stack(0x0000792f9b900000,0x0000792f9ba00000)]
  0x0000792f7c589000 JavaThread "dispatcher-event-loop-1" daemon [_thread_blocked, id=60198, stack(0x0000792f53500000,0x0000792f53600000)]
  0x0000792f7c58b000 JavaThread "dispatcher-event-loop-2" daemon [_thread_blocked, id=60199, stack(0x0000792f53400000,0x0000792f53500000)]
  0x0000792f7c58c800 JavaThread "dispatcher-event-loop-3" daemon [_thread_blocked, id=60200, stack(0x0000792f53300000,0x0000792f53400000)]
  0x0000792f7c58e800 JavaThread "dispatcher-event-loop-4" daemon [_thread_blocked, id=60201, stack(0x0000792f53200000,0x0000792f53300000)]
  0x0000792f7c590000 JavaThread "dispatcher-event-loop-5" daemon [_thread_blocked, id=60202, stack(0x0000792f53100000,0x0000792f53200000)]
  0x0000792f7c592000 JavaThread "dispatcher-event-loop-6" daemon [_thread_blocked, id=60203, stack(0x0000792f53000000,0x0000792f53100000)]
  0x0000792f7c593800 JavaThread "dispatcher-event-loop-7" daemon [_thread_blocked, id=60204, stack(0x0000792f52f00000,0x0000792f53000000)]
  0x0000792f7c595800 JavaThread "dispatcher-event-loop-8" daemon [_thread_blocked, id=60205, stack(0x0000792f52e00000,0x0000792f52f00000)]
  0x0000792f7c597000 JavaThread "dispatcher-event-loop-9" daemon [_thread_blocked, id=60206, stack(0x0000792f52d00000,0x0000792f52e00000)]
  0x0000792f7c599000 JavaThread "dispatcher-event-loop-10" daemon [_thread_blocked, id=60207, stack(0x0000792f52c00000,0x0000792f52d00000)]
  0x0000792f7c59a800 JavaThread "dispatcher-event-loop-11" daemon [_thread_blocked, id=60208, stack(0x0000792f52b00000,0x0000792f52c00000)]
  0x0000792f7c59c800 JavaThread "dispatcher-event-loop-12" daemon [_thread_blocked, id=60209, stack(0x0000792f52a00000,0x0000792f52b00000)]
  0x0000792f7c59e800 JavaThread "dispatcher-event-loop-13" daemon [_thread_blocked, id=60210, stack(0x0000792f52900000,0x0000792f52a00000)]
  0x0000792f7c5a0000 JavaThread "dispatcher-event-loop-14" daemon [_thread_blocked, id=60211, stack(0x0000792f52800000,0x0000792f52900000)]
  0x0000792f7c5a1800 JavaThread "dispatcher-event-loop-15" daemon [_thread_blocked, id=60212, stack(0x0000792f52700000,0x0000792f52800000)]
  0x0000792f7c5d8800 JavaThread "map-output-dispatcher-0" daemon [_thread_blocked, id=60213, stack(0x0000792f52400000,0x0000792f52500000)]
  0x0000792f7c5e7000 JavaThread "map-output-dispatcher-1" daemon [_thread_blocked, id=60214, stack(0x0000792f52300000,0x0000792f52400000)]
  0x0000792f7c5e8800 JavaThread "map-output-dispatcher-2" daemon [_thread_blocked, id=60215, stack(0x0000792f52200000,0x0000792f52300000)]
  0x0000792f7c5ea800 JavaThread "map-output-dispatcher-3" daemon [_thread_blocked, id=60216, stack(0x0000792f52100000,0x0000792f52200000)]
  0x0000792f7c5ee800 JavaThread "map-output-dispatcher-4" daemon [_thread_blocked, id=60217, stack(0x0000792f52000000,0x0000792f52100000)]
  0x0000792f7c5f0800 JavaThread "map-output-dispatcher-5" daemon [_thread_blocked, id=60218, stack(0x0000792f51f00000,0x0000792f52000000)]
  0x0000792f7c5f2000 JavaThread "map-output-dispatcher-6" daemon [_thread_blocked, id=60219, stack(0x0000792f51e00000,0x0000792f51f00000)]
  0x0000792f7c5f4000 JavaThread "map-output-dispatcher-7" daemon [_thread_blocked, id=60220, stack(0x0000792f51d00000,0x0000792f51e00000)]
  0x0000792f7c619800 JavaThread "dispatcher-BlockManagerMaster" daemon [_thread_blocked, id=60221, stack(0x0000792f51c00000,0x0000792f51d00000)]
  0x0000792f7c6c2800 JavaThread "dispatcher-BlockManagerEndpoint1" daemon [_thread_blocked, id=60222, stack(0x0000792f51b00000,0x0000792f51c00000)]
  0x0000792f7c6c7000 JavaThread "RemoteBlock-temp-file-clean-thread" daemon [_thread_blocked, id=60223, stack(0x0000792f51a00000,0x0000792f51b00000)]
  0x0000792f7c7d6000 JavaThread "SparkUI-63" daemon [_thread_in_native, id=60226, stack(0x0000792f51300000,0x0000792f51400000)]
  0x0000792f7c7d7000 JavaThread "SparkUI-64" daemon [_thread_in_native, id=60227, stack(0x0000792f51200000,0x0000792f51300000)]
  0x0000792f7c7d9000 JavaThread "SparkUI-65" daemon [_thread_in_native, id=60228, stack(0x0000792f51100000,0x0000792f51200000)]
  0x0000792f7c7da800 JavaThread "SparkUI-66" daemon [_thread_in_native, id=60229, stack(0x0000792f51000000,0x0000792f51100000)]
  0x0000792f7c7dc800 JavaThread "SparkUI-67" daemon [_thread_in_native, id=60230, stack(0x0000792f50f00000,0x0000792f51000000)]
  0x0000792f7c7de000 JavaThread "SparkUI-68" daemon [_thread_in_native, id=60231, stack(0x0000792f50e00000,0x0000792f50f00000)]
  0x0000792f7c7e0000 JavaThread "SparkUI-69" daemon [_thread_in_native, id=60232, stack(0x0000792f50d00000,0x0000792f50e00000)]
  0x0000792f7c7e2000 JavaThread "SparkUI-70" daemon [_thread_in_native, id=60233, stack(0x0000792f50c00000,0x0000792f50d00000)]
  0x0000792f48009800 JavaThread "Thread-15" [_thread_in_native, id=60234, stack(0x0000792f50b00000,0x0000792f50c00000)]
  0x0000792f7c81a800 JavaThread "SparkUI-72-acceptor-0@67f72f15-ServerConnector@6930cd9b{HTTP/1.1, (http/1.1)}{0.0.0.0:4041}" daemon [_thread_in_native, id=60235, stack(0x0000792f50a00000,0x0000792f50b00000)]
  0x0000792f7c834800 JavaThread "SparkUI-73-acceptor-1@4821f587-ServerConnector@6930cd9b{HTTP/1.1, (http/1.1)}{0.0.0.0:4041}" daemon [_thread_blocked, id=60236, stack(0x0000792f50900000,0x0000792f50a00000)]
  0x0000792f7c855000 JavaThread "process reaper" daemon [_thread_blocked, id=60238, stack(0x0000792fdecac000,0x0000792fdecce000)]
  0x0000792f7c85e800 JavaThread "dispatcher-HeartbeatReceiver" daemon [_thread_blocked, id=60262, stack(0x0000792f9acfe000,0x0000792f9adfe000)]
  0x0000792e90004000 JavaThread "heartbeat-receiver-event-loop-thread" daemon [_thread_blocked, id=60263, stack(0x0000792f51600000,0x0000792f51700000)]
  0x0000792e94019000 JavaThread "netty-rpc-env-timeout" daemon [_thread_blocked, id=60264, stack(0x0000792f50800000,0x0000792f50900000)]
  0x0000792f7c867800 JavaThread "task-starvation-timer" daemon [_thread_blocked, id=60265, stack(0x0000792f504fe000,0x0000792f505fe000)]
  0x0000792f7c869800 JavaThread "task-abort-timer" daemon [_thread_blocked, id=60266, stack(0x0000792f503fe000,0x0000792f504fe000)]
  0x0000792f7c8a3000 JavaThread "dag-scheduler-event-loop" daemon [_thread_blocked, id=60267, stack(0x0000792f502fe000,0x0000792f503fe000)]
  0x0000792f7c8a8800 JavaThread "driver-heartbeater" daemon [_thread_blocked, id=60268, stack(0x0000792f501fe000,0x0000792f502fe000)]
  0x0000792f7c8b9800 JavaThread "executor-kill-mark-cleanup" daemon [_thread_blocked, id=60269, stack(0x0000792f500fe000,0x0000792f501fe000)]
  0x0000792f7c8bd000 JavaThread "executor-heartbeater" daemon [_thread_blocked, id=60270, stack(0x0000792e7fd00000,0x0000792e7fe00000)]
  0x0000792f7c8f9800 JavaThread "files-client-5-1" daemon [_thread_in_native, id=60333, stack(0x0000792e7fc00000,0x0000792e7fd00000)]
  0x0000792f6c10a000 JavaThread "rpc-server-4-1" daemon [_thread_in_native, id=60334, stack(0x0000792e7fb00000,0x0000792e7fc00000)]
  0x0000792f84018000 JavaThread "C1 CompilerThread1" daemon [_thread_blocked, id=60395, stack(0x0000792f99493000,0x0000792f99593000)]
  0x0000792f7c8ee000 JavaThread "shuffle-boss-7-1" daemon [_thread_in_native, id=60400, stack(0x0000792f51700000,0x0000792f51800000)]
  0x0000792f7c90e000 JavaThread "Spark Context Cleaner" daemon [_thread_blocked, id=60401, stack(0x0000792e7f1fe000,0x0000792e7f2fe000)]
  0x0000792f7c90f800 JavaThread "context-cleaner-periodic-gc" daemon [_thread_blocked, id=60402, stack(0x0000792e7f0fe000,0x0000792e7f1fe000)]
  0x0000792f7c918800 JavaThread "spark-listener-group-appStatus" daemon [_thread_blocked, id=60403, stack(0x0000792e7effe000,0x0000792e7f0fe000)]
  0x0000792f7c91a800 JavaThread "spark-listener-group-executorManagement" daemon [_thread_blocked, id=60404, stack(0x0000792e7e9fc000,0x0000792e7eafc000)]
  0x0000792e60034800 JavaThread "element-tracking-store-worker" daemon [_thread_blocked, id=60405, stack(0x0000792e7e8fc000,0x0000792e7e9fc000)]
  0x0000792f58083800 JavaThread "C1 CompilerThread2" daemon [_thread_blocked, id=60448, stack(0x0000792e7defc000,0x0000792e7dffc000)]
  0x0000792f7d74e800 JavaThread "HttpClient-1-SelectorManager" daemon [_thread_in_native, id=60490, stack(0x0000792e7cffc000,0x0000792e7d0fc000)]
  0x0000792e48009800 JavaThread "HttpClient-2-Worker-0" daemon [_thread_blocked, id=60492, stack(0x0000792e7cbfc000,0x0000792e7ccfc000)]
  0x0000792e4800c000 JavaThread "HttpClient-2-Worker-1" daemon [_thread_blocked, id=60493, stack(0x0000792e7cafc000,0x0000792e7cbfc000)]
  0x0000792e4800e800 JavaThread "HttpClient-2-Worker-2" daemon [_thread_blocked, id=60494, stack(0x0000792e7c9fc000,0x0000792e7cafc000)]
  0x0000792e44002000 JavaThread "HttpClient-1-Worker-0" daemon [_thread_blocked, id=60495, stack(0x0000792e7c6fc000,0x0000792e7c7fc000)]
  0x0000792e44004000 JavaThread "HttpClient-1-Worker-1" daemon [_thread_blocked, id=60496, stack(0x0000792e7c5fc000,0x0000792e7c6fc000)]
  0x0000792e44006000 JavaThread "HttpClient-1-Worker-2" daemon [_thread_blocked, id=60497, stack(0x0000792e7c4fc000,0x0000792e7c5fc000)]
  0x0000792f7d8e0800 JavaThread "ForkJoinPool-1-worker-19" daemon [_thread_blocked, id=60498, stack(0x0000792e7c3fc000,0x0000792e7c4fc000)]
  0x0000792f7db06000 JavaThread "idle-connection-reaper" daemon [_thread_blocked, id=60499, stack(0x0000792e7c0fc000,0x0000792e7c1fc000)]
  0x0000792f7e377800 JavaThread "iceberg-worker-pool-0" daemon [_thread_blocked, id=60500, stack(0x0000792e7ccfc000,0x0000792e7cdfc000)]
  0x0000792f7e378800 JavaThread "iceberg-worker-pool-1" daemon [_thread_blocked, id=60501, stack(0x0000792e7e5fc000,0x0000792e7e6fc000)]
  0x0000792f7e37a000 JavaThread "iceberg-worker-pool-2" daemon [_thread_blocked, id=60502, stack(0x0000792e2a300000,0x0000792e2a400000)]
  0x0000792f7e37b800 JavaThread "iceberg-worker-pool-3" daemon [_thread_blocked, id=60503, stack(0x0000792e29d00000,0x0000792e29e00000)]
  0x0000792f7e37d800 JavaThread "iceberg-worker-pool-4" daemon [_thread_blocked, id=60504, stack(0x0000792e29c00000,0x0000792e29d00000)]
  0x0000792f7e37f800 JavaThread "iceberg-worker-pool-5" daemon [_thread_blocked, id=60505, stack(0x0000792e29b00000,0x0000792e29c00000)]
  0x0000792f7e381000 JavaThread "iceberg-worker-pool-6" daemon [_thread_blocked, id=60506, stack(0x0000792e29a00000,0x0000792e29b00000)]
  0x0000792f7e383000 JavaThread "iceberg-worker-pool-7" daemon [_thread_blocked, id=60507, stack(0x0000792e29900000,0x0000792e29a00000)]
  0x0000792f7e384800 JavaThread "iceberg-worker-pool-8" daemon [_thread_blocked, id=60508, stack(0x0000792e29800000,0x0000792e29900000)]
  0x0000792f7e386800 JavaThread "iceberg-worker-pool-9" daemon [_thread_blocked, id=60509, stack(0x0000792e29700000,0x0000792e29800000)]
  0x0000792f7e388000 JavaThread "iceberg-worker-pool-10" daemon [_thread_blocked, id=60510, stack(0x0000792e29600000,0x0000792e29700000)]
  0x0000792f7e38a000 JavaThread "iceberg-worker-pool-11" daemon [_thread_blocked, id=60511, stack(0x0000792e29500000,0x0000792e29600000)]
  0x0000792f7e38c000 JavaThread "iceberg-worker-pool-12" daemon [_thread_blocked, id=60512, stack(0x0000792e29400000,0x0000792e29500000)]
  0x0000792f7e38d800 JavaThread "iceberg-worker-pool-13" daemon [_thread_blocked, id=60513, stack(0x0000792e29300000,0x0000792e29400000)]
  0x0000792f7e38f800 JavaThread "iceberg-worker-pool-14" daemon [_thread_blocked, id=60514, stack(0x0000792e29200000,0x0000792e29300000)]
  0x0000792f7e34c000 JavaThread "iceberg-worker-pool-15" daemon [_thread_blocked, id=60515, stack(0x0000792e29100000,0x0000792e29200000)]
  0x0000792f1403c000 JavaThread "Executor task launch worker for task 144.0 in stage 0.0 (TID 144)" daemon [_thread_blocked, id=60600, stack(0x0000792de7f00000,0x0000792de8000000)]
  0x0000792f1403c800 JavaThread "Executor task launch worker for task 159.0 in stage 0.0 (TID 159)" daemon [_thread_blocked, id=60601, stack(0x0000792de7e00000,0x0000792de7f00000)]
  0x0000792f1403d800 JavaThread "Executor task launch worker for task 147.0 in stage 0.0 (TID 147)" daemon [_thread_blocked, id=60602, stack(0x0000792de7d00000,0x0000792de7e00000)]
  0x0000792f1403f800 JavaThread "Executor task launch worker for task 154.0 in stage 0.0 (TID 154)" daemon [_thread_blocked, id=60603, stack(0x0000792de7c00000,0x0000792de7d00000)]
  0x0000792f14041800 JavaThread "Executor task launch worker for task 156.0 in stage 0.0 (TID 156)" daemon [_thread_blocked, id=60604, stack(0x0000792de7b00000,0x0000792de7c00000)]
  0x0000792f14043000 JavaThread "Executor task launch worker for task 149.0 in stage 0.0 (TID 149)" daemon [_thread_blocked, id=60605, stack(0x0000792de7a00000,0x0000792de7b00000)]
  0x0000792f14049800 JavaThread "Executor task launch worker for task 158.0 in stage 0.0 (TID 158)" daemon [_thread_blocked, id=60606, stack(0x0000792de7900000,0x0000792de7a00000)]
  0x0000792f1404b000 JavaThread "Executor task launch worker for task 145.0 in stage 0.0 (TID 145)" daemon [_thread_blocked, id=60607, stack(0x0000792de7800000,0x0000792de7900000)]
  0x0000792f1404d000 JavaThread "Executor task launch worker for task 146.0 in stage 0.0 (TID 146)" daemon [_thread_blocked, id=60608, stack(0x0000792de7700000,0x0000792de7800000)]
=>0x0000792f1404f000 JavaThread "Executor task launch worker for task 150.0 in stage 0.0 (TID 150)" daemon [_thread_in_vm, id=60609, stack(0x0000792de7400000,0x0000792de7500000)]
  0x0000792f14050800 JavaThread "Executor task launch worker for task 148.0 in stage 0.0 (TID 148)" daemon [_thread_blocked, id=60610, stack(0x0000792de7300000,0x0000792de7400000)]
  0x0000792f14052800 JavaThread "Executor task launch worker for task 153.0 in stage 0.0 (TID 153)" daemon [_thread_blocked, id=60611, stack(0x0000792de7200000,0x0000792de7300000)]
  0x0000792f14054800 JavaThread "Executor task launch worker for task 151.0 in stage 0.0 (TID 151)" daemon [_thread_blocked, id=60612, stack(0x0000792de7100000,0x0000792de7200000)]
  0x0000792f14057000 JavaThread "Executor task launch worker for task 155.0 in stage 0.0 (TID 155)" daemon [_thread_blocked, id=60613, stack(0x0000792de7000000,0x0000792de7100000)]
  0x0000792f14059000 JavaThread "Executor task launch worker for task 152.0 in stage 0.0 (TID 152)" daemon [_thread_blocked, id=60614, stack(0x0000792de6f00000,0x0000792de7000000)]
  0x0000792f1405b000 JavaThread "Executor task launch worker for task 157.0 in stage 0.0 (TID 157)" daemon [_thread_blocked, id=60615, stack(0x0000792de6e00000,0x0000792de6f00000)]
  0x0000792db4014800 JavaThread "ForkJoinPool.commonPool-worker-19" daemon [_thread_blocked, id=60656, stack(0x0000792de6b00000,0x0000792de6c00000)]
  0x0000792f00002000 JavaThread "task-result-getter-0" daemon [_thread_blocked, id=60702, stack(0x0000792dad8f5000,0x0000792dad9f5000)]
  0x0000792f00005000 JavaThread "task-result-getter-1" daemon [_thread_blocked, id=60703, stack(0x0000792dad7f5000,0x0000792dad8f5000)]
  0x0000792f00006800 JavaThread "task-result-getter-2" daemon [_thread_blocked, id=60704, stack(0x0000792dad6f5000,0x0000792dad7f5000)]
  0x0000792f00008800 JavaThread "task-result-getter-3" daemon [_thread_blocked, id=60705, stack(0x0000792dad5f5000,0x0000792dad6f5000)]
  0x0000792dbc027800 JavaThread "ForkJoinPool.commonPool-worker-5" daemon [_thread_blocked, id=60877, stack(0x0000792dad2f5000,0x0000792dad3f5000)]
  0x0000792dbc024800 JavaThread "ForkJoinPool.commonPool-worker-23" daemon [_thread_blocked, id=60878, stack(0x0000792dad1f5000,0x0000792dad2f5000)]

Other Threads:
  0x0000792fd812c800 VMThread "VM Thread" [stack: 0x0000792fb84fe000,0x0000792fb85fe000] [id=60064]
  0x0000792fd817d000 WatcherThread [stack: 0x0000792f9b700000,0x0000792f9b800000] [id=60075]
  0x0000792fd8044000 GCTaskThread "GC Thread#0" [stack: 0x0000792fdf500000,0x0000792fdf600000] [id=60059]
  0x0000792fa8001000 GCTaskThread "GC Thread#1" [stack: 0x0000792f9af00000,0x0000792f9b000000] [id=60078]
  0x0000792fa8002800 GCTaskThread "GC Thread#2" [stack: 0x0000792f9adff000,0x0000792f9aeff000] [id=60079]
  0x0000792fa800b000 GCTaskThread "GC Thread#3" [stack: 0x0000792f98200000,0x0000792f98300000] [id=60192]
  0x0000792fa800c000 GCTaskThread "GC Thread#4" [stack: 0x0000792f980ff000,0x0000792f981ff000] [id=60193]
  0x0000792fa800d800 GCTaskThread "GC Thread#5" [stack: 0x0000792f53f00000,0x0000792f54000000] [id=60194]
  0x0000792fa800f800 GCTaskThread "GC Thread#6" [stack: 0x0000792f50700000,0x0000792f50800000] [id=60260]
  0x0000792fa8010800 GCTaskThread "GC Thread#7" [stack: 0x0000792f505ff000,0x0000792f506ff000] [id=60261]
  0x0000792fa835f800 GCTaskThread "GC Thread#8" [stack: 0x0000792de42fa000,0x0000792de43fa000] [id=60697]
  0x0000792fa8360800 GCTaskThread "GC Thread#9" [stack: 0x0000792de41f9000,0x0000792de42f9000] [id=60698]
  0x0000792fa8366000 GCTaskThread "GC Thread#10" [stack: 0x0000792de40f8000,0x0000792de41f8000] [id=60699]
  0x0000792fa868e000 GCTaskThread "GC Thread#11" [stack: 0x0000792dadaf7000,0x0000792dadbf7000] [id=60700]
  0x0000792fa868f000 GCTaskThread "GC Thread#12" [stack: 0x0000792dad9f6000,0x0000792dadaf6000] [id=60701]
  0x0000792fd8060800 ConcurrentGCThread "G1 Main Marker" [stack: 0x0000792fdc7f5000,0x0000792fdc8f5000] [id=60060]
  0x0000792fd8062800 ConcurrentGCThread "G1 Conc#0" [stack: 0x0000792fdc6f4000,0x0000792fdc7f4000] [id=60061]
  0x0000792fb4001000 ConcurrentGCThread "G1 Conc#1" [stack: 0x0000792f9a700000,0x0000792f9a800000] [id=60083]
  0x0000792fb4002800 ConcurrentGCThread "G1 Conc#2" [stack: 0x0000792f99b00000,0x0000792f99c00000] [id=60084]
  0x0000792fd80fc800 ConcurrentGCThread "G1 Refine#0" [stack: 0x0000792fb8f00000,0x0000792fb9000000] [id=60062]
  0x0000792fd80fe800 ConcurrentGCThread "G1 Young RemSet Sampling" [stack: 0x0000792fb8dff000,0x0000792fb8eff000] [id=60063]

Threads with active compile tasks:
C2 CompilerThread0    33758 21875       4       org.apache.iceberg.shaded.org.apache.parquet.format.InterningProtocol::readFieldBegin (8 bytes)

VM state:not at safepoint (normal execution)

VM Mutex/Monitor currently owned by a thread: None

Heap address: 0x00000000c0000000, size: 1024 MB, Compressed Oops mode: 32-bit
Narrow klass base: 0x0000000800000000, Narrow klass shift: 3
Compressed class space size: 1073741824 Address: 0x0000000840000000

Heap:
 garbage-first heap   total 669696K, used 453605K [0x00000000c0000000, 0x0000000100000000)
  region size 1024K, 144 young (147456K), 10 survivors (10240K)
 Metaspace       used 158556K, capacity 165535K, committed 167808K, reserved 1191936K
  class space    used 20876K, capacity 24275K, committed 25216K, reserved 1048576K
Heap Regions: E=young(eden), S=young(survivor), O=old, HS=humongous(starts), HC=humongous(continues), CS=collection set, F=free, A=archive, TAMS=top-at-mark-start (previous, next)
|   0|0x00000000c0000000, 0x00000000c0100000, 0x00000000c0100000|100%|HS|  |TAMS 0x00000000c0100000, 0x00000000c0000000| Complete 
|   1|0x00000000c0100000, 0x00000000c0200000, 0x00000000c0200000|100%|HS|  |TAMS 0x00000000c0200000, 0x00000000c0100000| Complete 
|   2|0x00000000c0200000, 0x00000000c0300000, 0x00000000c0300000|100%|HC|  |TAMS 0x00000000c0300000, 0x00000000c0200000| Complete 
|   3|0x00000000c0300000, 0x00000000c0400000, 0x00000000c0400000|100%|HC|  |TAMS 0x00000000c0400000, 0x00000000c0300000| Complete 
|   4|0x00000000c0400000, 0x00000000c0500000, 0x00000000c0500000|100%|HS|  |TAMS 0x00000000c0500000, 0x00000000c0400000| Complete 
|   5|0x00000000c0500000, 0x00000000c0600000, 0x00000000c0600000|100%|HS|  |TAMS 0x00000000c0600000, 0x00000000c0500000| Complete 
|   6|0x00000000c0600000, 0x00000000c0700000, 0x00000000c0700000|100%|HS|  |TAMS 0x00000000c0700000, 0x00000000c0600000| Complete 
|   7|0x00000000c0700000, 0x00000000c0800000, 0x00000000c0800000|100%|HS|  |TAMS 0x00000000c0800000, 0x00000000c0700000| Complete 
|   8|0x00000000c0800000, 0x00000000c0900000, 0x00000000c0900000|100%|HC|  |TAMS 0x00000000c0900000, 0x00000000c0800000| Complete 
|   9|0x00000000c0900000, 0x00000000c0a00000, 0x00000000c0a00000|100%| O|  |TAMS 0x00000000c0a00000, 0x00000000c0900000| Complete 
|  10|0x00000000c0a00000, 0x00000000c0b00000, 0x00000000c0b00000|100%| O|  |TAMS 0x00000000c0b00000, 0x00000000c0a00000| Untracked 
|  11|0x00000000c0b00000, 0x00000000c0c00000, 0x00000000c0c00000|100%| O|  |TAMS 0x00000000c0c00000, 0x00000000c0b00000| Untracked 
|  12|0x00000000c0c00000, 0x00000000c0d00000, 0x00000000c0d00000|100%| O|  |TAMS 0x00000000c0d00000, 0x00000000c0c00000| Untracked 
|  13|0x00000000c0d00000, 0x00000000c0e00000, 0x00000000c0e00000|100%| O|  |TAMS 0x00000000c0e00000, 0x00000000c0d00000| Untracked 
|  14|0x00000000c0e00000, 0x00000000c0f00000, 0x00000000c0f00000|100%| O|  |TAMS 0x00000000c0f00000, 0x00000000c0e00000| Untracked 
|  15|0x00000000c0f00000, 0x00000000c1000000, 0x00000000c1000000|100%| O|  |TAMS 0x00000000c1000000, 0x00000000c0f00000| Untracked 
|  16|0x00000000c1000000, 0x00000000c1100000, 0x00000000c1100000|100%| O|  |TAMS 0x00000000c1100000, 0x00000000c1000000| Complete 
|  17|0x00000000c1100000, 0x00000000c1200000, 0x00000000c1200000|100%| O|  |TAMS 0x00000000c1200000, 0x00000000c1100000| Untracked 
|  18|0x00000000c1200000, 0x00000000c1300000, 0x00000000c1300000|100%| O|  |TAMS 0x00000000c1300000, 0x00000000c1200000| Untracked 
|  19|0x00000000c1300000, 0x00000000c1400000, 0x00000000c1400000|100%| O|  |TAMS 0x00000000c1400000, 0x00000000c1300000| Untracked 
|  20|0x00000000c1400000, 0x00000000c1500000, 0x00000000c1500000|100%| O|  |TAMS 0x00000000c1500000, 0x00000000c1400000| Untracked 
|  21|0x00000000c1500000, 0x00000000c1600000, 0x00000000c1600000|100%| O|  |TAMS 0x00000000c1600000, 0x00000000c1500000| Untracked 
|  22|0x00000000c1600000, 0x00000000c1700000, 0x00000000c1700000|100%| O|  |TAMS 0x00000000c1700000, 0x00000000c1600000| Untracked 
|  23|0x00000000c1700000, 0x00000000c1800000, 0x00000000c1800000|100%| O|  |TAMS 0x00000000c1800000, 0x00000000c1700000| Untracked 
|  24|0x00000000c1800000, 0x00000000c1900000, 0x00000000c1900000|100%| O|  |TAMS 0x00000000c1900000, 0x00000000c1800000| Complete 
|  25|0x00000000c1900000, 0x00000000c1a00000, 0x00000000c1a00000|100%| O|  |TAMS 0x00000000c1a00000, 0x00000000c1900000| Untracked 
|  26|0x00000000c1a00000, 0x00000000c1b00000, 0x00000000c1b00000|100%| O|  |TAMS 0x00000000c1b00000, 0x00000000c1a00000| Untracked 
|  27|0x00000000c1b00000, 0x00000000c1c00000, 0x00000000c1c00000|100%| O|  |TAMS 0x00000000c1c00000, 0x00000000c1b00000| Untracked 
|  28|0x00000000c1c00000, 0x00000000c1d00000, 0x00000000c1d00000|100%| O|  |TAMS 0x00000000c1d00000, 0x00000000c1c00000| Complete 
|  29|0x00000000c1d00000, 0x00000000c1e00000, 0x00000000c1e00000|100%| O|  |TAMS 0x00000000c1e00000, 0x00000000c1d00000| Complete 
|  30|0x00000000c1e00000, 0x00000000c1f00000, 0x00000000c1f00000|100%| O|  |TAMS 0x00000000c1f00000, 0x00000000c1e00000| Complete 
|  31|0x00000000c1f00000, 0x00000000c2000000, 0x00000000c2000000|100%|HS|  |TAMS 0x00000000c2000000, 0x00000000c1f00000| Complete 
|  32|0x00000000c2000000, 0x00000000c2100000, 0x00000000c2100000|100%|HC|  |TAMS 0x00000000c2100000, 0x00000000c2000000| Complete 
|  33|0x00000000c2100000, 0x00000000c2200000, 0x00000000c2200000|100%|HC|  |TAMS 0x00000000c2200000, 0x00000000c2100000| Complete 
|  34|0x00000000c2200000, 0x00000000c2300000, 0x00000000c2300000|100%|HS|  |TAMS 0x00000000c2300000, 0x00000000c2200000| Complete 
|  35|0x00000000c2300000, 0x00000000c2400000, 0x00000000c2400000|100%|HC|  |TAMS 0x00000000c2400000, 0x00000000c2300000| Complete 
|  36|0x00000000c2400000, 0x00000000c2500000, 0x00000000c2500000|100%|HC|  |TAMS 0x00000000c2500000, 0x00000000c2400000| Complete 
|  37|0x00000000c2500000, 0x00000000c2600000, 0x00000000c2600000|100%|HC|  |TAMS 0x00000000c2600000, 0x00000000c2500000| Complete 
|  38|0x00000000c2600000, 0x00000000c2700000, 0x00000000c2700000|100%|HC|  |TAMS 0x00000000c2700000, 0x00000000c2600000| Complete 
|  39|0x00000000c2700000, 0x00000000c2800000, 0x00000000c2800000|100%|HC|  |TAMS 0x00000000c2800000, 0x00000000c2700000| Complete 
|  40|0x00000000c2800000, 0x00000000c2900000, 0x00000000c2900000|100%|HC|  |TAMS 0x00000000c2900000, 0x00000000c2800000| Complete 
|  41|0x00000000c2900000, 0x00000000c2a00000, 0x00000000c2a00000|100%|HC|  |TAMS 0x00000000c2a00000, 0x00000000c2900000| Complete 
|  42|0x00000000c2a00000, 0x00000000c2b00000, 0x00000000c2b00000|100%|HC|  |TAMS 0x00000000c2b00000, 0x00000000c2a00000| Complete 
|  43|0x00000000c2b00000, 0x00000000c2c00000, 0x00000000c2c00000|100%|HC|  |TAMS 0x00000000c2c00000, 0x00000000c2b00000| Complete 
|  44|0x00000000c2c00000, 0x00000000c2d00000, 0x00000000c2d00000|100%|HC|  |TAMS 0x00000000c2d00000, 0x00000000c2c00000| Complete 
|  45|0x00000000c2d00000, 0x00000000c2e00000, 0x00000000c2e00000|100%|HC|  |TAMS 0x00000000c2e00000, 0x00000000c2d00000| Complete 
|  46|0x00000000c2e00000, 0x00000000c2f00000, 0x00000000c2f00000|100%|HC|  |TAMS 0x00000000c2f00000, 0x00000000c2e00000| Complete 
|  47|0x00000000c2f00000, 0x00000000c3000000, 0x00000000c3000000|100%|HC|  |TAMS 0x00000000c3000000, 0x00000000c2f00000| Complete 
|  48|0x00000000c3000000, 0x00000000c3100000, 0x00000000c3100000|100%|HC|  |TAMS 0x00000000c3100000, 0x00000000c3000000| Complete 
|  49|0x00000000c3100000, 0x00000000c3200000, 0x00000000c3200000|100%|HC|  |TAMS 0x00000000c3200000, 0x00000000c3100000| Complete 
|  50|0x00000000c3200000, 0x00000000c3300000, 0x00000000c3300000|100%|HC|  |TAMS 0x00000000c3300000, 0x00000000c3200000| Complete 
|  51|0x00000000c3300000, 0x00000000c3400000, 0x00000000c3400000|100%|HC|  |TAMS 0x00000000c3400000, 0x00000000c3300000| Complete 
|  52|0x00000000c3400000, 0x00000000c3500000, 0x00000000c3500000|100%|HC|  |TAMS 0x00000000c3500000, 0x00000000c3400000| Complete 
|  53|0x00000000c3500000, 0x00000000c3600000, 0x00000000c3600000|100%|HC|  |TAMS 0x00000000c3600000, 0x00000000c3500000| Complete 
|  54|0x00000000c3600000, 0x00000000c3700000, 0x00000000c3700000|100%|HC|  |TAMS 0x00000000c3700000, 0x00000000c3600000| Complete 
|  55|0x00000000c3700000, 0x00000000c3800000, 0x00000000c3800000|100%|HC|  |TAMS 0x00000000c3800000, 0x00000000c3700000| Complete 
|  56|0x00000000c3800000, 0x00000000c3900000, 0x00000000c3900000|100%|HC|  |TAMS 0x00000000c3900000, 0x00000000c3800000| Complete 
|  57|0x00000000c3900000, 0x00000000c3a00000, 0x00000000c3a00000|100%|HC|  |TAMS 0x00000000c3a00000, 0x00000000c3900000| Complete 
|  58|0x00000000c3a00000, 0x00000000c3b00000, 0x00000000c3b00000|100%|HC|  |TAMS 0x00000000c3b00000, 0x00000000c3a00000| Complete 
|  59|0x00000000c3b00000, 0x00000000c3c00000, 0x00000000c3c00000|100%|HC|  |TAMS 0x00000000c3c00000, 0x00000000c3b00000| Complete 
|  60|0x00000000c3c00000, 0x00000000c3d00000, 0x00000000c3d00000|100%|HC|  |TAMS 0x00000000c3d00000, 0x00000000c3c00000| Complete 
|  61|0x00000000c3d00000, 0x00000000c3e00000, 0x00000000c3e00000|100%|HC|  |TAMS 0x00000000c3e00000, 0x00000000c3d00000| Complete 
|  62|0x00000000c3e00000, 0x00000000c3f00000, 0x00000000c3f00000|100%|HC|  |TAMS 0x00000000c3f00000, 0x00000000c3e00000| Complete 
|  63|0x00000000c3f00000, 0x00000000c4000000, 0x00000000c4000000|100%|HC|  |TAMS 0x00000000c4000000, 0x00000000c3f00000| Complete 
|  64|0x00000000c4000000, 0x00000000c4100000, 0x00000000c4100000|100%|HC|  |TAMS 0x00000000c4100000, 0x00000000c4000000| Complete 
|  65|0x00000000c4100000, 0x00000000c4200000, 0x00000000c4200000|100%|HC|  |TAMS 0x00000000c4200000, 0x00000000c4100000| Complete 
|  66|0x00000000c4200000, 0x00000000c4300000, 0x00000000c4300000|100%|HC|  |TAMS 0x00000000c4300000, 0x00000000c4200000| Complete 
|  67|0x00000000c4300000, 0x00000000c4400000, 0x00000000c4400000|100%|HC|  |TAMS 0x00000000c4400000, 0x00000000c4300000| Complete 
|  68|0x00000000c4400000, 0x00000000c4500000, 0x00000000c4500000|100%|HC|  |TAMS 0x00000000c4500000, 0x00000000c4400000| Complete 
|  69|0x00000000c4500000, 0x00000000c4600000, 0x00000000c4600000|100%|HC|  |TAMS 0x00000000c4600000, 0x00000000c4500000| Complete 
|  70|0x00000000c4600000, 0x00000000c4700000, 0x00000000c4700000|100%|HS|  |TAMS 0x00000000c4700000, 0x00000000c4600000| Complete 
|  71|0x00000000c4700000, 0x00000000c4800000, 0x00000000c4800000|100%|HC|  |TAMS 0x00000000c4800000, 0x00000000c4700000| Complete 
|  72|0x00000000c4800000, 0x00000000c4900000, 0x00000000c4900000|100%|HC|  |TAMS 0x00000000c4900000, 0x00000000c4800000| Complete 
|  73|0x00000000c4900000, 0x00000000c4a00000, 0x00000000c4a00000|100%|HC|  |TAMS 0x00000000c4a00000, 0x00000000c4900000| Complete 
|  74|0x00000000c4a00000, 0x00000000c4b00000, 0x00000000c4b00000|100%|HS|  |TAMS 0x00000000c4b00000, 0x00000000c4a00000| Complete 
|  75|0x00000000c4b00000, 0x00000000c4c00000, 0x00000000c4c00000|100%| O|  |TAMS 0x00000000c4c00000, 0x00000000c4b00000| Complete 
|  76|0x00000000c4c00000, 0x00000000c4d00000, 0x00000000c4d00000|100%| O|  |TAMS 0x00000000c4d00000, 0x00000000c4c00000| Untracked 
|  77|0x00000000c4d00000, 0x00000000c4e00000, 0x00000000c4e00000|100%| O|  |TAMS 0x00000000c4e00000, 0x00000000c4d00000| Untracked 
|  78|0x00000000c4e00000, 0x00000000c4f00000, 0x00000000c4f00000|100%| O|  |TAMS 0x00000000c4f00000, 0x00000000c4e00000| Untracked 
|  79|0x00000000c4f00000, 0x00000000c5000000, 0x00000000c5000000|100%| O|  |TAMS 0x00000000c5000000, 0x00000000c4f00000| Untracked 
|  80|0x00000000c5000000, 0x00000000c5100000, 0x00000000c5100000|100%| O|  |TAMS 0x00000000c5100000, 0x00000000c5000000| Untracked 
|  81|0x00000000c5100000, 0x00000000c5200000, 0x00000000c5200000|100%| O|  |TAMS 0x00000000c5200000, 0x00000000c5100000| Untracked 
|  82|0x00000000c5200000, 0x00000000c5300000, 0x00000000c5300000|100%| O|  |TAMS 0x00000000c5300000, 0x00000000c5200000| Untracked 
|  83|0x00000000c5300000, 0x00000000c5400000, 0x00000000c5400000|100%| O|  |TAMS 0x00000000c5400000, 0x00000000c5300000| Untracked 
|  84|0x00000000c5400000, 0x00000000c5500000, 0x00000000c5500000|100%| O|  |TAMS 0x00000000c5500000, 0x00000000c5400000| Untracked 
|  85|0x00000000c5500000, 0x00000000c5600000, 0x00000000c5600000|100%| O|  |TAMS 0x00000000c5600000, 0x00000000c5500000| Complete 
|  86|0x00000000c5600000, 0x00000000c5700000, 0x00000000c5700000|100%| O|  |TAMS 0x00000000c5700000, 0x00000000c5600000| Untracked 
|  87|0x00000000c5700000, 0x00000000c5800000, 0x00000000c5800000|100%| O|  |TAMS 0x00000000c5800000, 0x00000000c5700000| Complete 
|  88|0x00000000c5800000, 0x00000000c5900000, 0x00000000c5900000|100%| O|  |TAMS 0x00000000c5900000, 0x00000000c5800000| Untracked 
|  89|0x00000000c5900000, 0x00000000c5a00000, 0x00000000c5a00000|100%| O|  |TAMS 0x00000000c5a00000, 0x00000000c5900000| Untracked 
|  90|0x00000000c5a00000, 0x00000000c5b00000, 0x00000000c5b00000|100%| O|  |TAMS 0x00000000c5b00000, 0x00000000c5a00000| Untracked 
|  91|0x00000000c5b00000, 0x00000000c5c00000, 0x00000000c5c00000|100%| O|  |TAMS 0x00000000c5c00000, 0x00000000c5b00000| Untracked 
|  92|0x00000000c5c00000, 0x00000000c5d00000, 0x00000000c5d00000|100%| O|  |TAMS 0x00000000c5d00000, 0x00000000c5c00000| Untracked 
|  93|0x00000000c5d00000, 0x00000000c5e00000, 0x00000000c5e00000|100%| O|  |TAMS 0x00000000c5e00000, 0x00000000c5d00000| Untracked 
|  94|0x00000000c5e00000, 0x00000000c5f00000, 0x00000000c5f00000|100%| O|  |TAMS 0x00000000c5f00000, 0x00000000c5e00000| Untracked 
|  95|0x00000000c5f00000, 0x00000000c6000000, 0x00000000c6000000|100%| O|  |TAMS 0x00000000c6000000, 0x00000000c5f00000| Untracked 
|  96|0x00000000c6000000, 0x00000000c6100000, 0x00000000c6100000|100%| O|  |TAMS 0x00000000c6100000, 0x00000000c6000000| Untracked 
|  97|0x00000000c6100000, 0x00000000c6200000, 0x00000000c6200000|100%| O|  |TAMS 0x00000000c6200000, 0x00000000c6100000| Untracked 
|  98|0x00000000c6200000, 0x00000000c6300000, 0x00000000c6300000|100%| O|  |TAMS 0x00000000c6300000, 0x00000000c6200000| Untracked 
|  99|0x00000000c6300000, 0x00000000c6400000, 0x00000000c6400000|100%| O|  |TAMS 0x00000000c6400000, 0x00000000c6300000| Untracked 
| 100|0x00000000c6400000, 0x00000000c6500000, 0x00000000c6500000|100%| O|  |TAMS 0x00000000c6500000, 0x00000000c6400000| Untracked 
| 101|0x00000000c6500000, 0x00000000c6600000, 0x00000000c6600000|100%| O|  |TAMS 0x00000000c6600000, 0x00000000c6500000| Untracked 
| 102|0x00000000c6600000, 0x00000000c6700000, 0x00000000c6700000|100%| O|  |TAMS 0x00000000c6700000, 0x00000000c6600000| Untracked 
| 103|0x00000000c6700000, 0x00000000c6800000, 0x00000000c6800000|100%| O|  |TAMS 0x00000000c6800000, 0x00000000c6700000| Complete 
| 104|0x00000000c6800000, 0x00000000c6900000, 0x00000000c6900000|100%| O|  |TAMS 0x00000000c6900000, 0x00000000c6800000| Untracked 
| 105|0x00000000c6900000, 0x00000000c6a00000, 0x00000000c6a00000|100%| O|  |TAMS 0x00000000c6a00000, 0x00000000c6900000| Untracked 
| 106|0x00000000c6a00000, 0x00000000c6b00000, 0x00000000c6b00000|100%| O|  |TAMS 0x00000000c6b00000, 0x00000000c6a00000| Complete 
| 107|0x00000000c6b00000, 0x00000000c6c00000, 0x00000000c6c00000|100%| O|  |TAMS 0x00000000c6c00000, 0x00000000c6b00000| Complete 
| 108|0x00000000c6c00000, 0x00000000c6d00000, 0x00000000c6d00000|100%| O|  |TAMS 0x00000000c6d00000, 0x00000000c6c00000| Complete 
| 109|0x00000000c6d00000, 0x00000000c6e00000, 0x00000000c6e00000|100%| O|  |TAMS 0x00000000c6e00000, 0x00000000c6d00000| Complete 
| 110|0x00000000c6e00000, 0x00000000c6f00000, 0x00000000c6f00000|100%| O|  |TAMS 0x00000000c6f00000, 0x00000000c6e00000| Untracked 
| 111|0x00000000c6f00000, 0x00000000c7000000, 0x00000000c7000000|100%| O|  |TAMS 0x00000000c7000000, 0x00000000c6f00000| Untracked 
| 112|0x00000000c7000000, 0x00000000c7100000, 0x00000000c7100000|100%| O|  |TAMS 0x00000000c7100000, 0x00000000c7000000| Complete 
| 113|0x00000000c7100000, 0x00000000c7200000, 0x00000000c7200000|100%|HS|  |TAMS 0x00000000c7200000, 0x00000000c7100000| Complete 
| 114|0x00000000c7200000, 0x00000000c7300000, 0x00000000c7300000|100%|HC|  |TAMS 0x00000000c7300000, 0x00000000c7200000| Complete 
| 115|0x00000000c7300000, 0x00000000c7400000, 0x00000000c7400000|100%|HC|  |TAMS 0x00000000c7400000, 0x00000000c7300000| Complete 
| 116|0x00000000c7400000, 0x00000000c7500000, 0x00000000c7500000|100%|HC|  |TAMS 0x00000000c7500000, 0x00000000c7400000| Complete 
| 117|0x00000000c7500000, 0x00000000c7600000, 0x00000000c7600000|100%|HC|  |TAMS 0x00000000c7600000, 0x00000000c7500000| Complete 
| 118|0x00000000c7600000, 0x00000000c7700000, 0x00000000c7700000|100%|HC|  |TAMS 0x00000000c7700000, 0x00000000c7600000| Complete 
| 119|0x00000000c7700000, 0x00000000c7800000, 0x00000000c7800000|100%|HC|  |TAMS 0x00000000c7800000, 0x00000000c7700000| Complete 
| 120|0x00000000c7800000, 0x00000000c7900000, 0x00000000c7900000|100%|HC|  |TAMS 0x00000000c7900000, 0x00000000c7800000| Complete 
| 121|0x00000000c7900000, 0x00000000c7a00000, 0x00000000c7a00000|100%|HC|  |TAMS 0x00000000c7a00000, 0x00000000c7900000| Complete 
| 122|0x00000000c7a00000, 0x00000000c7b00000, 0x00000000c7b00000|100%|HC|  |TAMS 0x00000000c7b00000, 0x00000000c7a00000| Complete 
| 123|0x00000000c7b00000, 0x00000000c7c00000, 0x00000000c7c00000|100%|HC|  |TAMS 0x00000000c7c00000, 0x00000000c7b00000| Complete 
| 124|0x00000000c7c00000, 0x00000000c7d00000, 0x00000000c7d00000|100%|HC|  |TAMS 0x00000000c7d00000, 0x00000000c7c00000| Complete 
| 125|0x00000000c7d00000, 0x00000000c7e00000, 0x00000000c7e00000|100%|HC|  |TAMS 0x00000000c7e00000, 0x00000000c7d00000| Complete 
| 126|0x00000000c7e00000, 0x00000000c7f00000, 0x00000000c7f00000|100%|HC|  |TAMS 0x00000000c7f00000, 0x00000000c7e00000| Complete 
| 127|0x00000000c7f00000, 0x00000000c8000000, 0x00000000c8000000|100%|HC|  |TAMS 0x00000000c8000000, 0x00000000c7f00000| Complete 
| 128|0x00000000c8000000, 0x00000000c8100000, 0x00000000c8100000|100%|HC|  |TAMS 0x00000000c8100000, 0x00000000c8000000| Complete 
| 129|0x00000000c8100000, 0x00000000c8200000, 0x00000000c8200000|100%|HC|  |TAMS 0x00000000c8200000, 0x00000000c8100000| Complete 
| 130|0x00000000c8200000, 0x00000000c8300000, 0x00000000c8300000|100%|HC|  |TAMS 0x00000000c8300000, 0x00000000c8200000| Complete 
| 131|0x00000000c8300000, 0x00000000c8400000, 0x00000000c8400000|100%|HC|  |TAMS 0x00000000c8400000, 0x00000000c8300000| Complete 
| 132|0x00000000c8400000, 0x00000000c8500000, 0x00000000c8500000|100%|HC|  |TAMS 0x00000000c8500000, 0x00000000c8400000| Complete 
| 133|0x00000000c8500000, 0x00000000c8600000, 0x00000000c8600000|100%|HC|  |TAMS 0x00000000c8600000, 0x00000000c8500000| Complete 
| 134|0x00000000c8600000, 0x00000000c8700000, 0x00000000c8700000|100%|HC|  |TAMS 0x00000000c8700000, 0x00000000c8600000| Complete 
| 135|0x00000000c8700000, 0x00000000c8800000, 0x00000000c8800000|100%|HC|  |TAMS 0x00000000c8800000, 0x00000000c8700000| Complete 
| 136|0x00000000c8800000, 0x00000000c8900000, 0x00000000c8900000|100%|HC|  |TAMS 0x00000000c8900000, 0x00000000c8800000| Complete 
| 137|0x00000000c8900000, 0x00000000c8a00000, 0x00000000c8a00000|100%|HC|  |TAMS 0x00000000c8a00000, 0x00000000c8900000| Complete 
| 138|0x00000000c8a00000, 0x00000000c8b00000, 0x00000000c8b00000|100%|HC|  |TAMS 0x00000000c8b00000, 0x00000000c8a00000| Complete 
| 139|0x00000000c8b00000, 0x00000000c8c00000, 0x00000000c8c00000|100%|HC|  |TAMS 0x00000000c8c00000, 0x00000000c8b00000| Complete 
| 140|0x00000000c8c00000, 0x00000000c8d00000, 0x00000000c8d00000|100%|HC|  |TAMS 0x00000000c8d00000, 0x00000000c8c00000| Complete 
| 141|0x00000000c8d00000, 0x00000000c8e00000, 0x00000000c8e00000|100%|HC|  |TAMS 0x00000000c8e00000, 0x00000000c8d00000| Complete 
| 142|0x00000000c8e00000, 0x00000000c8f00000, 0x00000000c8f00000|100%|HC|  |TAMS 0x00000000c8f00000, 0x00000000c8e00000| Complete 
| 143|0x00000000c8f00000, 0x00000000c9000000, 0x00000000c9000000|100%|HC|  |TAMS 0x00000000c9000000, 0x00000000c8f00000| Complete 
| 144|0x00000000c9000000, 0x00000000c9100000, 0x00000000c9100000|100%|HC|  |TAMS 0x00000000c9100000, 0x00000000c9000000| Complete 
| 145|0x00000000c9100000, 0x00000000c9200000, 0x00000000c9200000|100%|HC|  |TAMS 0x00000000c9200000, 0x00000000c9100000| Complete 
| 146|0x00000000c9200000, 0x00000000c9300000, 0x00000000c9300000|100%|HC|  |TAMS 0x00000000c9300000, 0x00000000c9200000| Complete 
| 147|0x00000000c9300000, 0x00000000c9400000, 0x00000000c9400000|100%|HC|  |TAMS 0x00000000c9400000, 0x00000000c9300000| Complete 
| 148|0x00000000c9400000, 0x00000000c9500000, 0x00000000c9500000|100%|HC|  |TAMS 0x00000000c9500000, 0x00000000c9400000| Complete 
| 149|0x00000000c9500000, 0x00000000c9600000, 0x00000000c9600000|100%|HS|  |TAMS 0x00000000c9600000, 0x00000000c9500000| Complete 
| 150|0x00000000c9600000, 0x00000000c9700000, 0x00000000c9700000|100%|HC|  |TAMS 0x00000000c9700000, 0x00000000c9600000| Complete 
| 151|0x00000000c9700000, 0x00000000c9800000, 0x00000000c9800000|100%|HC|  |TAMS 0x00000000c9800000, 0x00000000c9700000| Complete 
| 152|0x00000000c9800000, 0x00000000c9900000, 0x00000000c9900000|100%|HC|  |TAMS 0x00000000c9900000, 0x00000000c9800000| Complete 
| 153|0x00000000c9900000, 0x00000000c9a00000, 0x00000000c9a00000|100%|HS|  |TAMS 0x00000000c9a00000, 0x00000000c9900000| Complete 
| 154|0x00000000c9a00000, 0x00000000c9b00000, 0x00000000c9b00000|100%|HS|  |TAMS 0x00000000c9b00000, 0x00000000c9a00000| Complete 
| 155|0x00000000c9b00000, 0x00000000c9c00000, 0x00000000c9c00000|100%|HC|  |TAMS 0x00000000c9c00000, 0x00000000c9b00000| Complete 
| 156|0x00000000c9c00000, 0x00000000c9d00000, 0x00000000c9d00000|100%|HC|  |TAMS 0x00000000c9d00000, 0x00000000c9c00000| Complete 
| 157|0x00000000c9d00000, 0x00000000c9e00000, 0x00000000c9e00000|100%|HS|  |TAMS 0x00000000c9e00000, 0x00000000c9d00000| Complete 
| 158|0x00000000c9e00000, 0x00000000c9f00000, 0x00000000c9f00000|100%|HS|  |TAMS 0x00000000c9f00000, 0x00000000c9e00000| Complete 
| 159|0x00000000c9f00000, 0x00000000ca000000, 0x00000000ca000000|100%| O|  |TAMS 0x00000000ca000000, 0x00000000c9f00000| Complete 
| 160|0x00000000ca000000, 0x00000000ca100000, 0x00000000ca100000|100%| O|  |TAMS 0x00000000ca100000, 0x00000000ca000000| Complete 
| 161|0x00000000ca100000, 0x00000000ca200000, 0x00000000ca200000|100%|HS|  |TAMS 0x00000000ca200000, 0x00000000ca100000| Complete 
| 162|0x00000000ca200000, 0x00000000ca300000, 0x00000000ca300000|100%| O|  |TAMS 0x00000000ca300000, 0x00000000ca200000| Complete 
| 163|0x00000000ca300000, 0x00000000ca400000, 0x00000000ca400000|100%|HS|  |TAMS 0x00000000ca400000, 0x00000000ca300000| Complete 
| 164|0x00000000ca400000, 0x00000000ca500000, 0x00000000ca500000|100%| O|  |TAMS 0x00000000ca500000, 0x00000000ca400000| Complete 
| 165|0x00000000ca500000, 0x00000000ca600000, 0x00000000ca600000|100%| O|  |TAMS 0x00000000ca600000, 0x00000000ca500000| Complete 
| 166|0x00000000ca600000, 0x00000000ca700000, 0x00000000ca700000|100%|HS|  |TAMS 0x00000000ca600000, 0x00000000ca600000| Complete 
| 167|0x00000000ca700000, 0x00000000ca800000, 0x00000000ca800000|100%|HC|  |TAMS 0x00000000ca700000, 0x00000000ca700000| Complete 
| 168|0x00000000ca800000, 0x00000000ca900000, 0x00000000ca900000|100%|HS|  |TAMS 0x00000000ca800000, 0x00000000ca800000| Complete 
| 169|0x00000000ca900000, 0x00000000caa00000, 0x00000000caa00000|100%|HC|  |TAMS 0x00000000ca900000, 0x00000000ca900000| Complete 
| 170|0x00000000caa00000, 0x00000000cab00000, 0x00000000cab00000|100%|HS|  |TAMS 0x00000000cab00000, 0x00000000caa00000| Complete 
| 171|0x00000000cab00000, 0x00000000cac00000, 0x00000000cac00000|100%|HS|  |TAMS 0x00000000cac00000, 0x00000000cab00000| Complete 
| 172|0x00000000cac00000, 0x00000000cad00000, 0x00000000cad00000|100%|HS|  |TAMS 0x00000000cad00000, 0x00000000cac00000| Complete 
| 173|0x00000000cad00000, 0x00000000cae00000, 0x00000000cae00000|100%|HS|  |TAMS 0x00000000cad00000, 0x00000000cad00000| Complete 
| 174|0x00000000cae00000, 0x00000000caf00000, 0x00000000caf00000|100%|HS|  |TAMS 0x00000000caf00000, 0x00000000cae00000| Complete 
| 175|0x00000000caf00000, 0x00000000cb000000, 0x00000000cb000000|100%|HS|  |TAMS 0x00000000cb000000, 0x00000000caf00000| Complete 
| 176|0x00000000cb000000, 0x00000000cb100000, 0x00000000cb100000|100%|HS|  |TAMS 0x00000000cb100000, 0x00000000cb000000| Complete 
| 177|0x00000000cb100000, 0x00000000cb200000, 0x00000000cb200000|100%|HS|  |TAMS 0x00000000cb100000, 0x00000000cb100000| Complete 
| 178|0x00000000cb200000, 0x00000000cb300000, 0x00000000cb300000|100%|HC|  |TAMS 0x00000000cb200000, 0x00000000cb200000| Complete 
| 179|0x00000000cb300000, 0x00000000cb400000, 0x00000000cb400000|100%|HS|  |TAMS 0x00000000cb300000, 0x00000000cb300000| Complete 
| 180|0x00000000cb400000, 0x00000000cb500000, 0x00000000cb500000|100%|HS|  |TAMS 0x00000000cb500000, 0x00000000cb400000| Complete 
| 181|0x00000000cb500000, 0x00000000cb600000, 0x00000000cb600000|100%|HS|  |TAMS 0x00000000cb500000, 0x00000000cb500000| Complete 
| 182|0x00000000cb600000, 0x00000000cb700000, 0x00000000cb700000|100%|HC|  |TAMS 0x00000000cb600000, 0x00000000cb600000| Complete 
| 183|0x00000000cb700000, 0x00000000cb800000, 0x00000000cb800000|100%|HS|  |TAMS 0x00000000cb700000, 0x00000000cb700000| Complete 
| 184|0x00000000cb800000, 0x00000000cb900000, 0x00000000cb900000|100%|HC|  |TAMS 0x00000000cb800000, 0x00000000cb800000| Complete 
| 185|0x00000000cb900000, 0x00000000cb900000, 0x00000000cba00000|  0%| F|  |TAMS 0x00000000cb900000, 0x00000000cb900000| Untracked 
| 186|0x00000000cba00000, 0x00000000cbb00000, 0x00000000cbb00000|100%|HS|  |TAMS 0x00000000cbb00000, 0x00000000cba00000| Complete 
| 187|0x00000000cbb00000, 0x00000000cbc00000, 0x00000000cbc00000|100%|HS|  |TAMS 0x00000000cbb00000, 0x00000000cbb00000| Complete 
| 188|0x00000000cbc00000, 0x00000000cbd00000, 0x00000000cbd00000|100%|HC|  |TAMS 0x00000000cbc00000, 0x00000000cbc00000| Complete 
| 189|0x00000000cbd00000, 0x00000000cbd00000, 0x00000000cbe00000|  0%| F|  |TAMS 0x00000000cbd00000, 0x00000000cbd00000| Untracked 
| 190|0x00000000cbe00000, 0x00000000cbf00000, 0x00000000cbf00000|100%|HS|  |TAMS 0x00000000cbf00000, 0x00000000cbe00000| Complete 
| 191|0x00000000cbf00000, 0x00000000cc000000, 0x00000000cc000000|100%|HC|  |TAMS 0x00000000cc000000, 0x00000000cbf00000| Complete 
| 192|0x00000000cc000000, 0x00000000cc100000, 0x00000000cc100000|100%|HC|  |TAMS 0x00000000cc100000, 0x00000000cc000000| Complete 
| 193|0x00000000cc100000, 0x00000000cc200000, 0x00000000cc200000|100%|HS|  |TAMS 0x00000000cc200000, 0x00000000cc100000| Complete 
| 194|0x00000000cc200000, 0x00000000cc300000, 0x00000000cc300000|100%| O|  |TAMS 0x00000000cc300000, 0x00000000cc200000| Complete 
| 195|0x00000000cc300000, 0x00000000cc400000, 0x00000000cc400000|100%|HS|  |TAMS 0x00000000cc400000, 0x00000000cc300000| Complete 
| 196|0x00000000cc400000, 0x00000000cc500000, 0x00000000cc500000|100%|HS|  |TAMS 0x00000000cc400000, 0x00000000cc400000| Complete 
| 197|0x00000000cc500000, 0x00000000cc600000, 0x00000000cc600000|100%|HC|  |TAMS 0x00000000cc500000, 0x00000000cc500000| Complete 
| 198|0x00000000cc600000, 0x00000000cc700000, 0x00000000cc700000|100%|HS|  |TAMS 0x00000000cc600000, 0x00000000cc600000| Complete 
| 199|0x00000000cc700000, 0x00000000cc800000, 0x00000000cc800000|100%|HC|  |TAMS 0x00000000cc700000, 0x00000000cc700000| Complete 
| 200|0x00000000cc800000, 0x00000000cc900000, 0x00000000cc900000|100%|HS|  |TAMS 0x00000000cc900000, 0x00000000cc800000| Complete 
| 201|0x00000000cc900000, 0x00000000cc900000, 0x00000000cca00000|  0%| F|  |TAMS 0x00000000cc900000, 0x00000000cc900000| Untracked 
| 202|0x00000000cca00000, 0x00000000ccb00000, 0x00000000ccb00000|100%|HS|  |TAMS 0x00000000ccb00000, 0x00000000cca00000| Complete 
| 203|0x00000000ccb00000, 0x00000000ccc00000, 0x00000000ccc00000|100%| O|  |TAMS 0x00000000ccc00000, 0x00000000ccb00000| Complete 
| 204|0x00000000ccc00000, 0x00000000ccc00000, 0x00000000ccd00000|  0%| F|  |TAMS 0x00000000ccc00000, 0x00000000ccc00000| Untracked 
| 205|0x00000000ccd00000, 0x00000000cce00000, 0x00000000cce00000|100%|HS|  |TAMS 0x00000000ccd00000, 0x00000000ccd00000| Complete 
| 206|0x00000000cce00000, 0x00000000ccf00000, 0x00000000ccf00000|100%|HC|  |TAMS 0x00000000cce00000, 0x00000000cce00000| Complete 
| 207|0x00000000ccf00000, 0x00000000cd000000, 0x00000000cd000000|100%| O|  |TAMS 0x00000000cd000000, 0x00000000ccf00000| Complete 
| 208|0x00000000cd000000, 0x00000000cd000000, 0x00000000cd100000|  0%| F|  |TAMS 0x00000000cd000000, 0x00000000cd000000| Untracked 
| 209|0x00000000cd100000, 0x00000000cd200000, 0x00000000cd200000|100%| O|  |TAMS 0x00000000cd200000, 0x00000000cd100000| Complete 
| 210|0x00000000cd200000, 0x00000000cd300000, 0x00000000cd300000|100%| O|  |TAMS 0x00000000cd300000, 0x00000000cd200000| Complete 
| 211|0x00000000cd300000, 0x00000000cd400000, 0x00000000cd400000|100%| O|  |TAMS 0x00000000cd400000, 0x00000000cd300000| Complete 
| 212|0x00000000cd400000, 0x00000000cd500000, 0x00000000cd500000|100%| O|  |TAMS 0x00000000cd500000, 0x00000000cd400000| Complete 
| 213|0x00000000cd500000, 0x00000000cd600000, 0x00000000cd600000|100%| O|  |TAMS 0x00000000cd600000, 0x00000000cd500000| Complete 
| 214|0x00000000cd600000, 0x00000000cd700000, 0x00000000cd700000|100%| O|  |TAMS 0x00000000cd700000, 0x00000000cd600000| Complete 
| 215|0x00000000cd700000, 0x00000000cd800000, 0x00000000cd800000|100%| O|  |TAMS 0x00000000cd800000, 0x00000000cd700000| Complete 
| 216|0x00000000cd800000, 0x00000000cd900000, 0x00000000cd900000|100%| O|  |TAMS 0x00000000cd900000, 0x00000000cd800000| Complete 
| 217|0x00000000cd900000, 0x00000000cda00000, 0x00000000cda00000|100%| O|  |TAMS 0x00000000cda00000, 0x00000000cd900000| Complete 
| 218|0x00000000cda00000, 0x00000000cdb00000, 0x00000000cdb00000|100%| O|  |TAMS 0x00000000cdb00000, 0x00000000cda00000| Complete 
| 219|0x00000000cdb00000, 0x00000000cdc00000, 0x00000000cdc00000|100%|HS|  |TAMS 0x00000000cdb00000, 0x00000000cdb00000| Complete 
| 220|0x00000000cdc00000, 0x00000000cdd00000, 0x00000000cdd00000|100%|HC|  |TAMS 0x00000000cdc00000, 0x00000000cdc00000| Complete 
| 221|0x00000000cdd00000, 0x00000000cde00000, 0x00000000cde00000|100%|HS|  |TAMS 0x00000000cde00000, 0x00000000cdd00000| Complete 
| 222|0x00000000cde00000, 0x00000000cdf00000, 0x00000000cdf00000|100%|HS|  |TAMS 0x00000000cdf00000, 0x00000000cde00000| Complete 
| 223|0x00000000cdf00000, 0x00000000ce000000, 0x00000000ce000000|100%|HS|  |TAMS 0x00000000ce000000, 0x00000000cdf00000| Complete 
| 224|0x00000000ce000000, 0x00000000ce100000, 0x00000000ce100000|100%|HS|  |TAMS 0x00000000ce100000, 0x00000000ce000000| Complete 
| 225|0x00000000ce100000, 0x00000000ce100000, 0x00000000ce200000|  0%| F|  |TAMS 0x00000000ce100000, 0x00000000ce100000| Untracked 
| 226|0x00000000ce200000, 0x00000000ce300000, 0x00000000ce300000|100%|HS|  |TAMS 0x00000000ce300000, 0x00000000ce200000| Complete 
| 227|0x00000000ce300000, 0x00000000ce400000, 0x00000000ce400000|100%| O|  |TAMS 0x00000000ce400000, 0x00000000ce300000| Complete 
| 228|0x00000000ce400000, 0x00000000ce500000, 0x00000000ce500000|100%|HS|  |TAMS 0x00000000ce400000, 0x00000000ce400000| Complete 
| 229|0x00000000ce500000, 0x00000000ce600000, 0x00000000ce600000|100%|HC|  |TAMS 0x00000000ce500000, 0x00000000ce500000| Complete 
| 230|0x00000000ce600000, 0x00000000ce700000, 0x00000000ce700000|100%| O|  |TAMS 0x00000000ce700000, 0x00000000ce600000| Complete 
| 231|0x00000000ce700000, 0x00000000ce800000, 0x00000000ce800000|100%| O|  |TAMS 0x00000000ce800000, 0x00000000ce700000| Complete 
| 232|0x00000000ce800000, 0x00000000ce800000, 0x00000000ce900000|  0%| F|  |TAMS 0x00000000ce800000, 0x00000000ce800000| Untracked 
| 233|0x00000000ce900000, 0x00000000ce900000, 0x00000000cea00000|  0%| F|  |TAMS 0x00000000ce900000, 0x00000000ce900000| Untracked 
| 234|0x00000000cea00000, 0x00000000ceb00000, 0x00000000ceb00000|100%| O|  |TAMS 0x00000000ceb00000, 0x00000000cea00000| Complete 
| 235|0x00000000ceb00000, 0x00000000cec00000, 0x00000000cec00000|100%| O|  |TAMS 0x00000000cec00000, 0x00000000ceb00000| Complete 
| 236|0x00000000cec00000, 0x00000000ced00000, 0x00000000ced00000|100%| O|  |TAMS 0x00000000ced00000, 0x00000000cec00000| Complete 
| 237|0x00000000ced00000, 0x00000000ced00000, 0x00000000cee00000|  0%| F|  |TAMS 0x00000000ced00000, 0x00000000ced00000| Untracked 
| 238|0x00000000cee00000, 0x00000000cee00000, 0x00000000cef00000|  0%| F|  |TAMS 0x00000000cee00000, 0x00000000cee00000| Untracked 
| 239|0x00000000cef00000, 0x00000000cf000000, 0x00000000cf000000|100%| O|  |TAMS 0x00000000cf000000, 0x00000000cef00000| Complete 
| 240|0x00000000cf000000, 0x00000000cf100000, 0x00000000cf100000|100%| O|  |TAMS 0x00000000cf100000, 0x00000000cf000000| Complete 
| 241|0x00000000cf100000, 0x00000000cf200000, 0x00000000cf200000|100%| O|  |TAMS 0x00000000cf200000, 0x00000000cf100000| Complete 
| 242|0x00000000cf200000, 0x00000000cf300000, 0x00000000cf300000|100%| O|  |TAMS 0x00000000cf300000, 0x00000000cf200000| Complete 
| 243|0x00000000cf300000, 0x00000000cf300000, 0x00000000cf400000|  0%| F|  |TAMS 0x00000000cf300000, 0x00000000cf300000| Untracked 
| 244|0x00000000cf400000, 0x00000000cf500000, 0x00000000cf500000|100%| O|  |TAMS 0x00000000cf500000, 0x00000000cf400000| Complete 
| 245|0x00000000cf500000, 0x00000000cf600000, 0x00000000cf600000|100%|HS|  |TAMS 0x00000000cf600000, 0x00000000cf500000| Complete 
| 246|0x00000000cf600000, 0x00000000cf700000, 0x00000000cf700000|100%|HS|  |TAMS 0x00000000cf700000, 0x00000000cf600000| Complete 
| 247|0x00000000cf700000, 0x00000000cf800000, 0x00000000cf800000|100%| O|  |TAMS 0x00000000cf800000, 0x00000000cf700000| Complete 
| 248|0x00000000cf800000, 0x00000000cf900000, 0x00000000cf900000|100%| O|  |TAMS 0x00000000cf900000, 0x00000000cf800000| Complete 
| 249|0x00000000cf900000, 0x00000000cf900000, 0x00000000cfa00000|  0%| F|  |TAMS 0x00000000cf900000, 0x00000000cf900000| Untracked 
| 250|0x00000000cfa00000, 0x00000000cfb00000, 0x00000000cfb00000|100%| O|  |TAMS 0x00000000cfb00000, 0x00000000cfa00000| Complete 
| 251|0x00000000cfb00000, 0x00000000cfc00000, 0x00000000cfc00000|100%| O|  |TAMS 0x00000000cfc00000, 0x00000000cfb00000| Complete 
| 252|0x00000000cfc00000, 0x00000000cfd00000, 0x00000000cfd00000|100%| O|  |TAMS 0x00000000cfd00000, 0x00000000cfc00000| Complete 
| 253|0x00000000cfd00000, 0x00000000cfe00000, 0x00000000cfe00000|100%|HS|  |TAMS 0x00000000cfe00000, 0x00000000cfd00000| Complete 
| 254|0x00000000cfe00000, 0x00000000cff00000, 0x00000000cff00000|100%| O|  |TAMS 0x00000000cff00000, 0x00000000cfe00000| Complete 
| 255|0x00000000cff00000, 0x00000000d0000000, 0x00000000d0000000|100%|HS|  |TAMS 0x00000000d0000000, 0x00000000cff00000| Complete 
| 256|0x00000000d0000000, 0x00000000d0100000, 0x00000000d0100000|100%| O|  |TAMS 0x00000000d0100000, 0x00000000d0000000| Complete 
| 257|0x00000000d0100000, 0x00000000d0200000, 0x00000000d0200000|100%| O|  |TAMS 0x00000000d0200000, 0x00000000d0100000| Complete 
| 258|0x00000000d0200000, 0x00000000d0300000, 0x00000000d0300000|100%|HS|  |TAMS 0x00000000d0300000, 0x00000000d0200000| Complete 
| 259|0x00000000d0300000, 0x00000000d0300000, 0x00000000d0400000|  0%| F|  |TAMS 0x00000000d0300000, 0x00000000d0300000| Untracked 
| 260|0x00000000d0400000, 0x00000000d0500000, 0x00000000d0500000|100%| O|  |TAMS 0x00000000d0500000, 0x00000000d0400000| Complete 
| 261|0x00000000d0500000, 0x00000000d0600000, 0x00000000d0600000|100%| O|  |TAMS 0x00000000d0600000, 0x00000000d0500000| Complete 
| 262|0x00000000d0600000, 0x00000000d0700000, 0x00000000d0700000|100%| O|  |TAMS 0x00000000d0700000, 0x00000000d0600000| Complete 
| 263|0x00000000d0700000, 0x00000000d0800000, 0x00000000d0800000|100%| O|  |TAMS 0x00000000d0800000, 0x00000000d0700000| Complete 
| 264|0x00000000d0800000, 0x00000000d0900000, 0x00000000d0900000|100%|HS|  |TAMS 0x00000000d0900000, 0x00000000d0800000| Complete 
| 265|0x00000000d0900000, 0x00000000d0a00000, 0x00000000d0a00000|100%|HS|  |TAMS 0x00000000d0a00000, 0x00000000d0900000| Complete 
| 266|0x00000000d0a00000, 0x00000000d0b00000, 0x00000000d0b00000|100%| O|  |TAMS 0x00000000d0b00000, 0x00000000d0a00000| Complete 
| 267|0x00000000d0b00000, 0x00000000d0c00000, 0x00000000d0c00000|100%| O|  |TAMS 0x00000000d0c00000, 0x00000000d0b00000| Complete 
| 268|0x00000000d0c00000, 0x00000000d0d00000, 0x00000000d0d00000|100%| O|  |TAMS 0x00000000d0d00000, 0x00000000d0c00000| Complete 
| 269|0x00000000d0d00000, 0x00000000d0d00000, 0x00000000d0e00000|  0%| F|  |TAMS 0x00000000d0d00000, 0x00000000d0d00000| Untracked 
| 270|0x00000000d0e00000, 0x00000000d0e00000, 0x00000000d0f00000|  0%| F|  |TAMS 0x00000000d0e00000, 0x00000000d0e00000| Untracked 
| 271|0x00000000d0f00000, 0x00000000d0f00000, 0x00000000d1000000|  0%| F|  |TAMS 0x00000000d0f00000, 0x00000000d0f00000| Untracked 
| 272|0x00000000d1000000, 0x00000000d1100000, 0x00000000d1100000|100%|HS|  |TAMS 0x00000000d1100000, 0x00000000d1000000| Complete 
| 273|0x00000000d1100000, 0x00000000d1100000, 0x00000000d1200000|  0%| F|  |TAMS 0x00000000d1100000, 0x00000000d1100000| Untracked 
| 274|0x00000000d1200000, 0x00000000d1200000, 0x00000000d1300000|  0%| F|  |TAMS 0x00000000d1200000, 0x00000000d1200000| Untracked 
| 275|0x00000000d1300000, 0x00000000d1300000, 0x00000000d1400000|  0%| F|  |TAMS 0x00000000d1300000, 0x00000000d1300000| Untracked 
| 276|0x00000000d1400000, 0x00000000d1400000, 0x00000000d1500000|  0%| F|  |TAMS 0x00000000d1400000, 0x00000000d1400000| Untracked 
| 277|0x00000000d1500000, 0x00000000d1600000, 0x00000000d1600000|100%| O|  |TAMS 0x00000000d1600000, 0x00000000d1500000| Complete 
| 278|0x00000000d1600000, 0x00000000d1655400, 0x00000000d1700000| 33%| O|  |TAMS 0x00000000d1655400, 0x00000000d1600000| Untracked 
| 279|0x00000000d1700000, 0x00000000d1700000, 0x00000000d1800000|  0%| F|  |TAMS 0x00000000d1700000, 0x00000000d1700000| Untracked 
| 280|0x00000000d1800000, 0x00000000d1900000, 0x00000000d1900000|100%| O|  |TAMS 0x00000000d1900000, 0x00000000d1800000| Complete 
| 281|0x00000000d1900000, 0x00000000d1900000, 0x00000000d1a00000|  0%| F|  |TAMS 0x00000000d1900000, 0x00000000d1900000| Untracked 
| 282|0x00000000d1a00000, 0x00000000d1a00000, 0x00000000d1b00000|  0%| F|  |TAMS 0x00000000d1a00000, 0x00000000d1a00000| Untracked 
| 283|0x00000000d1b00000, 0x00000000d1c00000, 0x00000000d1c00000|100%|HS|  |TAMS 0x00000000d1c00000, 0x00000000d1b00000| Complete 
| 284|0x00000000d1c00000, 0x00000000d1c00000, 0x00000000d1d00000|  0%| F|  |TAMS 0x00000000d1c00000, 0x00000000d1c00000| Untracked 
| 285|0x00000000d1d00000, 0x00000000d1e00000, 0x00000000d1e00000|100%|HS|  |TAMS 0x00000000d1e00000, 0x00000000d1d00000| Complete 
| 286|0x00000000d1e00000, 0x00000000d1f00000, 0x00000000d1f00000|100%|HS|  |TAMS 0x00000000d1f00000, 0x00000000d1e00000| Complete 
| 287|0x00000000d1f00000, 0x00000000d1f00000, 0x00000000d2000000|  0%| F|  |TAMS 0x00000000d1f00000, 0x00000000d1f00000| Untracked 
| 288|0x00000000d2000000, 0x00000000d2000000, 0x00000000d2100000|  0%| F|  |TAMS 0x00000000d2000000, 0x00000000d2000000| Untracked 
| 289|0x00000000d2100000, 0x00000000d2100000, 0x00000000d2200000|  0%| F|  |TAMS 0x00000000d2100000, 0x00000000d2100000| Untracked 
| 290|0x00000000d2200000, 0x00000000d2200000, 0x00000000d2300000|  0%| F|  |TAMS 0x00000000d2200000, 0x00000000d2200000| Untracked 
| 291|0x00000000d2300000, 0x00000000d2400000, 0x00000000d2400000|100%|HS|  |TAMS 0x00000000d2400000, 0x00000000d2300000| Complete 
| 292|0x00000000d2400000, 0x00000000d2500000, 0x00000000d2500000|100%|HS|  |TAMS 0x00000000d2500000, 0x00000000d2400000| Complete 
| 293|0x00000000d2500000, 0x00000000d2600000, 0x00000000d2600000|100%|HS|  |TAMS 0x00000000d2600000, 0x00000000d2500000| Complete 
| 294|0x00000000d2600000, 0x00000000d2700000, 0x00000000d2700000|100%|HS|  |TAMS 0x00000000d2700000, 0x00000000d2600000| Complete 
| 295|0x00000000d2700000, 0x00000000d2800000, 0x00000000d2800000|100%|HS|  |TAMS 0x00000000d2800000, 0x00000000d2700000| Complete 
| 296|0x00000000d2800000, 0x00000000d2900000, 0x00000000d2900000|100%|HS|  |TAMS 0x00000000d2900000, 0x00000000d2800000| Complete 
| 297|0x00000000d2900000, 0x00000000d2a00000, 0x00000000d2a00000|100%| O|  |TAMS 0x00000000d2a00000, 0x00000000d2900000| Complete 
| 298|0x00000000d2a00000, 0x00000000d2a00000, 0x00000000d2b00000|  0%| F|  |TAMS 0x00000000d2a00000, 0x00000000d2a00000| Untracked 
| 299|0x00000000d2b00000, 0x00000000d2c00000, 0x00000000d2c00000|100%|HS|  |TAMS 0x00000000d2c00000, 0x00000000d2b00000| Complete 
| 300|0x00000000d2c00000, 0x00000000d2d00000, 0x00000000d2d00000|100%|HS|  |TAMS 0x00000000d2d00000, 0x00000000d2c00000| Complete 
| 301|0x00000000d2d00000, 0x00000000d2d00000, 0x00000000d2e00000|  0%| F|  |TAMS 0x00000000d2d00000, 0x00000000d2d00000| Untracked 
| 302|0x00000000d2e00000, 0x00000000d2f00000, 0x00000000d2f00000|100%|HS|  |TAMS 0x00000000d2f00000, 0x00000000d2e00000| Complete 
| 303|0x00000000d2f00000, 0x00000000d3000000, 0x00000000d3000000|100%|HS|  |TAMS 0x00000000d3000000, 0x00000000d2f00000| Complete 
| 304|0x00000000d3000000, 0x00000000d3000000, 0x00000000d3100000|  0%| F|  |TAMS 0x00000000d3000000, 0x00000000d3000000| Untracked 
| 305|0x00000000d3100000, 0x00000000d3200000, 0x00000000d3200000|100%|HS|  |TAMS 0x00000000d3200000, 0x00000000d3100000| Complete 
| 306|0x00000000d3200000, 0x00000000d3300000, 0x00000000d3300000|100%|HS|  |TAMS 0x00000000d3300000, 0x00000000d3200000| Complete 
| 307|0x00000000d3300000, 0x00000000d3300000, 0x00000000d3400000|  0%| F|  |TAMS 0x00000000d3300000, 0x00000000d3300000| Untracked 
| 308|0x00000000d3400000, 0x00000000d3400000, 0x00000000d3500000|  0%| F|  |TAMS 0x00000000d3400000, 0x00000000d3400000| Untracked 
| 309|0x00000000d3500000, 0x00000000d3600000, 0x00000000d3600000|100%|HS|  |TAMS 0x00000000d3600000, 0x00000000d3500000| Complete 
| 310|0x00000000d3600000, 0x00000000d3700000, 0x00000000d3700000|100%|HS|  |TAMS 0x00000000d3700000, 0x00000000d3600000| Complete 
| 311|0x00000000d3700000, 0x00000000d3800000, 0x00000000d3800000|100%|HS|  |TAMS 0x00000000d3800000, 0x00000000d3700000| Complete 
| 312|0x00000000d3800000, 0x00000000d3900000, 0x00000000d3900000|100%|HC|  |TAMS 0x00000000d3900000, 0x00000000d3800000| Complete 
| 313|0x00000000d3900000, 0x00000000d3a00000, 0x00000000d3a00000|100%|HC|  |TAMS 0x00000000d3a00000, 0x00000000d3900000| Complete 
| 314|0x00000000d3a00000, 0x00000000d3b00000, 0x00000000d3b00000|100%|HC|  |TAMS 0x00000000d3b00000, 0x00000000d3a00000| Complete 
| 315|0x00000000d3b00000, 0x00000000d3c00000, 0x00000000d3c00000|100%|HC|  |TAMS 0x00000000d3c00000, 0x00000000d3b00000| Complete 
| 316|0x00000000d3c00000, 0x00000000d3d00000, 0x00000000d3d00000|100%|HC|  |TAMS 0x00000000d3d00000, 0x00000000d3c00000| Complete 
| 317|0x00000000d3d00000, 0x00000000d3e00000, 0x00000000d3e00000|100%|HC|  |TAMS 0x00000000d3e00000, 0x00000000d3d00000| Complete 
| 318|0x00000000d3e00000, 0x00000000d3f00000, 0x00000000d3f00000|100%|HC|  |TAMS 0x00000000d3f00000, 0x00000000d3e00000| Complete 
| 319|0x00000000d3f00000, 0x00000000d4000000, 0x00000000d4000000|100%|HC|  |TAMS 0x00000000d4000000, 0x00000000d3f00000| Complete 
| 320|0x00000000d4000000, 0x00000000d4100000, 0x00000000d4100000|100%|HS|  |TAMS 0x00000000d4100000, 0x00000000d4000000| Complete 
| 321|0x00000000d4100000, 0x00000000d4100000, 0x00000000d4200000|  0%| F|  |TAMS 0x00000000d4100000, 0x00000000d4100000| Untracked 
| 322|0x00000000d4200000, 0x00000000d4200000, 0x00000000d4300000|  0%| F|  |TAMS 0x00000000d4200000, 0x00000000d4200000| Untracked 
| 323|0x00000000d4300000, 0x00000000d4300000, 0x00000000d4400000|  0%| F|  |TAMS 0x00000000d4300000, 0x00000000d4300000| Untracked 
| 324|0x00000000d4400000, 0x00000000d4400000, 0x00000000d4500000|  0%| F|  |TAMS 0x00000000d4400000, 0x00000000d4400000| Untracked 
| 325|0x00000000d4500000, 0x00000000d4600000, 0x00000000d4600000|100%|HS|  |TAMS 0x00000000d4600000, 0x00000000d4500000| Complete 
| 326|0x00000000d4600000, 0x00000000d4700000, 0x00000000d4700000|100%|HS|  |TAMS 0x00000000d4700000, 0x00000000d4600000| Complete 
| 327|0x00000000d4700000, 0x00000000d4800000, 0x00000000d4800000|100%|HS|  |TAMS 0x00000000d4800000, 0x00000000d4700000| Complete 
| 328|0x00000000d4800000, 0x00000000d4900000, 0x00000000d4900000|100%|HS|  |TAMS 0x00000000d4900000, 0x00000000d4800000| Complete 
| 329|0x00000000d4900000, 0x00000000d4a00000, 0x00000000d4a00000|100%|HS|  |TAMS 0x00000000d4a00000, 0x00000000d4900000| Complete 
| 330|0x00000000d4a00000, 0x00000000d4b00000, 0x00000000d4b00000|100%|HS|  |TAMS 0x00000000d4b00000, 0x00000000d4a00000| Complete 
| 331|0x00000000d4b00000, 0x00000000d4b00000, 0x00000000d4c00000|  0%| F|  |TAMS 0x00000000d4b00000, 0x00000000d4b00000| Untracked 
| 332|0x00000000d4c00000, 0x00000000d4c00000, 0x00000000d4d00000|  0%| F|  |TAMS 0x00000000d4c00000, 0x00000000d4c00000| Untracked 
| 333|0x00000000d4d00000, 0x00000000d4d00000, 0x00000000d4e00000|  0%| F|  |TAMS 0x00000000d4d00000, 0x00000000d4d00000| Untracked 
| 334|0x00000000d4e00000, 0x00000000d4e00000, 0x00000000d4f00000|  0%| F|  |TAMS 0x00000000d4e00000, 0x00000000d4e00000| Untracked 
| 335|0x00000000d4f00000, 0x00000000d5000000, 0x00000000d5000000|100%|HS|  |TAMS 0x00000000d5000000, 0x00000000d4f00000| Complete 
| 336|0x00000000d5000000, 0x00000000d5100000, 0x00000000d5100000|100%| O|  |TAMS 0x00000000d5100000, 0x00000000d5000000| Complete 
| 337|0x00000000d5100000, 0x00000000d5200000, 0x00000000d5200000|100%|HS|  |TAMS 0x00000000d5200000, 0x00000000d5100000| Complete 
| 338|0x00000000d5200000, 0x00000000d5300000, 0x00000000d5300000|100%|HS|  |TAMS 0x00000000d5300000, 0x00000000d5200000| Complete 
| 339|0x00000000d5300000, 0x00000000d5300000, 0x00000000d5400000|  0%| F|  |TAMS 0x00000000d5300000, 0x00000000d5300000| Untracked 
| 340|0x00000000d5400000, 0x00000000d5400000, 0x00000000d5500000|  0%| F|  |TAMS 0x00000000d5400000, 0x00000000d5400000| Untracked 
| 341|0x00000000d5500000, 0x00000000d5500000, 0x00000000d5600000|  0%| F|  |TAMS 0x00000000d5500000, 0x00000000d5500000| Untracked 
| 342|0x00000000d5600000, 0x00000000d5600000, 0x00000000d5700000|  0%| F|  |TAMS 0x00000000d5600000, 0x00000000d5600000| Untracked 
| 343|0x00000000d5700000, 0x00000000d5700000, 0x00000000d5800000|  0%| F|  |TAMS 0x00000000d5700000, 0x00000000d5700000| Untracked 
| 344|0x00000000d5800000, 0x00000000d5800000, 0x00000000d5900000|  0%| F|  |TAMS 0x00000000d5800000, 0x00000000d5800000| Untracked 
| 345|0x00000000d5900000, 0x00000000d5900000, 0x00000000d5a00000|  0%| F|  |TAMS 0x00000000d5900000, 0x00000000d5900000| Untracked 
| 346|0x00000000d5a00000, 0x00000000d5a00000, 0x00000000d5b00000|  0%| F|  |TAMS 0x00000000d5a00000, 0x00000000d5a00000| Untracked 
| 347|0x00000000d5b00000, 0x00000000d5b00000, 0x00000000d5c00000|  0%| F|  |TAMS 0x00000000d5b00000, 0x00000000d5b00000| Untracked 
| 348|0x00000000d5c00000, 0x00000000d5c00000, 0x00000000d5d00000|  0%| F|  |TAMS 0x00000000d5c00000, 0x00000000d5c00000| Untracked 
| 349|0x00000000d5d00000, 0x00000000d5d00000, 0x00000000d5e00000|  0%| F|  |TAMS 0x00000000d5d00000, 0x00000000d5d00000| Untracked 
| 350|0x00000000d5e00000, 0x00000000d5e00000, 0x00000000d5f00000|  0%| F|  |TAMS 0x00000000d5e00000, 0x00000000d5e00000| Untracked 
| 351|0x00000000d5f00000, 0x00000000d5f00000, 0x00000000d6000000|  0%| F|  |TAMS 0x00000000d5f00000, 0x00000000d5f00000| Untracked 
| 352|0x00000000d6000000, 0x00000000d6000000, 0x00000000d6100000|  0%| F|  |TAMS 0x00000000d6000000, 0x00000000d6000000| Untracked 
| 353|0x00000000d6100000, 0x00000000d6100000, 0x00000000d6200000|  0%| F|  |TAMS 0x00000000d6100000, 0x00000000d6100000| Untracked 
| 354|0x00000000d6200000, 0x00000000d6200000, 0x00000000d6300000|  0%| F|  |TAMS 0x00000000d6200000, 0x00000000d6200000| Untracked 
| 355|0x00000000d6300000, 0x00000000d6300000, 0x00000000d6400000|  0%| F|  |TAMS 0x00000000d6300000, 0x00000000d6300000| Untracked 
| 356|0x00000000d6400000, 0x00000000d6400000, 0x00000000d6500000|  0%| F|  |TAMS 0x00000000d6400000, 0x00000000d6400000| Untracked 
| 357|0x00000000d6500000, 0x00000000d6500000, 0x00000000d6600000|  0%| F|  |TAMS 0x00000000d6500000, 0x00000000d6500000| Untracked 
| 358|0x00000000d6600000, 0x00000000d6600000, 0x00000000d6700000|  0%| F|  |TAMS 0x00000000d6600000, 0x00000000d6600000| Untracked 
| 359|0x00000000d6700000, 0x00000000d6700000, 0x00000000d6800000|  0%| F|  |TAMS 0x00000000d6700000, 0x00000000d6700000| Untracked 
| 360|0x00000000d6800000, 0x00000000d6800000, 0x00000000d6900000|  0%| F|  |TAMS 0x00000000d6800000, 0x00000000d6800000| Untracked 
| 361|0x00000000d6900000, 0x00000000d6900000, 0x00000000d6a00000|  0%| F|  |TAMS 0x00000000d6900000, 0x00000000d6900000| Untracked 
| 362|0x00000000d6a00000, 0x00000000d6a00000, 0x00000000d6b00000|  0%| F|  |TAMS 0x00000000d6a00000, 0x00000000d6a00000| Untracked 
| 363|0x00000000d6b00000, 0x00000000d6b00000, 0x00000000d6c00000|  0%| F|  |TAMS 0x00000000d6b00000, 0x00000000d6b00000| Untracked 
| 364|0x00000000d6c00000, 0x00000000d6c00000, 0x00000000d6d00000|  0%| F|  |TAMS 0x00000000d6c00000, 0x00000000d6c00000| Untracked 
| 365|0x00000000d6d00000, 0x00000000d6d00000, 0x00000000d6e00000|  0%| F|  |TAMS 0x00000000d6d00000, 0x00000000d6d00000| Untracked 
| 366|0x00000000d6e00000, 0x00000000d6e00000, 0x00000000d6f00000|  0%| F|  |TAMS 0x00000000d6e00000, 0x00000000d6e00000| Untracked 
| 367|0x00000000d6f00000, 0x00000000d6f00000, 0x00000000d7000000|  0%| F|  |TAMS 0x00000000d6f00000, 0x00000000d6f00000| Untracked 
| 368|0x00000000d7000000, 0x00000000d7000000, 0x00000000d7100000|  0%| F|  |TAMS 0x00000000d7000000, 0x00000000d7000000| Untracked 
| 369|0x00000000d7100000, 0x00000000d7100000, 0x00000000d7200000|  0%| F|  |TAMS 0x00000000d7100000, 0x00000000d7100000| Untracked 
| 370|0x00000000d7200000, 0x00000000d7200000, 0x00000000d7300000|  0%| F|  |TAMS 0x00000000d7200000, 0x00000000d7200000| Untracked 
| 371|0x00000000d7300000, 0x00000000d7300000, 0x00000000d7400000|  0%| F|  |TAMS 0x00000000d7300000, 0x00000000d7300000| Untracked 
| 372|0x00000000d7400000, 0x00000000d7400000, 0x00000000d7500000|  0%| F|  |TAMS 0x00000000d7400000, 0x00000000d7400000| Untracked 
| 373|0x00000000d7500000, 0x00000000d7500000, 0x00000000d7600000|  0%| F|  |TAMS 0x00000000d7500000, 0x00000000d7500000| Untracked 
| 374|0x00000000d7600000, 0x00000000d7600000, 0x00000000d7700000|  0%| F|  |TAMS 0x00000000d7600000, 0x00000000d7600000| Untracked 
| 375|0x00000000d7700000, 0x00000000d7700000, 0x00000000d7800000|  0%| F|  |TAMS 0x00000000d7700000, 0x00000000d7700000| Untracked 
| 376|0x00000000d7800000, 0x00000000d7900000, 0x00000000d7900000|100%| O|  |TAMS 0x00000000d7900000, 0x00000000d7800000| Complete 
| 377|0x00000000d7900000, 0x00000000d7900000, 0x00000000d7a00000|  0%| F|  |TAMS 0x00000000d7900000, 0x00000000d7900000| Untracked 
| 378|0x00000000d7a00000, 0x00000000d7a00000, 0x00000000d7b00000|  0%| F|  |TAMS 0x00000000d7a00000, 0x00000000d7a00000| Untracked 
| 379|0x00000000d7b00000, 0x00000000d7b00000, 0x00000000d7c00000|  0%| F|  |TAMS 0x00000000d7b00000, 0x00000000d7b00000| Untracked 
| 380|0x00000000d7c00000, 0x00000000d7c00000, 0x00000000d7d00000|  0%| F|  |TAMS 0x00000000d7c00000, 0x00000000d7c00000| Untracked 
| 381|0x00000000d7d00000, 0x00000000d7d00000, 0x00000000d7e00000|  0%| F|  |TAMS 0x00000000d7d00000, 0x00000000d7d00000| Untracked 
| 382|0x00000000d7e00000, 0x00000000d7e00000, 0x00000000d7f00000|  0%| F|  |TAMS 0x00000000d7e00000, 0x00000000d7e00000| Untracked 
| 383|0x00000000d7f00000, 0x00000000d7f00000, 0x00000000d8000000|  0%| F|  |TAMS 0x00000000d7f00000, 0x00000000d7f00000| Untracked 
| 384|0x00000000d8000000, 0x00000000d8000000, 0x00000000d8100000|  0%| F|  |TAMS 0x00000000d8000000, 0x00000000d8000000| Untracked 
| 385|0x00000000d8100000, 0x00000000d8100000, 0x00000000d8200000|  0%| F|  |TAMS 0x00000000d8100000, 0x00000000d8100000| Untracked 
| 386|0x00000000d8200000, 0x00000000d8200000, 0x00000000d8300000|  0%| F|  |TAMS 0x00000000d8200000, 0x00000000d8200000| Untracked 
| 387|0x00000000d8300000, 0x00000000d8300000, 0x00000000d8400000|  0%| F|  |TAMS 0x00000000d8300000, 0x00000000d8300000| Untracked 
| 388|0x00000000d8400000, 0x00000000d8400000, 0x00000000d8500000|  0%| F|  |TAMS 0x00000000d8400000, 0x00000000d8400000| Untracked 
| 389|0x00000000d8500000, 0x00000000d8500000, 0x00000000d8600000|  0%| F|  |TAMS 0x00000000d8500000, 0x00000000d8500000| Untracked 
| 390|0x00000000d8600000, 0x00000000d8600000, 0x00000000d8700000|  0%| F|  |TAMS 0x00000000d8600000, 0x00000000d8600000| Untracked 
| 391|0x00000000d8700000, 0x00000000d8700000, 0x00000000d8800000|  0%| F|  |TAMS 0x00000000d8700000, 0x00000000d8700000| Untracked 
| 392|0x00000000d8800000, 0x00000000d8800000, 0x00000000d8900000|  0%| F|  |TAMS 0x00000000d8800000, 0x00000000d8800000| Untracked 
| 393|0x00000000d8900000, 0x00000000d8900000, 0x00000000d8a00000|  0%| F|  |TAMS 0x00000000d8900000, 0x00000000d8900000| Untracked 
| 394|0x00000000d8a00000, 0x00000000d8a00000, 0x00000000d8b00000|  0%| F|  |TAMS 0x00000000d8a00000, 0x00000000d8a00000| Untracked 
| 395|0x00000000d8b00000, 0x00000000d8b00000, 0x00000000d8c00000|  0%| F|  |TAMS 0x00000000d8b00000, 0x00000000d8b00000| Untracked 
| 396|0x00000000d8c00000, 0x00000000d8d00000, 0x00000000d8d00000|100%| O|  |TAMS 0x00000000d8d00000, 0x00000000d8c00000| Complete 
| 397|0x00000000d8d00000, 0x00000000d8d00000, 0x00000000d8e00000|  0%| F|  |TAMS 0x00000000d8d00000, 0x00000000d8d00000| Untracked 
| 398|0x00000000d8e00000, 0x00000000d8e00000, 0x00000000d8f00000|  0%| F|  |TAMS 0x00000000d8e00000, 0x00000000d8e00000| Untracked 
| 399|0x00000000d8f00000, 0x00000000d8f00000, 0x00000000d9000000|  0%| F|  |TAMS 0x00000000d8f00000, 0x00000000d8f00000| Untracked 
| 400|0x00000000d9000000, 0x00000000d9000000, 0x00000000d9100000|  0%| F|  |TAMS 0x00000000d9000000, 0x00000000d9000000| Untracked 
| 401|0x00000000d9100000, 0x00000000d9100000, 0x00000000d9200000|  0%| F|  |TAMS 0x00000000d9100000, 0x00000000d9100000| Untracked 
| 402|0x00000000d9200000, 0x00000000d9200000, 0x00000000d9300000|  0%| F|  |TAMS 0x00000000d9200000, 0x00000000d9200000| Untracked 
| 403|0x00000000d9300000, 0x00000000d9300000, 0x00000000d9400000|  0%| F|  |TAMS 0x00000000d9300000, 0x00000000d9300000| Untracked 
| 404|0x00000000d9400000, 0x00000000d9400000, 0x00000000d9500000|  0%| F|  |TAMS 0x00000000d9400000, 0x00000000d9400000| Untracked 
| 405|0x00000000d9500000, 0x00000000d9500000, 0x00000000d9600000|  0%| F|  |TAMS 0x00000000d9500000, 0x00000000d9500000| Untracked 
| 406|0x00000000d9600000, 0x00000000d9600000, 0x00000000d9700000|  0%| F|  |TAMS 0x00000000d9600000, 0x00000000d9600000| Untracked 
| 407|0x00000000d9700000, 0x00000000d9700000, 0x00000000d9800000|  0%| F|  |TAMS 0x00000000d9700000, 0x00000000d9700000| Untracked 
| 408|0x00000000d9800000, 0x00000000d9800000, 0x00000000d9900000|  0%| F|  |TAMS 0x00000000d9800000, 0x00000000d9800000| Untracked 
| 409|0x00000000d9900000, 0x00000000d9900000, 0x00000000d9a00000|  0%| F|  |TAMS 0x00000000d9900000, 0x00000000d9900000| Untracked 
| 410|0x00000000d9a00000, 0x00000000d9a00000, 0x00000000d9b00000|  0%| F|  |TAMS 0x00000000d9a00000, 0x00000000d9a00000| Untracked 
| 411|0x00000000d9b00000, 0x00000000d9b00000, 0x00000000d9c00000|  0%| F|  |TAMS 0x00000000d9b00000, 0x00000000d9b00000| Untracked 
| 412|0x00000000d9c00000, 0x00000000d9c00000, 0x00000000d9d00000|  0%| F|  |TAMS 0x00000000d9c00000, 0x00000000d9c00000| Untracked 
| 413|0x00000000d9d00000, 0x00000000d9d00000, 0x00000000d9e00000|  0%| F|  |TAMS 0x00000000d9d00000, 0x00000000d9d00000| Untracked 
| 414|0x00000000d9e00000, 0x00000000d9e00000, 0x00000000d9f00000|  0%| F|  |TAMS 0x00000000d9e00000, 0x00000000d9e00000| Untracked 
| 415|0x00000000d9f00000, 0x00000000d9f00000, 0x00000000da000000|  0%| F|  |TAMS 0x00000000d9f00000, 0x00000000d9f00000| Untracked 
| 416|0x00000000da000000, 0x00000000da000000, 0x00000000da100000|  0%| F|  |TAMS 0x00000000da000000, 0x00000000da000000| Untracked 
| 417|0x00000000da100000, 0x00000000da100000, 0x00000000da200000|  0%| F|  |TAMS 0x00000000da100000, 0x00000000da100000| Untracked 
| 418|0x00000000da200000, 0x00000000da200000, 0x00000000da300000|  0%| F|  |TAMS 0x00000000da200000, 0x00000000da200000| Untracked 
| 419|0x00000000da300000, 0x00000000da300000, 0x00000000da400000|  0%| F|  |TAMS 0x00000000da300000, 0x00000000da300000| Untracked 
| 420|0x00000000da400000, 0x00000000da400000, 0x00000000da500000|  0%| F|  |TAMS 0x00000000da400000, 0x00000000da400000| Untracked 
| 421|0x00000000da500000, 0x00000000da500000, 0x00000000da600000|  0%| F|  |TAMS 0x00000000da500000, 0x00000000da500000| Untracked 
| 422|0x00000000da600000, 0x00000000da600000, 0x00000000da700000|  0%| F|  |TAMS 0x00000000da600000, 0x00000000da600000| Untracked 
| 423|0x00000000da700000, 0x00000000da700000, 0x00000000da800000|  0%| F|  |TAMS 0x00000000da700000, 0x00000000da700000| Untracked 
| 424|0x00000000da800000, 0x00000000da800000, 0x00000000da900000|  0%| F|  |TAMS 0x00000000da800000, 0x00000000da800000| Untracked 
| 425|0x00000000da900000, 0x00000000daa00000, 0x00000000daa00000|100%| O|  |TAMS 0x00000000daa00000, 0x00000000da900000| Complete 
| 426|0x00000000daa00000, 0x00000000daa00000, 0x00000000dab00000|  0%| F|  |TAMS 0x00000000daa00000, 0x00000000daa00000| Untracked 
| 427|0x00000000dab00000, 0x00000000dab00000, 0x00000000dac00000|  0%| F|  |TAMS 0x00000000dab00000, 0x00000000dab00000| Untracked 
| 428|0x00000000dac00000, 0x00000000dac00000, 0x00000000dad00000|  0%| F|  |TAMS 0x00000000dac00000, 0x00000000dac00000| Untracked 
| 429|0x00000000dad00000, 0x00000000dad00000, 0x00000000dae00000|  0%| F|  |TAMS 0x00000000dad00000, 0x00000000dad00000| Untracked 
| 430|0x00000000dae00000, 0x00000000dae00000, 0x00000000daf00000|  0%| F|  |TAMS 0x00000000dae00000, 0x00000000dae00000| Untracked 
| 431|0x00000000daf00000, 0x00000000daf00000, 0x00000000db000000|  0%| F|  |TAMS 0x00000000daf00000, 0x00000000daf00000| Untracked 
| 432|0x00000000db000000, 0x00000000db000000, 0x00000000db100000|  0%| F|  |TAMS 0x00000000db000000, 0x00000000db000000| Untracked 
| 433|0x00000000db100000, 0x00000000db100000, 0x00000000db200000|  0%| F|  |TAMS 0x00000000db100000, 0x00000000db100000| Untracked 
| 434|0x00000000db200000, 0x00000000db200000, 0x00000000db300000|  0%| F|  |TAMS 0x00000000db200000, 0x00000000db200000| Untracked 
| 435|0x00000000db300000, 0x00000000db300000, 0x00000000db400000|  0%| F|  |TAMS 0x00000000db300000, 0x00000000db300000| Untracked 
| 436|0x00000000db400000, 0x00000000db400000, 0x00000000db500000|  0%| F|  |TAMS 0x00000000db400000, 0x00000000db400000| Untracked 
| 437|0x00000000db500000, 0x00000000db500000, 0x00000000db600000|  0%| F|  |TAMS 0x00000000db500000, 0x00000000db500000| Untracked 
| 438|0x00000000db600000, 0x00000000db600000, 0x00000000db700000|  0%| F|  |TAMS 0x00000000db600000, 0x00000000db600000| Untracked 
| 439|0x00000000db700000, 0x00000000db700000, 0x00000000db800000|  0%| F|  |TAMS 0x00000000db700000, 0x00000000db700000| Untracked 
| 440|0x00000000db800000, 0x00000000db800000, 0x00000000db900000|  0%| F|  |TAMS 0x00000000db800000, 0x00000000db800000| Untracked 
| 441|0x00000000db900000, 0x00000000db900000, 0x00000000dba00000|  0%| F|  |TAMS 0x00000000db900000, 0x00000000db900000| Untracked 
| 442|0x00000000dba00000, 0x00000000dba00000, 0x00000000dbb00000|  0%| F|  |TAMS 0x00000000dba00000, 0x00000000dba00000| Untracked 
| 443|0x00000000dbb00000, 0x00000000dbb00000, 0x00000000dbc00000|  0%| F|  |TAMS 0x00000000dbb00000, 0x00000000dbb00000| Untracked 
| 444|0x00000000dbc00000, 0x00000000dbc00000, 0x00000000dbd00000|  0%| F|  |TAMS 0x00000000dbc00000, 0x00000000dbc00000| Untracked 
| 445|0x00000000dbd00000, 0x00000000dbd00000, 0x00000000dbe00000|  0%| F|  |TAMS 0x00000000dbd00000, 0x00000000dbd00000| Untracked 
| 446|0x00000000dbe00000, 0x00000000dbe00000, 0x00000000dbf00000|  0%| F|  |TAMS 0x00000000dbe00000, 0x00000000dbe00000| Untracked 
| 447|0x00000000dbf00000, 0x00000000dbf00000, 0x00000000dc000000|  0%| F|  |TAMS 0x00000000dbf00000, 0x00000000dbf00000| Untracked 
| 448|0x00000000dc000000, 0x00000000dc000000, 0x00000000dc100000|  0%| F|  |TAMS 0x00000000dc000000, 0x00000000dc000000| Untracked 
| 449|0x00000000dc100000, 0x00000000dc100000, 0x00000000dc200000|  0%| F|  |TAMS 0x00000000dc100000, 0x00000000dc100000| Untracked 
| 450|0x00000000dc200000, 0x00000000dc200000, 0x00000000dc300000|  0%| F|  |TAMS 0x00000000dc200000, 0x00000000dc200000| Untracked 
| 451|0x00000000dc300000, 0x00000000dc300000, 0x00000000dc400000|  0%| F|  |TAMS 0x00000000dc300000, 0x00000000dc300000| Untracked 
| 452|0x00000000dc400000, 0x00000000dc400000, 0x00000000dc500000|  0%| F|  |TAMS 0x00000000dc400000, 0x00000000dc400000| Untracked 
| 453|0x00000000dc500000, 0x00000000dc500000, 0x00000000dc600000|  0%| F|  |TAMS 0x00000000dc500000, 0x00000000dc500000| Untracked 
| 454|0x00000000dc600000, 0x00000000dc600000, 0x00000000dc700000|  0%| F|  |TAMS 0x00000000dc600000, 0x00000000dc600000| Untracked 
| 455|0x00000000dc700000, 0x00000000dc700000, 0x00000000dc800000|  0%| F|  |TAMS 0x00000000dc700000, 0x00000000dc700000| Untracked 
| 456|0x00000000dc800000, 0x00000000dc800000, 0x00000000dc900000|  0%| F|  |TAMS 0x00000000dc800000, 0x00000000dc800000| Untracked 
| 457|0x00000000dc900000, 0x00000000dc900000, 0x00000000dca00000|  0%| F|  |TAMS 0x00000000dc900000, 0x00000000dc900000| Untracked 
| 458|0x00000000dca00000, 0x00000000dca00000, 0x00000000dcb00000|  0%| F|  |TAMS 0x00000000dca00000, 0x00000000dca00000| Untracked 
| 459|0x00000000dcb00000, 0x00000000dcb00000, 0x00000000dcc00000|  0%| F|  |TAMS 0x00000000dcb00000, 0x00000000dcb00000| Untracked 
| 460|0x00000000dcc00000, 0x00000000dcc00000, 0x00000000dcd00000|  0%| F|  |TAMS 0x00000000dcc00000, 0x00000000dcc00000| Untracked 
| 461|0x00000000dcd00000, 0x00000000dcd00000, 0x00000000dce00000|  0%| F|  |TAMS 0x00000000dcd00000, 0x00000000dcd00000| Untracked 
| 462|0x00000000dce00000, 0x00000000dce00000, 0x00000000dcf00000|  0%| F|  |TAMS 0x00000000dce00000, 0x00000000dce00000| Untracked 
| 463|0x00000000dcf00000, 0x00000000dcf00000, 0x00000000dd000000|  0%| F|  |TAMS 0x00000000dcf00000, 0x00000000dcf00000| Untracked 
| 464|0x00000000dd000000, 0x00000000dd000000, 0x00000000dd100000|  0%| F|  |TAMS 0x00000000dd000000, 0x00000000dd000000| Untracked 
| 465|0x00000000dd100000, 0x00000000dd100000, 0x00000000dd200000|  0%| F|  |TAMS 0x00000000dd100000, 0x00000000dd100000| Untracked 
| 466|0x00000000dd200000, 0x00000000dd200000, 0x00000000dd300000|  0%| F|  |TAMS 0x00000000dd200000, 0x00000000dd200000| Untracked 
| 467|0x00000000dd300000, 0x00000000dd300000, 0x00000000dd400000|  0%| F|  |TAMS 0x00000000dd300000, 0x00000000dd300000| Untracked 
| 468|0x00000000dd400000, 0x00000000dd400000, 0x00000000dd500000|  0%| F|  |TAMS 0x00000000dd400000, 0x00000000dd400000| Untracked 
| 469|0x00000000dd500000, 0x00000000dd500000, 0x00000000dd600000|  0%| F|  |TAMS 0x00000000dd500000, 0x00000000dd500000| Untracked 
| 470|0x00000000dd600000, 0x00000000dd600000, 0x00000000dd700000|  0%| F|  |TAMS 0x00000000dd600000, 0x00000000dd600000| Untracked 
| 471|0x00000000dd700000, 0x00000000dd700000, 0x00000000dd800000|  0%| F|  |TAMS 0x00000000dd700000, 0x00000000dd700000| Untracked 
| 472|0x00000000dd800000, 0x00000000dd800000, 0x00000000dd900000|  0%| F|  |TAMS 0x00000000dd800000, 0x00000000dd800000| Untracked 
| 473|0x00000000dd900000, 0x00000000dd900000, 0x00000000dda00000|  0%| F|  |TAMS 0x00000000dd900000, 0x00000000dd900000| Untracked 
| 474|0x00000000dda00000, 0x00000000dda00000, 0x00000000ddb00000|  0%| F|  |TAMS 0x00000000dda00000, 0x00000000dda00000| Untracked 
| 475|0x00000000ddb00000, 0x00000000ddb00000, 0x00000000ddc00000|  0%| F|  |TAMS 0x00000000ddb00000, 0x00000000ddb00000| Untracked 
| 476|0x00000000ddc00000, 0x00000000ddc00000, 0x00000000ddd00000|  0%| F|  |TAMS 0x00000000ddc00000, 0x00000000ddc00000| Untracked 
| 477|0x00000000ddd00000, 0x00000000ddd00000, 0x00000000dde00000|  0%| F|  |TAMS 0x00000000ddd00000, 0x00000000ddd00000| Untracked 
| 478|0x00000000dde00000, 0x00000000dde00000, 0x00000000ddf00000|  0%| F|  |TAMS 0x00000000dde00000, 0x00000000dde00000| Untracked 
| 479|0x00000000ddf00000, 0x00000000ddf00000, 0x00000000de000000|  0%| F|  |TAMS 0x00000000ddf00000, 0x00000000ddf00000| Untracked 
| 480|0x00000000de000000, 0x00000000de000000, 0x00000000de100000|  0%| F|  |TAMS 0x00000000de000000, 0x00000000de000000| Untracked 
| 481|0x00000000de100000, 0x00000000de100000, 0x00000000de200000|  0%| F|  |TAMS 0x00000000de100000, 0x00000000de100000| Untracked 
| 482|0x00000000de200000, 0x00000000de200000, 0x00000000de300000|  0%| F|  |TAMS 0x00000000de200000, 0x00000000de200000| Untracked 
| 483|0x00000000de300000, 0x00000000de300000, 0x00000000de400000|  0%| F|  |TAMS 0x00000000de300000, 0x00000000de300000| Untracked 
| 484|0x00000000de400000, 0x00000000de400000, 0x00000000de500000|  0%| F|  |TAMS 0x00000000de400000, 0x00000000de400000| Untracked 
| 485|0x00000000de500000, 0x00000000de500000, 0x00000000de600000|  0%| F|  |TAMS 0x00000000de500000, 0x00000000de500000| Untracked 
| 486|0x00000000de600000, 0x00000000de600000, 0x00000000de700000|  0%| F|  |TAMS 0x00000000de600000, 0x00000000de600000| Untracked 
| 487|0x00000000de700000, 0x00000000de700000, 0x00000000de800000|  0%| F|  |TAMS 0x00000000de700000, 0x00000000de700000| Untracked 
| 488|0x00000000de800000, 0x00000000de800000, 0x00000000de900000|  0%| F|  |TAMS 0x00000000de800000, 0x00000000de800000| Untracked 
| 489|0x00000000de900000, 0x00000000de900000, 0x00000000dea00000|  0%| F|  |TAMS 0x00000000de900000, 0x00000000de900000| Untracked 
| 490|0x00000000dea00000, 0x00000000dea00000, 0x00000000deb00000|  0%| F|  |TAMS 0x00000000dea00000, 0x00000000dea00000| Untracked 
| 491|0x00000000deb00000, 0x00000000deb00000, 0x00000000dec00000|  0%| F|  |TAMS 0x00000000deb00000, 0x00000000deb00000| Untracked 
| 492|0x00000000dec00000, 0x00000000dec00000, 0x00000000ded00000|  0%| F|  |TAMS 0x00000000dec00000, 0x00000000dec00000| Untracked 
| 493|0x00000000ded00000, 0x00000000ded00000, 0x00000000dee00000|  0%| F|  |TAMS 0x00000000ded00000, 0x00000000ded00000| Untracked 
| 494|0x00000000dee00000, 0x00000000dee00000, 0x00000000def00000|  0%| F|  |TAMS 0x00000000dee00000, 0x00000000dee00000| Untracked 
| 495|0x00000000def00000, 0x00000000def00000, 0x00000000df000000|  0%| F|  |TAMS 0x00000000def00000, 0x00000000def00000| Untracked 
| 496|0x00000000df000000, 0x00000000df000000, 0x00000000df100000|  0%| F|  |TAMS 0x00000000df000000, 0x00000000df000000| Untracked 
| 497|0x00000000df100000, 0x00000000df100000, 0x00000000df200000|  0%| F|  |TAMS 0x00000000df100000, 0x00000000df100000| Untracked 
| 498|0x00000000df200000, 0x00000000df200000, 0x00000000df300000|  0%| F|  |TAMS 0x00000000df200000, 0x00000000df200000| Untracked 
| 499|0x00000000df300000, 0x00000000df300000, 0x00000000df400000|  0%| F|  |TAMS 0x00000000df300000, 0x00000000df300000| Untracked 
| 500|0x00000000df400000, 0x00000000df400000, 0x00000000df500000|  0%| F|  |TAMS 0x00000000df400000, 0x00000000df400000| Untracked 
| 501|0x00000000df500000, 0x00000000df500000, 0x00000000df600000|  0%| F|  |TAMS 0x00000000df500000, 0x00000000df500000| Untracked 
| 502|0x00000000df600000, 0x00000000df600000, 0x00000000df700000|  0%| F|  |TAMS 0x00000000df600000, 0x00000000df600000| Untracked 
| 503|0x00000000df700000, 0x00000000df700000, 0x00000000df800000|  0%| F|  |TAMS 0x00000000df700000, 0x00000000df700000| Untracked 
| 504|0x00000000df800000, 0x00000000df800000, 0x00000000df900000|  0%| F|  |TAMS 0x00000000df800000, 0x00000000df800000| Untracked 
| 505|0x00000000df900000, 0x00000000df900000, 0x00000000dfa00000|  0%| F|  |TAMS 0x00000000df900000, 0x00000000df900000| Untracked 
| 506|0x00000000dfa00000, 0x00000000dfa00000, 0x00000000dfb00000|  0%| F|  |TAMS 0x00000000dfa00000, 0x00000000dfa00000| Untracked 
| 507|0x00000000dfb00000, 0x00000000dfb00000, 0x00000000dfc00000|  0%| F|  |TAMS 0x00000000dfb00000, 0x00000000dfb00000| Untracked 
| 508|0x00000000dfc00000, 0x00000000dfc78080, 0x00000000dfd00000| 46%| E|  |TAMS 0x00000000dfc00000, 0x00000000dfc00000| Complete 
| 509|0x00000000dfd00000, 0x00000000dfe00000, 0x00000000dfe00000|100%| E|CS|TAMS 0x00000000dfd00000, 0x00000000dfd00000| Complete 
| 510|0x00000000dfe00000, 0x00000000dff00000, 0x00000000dff00000|100%| E|CS|TAMS 0x00000000dfe00000, 0x00000000dfe00000| Complete 
| 511|0x00000000dff00000, 0x00000000e0000000, 0x00000000e0000000|100%| E|CS|TAMS 0x00000000dff00000, 0x00000000dff00000| Complete 
| 512|0x00000000e0000000, 0x00000000e0100000, 0x00000000e0100000|100%| E|CS|TAMS 0x00000000e0000000, 0x00000000e0000000| Complete 
| 513|0x00000000e0100000, 0x00000000e0200000, 0x00000000e0200000|100%| E|CS|TAMS 0x00000000e0100000, 0x00000000e0100000| Complete 
| 514|0x00000000e0200000, 0x00000000e0300000, 0x00000000e0300000|100%| E|CS|TAMS 0x00000000e0200000, 0x00000000e0200000| Complete 
| 515|0x00000000e0300000, 0x00000000e0400000, 0x00000000e0400000|100%| E|CS|TAMS 0x00000000e0300000, 0x00000000e0300000| Complete 
| 516|0x00000000e0400000, 0x00000000e0500000, 0x00000000e0500000|100%| E|CS|TAMS 0x00000000e0400000, 0x00000000e0400000| Complete 
| 517|0x00000000e0500000, 0x00000000e05fffa8, 0x00000000e0600000| 99%| E|  |TAMS 0x00000000e0500000, 0x00000000e0500000| Complete 
| 518|0x00000000e0600000, 0x00000000e0700000, 0x00000000e0700000|100%| E|CS|TAMS 0x00000000e0600000, 0x00000000e0600000| Complete 
| 519|0x00000000e0700000, 0x00000000e0800000, 0x00000000e0800000|100%| E|CS|TAMS 0x00000000e0700000, 0x00000000e0700000| Complete 
| 520|0x00000000e0800000, 0x00000000e0900000, 0x00000000e0900000|100%| E|CS|TAMS 0x00000000e0800000, 0x00000000e0800000| Complete 
| 521|0x00000000e0900000, 0x00000000e0a00000, 0x00000000e0a00000|100%| E|CS|TAMS 0x00000000e0900000, 0x00000000e0900000| Complete 
| 522|0x00000000e0a00000, 0x00000000e0b00000, 0x00000000e0b00000|100%| E|CS|TAMS 0x00000000e0a00000, 0x00000000e0a00000| Complete 
| 523|0x00000000e0b00000, 0x00000000e0c00000, 0x00000000e0c00000|100%| E|CS|TAMS 0x00000000e0b00000, 0x00000000e0b00000| Complete 
| 524|0x00000000e0c00000, 0x00000000e0d00000, 0x00000000e0d00000|100%| E|CS|TAMS 0x00000000e0c00000, 0x00000000e0c00000| Complete 
| 525|0x00000000e0d00000, 0x00000000e0e00000, 0x00000000e0e00000|100%| E|CS|TAMS 0x00000000e0d00000, 0x00000000e0d00000| Complete 
| 526|0x00000000e0e00000, 0x00000000e0f00000, 0x00000000e0f00000|100%| E|CS|TAMS 0x00000000e0e00000, 0x00000000e0e00000| Complete 
| 527|0x00000000e0f00000, 0x00000000e1000000, 0x00000000e1000000|100%| E|CS|TAMS 0x00000000e0f00000, 0x00000000e0f00000| Complete 
| 528|0x00000000e1000000, 0x00000000e1100000, 0x00000000e1100000|100%| E|CS|TAMS 0x00000000e1000000, 0x00000000e1000000| Complete 
| 529|0x00000000e1100000, 0x00000000e1200000, 0x00000000e1200000|100%| E|CS|TAMS 0x00000000e1100000, 0x00000000e1100000| Complete 
| 530|0x00000000e1200000, 0x00000000e1300000, 0x00000000e1300000|100%| E|CS|TAMS 0x00000000e1200000, 0x00000000e1200000| Complete 
| 531|0x00000000e1300000, 0x00000000e1400000, 0x00000000e1400000|100%| E|CS|TAMS 0x00000000e1300000, 0x00000000e1300000| Complete 
| 532|0x00000000e1400000, 0x00000000e1500000, 0x00000000e1500000|100%| E|CS|TAMS 0x00000000e1400000, 0x00000000e1400000| Complete 
| 533|0x00000000e1500000, 0x00000000e1600000, 0x00000000e1600000|100%| E|CS|TAMS 0x00000000e1500000, 0x00000000e1500000| Complete 
| 534|0x00000000e1600000, 0x00000000e1700000, 0x00000000e1700000|100%| E|CS|TAMS 0x00000000e1600000, 0x00000000e1600000| Complete 
| 535|0x00000000e1700000, 0x00000000e1800000, 0x00000000e1800000|100%| E|CS|TAMS 0x00000000e1700000, 0x00000000e1700000| Complete 
| 536|0x00000000e1800000, 0x00000000e1900000, 0x00000000e1900000|100%| E|CS|TAMS 0x00000000e1800000, 0x00000000e1800000| Complete 
| 537|0x00000000e1900000, 0x00000000e1a00000, 0x00000000e1a00000|100%| E|CS|TAMS 0x00000000e1900000, 0x00000000e1900000| Complete 
| 538|0x00000000e1a00000, 0x00000000e1b00000, 0x00000000e1b00000|100%| E|CS|TAMS 0x00000000e1a00000, 0x00000000e1a00000| Complete 
| 539|0x00000000e1b00000, 0x00000000e1c00000, 0x00000000e1c00000|100%| E|CS|TAMS 0x00000000e1b00000, 0x00000000e1b00000| Complete 
| 540|0x00000000e1c00000, 0x00000000e1d00000, 0x00000000e1d00000|100%| E|CS|TAMS 0x00000000e1c00000, 0x00000000e1c00000| Complete 
| 541|0x00000000e1d00000, 0x00000000e1e00000, 0x00000000e1e00000|100%| E|CS|TAMS 0x00000000e1d00000, 0x00000000e1d00000| Complete 
| 542|0x00000000e1e00000, 0x00000000e1f00000, 0x00000000e1f00000|100%| E|CS|TAMS 0x00000000e1e00000, 0x00000000e1e00000| Complete 
| 543|0x00000000e1f00000, 0x00000000e2000000, 0x00000000e2000000|100%| E|CS|TAMS 0x00000000e1f00000, 0x00000000e1f00000| Complete 
| 544|0x00000000e2000000, 0x00000000e2100000, 0x00000000e2100000|100%| E|CS|TAMS 0x00000000e2000000, 0x00000000e2000000| Complete 
| 545|0x00000000e2100000, 0x00000000e2200000, 0x00000000e2200000|100%| E|CS|TAMS 0x00000000e2100000, 0x00000000e2100000| Complete 
| 546|0x00000000e2200000, 0x00000000e2300000, 0x00000000e2300000|100%| E|CS|TAMS 0x00000000e2200000, 0x00000000e2200000| Complete 
| 547|0x00000000e2300000, 0x00000000e2400000, 0x00000000e2400000|100%| E|CS|TAMS 0x00000000e2300000, 0x00000000e2300000| Complete 
| 548|0x00000000e2400000, 0x00000000e2500000, 0x00000000e2500000|100%| E|CS|TAMS 0x00000000e2400000, 0x00000000e2400000| Complete 
| 549|0x00000000e2500000, 0x00000000e2600000, 0x00000000e2600000|100%| E|CS|TAMS 0x00000000e2500000, 0x00000000e2500000| Complete 
| 550|0x00000000e2600000, 0x00000000e2700000, 0x00000000e2700000|100%| E|CS|TAMS 0x00000000e2600000, 0x00000000e2600000| Complete 
| 551|0x00000000e2700000, 0x00000000e2800000, 0x00000000e2800000|100%| E|CS|TAMS 0x00000000e2700000, 0x00000000e2700000| Complete 
| 552|0x00000000e2800000, 0x00000000e2900000, 0x00000000e2900000|100%| E|CS|TAMS 0x00000000e2800000, 0x00000000e2800000| Complete 
| 553|0x00000000e2900000, 0x00000000e2a00000, 0x00000000e2a00000|100%| E|CS|TAMS 0x00000000e2900000, 0x00000000e2900000| Complete 
| 554|0x00000000e2a00000, 0x00000000e2b00000, 0x00000000e2b00000|100%| E|CS|TAMS 0x00000000e2a00000, 0x00000000e2a00000| Complete 
| 555|0x00000000e2b00000, 0x00000000e2c00000, 0x00000000e2c00000|100%| E|CS|TAMS 0x00000000e2b00000, 0x00000000e2b00000| Complete 
| 556|0x00000000e2c00000, 0x00000000e2d00000, 0x00000000e2d00000|100%| E|CS|TAMS 0x00000000e2c00000, 0x00000000e2c00000| Complete 
| 557|0x00000000e2d00000, 0x00000000e2e00000, 0x00000000e2e00000|100%| E|CS|TAMS 0x00000000e2d00000, 0x00000000e2d00000| Complete 
| 558|0x00000000e2e00000, 0x00000000e2f00000, 0x00000000e2f00000|100%| E|CS|TAMS 0x00000000e2e00000, 0x00000000e2e00000| Complete 
| 559|0x00000000e2f00000, 0x00000000e3000000, 0x00000000e3000000|100%| E|CS|TAMS 0x00000000e2f00000, 0x00000000e2f00000| Complete 
| 560|0x00000000e3000000, 0x00000000e3100000, 0x00000000e3100000|100%| E|CS|TAMS 0x00000000e3000000, 0x00000000e3000000| Complete 
| 561|0x00000000e3100000, 0x00000000e3200000, 0x00000000e3200000|100%| E|CS|TAMS 0x00000000e3100000, 0x00000000e3100000| Complete 
| 562|0x00000000e3200000, 0x00000000e3300000, 0x00000000e3300000|100%| E|CS|TAMS 0x00000000e3200000, 0x00000000e3200000| Complete 
| 563|0x00000000e3300000, 0x00000000e3400000, 0x00000000e3400000|100%| E|CS|TAMS 0x00000000e3300000, 0x00000000e3300000| Complete 
| 564|0x00000000e3400000, 0x00000000e3500000, 0x00000000e3500000|100%| E|CS|TAMS 0x00000000e3400000, 0x00000000e3400000| Complete 
| 565|0x00000000e3500000, 0x00000000e3600000, 0x00000000e3600000|100%| E|CS|TAMS 0x00000000e3500000, 0x00000000e3500000| Complete 
| 566|0x00000000e3600000, 0x00000000e3700000, 0x00000000e3700000|100%| E|CS|TAMS 0x00000000e3600000, 0x00000000e3600000| Complete 
| 567|0x00000000e3700000, 0x00000000e3800000, 0x00000000e3800000|100%| E|CS|TAMS 0x00000000e3700000, 0x00000000e3700000| Complete 
| 568|0x00000000e3800000, 0x00000000e3900000, 0x00000000e3900000|100%| E|CS|TAMS 0x00000000e3800000, 0x00000000e3800000| Complete 
| 569|0x00000000e3900000, 0x00000000e3a00000, 0x00000000e3a00000|100%| E|CS|TAMS 0x00000000e3900000, 0x00000000e3900000| Complete 
| 570|0x00000000e3a00000, 0x00000000e3b00000, 0x00000000e3b00000|100%| E|CS|TAMS 0x00000000e3a00000, 0x00000000e3a00000| Complete 
| 571|0x00000000e3b00000, 0x00000000e3c00000, 0x00000000e3c00000|100%| E|CS|TAMS 0x00000000e3b00000, 0x00000000e3b00000| Complete 
| 572|0x00000000e3c00000, 0x00000000e3d00000, 0x00000000e3d00000|100%| E|CS|TAMS 0x00000000e3c00000, 0x00000000e3c00000| Complete 
| 573|0x00000000e3d00000, 0x00000000e3e00000, 0x00000000e3e00000|100%| E|CS|TAMS 0x00000000e3d00000, 0x00000000e3d00000| Complete 
| 574|0x00000000e3e00000, 0x00000000e3f00000, 0x00000000e3f00000|100%| E|CS|TAMS 0x00000000e3e00000, 0x00000000e3e00000| Complete 
| 575|0x00000000e3f00000, 0x00000000e4000000, 0x00000000e4000000|100%| E|CS|TAMS 0x00000000e3f00000, 0x00000000e3f00000| Complete 
| 576|0x00000000e4000000, 0x00000000e4100000, 0x00000000e4100000|100%| E|CS|TAMS 0x00000000e4000000, 0x00000000e4000000| Complete 
| 577|0x00000000e4100000, 0x00000000e4200000, 0x00000000e4200000|100%| E|CS|TAMS 0x00000000e4100000, 0x00000000e4100000| Complete 
| 578|0x00000000e4200000, 0x00000000e4300000, 0x00000000e4300000|100%| E|CS|TAMS 0x00000000e4200000, 0x00000000e4200000| Complete 
| 579|0x00000000e4300000, 0x00000000e4400000, 0x00000000e4400000|100%| E|CS|TAMS 0x00000000e4300000, 0x00000000e4300000| Complete 
| 580|0x00000000e4400000, 0x00000000e4500000, 0x00000000e4500000|100%| E|CS|TAMS 0x00000000e4400000, 0x00000000e4400000| Complete 
| 581|0x00000000e4500000, 0x00000000e4600000, 0x00000000e4600000|100%| E|CS|TAMS 0x00000000e4500000, 0x00000000e4500000| Complete 
| 582|0x00000000e4600000, 0x00000000e4700000, 0x00000000e4700000|100%| E|CS|TAMS 0x00000000e4600000, 0x00000000e4600000| Complete 
| 583|0x00000000e4700000, 0x00000000e4800000, 0x00000000e4800000|100%| E|CS|TAMS 0x00000000e4700000, 0x00000000e4700000| Complete 
| 584|0x00000000e4800000, 0x00000000e4900000, 0x00000000e4900000|100%| E|CS|TAMS 0x00000000e4800000, 0x00000000e4800000| Complete 
| 585|0x00000000e4900000, 0x00000000e4a00000, 0x00000000e4a00000|100%| E|CS|TAMS 0x00000000e4900000, 0x00000000e4900000| Complete 
| 586|0x00000000e4a00000, 0x00000000e4b00000, 0x00000000e4b00000|100%| E|CS|TAMS 0x00000000e4a00000, 0x00000000e4a00000| Complete 
| 587|0x00000000e4b00000, 0x00000000e4c00000, 0x00000000e4c00000|100%| E|CS|TAMS 0x00000000e4b00000, 0x00000000e4b00000| Complete 
| 588|0x00000000e4c00000, 0x00000000e4d00000, 0x00000000e4d00000|100%| E|CS|TAMS 0x00000000e4c00000, 0x00000000e4c00000| Complete 
| 589|0x00000000e4d00000, 0x00000000e4e00000, 0x00000000e4e00000|100%| E|CS|TAMS 0x00000000e4d00000, 0x00000000e4d00000| Complete 
| 590|0x00000000e4e00000, 0x00000000e4f00000, 0x00000000e4f00000|100%| E|CS|TAMS 0x00000000e4e00000, 0x00000000e4e00000| Complete 
| 591|0x00000000e4f00000, 0x00000000e5000000, 0x00000000e5000000|100%| E|CS|TAMS 0x00000000e4f00000, 0x00000000e4f00000| Complete 
| 592|0x00000000e5000000, 0x00000000e5100000, 0x00000000e5100000|100%| E|CS|TAMS 0x00000000e5000000, 0x00000000e5000000| Complete 
| 593|0x00000000e5100000, 0x00000000e5200000, 0x00000000e5200000|100%| E|CS|TAMS 0x00000000e5100000, 0x00000000e5100000| Complete 
| 594|0x00000000e5200000, 0x00000000e5300000, 0x00000000e5300000|100%| E|CS|TAMS 0x00000000e5200000, 0x00000000e5200000| Complete 
| 595|0x00000000e5300000, 0x00000000e5400000, 0x00000000e5400000|100%| E|CS|TAMS 0x00000000e5300000, 0x00000000e5300000| Complete 
| 596|0x00000000e5400000, 0x00000000e5500000, 0x00000000e5500000|100%| E|CS|TAMS 0x00000000e5400000, 0x00000000e5400000| Complete 
| 597|0x00000000e5500000, 0x00000000e5600000, 0x00000000e5600000|100%| E|CS|TAMS 0x00000000e5500000, 0x00000000e5500000| Complete 
| 598|0x00000000e5600000, 0x00000000e5700000, 0x00000000e5700000|100%| E|CS|TAMS 0x00000000e5600000, 0x00000000e5600000| Complete 
| 599|0x00000000e5700000, 0x00000000e5800000, 0x00000000e5800000|100%| E|CS|TAMS 0x00000000e5700000, 0x00000000e5700000| Complete 
| 600|0x00000000e5800000, 0x00000000e5900000, 0x00000000e5900000|100%| E|CS|TAMS 0x00000000e5800000, 0x00000000e5800000| Complete 
| 601|0x00000000e5900000, 0x00000000e5a00000, 0x00000000e5a00000|100%| E|CS|TAMS 0x00000000e5900000, 0x00000000e5900000| Complete 
| 602|0x00000000e5a00000, 0x00000000e5b00000, 0x00000000e5b00000|100%| E|CS|TAMS 0x00000000e5a00000, 0x00000000e5a00000| Complete 
| 603|0x00000000e5b00000, 0x00000000e5c00000, 0x00000000e5c00000|100%| E|CS|TAMS 0x00000000e5b00000, 0x00000000e5b00000| Complete 
| 604|0x00000000e5c00000, 0x00000000e5d00000, 0x00000000e5d00000|100%| E|CS|TAMS 0x00000000e5c00000, 0x00000000e5c00000| Complete 
| 605|0x00000000e5d00000, 0x00000000e5e00000, 0x00000000e5e00000|100%| E|CS|TAMS 0x00000000e5d00000, 0x00000000e5d00000| Complete 
| 606|0x00000000e5e00000, 0x00000000e5ef1090, 0x00000000e5f00000| 94%| S|CS|TAMS 0x00000000e5e00000, 0x00000000e5e00000| Complete 
| 607|0x00000000e5f00000, 0x00000000e6000000, 0x00000000e6000000|100%| S|CS|TAMS 0x00000000e5f00000, 0x00000000e5f00000| Complete 
| 608|0x00000000e6000000, 0x00000000e6100000, 0x00000000e6100000|100%| S|CS|TAMS 0x00000000e6000000, 0x00000000e6000000| Complete 
| 609|0x00000000e6100000, 0x00000000e6200000, 0x00000000e6200000|100%| S|CS|TAMS 0x00000000e6100000, 0x00000000e6100000| Complete 
| 610|0x00000000e6200000, 0x00000000e6300000, 0x00000000e6300000|100%| S|CS|TAMS 0x00000000e6200000, 0x00000000e6200000| Complete 
| 611|0x00000000e6300000, 0x00000000e6400000, 0x00000000e6400000|100%| S|CS|TAMS 0x00000000e6300000, 0x00000000e6300000| Complete 
| 612|0x00000000e6400000, 0x00000000e6500000, 0x00000000e6500000|100%| S|CS|TAMS 0x00000000e6400000, 0x00000000e6400000| Complete 
| 613|0x00000000e6500000, 0x00000000e6600000, 0x00000000e6600000|100%| S|CS|TAMS 0x00000000e6500000, 0x00000000e6500000| Complete 
| 614|0x00000000e6600000, 0x00000000e6700000, 0x00000000e6700000|100%| S|CS|TAMS 0x00000000e6600000, 0x00000000e6600000| Complete 
| 615|0x00000000e6700000, 0x00000000e6800000, 0x00000000e6800000|100%| S|CS|TAMS 0x00000000e6700000, 0x00000000e6700000| Complete 
| 616|0x00000000e6800000, 0x00000000e6900000, 0x00000000e6900000|100%| E|CS|TAMS 0x00000000e6800000, 0x00000000e6800000| Complete 
| 617|0x00000000e6900000, 0x00000000e6a00000, 0x00000000e6a00000|100%| E|CS|TAMS 0x00000000e6900000, 0x00000000e6900000| Complete 
| 618|0x00000000e6a00000, 0x00000000e6b00000, 0x00000000e6b00000|100%| E|CS|TAMS 0x00000000e6a00000, 0x00000000e6a00000| Complete 
| 619|0x00000000e6b00000, 0x00000000e6c00000, 0x00000000e6c00000|100%| E|CS|TAMS 0x00000000e6b00000, 0x00000000e6b00000| Complete 
| 620|0x00000000e6c00000, 0x00000000e6d00000, 0x00000000e6d00000|100%| E|CS|TAMS 0x00000000e6c00000, 0x00000000e6c00000| Complete 
| 621|0x00000000e6d00000, 0x00000000e6e00000, 0x00000000e6e00000|100%| E|CS|TAMS 0x00000000e6d00000, 0x00000000e6d00000| Complete 
| 622|0x00000000e6e00000, 0x00000000e6f00000, 0x00000000e6f00000|100%| E|CS|TAMS 0x00000000e6e00000, 0x00000000e6e00000| Complete 
| 623|0x00000000e6f00000, 0x00000000e7000000, 0x00000000e7000000|100%| E|CS|TAMS 0x00000000e6f00000, 0x00000000e6f00000| Complete 
| 624|0x00000000e7000000, 0x00000000e7100000, 0x00000000e7100000|100%| E|CS|TAMS 0x00000000e7000000, 0x00000000e7000000| Complete 
| 625|0x00000000e7100000, 0x00000000e7200000, 0x00000000e7200000|100%| E|CS|TAMS 0x00000000e7100000, 0x00000000e7100000| Complete 
| 626|0x00000000e7200000, 0x00000000e7300000, 0x00000000e7300000|100%| E|CS|TAMS 0x00000000e7200000, 0x00000000e7200000| Complete 
| 627|0x00000000e7300000, 0x00000000e7400000, 0x00000000e7400000|100%| E|CS|TAMS 0x00000000e7300000, 0x00000000e7300000| Complete 
| 628|0x00000000e7400000, 0x00000000e7500000, 0x00000000e7500000|100%| E|CS|TAMS 0x00000000e7400000, 0x00000000e7400000| Complete 
| 629|0x00000000e7500000, 0x00000000e7600000, 0x00000000e7600000|100%| E|CS|TAMS 0x00000000e7500000, 0x00000000e7500000| Complete 
| 630|0x00000000e7600000, 0x00000000e7700000, 0x00000000e7700000|100%| E|CS|TAMS 0x00000000e7600000, 0x00000000e7600000| Complete 
| 631|0x00000000e7700000, 0x00000000e7800000, 0x00000000e7800000|100%| E|CS|TAMS 0x00000000e7700000, 0x00000000e7700000| Complete 
| 632|0x00000000e7800000, 0x00000000e7900000, 0x00000000e7900000|100%| E|CS|TAMS 0x00000000e7800000, 0x00000000e7800000| Complete 
| 633|0x00000000e7900000, 0x00000000e7a00000, 0x00000000e7a00000|100%| E|CS|TAMS 0x00000000e7900000, 0x00000000e7900000| Complete 
| 634|0x00000000e7a00000, 0x00000000e7b00000, 0x00000000e7b00000|100%| E|CS|TAMS 0x00000000e7a00000, 0x00000000e7a00000| Complete 
| 635|0x00000000e7b00000, 0x00000000e7c00000, 0x00000000e7c00000|100%| E|CS|TAMS 0x00000000e7b00000, 0x00000000e7b00000| Complete 
| 636|0x00000000e7c00000, 0x00000000e7d00000, 0x00000000e7d00000|100%| E|CS|TAMS 0x00000000e7c00000, 0x00000000e7c00000| Complete 
| 637|0x00000000e7d00000, 0x00000000e7e00000, 0x00000000e7e00000|100%| E|CS|TAMS 0x00000000e7d00000, 0x00000000e7d00000| Complete 
| 638|0x00000000e7e00000, 0x00000000e7f00000, 0x00000000e7f00000|100%| E|CS|TAMS 0x00000000e7e00000, 0x00000000e7e00000| Complete 
| 639|0x00000000e7f00000, 0x00000000e8000000, 0x00000000e8000000|100%| E|CS|TAMS 0x00000000e7f00000, 0x00000000e7f00000| Complete 
| 640|0x00000000e8000000, 0x00000000e8100000, 0x00000000e8100000|100%| E|CS|TAMS 0x00000000e8000000, 0x00000000e8000000| Complete 
| 641|0x00000000e8100000, 0x00000000e8200000, 0x00000000e8200000|100%| E|CS|TAMS 0x00000000e8100000, 0x00000000e8100000| Complete 
| 642|0x00000000e8200000, 0x00000000e8300000, 0x00000000e8300000|100%| E|CS|TAMS 0x00000000e8200000, 0x00000000e8200000| Complete 
| 643|0x00000000e8300000, 0x00000000e8400000, 0x00000000e8400000|100%| E|CS|TAMS 0x00000000e8300000, 0x00000000e8300000| Complete 
| 644|0x00000000e8400000, 0x00000000e8500000, 0x00000000e8500000|100%| E|CS|TAMS 0x00000000e8400000, 0x00000000e8400000| Complete 
| 645|0x00000000e8500000, 0x00000000e8600000, 0x00000000e8600000|100%| E|CS|TAMS 0x00000000e8500000, 0x00000000e8500000| Complete 
| 646|0x00000000e8600000, 0x00000000e8700000, 0x00000000e8700000|100%| E|CS|TAMS 0x00000000e8600000, 0x00000000e8600000| Complete 
| 647|0x00000000e8700000, 0x00000000e8800000, 0x00000000e8800000|100%| E|CS|TAMS 0x00000000e8700000, 0x00000000e8700000| Complete 
| 648|0x00000000e8800000, 0x00000000e8900000, 0x00000000e8900000|100%| E|CS|TAMS 0x00000000e8800000, 0x00000000e8800000| Complete 
| 649|0x00000000e8900000, 0x00000000e8a00000, 0x00000000e8a00000|100%| E|CS|TAMS 0x00000000e8900000, 0x00000000e8900000| Complete 
| 650|0x00000000e8a00000, 0x00000000e8b00000, 0x00000000e8b00000|100%| E|CS|TAMS 0x00000000e8a00000, 0x00000000e8a00000| Complete 
| 651|0x00000000e8b00000, 0x00000000e8c00000, 0x00000000e8c00000|100%| E|CS|TAMS 0x00000000e8b00000, 0x00000000e8b00000| Complete 
|1022|0x00000000ffe00000, 0x00000000ffe47000, 0x00000000fff00000| 27%|OA|  |TAMS 0x00000000ffe47000, 0x00000000ffe00000| Untracked 
|1023|0x00000000fff00000, 0x00000000fff6c000, 0x0000000100000000| 42%|CA|  |TAMS 0x00000000fff6c000, 0x00000000fff00000| Untracked 

Card table byte_map: [0x0000792fddaf5000,0x0000792fddcf5000] _byte_map_base: 0x0000792fdd4f5000

Marking Bits (Prev, Next): (CMBitMap*) 0x0000792fd805b7c8, (CMBitMap*) 0x0000792fd805b800
 Prev Bits: [0x0000792fdc8f5000, 0x0000792fdd8f5000)
 Next Bits: [0x0000792fbb000000, 0x0000792fbc000000)

Polling page: 0x0000792fe1671000

Metaspace:

Usage:
  Non-class:    137.95 MB capacity,   134.45 MB ( 97%) used,     2.64 MB (  2%) free+waste,   881.81 KB ( <1%) overhead. 
      Class:     23.71 MB capacity,    20.39 MB ( 86%) used,     2.87 MB ( 12%) free+waste,   462.50 KB (  2%) overhead. 
       Both:    161.66 MB capacity,   154.84 MB ( 96%) used,     5.50 MB (  3%) free+waste,     1.31 MB ( <1%) overhead. 

Virtual space:
  Non-class space:      140.00 MB reserved,     139.25 MB (>99%) committed 
      Class space:        1.00 GB reserved,      24.62 MB (  2%) committed 
             Both:        1.14 GB reserved,     163.88 MB ( 14%) committed 

Chunk freelists:
   Non-Class:  1.16 MB
       Class:  909.00 KB
        Both:  2.04 MB

MaxMetaspaceSize: unlimited
CompressedClassSpaceSize: 1.00 GB
Initial GC threshold: 20.80 MB
Current GC threshold: 273.12 MB
CDS: on

CodeHeap 'non-profiled nmethods': size=119172Kb used=10579Kb max_used=10935Kb free=108592Kb
 bounds [0x0000792fc8343000, 0x0000792fc8df3000, 0x0000792fcf7a4000]
CodeHeap 'profiled nmethods': size=119168Kb used=40228Kb max_used=42786Kb free=78939Kb
 bounds [0x0000792fc0ee3000, 0x0000792fc38b3000, 0x0000792fc8343000]
CodeHeap 'non-nmethods': size=7420Kb used=2748Kb max_used=2983Kb free=4671Kb
 bounds [0x0000792fc07a4000, 0x0000792fc0a94000, 0x0000792fc0ee3000]
 total_blobs=21682 nmethods=20676 adapters=916
 compilation: enabled
              stopped_count=0, restarted_count=0
 full_count=0

Compilation events (20 events):
Event: 33.322 Thread 0x0000792fd813d800 21874       3       org.apache.iceberg.shaded.org.apache.parquet.hadoop.ParquetFileReader$Chunk::hasMorePages (49 bytes)
Event: 33.322 Thread 0x0000792fd813d800 nmethod 21874 0x0000792fc0fd9a10 code [0x0000792fc0fd9be0, 0x0000792fc0fd9f30]
Event: 33.323 Thread 0x0000792f84018000 21876       3       org.apache.iceberg.shaded.org.apache.parquet.shaded.org.apache.thrift.transport.TTransport::readAll (87 bytes)
Event: 33.323 Thread 0x0000792fd813d800 21877       3       org.apache.iceberg.shaded.org.apache.parquet.shaded.org.apache.thrift.protocol.TCompactProtocol::readFieldBegin (106 bytes)
Event: 33.323 Thread 0x0000792f58083800 21878       3       org.apache.iceberg.shaded.org.apache.parquet.shaded.org.apache.thrift.protocol.TCompactProtocol::readByte (60 bytes)
Event: 33.323 Thread 0x0000792f58083800 nmethod 21878 0x0000792fc1231f10 code [0x0000792fc12320e0, 0x0000792fc1232400]
Event: 33.323 Thread 0x0000792f58083800 21879   !   3       org.apache.iceberg.shaded.org.apache.parquet.shaded.org.apache.thrift.transport.TIOStreamTransport::read (78 bytes)
Event: 33.323 Thread 0x0000792f58083800 nmethod 21879 0x0000792fc10c7010 code [0x0000792fc10c7240, 0x0000792fc10c7880]
Event: 33.323 Thread 0x0000792f58083800 21880       3       org.apache.iceberg.shaded.org.apache.parquet.bytes.MultiBufferInputStream::read (140 bytes)
Event: 33.324 Thread 0x0000792f84018000 nmethod 21876 0x0000792fc1036f10 code [0x0000792fc10371e0, 0x0000792fc1037e50]
Event: 33.324 Thread 0x0000792fd813d800 nmethod 21877 0x0000792fc0f5d810 code [0x0000792fc0f5da40, 0x0000792fc0f5e1a0]
Event: 33.324 Thread 0x0000792f58083800 nmethod 21880 0x0000792fc0f9bf90 code [0x0000792fc0f9c260, 0x0000792fc0f9d190]
Event: 33.328 Thread 0x0000792fd813d800 21884       3       org.apache.iceberg.arrow.vectorized.parquet.VectorizedParquetDefinitionLevelReader$VarWidthReader::nextVal (70 bytes)
Event: 33.328 Thread 0x0000792f84018000 21885       3       org.apache.iceberg.shaded.org.apache.arrow.vector.BaseVariableWidthVector::handleSafe (64 bytes)
Event: 33.328 Thread 0x0000792f58083800 21886       3       org.apache.iceberg.arrow.vectorized.parquet.VectorizedParquetDefinitionLevelReader$BaseReader::nextBatch (298 bytes)
Event: 33.329 Thread 0x0000792fd813d800 nmethod 21884 0x0000792fc10f5790 code [0x0000792fc10f5a20, 0x0000792fc10f6530]
Event: 33.329 Thread 0x0000792f84018000 nmethod 21885 0x0000792fc0f16710 code [0x0000792fc0f16980, 0x0000792fc0f175f0]
Event: 33.329 Thread 0x0000792f84018000 21887       3       org.apache.iceberg.shaded.org.apache.arrow.vector.BaseVariableWidthVector::setValueLengthSafe (57 bytes)
Event: 33.329 Thread 0x0000792f84018000 nmethod 21887 0x0000792fc10a9210 code [0x0000792fc10a9440, 0x0000792fc10a9ad0]
Event: 33.329 Thread 0x0000792f58083800 nmethod 21886 0x0000792fc0f33410 code [0x0000792fc0f336e0, 0x0000792fc0f347a0]

GC Heap History (20 events):
Event: 31.448 GC heap before
{Heap before GC invocations=155 (full 0):
 garbage-first heap   total 669696K, used 581433K [0x00000000c0000000, 0x0000000100000000)
  region size 1024K, 220 young (225280K), 4 survivors (4096K)
 Metaspace       used 158220K, capacity 165161K, committed 167552K, reserved 1191936K
  class space    used 20862K, capacity 24255K, committed 25216K, reserved 1048576K
}
Event: 31.454 GC heap after
{Heap after GC invocations=156 (full 0):
 garbage-first heap   total 669696K, used 356241K [0x00000000c0000000, 0x0000000100000000)
  region size 1024K, 20 young (20480K), 20 survivors (20480K)
 Metaspace       used 158220K, capacity 165161K, committed 167552K, reserved 1191936K
  class space    used 20862K, capacity 24255K, committed 25216K, reserved 1048576K
}
Event: 31.457 GC heap before
{Heap before GC invocations=156 (full 0):
 garbage-first heap   total 669696K, used 361361K [0x00000000c0000000, 0x0000000100000000)
  region size 1024K, 26 young (26624K), 20 survivors (20480K)
 Metaspace       used 158221K, capacity 165161K, committed 167552K, reserved 1191936K
  class space    used 20862K, capacity 24255K, committed 25216K, reserved 1048576K
}
Event: 31.463 GC heap after
{Heap after GC invocations=157 (full 0):
 garbage-first heap   total 669696K, used 359032K [0x00000000c0000000, 0x0000000100000000)
  region size 1024K, 5 young (5120K), 5 survivors (5120K)
 Metaspace       used 158221K, capacity 165161K, committed 167552K, reserved 1191936K
  class space    used 20862K, capacity 24255K, committed 25216K, reserved 1048576K
}
Event: 31.682 GC heap before
{Heap before GC invocations=158 (full 0):
 garbage-first heap   total 669696K, used 538232K [0x00000000c0000000, 0x0000000100000000)
  region size 1024K, 194 young (198656K), 5 survivors (5120K)
 Metaspace       used 158312K, capacity 165262K, committed 167552K, reserved 1191936K
  class space    used 20862K, capacity 24256K, committed 25216K, reserved 1048576K
}
Event: 31.688 GC heap after
{Heap after GC invocations=159 (full 0):
 garbage-first heap   total 669696K, used 340064K [0x00000000c0000000, 0x0000000100000000)
  region size 1024K, 19 young (19456K), 19 survivors (19456K)
 Metaspace       used 158312K, capacity 165262K, committed 167552K, reserved 1191936K
  class space    used 20862K, capacity 24256K, committed 25216K, reserved 1048576K
}
Event: 31.742 GC heap before
{Heap before GC invocations=159 (full 0):
 garbage-first heap   total 669696K, used 362592K [0x00000000c0000000, 0x0000000100000000)
  region size 1024K, 32 young (32768K), 19 survivors (19456K)
 Metaspace       used 158348K, capacity 165266K, committed 167552K, reserved 1191936K
  class space    used 20863K, capacity 24257K, committed 25216K, reserved 1048576K
}
Event: 31.747 GC heap after
{Heap after GC invocations=160 (full 0):
 garbage-first heap   total 669696K, used 306501K [0x00000000c0000000, 0x0000000100000000)
  region size 1024K, 3 young (3072K), 3 survivors (3072K)
 Metaspace       used 158348K, capacity 165266K, committed 167552K, reserved 1191936K
  class space    used 20863K, capacity 24257K, committed 25216K, reserved 1048576K
}
Event: 32.261 GC heap before
{Heap before GC invocations=160 (full 0):
 garbage-first heap   total 669696K, used 596293K [0x00000000c0000000, 0x0000000100000000)
  region size 1024K, 237 young (242688K), 3 survivors (3072K)
 Metaspace       used 158444K, capacity 165421K, committed 167808K, reserved 1191936K
  class space    used 20864K, capacity 24260K, committed 25216K, reserved 1048576K
}
Event: 32.265 GC heap after
{Heap after GC invocations=161 (full 0):
 garbage-first heap   total 669696K, used 352625K [0x00000000c0000000, 0x0000000100000000)
  region size 1024K, 18 young (18432K), 18 survivors (18432K)
 Metaspace       used 158444K, capacity 165421K, committed 167808K, reserved 1191936K
  class space    used 20864K, capacity 24260K, committed 25216K, reserved 1048576K
}
Event: 32.277 GC heap before
{Heap before GC invocations=161 (full 0):
 garbage-first heap   total 669696K, used 379249K [0x00000000c0000000, 0x0000000100000000)
  region size 1024K, 46 young (47104K), 18 survivors (18432K)
 Metaspace       used 158444K, capacity 165421K, committed 167808K, reserved 1191936K
  class space    used 20864K, capacity 24260K, committed 25216K, reserved 1048576K
}
Event: 32.283 GC heap after
{Heap after GC invocations=162 (full 0):
 garbage-first heap   total 669696K, used 347575K [0x00000000c0000000, 0x0000000100000000)
  region size 1024K, 1 young (1024K), 1 survivors (1024K)
 Metaspace       used 158444K, capacity 165421K, committed 167808K, reserved 1191936K
  class space    used 20864K, capacity 24260K, committed 25216K, reserved 1048576K
}
Event: 32.691 GC heap before
{Heap before GC invocations=163 (full 0):
 garbage-first heap   total 669696K, used 545207K [0x00000000c0000000, 0x0000000100000000)
  region size 1024K, 211 young (216064K), 1 survivors (1024K)
 Metaspace       used 158501K, capacity 165503K, committed 167808K, reserved 1191936K
  class space    used 20865K, capacity 24261K, committed 25216K, reserved 1048576K
}
Event: 32.698 GC heap after
{Heap after GC invocations=164 (full 0):
 garbage-first heap   total 669696K, used 333385K [0x00000000c0000000, 0x0000000100000000)
  region size 1024K, 26 young (26624K), 26 survivors (26624K)
 Metaspace       used 158501K, capacity 165503K, committed 167808K, reserved 1191936K
  class space    used 20865K, capacity 24261K, committed 25216K, reserved 1048576K
}
Event: 32.721 GC heap before
{Heap before GC invocations=164 (full 0):
 garbage-first heap   total 669696K, used 345673K [0x00000000c0000000, 0x0000000100000000)
  region size 1024K, 32 young (32768K), 26 survivors (26624K)
 Metaspace       used 158501K, capacity 165503K, committed 167808K, reserved 1191936K
  class space    used 20865K, capacity 24261K, committed 25216K, reserved 1048576K
}
Event: 32.726 GC heap after
{Heap after GC invocations=165 (full 0):
 garbage-first heap   total 669696K, used 299435K [0x00000000c0000000, 0x0000000100000000)
  region size 1024K, 2 young (2048K), 2 survivors (2048K)
 Metaspace       used 158501K, capacity 165503K, committed 167808K, reserved 1191936K
  class space    used 20865K, capacity 24261K, committed 25216K, reserved 1048576K
}
Event: 33.125 GC heap before
{Heap before GC invocations=165 (full 0):
 garbage-first heap   total 669696K, used 601515K [0x00000000c0000000, 0x0000000100000000)
  region size 1024K, 238 young (243712K), 2 survivors (2048K)
 Metaspace       used 158552K, capacity 165535K, committed 167808K, reserved 1191936K
  class space    used 20875K, capacity 24275K, committed 25216K, reserved 1048576K
}
Event: 33.130 GC heap after
{Heap after GC invocations=166 (full 0):
 garbage-first heap   total 669696K, used 345943K [0x00000000c0000000, 0x0000000100000000)
  region size 1024K, 11 young (11264K), 11 survivors (11264K)
 Metaspace       used 158552K, capacity 165535K, committed 167808K, reserved 1191936K
  class space    used 20875K, capacity 24275K, committed 25216K, reserved 1048576K
}
Event: 33.167 GC heap before
{Heap before GC invocations=166 (full 0):
 garbage-first heap   total 669696K, used 380759K [0x00000000c0000000, 0x0000000100000000)
  region size 1024K, 47 young (48128K), 11 survivors (11264K)
 Metaspace       used 158554K, capacity 165535K, committed 167808K, reserved 1191936K
  class space    used 20875K, capacity 24275K, committed 25216K, reserved 1048576K
}
Event: 33.173 GC heap after
{Heap after GC invocations=167 (full 0):
 garbage-first heap   total 669696K, used 345061K [0x00000000c0000000, 0x0000000100000000)
  region size 1024K, 10 young (10240K), 10 survivors (10240K)
 Metaspace       used 158554K, capacity 165535K, committed 167808K, reserved 1191936K
  class space    used 20875K, capacity 24275K, committed 25216K, reserved 1048576K
}

Deoptimization events (20 events):
Event: 33.322 Thread 0x0000792f1404f000 Uncommon trap: trap_request=0xffffffde fr.pc=0x0000792fc8b35b20 relative=0x0000000000000520
Event: 33.322 Thread 0x0000792f1404f000 Uncommon trap: reason=class_check action=maybe_recompile pc=0x0000792fc8b35b20 method=org.apache.iceberg.shaded.org.apache.parquet.shaded.org.apache.thrift.transport.TIOStreamTransport.read([BII)I @ 25 c2
Event: 33.322 Thread 0x0000792f1404f000 DEOPT PACKING pc=0x0000792fc8b35b20 sp=0x0000792de74fccf0
Event: 33.322 Thread 0x0000792f1404f000 DEOPT UNPACKING pc=0x0000792fc07edea5 sp=0x0000792de74fcb40 mode 2
Event: 33.328 Thread 0x0000792f1404f000 Uncommon trap: trap_request=0xffffff4d fr.pc=0x0000792fc8c8305c relative=0x0000000000001ddc
Event: 33.328 Thread 0x0000792f1404f000 Uncommon trap: reason=unstable_if action=reinterpret pc=0x0000792fc8c8305c method=org.apache.iceberg.arrow.vectorized.parquet.VectorizedParquetDefinitionLevelReader$BaseReader.nextBatch(Lorg/apache/iceberg/shaded/org/apache/arrow/vector/FieldVector;IIILor
Event: 33.328 Thread 0x0000792f1404f000 DEOPT PACKING pc=0x0000792fc8c8305c sp=0x0000792de74fd370
Event: 33.328 Thread 0x0000792f1404f000 DEOPT UNPACKING pc=0x0000792fc07edea5 sp=0x0000792de74fd340 mode 2
Event: 33.328 Thread 0x0000792f1404f000 Uncommon trap: trap_request=0xffffff4d fr.pc=0x0000792fc8b30d68 relative=0x0000000000000a28
Event: 33.328 Thread 0x0000792f1404f000 Uncommon trap: reason=unstable_if action=reinterpret pc=0x0000792fc8b30d68 method=org.apache.iceberg.shaded.org.apache.arrow.vector.BaseVariableWidthVector.handleSafe(II)V @ 5 c2
Event: 33.328 Thread 0x0000792f1404f000 DEOPT PACKING pc=0x0000792fc8b30d68 sp=0x0000792de74fd2a0
Event: 33.328 Thread 0x0000792f1404f000 DEOPT UNPACKING pc=0x0000792fc07edea5 sp=0x0000792de74fd188 mode 2
Event: 33.328 Thread 0x0000792f1404f000 Uncommon trap: trap_request=0xffffff4d fr.pc=0x0000792fc8de75dc relative=0x000000000000013c
Event: 33.328 Thread 0x0000792f1404f000 Uncommon trap: reason=unstable_if action=reinterpret pc=0x0000792fc8de75dc method=org.apache.iceberg.shaded.io.netty.buffer.SizeClasses.pages2pageIdxCompute(IZ)I @ 38 c2
Event: 33.328 Thread 0x0000792f1404f000 DEOPT PACKING pc=0x0000792fc8de75dc sp=0x0000792de74fc680
Event: 33.328 Thread 0x0000792f1404f000 DEOPT UNPACKING pc=0x0000792fc07edea5 sp=0x0000792de74fc5f8 mode 2
Event: 33.328 Thread 0x0000792f1404f000 Uncommon trap: trap_request=0xffffff4d fr.pc=0x0000792fc8b33750 relative=0x0000000000000130
Event: 33.328 Thread 0x0000792f1404f000 Uncommon trap: reason=unstable_if action=reinterpret pc=0x0000792fc8b33750 method=org.apache.iceberg.shaded.org.apache.arrow.vector.BaseVariableWidthVector.handleSafe(II)V @ 54 c2
Event: 33.328 Thread 0x0000792f1404f000 DEOPT PACKING pc=0x0000792fc8b33750 sp=0x0000792de74fd150
Event: 33.328 Thread 0x0000792f1404f000 DEOPT UNPACKING pc=0x0000792fc07edea5 sp=0x0000792de74fd0e8 mode 2

Classes redefined (0 events):
No events

Internal exceptions (20 events):
Event: 27.081 Thread 0x0000792f14050800 Exception <a 'java/lang/NoSuchMethodError'{0x00000000e4f4d4f8}: <clinit>> (0x00000000e4f4d4f8) thrown at [./src/hotspot/share/prims/jni.cpp, line 1372]
Event: 27.081 Thread 0x0000792f1403c000 Exception <a 'java/lang/NoSuchMethodError'{0x00000000e4f69120}: <clinit>> (0x00000000e4f69120) thrown at [./src/hotspot/share/prims/jni.cpp, line 1372]
Event: 27.081 Thread 0x0000792f1405b000 Exception <a 'java/lang/NoSuchMethodError'{0x00000000e4f357d0}: <clinit>> (0x00000000e4f357d0) thrown at [./src/hotspot/share/prims/jni.cpp, line 1372]
Event: 27.081 Thread 0x0000792f14054800 Exception <a 'java/lang/NoSuchMethodError'{0x00000000e4f0ae70}: <clinit>> (0x00000000e4f0ae70) thrown at [./src/hotspot/share/prims/jni.cpp, line 1372]
Event: 27.095 Thread 0x0000792f14059000 Exception <a 'java/lang/NoSuchMethodError'{0x00000000e4ed1880}: <clinit>> (0x00000000e4ed1880) thrown at [./src/hotspot/share/prims/jni.cpp, line 1372]
Event: 27.095 Thread 0x0000792f1403d800 Exception <a 'java/lang/NoSuchMethodError'{0x00000000e4e32778}: <clinit>> (0x00000000e4e32778) thrown at [./src/hotspot/share/prims/jni.cpp, line 1372]
Event: 27.095 Thread 0x0000792f14043000 Exception <a 'java/lang/NoSuchMethodError'{0x00000000e4e60ef0}: <clinit>> (0x00000000e4e60ef0) thrown at [./src/hotspot/share/prims/jni.cpp, line 1372]
Event: 27.095 Thread 0x0000792f14054800 Exception <a 'java/lang/NoSuchMethodError'{0x00000000e4ee4208}: <clinit>> (0x00000000e4ee4208) thrown at [./src/hotspot/share/prims/jni.cpp, line 1372]
Event: 27.095 Thread 0x0000792f14057000 Exception <a 'java/lang/NoSuchMethodError'{0x00000000e4ea1958}: <clinit>> (0x00000000e4ea1958) thrown at [./src/hotspot/share/prims/jni.cpp, line 1372]
Event: 27.095 Thread 0x0000792f1403c800 Exception <a 'java/lang/NoSuchMethodError'{0x00000000e4ec64e8}: <clinit>> (0x00000000e4ec64e8) thrown at [./src/hotspot/share/prims/jni.cpp, line 1372]
Event: 27.095 Thread 0x0000792f14049800 Exception <a 'java/lang/NoSuchMethodError'{0x00000000e4eae030}: <clinit>> (0x00000000e4eae030) thrown at [./src/hotspot/share/prims/jni.cpp, line 1372]
Event: 27.095 Thread 0x0000792f1404b000 Exception <a 'java/lang/NoSuchMethodError'{0x00000000e4e388c0}: <clinit>> (0x00000000e4e388c0) thrown at [./src/hotspot/share/prims/jni.cpp, line 1372]
Event: 27.095 Thread 0x0000792f1404f000 Exception <a 'java/lang/NoSuchMethodError'{0x00000000e4ee9ac8}: <clinit>> (0x00000000e4ee9ac8) thrown at [./src/hotspot/share/prims/jni.cpp, line 1372]
Event: 27.095 Thread 0x0000792f1403f800 Exception <a 'java/lang/NoSuchMethodError'{0x00000000e4e28e30}: <clinit>> (0x00000000e4e28e30) thrown at [./src/hotspot/share/prims/jni.cpp, line 1372]
Event: 27.095 Thread 0x0000792f1405b000 Exception <a 'java/lang/NoSuchMethodError'{0x00000000e4e07a80}: <clinit>> (0x00000000e4e07a80) thrown at [./src/hotspot/share/prims/jni.cpp, line 1372]
Event: 27.095 Thread 0x0000792f1403c000 Exception <a 'java/lang/NoSuchMethodError'{0x00000000e4edd3a8}: <clinit>> (0x00000000e4edd3a8) thrown at [./src/hotspot/share/prims/jni.cpp, line 1372]
Event: 27.095 Thread 0x0000792f14050800 Exception <a 'java/lang/NoSuchMethodError'{0x00000000e4ed6958}: <clinit>> (0x00000000e4ed6958) thrown at [./src/hotspot/share/prims/jni.cpp, line 1372]
Event: 27.185 Thread 0x0000792f7c918800 Exception <a 'java/lang/NoSuchMethodError'{0x00000000e4900950}: 'java.lang.Object java.lang.invoke.DirectMethodHandle$Holder.invokeStatic(java.lang.Object, long, long, java.lang.Object)'> (0x00000000e4900950) thrown at [./src/hotspot/share/interpreter/linkResolver.cpp, line 773]
Event: 32.925 Thread 0x0000792f7c597000 Exception <a 'java/lang/NoSuchMethodError'{0x00000000ded40238}: 'java.lang.Object java.lang.invoke.DirectMethodHandle$Holder.invokeStatic(java.lang.Object, java.lang.Object, java.lang.Object, java.lang.Object, int, java.lang.Object, java.lang.Object, java.lang.Object)'> (0x00000000ded40238) thrown at [./src/hotspot/share/interpreter/linkResolver.cpp, line 773]
Event: 33.296 Thread 0x0000792f1404f000 Exception <a 'java/net/SocketException'{0x00000000e0094e88}: Socket closed> (0x00000000e0094e88) thrown at [./src/hotspot/share/prims/jni.cpp, line 638]

Events (20 events):
Event: 33.159 Thread 0x0000792fd813f800 flushing nmethod 0x0000792fc1999710
Event: 33.159 Thread 0x0000792fd813f800 flushing nmethod 0x0000792fc19b6610
Event: 33.159 Thread 0x0000792fd813f800 flushing nmethod 0x0000792fc19b7290
Event: 33.159 Thread 0x0000792fd813f800 flushing nmethod 0x0000792fc19ba390
Event: 33.159 Thread 0x0000792fd813f800 flushing nmethod 0x0000792fc19bb090
Event: 33.159 Thread 0x0000792fd813f800 flushing nmethod 0x0000792fc19c6390
Event: 33.159 Thread 0x0000792fd813f800 flushing nmethod 0x0000792fc19c6890
Event: 33.159 Thread 0x0000792fd813f800 flushing nmethod 0x0000792fc19ca390
Event: 33.159 Thread 0x0000792fd813f800 flushing nmethod 0x0000792fc19caf10
Event: 33.159 Thread 0x0000792fd813f800 flushing nmethod 0x0000792fc19db410
Event: 33.160 Thread 0x0000792fd813f800 flushing nmethod 0x0000792fc1b77b10
Event: 33.162 Thread 0x0000792fd813f800 flushing nmethod 0x0000792fc1f50790
Event: 33.167 Executing VM operation: G1CollectForAllocation
Event: 33.173 Executing VM operation: G1CollectForAllocation done
Event: 33.208 Executing VM operation: CGC_Operation
Event: 33.218 Executing VM operation: CGC_Operation done
Event: 33.236 Executing VM operation: CGC_Operation
Event: 33.237 Executing VM operation: CGC_Operation done
Event: 33.246 loading class software/amazon/awssdk/services/s3/model/GetObjectResponse$1
Event: 33.246 loading class software/amazon/awssdk/services/s3/model/GetObjectResponse$1 done


Dynamic libraries:
c0000000-e8c00000 rw-p 00000000 00:00 0 
e8c00000-ffe00000 ---p 00000000 00:00 0 
ffe00000-ffe47000 rw-p 00b0e000 08:30 217812                             /opt/java/openjdk/lib/server/classes.jsa
ffe47000-fff00000 rw-p 00000000 00:00 0 
fff00000-fff6c000 rw-p 00aa2000 08:30 217812                             /opt/java/openjdk/lib/server/classes.jsa
fff6c000-100000000 rw-p 00000000 00:00 0 
800000000-800002000 rwxp 00001000 08:30 217812                           /opt/java/openjdk/lib/server/classes.jsa
800002000-8003cc000 rw-p 00003000 08:30 217812                           /opt/java/openjdk/lib/server/classes.jsa
8003cc000-800aa0000 r--p 003cd000 08:30 217812                           /opt/java/openjdk/lib/server/classes.jsa
800aa0000-800aa1000 rw-p 00aa1000 08:30 217812                           /opt/java/openjdk/lib/server/classes.jsa
840000000-8418a0000 rw-p 00000000 00:00 0 
8418a0000-880000000 ---p 00000000 00:00 0 
64ca2be00000-64ca2be01000 r-xp 00000000 08:30 216781                     /opt/java/openjdk/bin/java
64ca2c001000-64ca2c002000 r--p 00001000 08:30 216781                     /opt/java/openjdk/bin/java
64ca2c002000-64ca2c003000 rw-p 00002000 08:30 216781                     /opt/java/openjdk/bin/java
64ca54af7000-64ca54dda000 rw-p 00000000 00:00 0                          [heap]
792dad1f5000-792dad1f9000 ---p 00000000 00:00 0 
792dad1f9000-792dad2f5000 rw-p 00000000 00:00 0 
792dad2f5000-792dad2f9000 ---p 00000000 00:00 0 
792dad2f9000-792dad535000 rw-p 00000000 00:00 0 
792dad535000-792dad5f5000 ---p 00000000 00:00 0 
792dad5f5000-792dad5f9000 ---p 00000000 00:00 0 
792dad5f9000-792dad6f5000 rw-p 00000000 00:00 0 
792dad6f5000-792dad6f9000 ---p 00000000 00:00 0 
792dad6f9000-792dad7f5000 rw-p 00000000 00:00 0 
792dad7f5000-792dad7f9000 ---p 00000000 00:00 0 
792dad7f9000-792dad8f5000 rw-p 00000000 00:00 0 
792dad8f5000-792dad8f9000 ---p 00000000 00:00 0 
792dad8f9000-792dad9f5000 rw-p 00000000 00:00 0 
792dad9f5000-792dad9f6000 ---p 00000000 00:00 0 
792dad9f6000-792dadaf6000 rw-p 00000000 00:00 0 
792dadaf6000-792dadaf7000 ---p 00000000 00:00 0 
792dadaf7000-792db0000000 rw-p 00000000 00:00 0 
792db0000000-792db0554000 rw-p 00000000 00:00 0 
792db0554000-792db4000000 ---p 00000000 00:00 0 
792db4000000-792db499d000 rw-p 00000000 00:00 0 
792db499d000-792db8000000 ---p 00000000 00:00 0 
792db8000000-792db86dd000 rw-p 00000000 00:00 0 
792db86dd000-792dbc000000 ---p 00000000 00:00 0 
792dbc000000-792dbc2ce000 rw-p 00000000 00:00 0 
792dbc2ce000-792dc0000000 ---p 00000000 00:00 0 
792dc0000000-792dc02ef000 rw-p 00000000 00:00 0 
792dc02ef000-792dc4000000 ---p 00000000 00:00 0 
792dc4000000-792dc42cd000 rw-p 00000000 00:00 0 
792dc42cd000-792dc8000000 ---p 00000000 00:00 0 
792dc8000000-792dc82be000 rw-p 00000000 00:00 0 
792dc82be000-792dcc000000 ---p 00000000 00:00 0 
792dcc000000-792dcc318000 rw-p 00000000 00:00 0 
792dcc318000-792dd0000000 ---p 00000000 00:00 0 
792dd0000000-792dd02ca000 rw-p 00000000 00:00 0 
792dd02ca000-792dd4000000 ---p 00000000 00:00 0 
792dd4000000-792dd4470000 rw-p 00000000 00:00 0 
792dd4470000-792dd8000000 ---p 00000000 00:00 0 
792dd8000000-792dd835d000 rw-p 00000000 00:00 0 
792dd835d000-792ddc000000 ---p 00000000 00:00 0 
792ddc000000-792ddc330000 rw-p 00000000 00:00 0 
792ddc330000-792de0000000 ---p 00000000 00:00 0 
792de0000000-792de02be000 rw-p 00000000 00:00 0 
792de02be000-792de4000000 ---p 00000000 00:00 0 
792de40f7000-792de40f8000 ---p 00000000 00:00 0 
792de40f8000-792de41f8000 rw-p 00000000 00:00 0 
792de41f8000-792de41f9000 ---p 00000000 00:00 0 
792de41f9000-792de42f9000 rw-p 00000000 00:00 0 
792de42f9000-792de42fa000 ---p 00000000 00:00 0 
792de42fa000-792de5dc0000 rw-p 00000000 00:00 0 
792de5dc0000-792de6000000 rw-p 00000000 00:00 0 
792de6000000-792de60ea000 r-xp 00000000 08:30 415664                     /tmp/libzstd-jni-1.5.5-417553791672318834066.so (deleted)
792de60ea000-792de62e9000 ---p 000ea000 08:30 415664                     /tmp/libzstd-jni-1.5.5-417553791672318834066.so (deleted)
792de62e9000-792de62ea000 rw-p 000e9000 08:30 415664                     /tmp/libzstd-jni-1.5.5-417553791672318834066.so (deleted)
792de6300000-792de64c0000 rw-p 00000000 00:00 0 
792de64c0000-792de66c0000 rw-p 00000000 00:00 0 
792de66c0000-792de68c0000 rw-p 00000000 00:00 0 
792de68c0000-792de6b00000 rw-p 00000000 00:00 0 
792de6b00000-792de6b04000 ---p 00000000 00:00 0 
792de6b04000-792de6e00000 rw-p 00000000 00:00 0 
792de6e00000-792de6e04000 ---p 00000000 00:00 0 
792de6e04000-792de6f00000 rw-p 00000000 00:00 0 
792de6f00000-792de6f04000 ---p 00000000 00:00 0 
792de6f04000-792de7000000 rw-p 00000000 00:00 0 
792de7000000-792de7004000 ---p 00000000 00:00 0 
792de7004000-792de7100000 rw-p 00000000 00:00 0 
792de7100000-792de7104000 ---p 00000000 00:00 0 
792de7104000-792de7200000 rw-p 00000000 00:00 0 
792de7200000-792de7204000 ---p 00000000 00:00 0 
792de7204000-792de7300000 rw-p 00000000 00:00 0 
792de7300000-792de7304000 ---p 00000000 00:00 0 
792de7304000-792de7400000 rw-p 00000000 00:00 0 
792de7400000-792de7404000 ---p 00000000 00:00 0 
792de7404000-792de7700000 rw-p 00000000 00:00 0 
792de7700000-792de7704000 ---p 00000000 00:00 0 
792de7704000-792de7800000 rw-p 00000000 00:00 0 
792de7800000-792de7804000 ---p 00000000 00:00 0 
792de7804000-792de7900000 rw-p 00000000 00:00 0 
792de7900000-792de7904000 ---p 00000000 00:00 0 
792de7904000-792de7a00000 rw-p 00000000 00:00 0 
792de7a00000-792de7a04000 ---p 00000000 00:00 0 
792de7a04000-792de7b00000 rw-p 00000000 00:00 0 
792de7b00000-792de7b04000 ---p 00000000 00:00 0 
792de7b04000-792de7c00000 rw-p 00000000 00:00 0 
792de7c00000-792de7c04000 ---p 00000000 00:00 0 
792de7c04000-792de7d00000 rw-p 00000000 00:00 0 
792de7d00000-792de7d04000 ---p 00000000 00:00 0 
792de7d04000-792de7e00000 rw-p 00000000 00:00 0 
792de7e00000-792de7e04000 ---p 00000000 00:00 0 
792de7e04000-792de7f00000 rw-p 00000000 00:00 0 
792de7f00000-792de7f04000 ---p 00000000 00:00 0 
792de7f04000-792de8000000 rw-p 00000000 00:00 0 
792de8000000-792de8040000 rw-p 00000000 00:00 0 
792de8040000-792dec000000 ---p 00000000 00:00 0 
792dec000000-792dec03f000 rw-p 00000000 00:00 0 
792dec03f000-792df0000000 ---p 00000000 00:00 0 
792df0000000-792df0041000 rw-p 00000000 00:00 0 
792df0041000-792df4000000 ---p 00000000 00:00 0 
792df4000000-792df403b000 rw-p 00000000 00:00 0 
792df403b000-792df8000000 ---p 00000000 00:00 0 
792df8000000-792df8048000 rw-p 00000000 00:00 0 
792df8048000-792dfc000000 ---p 00000000 00:00 0 
792dfc000000-792dfc043000 rw-p 00000000 00:00 0 
792dfc043000-792e00000000 ---p 00000000 00:00 0 
792e00000000-792e00040000 rw-p 00000000 00:00 0 
792e00040000-792e04000000 ---p 00000000 00:00 0 
792e04000000-792e04044000 rw-p 00000000 00:00 0 
792e04044000-792e08000000 ---p 00000000 00:00 0 
792e08000000-792e0804a000 rw-p 00000000 00:00 0 
792e0804a000-792e0c000000 ---p 00000000 00:00 0 
792e0c000000-792e0c044000 rw-p 00000000 00:00 0 
792e0c044000-792e10000000 ---p 00000000 00:00 0 
792e10000000-792e1003e000 rw-p 00000000 00:00 0 
792e1003e000-792e14000000 ---p 00000000 00:00 0 
792e14000000-792e14047000 rw-p 00000000 00:00 0 
792e14047000-792e18000000 ---p 00000000 00:00 0 
792e18000000-792e18045000 rw-p 00000000 00:00 0 
792e18045000-792e1c000000 ---p 00000000 00:00 0 
792e1c000000-792e1c03d000 rw-p 00000000 00:00 0 
792e1c03d000-792e20000000 ---p 00000000 00:00 0 
792e20000000-792e20021000 rw-p 00000000 00:00 0 
792e20021000-792e24000000 ---p 00000000 00:00 0 
792e24000000-792e2406c000 rw-p 00000000 00:00 0 
792e2406c000-792e28000000 ---p 00000000 00:00 0 
792e28000000-792e281c0000 rw-p 00000000 00:00 0 
792e281c0000-792e283c0000 rw-p 00000000 00:00 0 
792e283c0000-792e285c0000 rw-p 00000000 00:00 0 
792e285c0000-792e287c0000 rw-p 00000000 00:00 0 
792e287c0000-792e28a00000 rw-p 00000000 00:00 0 
792e28a00000-792e28a24000 r-xp 00000000 08:30 415118                     /tmp/liblz4-java-9590329654598426981.so
792e28a24000-792e28c23000 ---p 00024000 08:30 415118                     /tmp/liblz4-java-9590329654598426981.so
792e28c23000-792e28c24000 rw-p 00023000 08:30 415118                     /tmp/liblz4-java-9590329654598426981.so
792e28d00000-792e28ec0000 rw-p 00000000 00:00 0 
792e28ec0000-792e29100000 rw-p 00000000 00:00 0 
792e29100000-792e29104000 ---p 00000000 00:00 0 
792e29104000-792e29200000 rw-p 00000000 00:00 0 
792e29200000-792e29204000 ---p 00000000 00:00 0 
792e29204000-792e29300000 rw-p 00000000 00:00 0 
792e29300000-792e29304000 ---p 00000000 00:00 0 
792e29304000-792e29400000 rw-p 00000000 00:00 0 
792e29400000-792e29404000 ---p 00000000 00:00 0 
792e29404000-792e29500000 rw-p 00000000 00:00 0 
792e29500000-792e29504000 ---p 00000000 00:00 0 
792e29504000-792e29600000 rw-p 00000000 00:00 0 
792e29600000-792e29604000 ---p 00000000 00:00 0 
792e29604000-792e29700000 rw-p 00000000 00:00 0 
792e29700000-792e29704000 ---p 00000000 00:00 0 
792e29704000-792e29800000 rw-p 00000000 00:00 0 
792e29800000-792e29804000 ---p 00000000 00:00 0 
792e29804000-792e29900000 rw-p 00000000 00:00 0 
792e29900000-792e29904000 ---p 00000000 00:00 0 
792e29904000-792e29a00000 rw-p 00000000 00:00 0 
792e29a00000-792e29a04000 ---p 00000000 00:00 0 
792e29a04000-792e29b00000 rw-p 00000000 00:00 0 
792e29b00000-792e29b04000 ---p 00000000 00:00 0 
792e29b04000-792e29c00000 rw-p 00000000 00:00 0 
792e29c00000-792e29c04000 ---p 00000000 00:00 0 
792e29c04000-792e29d00000 rw-p 00000000 00:00 0 
792e29d00000-792e29d04000 ---p 00000000 00:00 0 
792e29d04000-792e2a000000 rw-p 00000000 00:00 0 
792e2a000000-792e2a042000 r-xp 00000000 08:30 415020                     /tmp/snappy-1.1.10-937389c9-29c2-436e-ad6d-ff7ecfdcca0b-libsnappyjava.so
792e2a042000-792e2a241000 ---p 00042000 08:30 415020                     /tmp/snappy-1.1.10-937389c9-29c2-436e-ad6d-ff7ecfdcca0b-libsnappyjava.so
792e2a241000-792e2a244000 rw-p 00041000 08:30 415020                     /tmp/snappy-1.1.10-937389c9-29c2-436e-ad6d-ff7ecfdcca0b-libsnappyjava.so
792e2a244000-792e2a256000 rw-p 00000000 00:00 0 
792e2a300000-792e2a304000 ---p 00000000 00:00 0 
792e2a304000-792e2a5c0000 rw-p 00000000 00:00 0 
792e2a5c0000-792e2a7c0000 rw-p 00000000 00:00 0 
792e2a7c0000-792e2a9c0000 rw-p 00000000 00:00 0 
792e2a9c0000-792e2abc0000 rw-p 00000000 00:00 0 
792e2abc0000-792e2adc0000 rw-p 00000000 00:00 0 
792e2adc0000-792e2afc0000 rw-p 00000000 00:00 0 
792e2afc0000-792e2b1c0000 rw-p 00000000 00:00 0 
792e2b1c0000-792e2b3c0000 rw-p 00000000 00:00 0 
792e2b3c0000-792e2b5c0000 rw-p 00000000 00:00 0 
792e2b5c0000-792e2b7c0000 rw-p 00000000 00:00 0 
792e2b7c0000-792e2b9c0000 rw-p 00000000 00:00 0 
792e2b9c0000-792e2bbc0000 rw-p 00000000 00:00 0 
792e2bbc0000-792e2bdc0000 rw-p 00000000 00:00 0 
792e2bdc0000-792e2c000000 rw-p 00000000 00:00 0 
792e2c000000-792e2c021000 rw-p 00000000 00:00 0 
792e2c021000-792e30000000 ---p 00000000 00:00 0 
792e30000000-792e30021000 rw-p 00000000 00:00 0 
792e30021000-792e34000000 ---p 00000000 00:00 0 
792e34000000-792e34021000 rw-p 00000000 00:00 0 
792e34021000-792e38000000 ---p 00000000 00:00 0 
792e38000000-792e38021000 rw-p 00000000 00:00 0 
792e38021000-792e3c000000 ---p 00000000 00:00 0 
792e3c000000-792e3c023000 rw-p 00000000 00:00 0 
792e3c023000-792e40000000 ---p 00000000 00:00 0 
792e40000000-792e40021000 rw-p 00000000 00:00 0 
792e40021000-792e44000000 ---p 00000000 00:00 0 
792e44000000-792e44021000 rw-p 00000000 00:00 0 
792e44021000-792e48000000 ---p 00000000 00:00 0 
792e48000000-792e4805c000 rw-p 00000000 00:00 0 
792e4805c000-792e4c000000 ---p 00000000 00:00 0 
792e4c000000-792e4c9d5000 rw-p 00000000 00:00 0 
792e4c9d5000-792e50000000 ---p 00000000 00:00 0 
792e50000000-792e5023f000 rw-p 00000000 00:00 0 
792e5023f000-792e54000000 ---p 00000000 00:00 0 
792e54000000-792e54021000 rw-p 00000000 00:00 0 
792e54021000-792e58000000 ---p 00000000 00:00 0 
792e58000000-792e58021000 rw-p 00000000 00:00 0 
792e58021000-792e5c000000 ---p 00000000 00:00 0 
792e5c000000-792e5c021000 rw-p 00000000 00:00 0 
792e5c021000-792e60000000 ---p 00000000 00:00 0 
792e60000000-792e600a3000 rw-p 00000000 00:00 0 
792e600a3000-792e64000000 ---p 00000000 00:00 0 
792e64000000-792e64021000 rw-p 00000000 00:00 0 
792e64021000-792e68000000 ---p 00000000 00:00 0 
792e68000000-792e68091000 rw-p 00000000 00:00 0 
792e68091000-792e6c000000 ---p 00000000 00:00 0 
792e6c000000-792e6c021000 rw-p 00000000 00:00 0 
792e6c021000-792e70000000 ---p 00000000 00:00 0 
792e70000000-792e7003b000 rw-p 00000000 00:00 0 
792e7003b000-792e74000000 ---p 00000000 00:00 0 
792e74000000-792e74021000 rw-p 00000000 00:00 0 
792e74021000-792e78000000 ---p 00000000 00:00 0 
792e78000000-792e78021000 rw-p 00000000 00:00 0 
792e78021000-792e7c000000 ---p 00000000 00:00 0 
792e7c0fc000-792e7c100000 ---p 00000000 00:00 0 
792e7c100000-792e7c3fc000 rw-p 00000000 00:00 0 
792e7c3fc000-792e7c400000 ---p 00000000 00:00 0 
792e7c400000-792e7c4fc000 rw-p 00000000 00:00 0 
792e7c4fc000-792e7c500000 ---p 00000000 00:00 0 
792e7c500000-792e7c5fc000 rw-p 00000000 00:00 0 
792e7c5fc000-792e7c600000 ---p 00000000 00:00 0 
792e7c600000-792e7c6fc000 rw-p 00000000 00:00 0 
792e7c6fc000-792e7c700000 ---p 00000000 00:00 0 
792e7c700000-792e7c9fc000 rw-p 00000000 00:00 0 
792e7c9fc000-792e7ca00000 ---p 00000000 00:00 0 
792e7ca00000-792e7cafc000 rw-p 00000000 00:00 0 
792e7cafc000-792e7cb00000 ---p 00000000 00:00 0 
792e7cb00000-792e7cbfc000 rw-p 00000000 00:00 0 
792e7cbfc000-792e7cc00000 ---p 00000000 00:00 0 
792e7cc00000-792e7ccfc000 rw-p 00000000 00:00 0 
792e7ccfc000-792e7cd00000 ---p 00000000 00:00 0 
792e7cd00000-792e7cffc000 rw-p 00000000 00:00 0 
792e7cffc000-792e7d000000 ---p 00000000 00:00 0 
792e7d000000-792e7d2bc000 rw-p 00000000 00:00 0 
792e7d2bc000-792e7d4bc000 rw-p 00000000 00:00 0 
792e7d4bc000-792e7d6bc000 rw-p 00000000 00:00 0 
792e7d6bc000-792e7d8bc000 rw-p 00000000 00:00 0 
792e7d8bc000-792e7dabc000 rw-p 00000000 00:00 0 
792e7dabc000-792e7dcbc000 rw-p 00000000 00:00 0 
792e7dcbc000-792e7defc000 rw-p 00000000 00:00 0 
792e7defc000-792e7df00000 ---p 00000000 00:00 0 
792e7df00000-792e7e1bc000 rw-p 00000000 00:00 0 
792e7e1bc000-792e7e3bc000 rw-p 00000000 00:00 0 
792e7e3bc000-792e7e5fc000 rw-p 00000000 00:00 0 
792e7e5fc000-792e7e600000 ---p 00000000 00:00 0 
792e7e600000-792e7e8fc000 rw-p 00000000 00:00 0 
792e7e8fc000-792e7e900000 ---p 00000000 00:00 0 
792e7e900000-792e7e9fc000 rw-p 00000000 00:00 0 
792e7e9fc000-792e7ea00000 ---p 00000000 00:00 0 
792e7ea00000-792e7ecfc000 rw-p 00000000 00:00 0 
792e7ed79000-792e7ef79000 rw-p 00000000 00:00 0 
792e7effe000-792e7f002000 ---p 00000000 00:00 0 
792e7f002000-792e7f0fe000 rw-p 00000000 00:00 0 
792e7f0fe000-792e7f102000 ---p 00000000 00:00 0 
792e7f102000-792e7f1fe000 rw-p 00000000 00:00 0 
792e7f1fe000-792e7f202000 ---p 00000000 00:00 0 
792e7f202000-792e7fb00000 rw-p 00000000 00:00 0 
792e7fb00000-792e7fb04000 ---p 00000000 00:00 0 
792e7fb04000-792e7fc00000 rw-p 00000000 00:00 0 
792e7fc00000-792e7fc04000 ---p 00000000 00:00 0 
792e7fc04000-792e7fd00000 rw-p 00000000 00:00 0 
792e7fd00000-792e7fd04000 ---p 00000000 00:00 0 
792e7fd04000-792e80000000 rw-p 00000000 00:00 0 
792e80000000-792e80021000 rw-p 00000000 00:00 0 
792e80021000-792e84000000 ---p 00000000 00:00 0 
792e84000000-792e8407a000 rw-p 00000000 00:00 0 
792e8407a000-792e88000000 ---p 00000000 00:00 0 
792e88000000-792e88021000 rw-p 00000000 00:00 0 
792e88021000-792e8c000000 ---p 00000000 00:00 0 
792e8c000000-792e8c021000 rw-p 00000000 00:00 0 
792e8c021000-792e90000000 ---p 00000000 00:00 0 
792e90000000-792e90021000 rw-p 00000000 00:00 0 
792e90021000-792e94000000 ---p 00000000 00:00 0 
792e94000000-792e94027000 rw-p 00000000 00:00 0 
792e94027000-792e98000000 ---p 00000000 00:00 0 
792e98000000-792e98021000 rw-p 00000000 00:00 0 
792e98021000-792e9c000000 ---p 00000000 00:00 0 
792e9c000000-792e9c021000 rw-p 00000000 00:00 0 
792e9c021000-792ea0000000 ---p 00000000 00:00 0 
792ea0000000-792ea0021000 rw-p 00000000 00:00 0 
792ea0021000-792ea4000000 ---p 00000000 00:00 0 
792ea4000000-792ea4021000 rw-p 00000000 00:00 0 
792ea4021000-792ea8000000 ---p 00000000 00:00 0 
792ea8000000-792ea8021000 rw-p 00000000 00:00 0 
792ea8021000-792eac000000 ---p 00000000 00:00 0 
792eac000000-792eac021000 rw-p 00000000 00:00 0 
792eac021000-792eb0000000 ---p 00000000 00:00 0 
792eb0000000-792eb0021000 rw-p 00000000 00:00 0 
792eb0021000-792eb4000000 ---p 00000000 00:00 0 
792eb4000000-792eb4021000 rw-p 00000000 00:00 0 
792eb4021000-792eb8000000 ---p 00000000 00:00 0 
792eb8000000-792eb8021000 rw-p 00000000 00:00 0 
792eb8021000-792ebc000000 ---p 00000000 00:00 0 
792ebc000000-792ebc021000 rw-p 00000000 00:00 0 
792ebc021000-792ec0000000 ---p 00000000 00:00 0 
792ec0000000-792ec0021000 rw-p 00000000 00:00 0 
792ec0021000-792ec4000000 ---p 00000000 00:00 0 
792ec4000000-792ec4021000 rw-p 00000000 00:00 0 
792ec4021000-792ec8000000 ---p 00000000 00:00 0 
792ec8000000-792ec807b000 rw-p 00000000 00:00 0 
792ec807b000-792ecc000000 ---p 00000000 00:00 0 
792ecc000000-792ecc0d1000 rw-p 00000000 00:00 0 
792ecc0d1000-792ed0000000 ---p 00000000 00:00 0 
792ed0000000-792ed0021000 rw-p 00000000 00:00 0 
792ed0021000-792ed4000000 ---p 00000000 00:00 0 
792ed4000000-792ed4021000 rw-p 00000000 00:00 0 
792ed4021000-792ed8000000 ---p 00000000 00:00 0 
792ed8000000-792ed8021000 rw-p 00000000 00:00 0 
792ed8021000-792edc000000 ---p 00000000 00:00 0 
792edc000000-792edc021000 rw-p 00000000 00:00 0 
792edc021000-792ee0000000 ---p 00000000 00:00 0 
792ee0000000-792ee0021000 rw-p 00000000 00:00 0 
792ee0021000-792ee4000000 ---p 00000000 00:00 0 
792ee4000000-792ee4021000 rw-p 00000000 00:00 0 
792ee4021000-792ee8000000 ---p 00000000 00:00 0 
792ee8000000-792ee8021000 rw-p 00000000 00:00 0 
792ee8021000-792eec000000 ---p 00000000 00:00 0 
792eec000000-792eec021000 rw-p 00000000 00:00 0 
792eec021000-792ef0000000 ---p 00000000 00:00 0 
792ef0000000-792ef0021000 rw-p 00000000 00:00 0 
792ef0021000-792ef4000000 ---p 00000000 00:00 0 
792ef4000000-792ef4021000 rw-p 00000000 00:00 0 
792ef4021000-792ef8000000 ---p 00000000 00:00 0 
792ef8000000-792ef8021000 rw-p 00000000 00:00 0 
792ef8021000-792efc000000 ---p 00000000 00:00 0 
792efc000000-792efc021000 rw-p 00000000 00:00 0 
792efc021000-792f00000000 ---p 00000000 00:00 0 
792f00000000-792f00021000 rw-p 00000000 00:00 0 
792f00021000-792f04000000 ---p 00000000 00:00 0 
792f04000000-792f04021000 rw-p 00000000 00:00 0 
792f04021000-792f08000000 ---p 00000000 00:00 0 
792f08000000-792f08021000 rw-p 00000000 00:00 0 
792f08021000-792f0c000000 ---p 00000000 00:00 0 
792f0c000000-792f0c021000 rw-p 00000000 00:00 0 
792f0c021000-792f10000000 ---p 00000000 00:00 0 
792f10000000-792f10021000 rw-p 00000000 00:00 0 
792f10021000-792f14000000 ---p 00000000 00:00 0 
792f14000000-792f1405f000 rw-p 00000000 00:00 0 
792f1405f000-792f18000000 ---p 00000000 00:00 0 
792f18000000-792f18021000 rw-p 00000000 00:00 0 
792f18021000-792f1c000000 ---p 00000000 00:00 0 
792f1c000000-792f1c021000 rw-p 00000000 00:00 0 
792f1c021000-792f20000000 ---p 00000000 00:00 0 
792f20000000-792f20021000 rw-p 00000000 00:00 0 
792f20021000-792f24000000 ---p 00000000 00:00 0 
792f24000000-792f24021000 rw-p 00000000 00:00 0 
792f24021000-792f28000000 ---p 00000000 00:00 0 
792f28000000-792f28021000 rw-p 00000000 00:00 0 
792f28021000-792f2c000000 ---p 00000000 00:00 0 
792f2c000000-792f2c021000 rw-p 00000000 00:00 0 
792f2c021000-792f30000000 ---p 00000000 00:00 0 
792f30000000-792f30021000 rw-p 00000000 00:00 0 
792f30021000-792f34000000 ---p 00000000 00:00 0 
792f34000000-792f34021000 rw-p 00000000 00:00 0 
792f34021000-792f38000000 ---p 00000000 00:00 0 
792f38000000-792f38021000 rw-p 00000000 00:00 0 
792f38021000-792f3c000000 ---p 00000000 00:00 0 
792f3c000000-792f3c021000 rw-p 00000000 00:00 0 
792f3c021000-792f40000000 ---p 00000000 00:00 0 
792f40000000-792f40021000 rw-p 00000000 00:00 0 
792f40021000-792f44000000 ---p 00000000 00:00 0 
792f44000000-792f44021000 rw-p 00000000 00:00 0 
792f44021000-792f48000000 ---p 00000000 00:00 0 
792f48000000-792f48021000 rw-p 00000000 00:00 0 
792f48021000-792f4c000000 ---p 00000000 00:00 0 
792f4c000000-792f4c021000 rw-p 00000000 00:00 0 
792f4c021000-792f50000000 ---p 00000000 00:00 0 
792f500fe000-792f50102000 ---p 00000000 00:00 0 
792f50102000-792f501fe000 rw-p 00000000 00:00 0 
792f501fe000-792f50202000 ---p 00000000 00:00 0 
792f50202000-792f502fe000 rw-p 00000000 00:00 0 
792f502fe000-792f50302000 ---p 00000000 00:00 0 
792f50302000-792f503fe000 rw-p 00000000 00:00 0 
792f503fe000-792f50402000 ---p 00000000 00:00 0 
792f50402000-792f504fe000 rw-p 00000000 00:00 0 
792f504fe000-792f50502000 ---p 00000000 00:00 0 
792f50502000-792f505fe000 rw-p 00000000 00:00 0 
792f505fe000-792f505ff000 ---p 00000000 00:00 0 
792f505ff000-792f506ff000 rw-p 00000000 00:00 0 
792f506ff000-792f50700000 ---p 00000000 00:00 0 
792f50700000-792f50800000 rw-p 00000000 00:00 0 
792f50800000-792f50804000 ---p 00000000 00:00 0 
792f50804000-792f50900000 rw-p 00000000 00:00 0 
792f50900000-792f50904000 ---p 00000000 00:00 0 
792f50904000-792f50a00000 rw-p 00000000 00:00 0 
792f50a00000-792f50a04000 ---p 00000000 00:00 0 
792f50a04000-792f50b00000 rw-p 00000000 00:00 0 
792f50b00000-792f50b04000 ---p 00000000 00:00 0 
792f50b04000-792f50c00000 rw-p 00000000 00:00 0 
792f50c00000-792f50c04000 ---p 00000000 00:00 0 
792f50c04000-792f50d00000 rw-p 00000000 00:00 0 
792f50d00000-792f50d04000 ---p 00000000 00:00 0 
792f50d04000-792f50e00000 rw-p 00000000 00:00 0 
792f50e00000-792f50e04000 ---p 00000000 00:00 0 
792f50e04000-792f50f00000 rw-p 00000000 00:00 0 
792f50f00000-792f50f04000 ---p 00000000 00:00 0 
792f50f04000-792f51000000 rw-p 00000000 00:00 0 
792f51000000-792f51004000 ---p 00000000 00:00 0 
792f51004000-792f51100000 rw-p 00000000 00:00 0 
792f51100000-792f51104000 ---p 00000000 00:00 0 
792f51104000-792f51200000 rw-p 00000000 00:00 0 
792f51200000-792f51204000 ---p 00000000 00:00 0 
792f51204000-792f51300000 rw-p 00000000 00:00 0 
792f51300000-792f51304000 ---p 00000000 00:00 0 
792f51304000-792f51600000 rw-p 00000000 00:00 0 
792f51600000-792f51604000 ---p 00000000 00:00 0 
792f51604000-792f51700000 rw-p 00000000 00:00 0 
792f51700000-792f51704000 ---p 00000000 00:00 0 
792f51704000-792f51a00000 rw-p 00000000 00:00 0 
792f51a00000-792f51a04000 ---p 00000000 00:00 0 
792f51a04000-792f51b00000 rw-p 00000000 00:00 0 
792f51b00000-792f51b04000 ---p 00000000 00:00 0 
792f51b04000-792f51c00000 rw-p 00000000 00:00 0 
792f51c00000-792f51c04000 ---p 00000000 00:00 0 
792f51c04000-792f51d00000 rw-p 00000000 00:00 0 
792f51d00000-792f51d04000 ---p 00000000 00:00 0 
792f51d04000-792f51e00000 rw-p 00000000 00:00 0 
792f51e00000-792f51e04000 ---p 00000000 00:00 0 
792f51e04000-792f51f00000 rw-p 00000000 00:00 0 
792f51f00000-792f51f04000 ---p 00000000 00:00 0 
792f51f04000-792f52000000 rw-p 00000000 00:00 0 
792f52000000-792f52004000 ---p 00000000 00:00 0 
792f52004000-792f52100000 rw-p 00000000 00:00 0 
792f52100000-792f52104000 ---p 00000000 00:00 0 
792f52104000-792f52200000 rw-p 00000000 00:00 0 
792f52200000-792f52204000 ---p 00000000 00:00 0 
792f52204000-792f52300000 rw-p 00000000 00:00 0 
792f52300000-792f52304000 ---p 00000000 00:00 0 
792f52304000-792f52400000 rw-p 00000000 00:00 0 
792f52400000-792f52404000 ---p 00000000 00:00 0 
792f52404000-792f52700000 rw-p 00000000 00:00 0 
792f52700000-792f52704000 ---p 00000000 00:00 0 
792f52704000-792f52800000 rw-p 00000000 00:00 0 
792f52800000-792f52804000 ---p 00000000 00:00 0 
792f52804000-792f52900000 rw-p 00000000 00:00 0 
792f52900000-792f52904000 ---p 00000000 00:00 0 
792f52904000-792f52a00000 rw-p 00000000 00:00 0 
792f52a00000-792f52a04000 ---p 00000000 00:00 0 
792f52a04000-792f52b00000 rw-p 00000000 00:00 0 
792f52b00000-792f52b04000 ---p 00000000 00:00 0 
792f52b04000-792f52c00000 rw-p 00000000 00:00 0 
792f52c00000-792f52c04000 ---p 00000000 00:00 0 
792f52c04000-792f52d00000 rw-p 00000000 00:00 0 
792f52d00000-792f52d04000 ---p 00000000 00:00 0 
792f52d04000-792f52e00000 rw-p 00000000 00:00 0 
792f52e00000-792f52e04000 ---p 00000000 00:00 0 
792f52e04000-792f52f00000 rw-p 00000000 00:00 0 
792f52f00000-792f52f04000 ---p 00000000 00:00 0 
792f52f04000-792f53000000 rw-p 00000000 00:00 0 
792f53000000-792f53004000 ---p 00000000 00:00 0 
792f53004000-792f53100000 rw-p 00000000 00:00 0 
792f53100000-792f53104000 ---p 00000000 00:00 0 
792f53104000-792f53200000 rw-p 00000000 00:00 0 
792f53200000-792f53204000 ---p 00000000 00:00 0 
792f53204000-792f53300000 rw-p 00000000 00:00 0 
792f53300000-792f53304000 ---p 00000000 00:00 0 
792f53304000-792f53400000 rw-p 00000000 00:00 0 
792f53400000-792f53404000 ---p 00000000 00:00 0 
792f53404000-792f53500000 rw-p 00000000 00:00 0 
792f53500000-792f53504000 ---p 00000000 00:00 0 
792f53504000-792f537c0000 rw-p 00000000 00:00 0 
792f537c0000-792f539c0000 rw-p 00000000 00:00 0 
792f539c0000-792f53c00000 rw-p 00000000 00:00 0 
792f53c00000-792f53c01000 r-xp 00000000 08:30 217742                     /opt/java/openjdk/lib/libjaas.so
792f53c01000-792f53e00000 ---p 00001000 08:30 217742                     /opt/java/openjdk/lib/libjaas.so
792f53e00000-792f53e01000 r--p 00000000 08:30 217742                     /opt/java/openjdk/lib/libjaas.so
792f53e01000-792f53e02000 rw-p 00001000 08:30 217742                     /opt/java/openjdk/lib/libjaas.so
792f53eff000-792f53f00000 ---p 00000000 00:00 0 
792f53f00000-792f54000000 rw-p 00000000 00:00 0 
792f54000000-792f54217000 rw-p 00000000 00:00 0 
792f54217000-792f58000000 ---p 00000000 00:00 0 
792f58000000-792f582c1000 rw-p 00000000 00:00 0 
792f582c1000-792f5c000000 ---p 00000000 00:00 0 
792f5c000000-792f5c097000 rw-p 00000000 00:00 0 
792f5c097000-792f60000000 ---p 00000000 00:00 0 
792f60000000-792f600a4000 rw-p 00000000 00:00 0 
792f600a4000-792f64000000 ---p 00000000 00:00 0 
792f64000000-792f6402d000 rw-p 00000000 00:00 0 
792f6402d000-792f68000000 ---p 00000000 00:00 0 
792f68000000-792f68616000 rw-p 00000000 00:00 0 
792f68616000-792f6c000000 ---p 00000000 00:00 0 
792f6c000000-792f6c7ec000 rw-p 00000000 00:00 0 
792f6c7ec000-792f70000000 ---p 00000000 00:00 0 
792f70000000-792f70071000 rw-p 00000000 00:00 0 
792f70071000-792f74000000 ---p 00000000 00:00 0 
792f74000000-792f74021000 rw-p 00000000 00:00 0 
792f74021000-792f78000000 ---p 00000000 00:00 0 
792f78000000-792f78021000 rw-p 00000000 00:00 0 
792f78021000-792f7c000000 ---p 00000000 00:00 0 
792f7c000000-792f7e392000 rw-p 00000000 00:00 0 
792f7e392000-792f80000000 ---p 00000000 00:00 0 
792f80000000-792f80251000 rw-p 00000000 00:00 0 
792f80251000-792f84000000 ---p 00000000 00:00 0 
792f84000000-792f843d8000 rw-p 00000000 00:00 0 
792f843d8000-792f88000000 ---p 00000000 00:00 0 
792f88000000-792f88021000 rw-p 00000000 00:00 0 
792f88021000-792f8c000000 ---p 00000000 00:00 0 
792f8c000000-792f8c021000 rw-p 00000000 00:00 0 
792f8c021000-792f90000000 ---p 00000000 00:00 0 
792f90000000-792f92357000 rw-p 00000000 00:00 0 
792f92357000-792f94000000 ---p 00000000 00:00 0 
792f94000000-792f94021000 rw-p 00000000 00:00 0 
792f94021000-792f98000000 ---p 00000000 00:00 0 
792f980fe000-792f980ff000 ---p 00000000 00:00 0 
792f980ff000-792f981ff000 rw-p 00000000 00:00 0 
792f981ff000-792f98200000 ---p 00000000 00:00 0 
792f98200000-792f98300000 rw-p 00000000 00:00 0 
792f98300000-792f98304000 ---p 00000000 00:00 0 
792f98304000-792f985c0000 rw-p 00000000 00:00 0 
792f985c0000-792f987c0000 rw-p 00000000 00:00 0 
792f987c0000-792f989c0000 rw-p 00000000 00:00 0 
792f989c0000-792f98c00000 rw-p 00000000 00:00 0 
792f98c00000-792f98c02000 r-xp 00000000 08:30 217725                     /opt/java/openjdk/lib/libextnet.so
792f98c02000-792f98e01000 ---p 00002000 08:30 217725                     /opt/java/openjdk/lib/libextnet.so
792f98e01000-792f98e02000 r--p 00001000 08:30 217725                     /opt/java/openjdk/lib/libextnet.so
792f98e02000-792f98e03000 rw-p 00002000 08:30 217725                     /opt/java/openjdk/lib/libextnet.so
792f98f00000-792f98f04000 ---p 00000000 00:00 0 
792f98f04000-792f99200000 rw-p 00000000 00:00 0 
792f99200000-792f99240000 r-xp 00000000 08:30 217776                     /opt/java/openjdk/lib/libsunec.so
792f99240000-792f99440000 ---p 00040000 08:30 217776                     /opt/java/openjdk/lib/libsunec.so
792f99440000-792f99445000 r--p 00040000 08:30 217776                     /opt/java/openjdk/lib/libsunec.so
792f99445000-792f99447000 rw-p 00045000 08:30 217776                     /opt/java/openjdk/lib/libsunec.so
792f99493000-792f99497000 ---p 00000000 00:00 0 
792f99497000-792f99793000 rw-p 00000000 00:00 0 
792f997ff000-792f99803000 ---p 00000000 00:00 0 
792f99803000-792f99aff000 rw-p 00000000 00:00 0 
792f99aff000-792f99b00000 ---p 00000000 00:00 0 
792f99b00000-792f99dc0000 rw-p 00000000 00:00 0 
792f99dc0000-792f99fc0000 rw-p 00000000 00:00 0 
792f99fc0000-792f9a1c0000 rw-p 00000000 00:00 0 
792f9a1c0000-792f9a400000 rw-p 00000000 00:00 0 
792f9a400000-792f9a405000 r-xp 00000000 08:30 217760                     /opt/java/openjdk/lib/libmanagement_ext.so
792f9a405000-792f9a605000 ---p 00005000 08:30 217760                     /opt/java/openjdk/lib/libmanagement_ext.so
792f9a605000-792f9a606000 r--p 00005000 08:30 217760                     /opt/java/openjdk/lib/libmanagement_ext.so
792f9a606000-792f9a607000 rw-p 00006000 08:30 217760                     /opt/java/openjdk/lib/libmanagement_ext.so
792f9a6ff000-792f9a700000 ---p 00000000 00:00 0 
792f9a700000-792f9a800000 rw-p 00000000 00:00 0 
792f9a800000-792f9a804000 r-xp 00000000 08:30 217758                     /opt/java/openjdk/lib/libmanagement.so
792f9a804000-792f9aa03000 ---p 00004000 08:30 217758                     /opt/java/openjdk/lib/libmanagement.so
792f9aa03000-792f9aa04000 r--p 00003000 08:30 217758                     /opt/java/openjdk/lib/libmanagement.so
792f9aa04000-792f9aa05000 rw-p 00004000 08:30 217758                     /opt/java/openjdk/lib/libmanagement.so
792f9aafe000-792f9acfe000 rw-p 00000000 00:00 0 
792f9acfe000-792f9ad02000 ---p 00000000 00:00 0 
792f9ad02000-792f9adfe000 rw-p 00000000 00:00 0 
792f9adfe000-792f9adff000 ---p 00000000 00:00 0 
792f9adff000-792f9aeff000 rw-p 00000000 00:00 0 
792f9aeff000-792f9af00000 ---p 00000000 00:00 0 
792f9af00000-792f9b000000 rw-p 00000000 00:00 0 
792f9b000000-792f9b015000 r-xp 00000000 08:30 217766                     /opt/java/openjdk/lib/libnet.so
792f9b015000-792f9b214000 ---p 00015000 08:30 217766                     /opt/java/openjdk/lib/libnet.so
792f9b214000-792f9b215000 r--p 00014000 08:30 217766                     /opt/java/openjdk/lib/libnet.so
792f9b215000-792f9b216000 rw-p 00015000 08:30 217766                     /opt/java/openjdk/lib/libnet.so
792f9b300000-792f9b304000 ---p 00000000 00:00 0 
792f9b304000-792f9b400000 rw-p 00000000 00:00 0 
792f9b400000-792f9b410000 r-xp 00000000 08:30 217767                     /opt/java/openjdk/lib/libnio.so
792f9b410000-792f9b60f000 ---p 00010000 08:30 217767                     /opt/java/openjdk/lib/libnio.so
792f9b60f000-792f9b610000 r--p 0000f000 08:30 217767                     /opt/java/openjdk/lib/libnio.so
792f9b610000-792f9b611000 rw-p 00010000 08:30 217767                     /opt/java/openjdk/lib/libnio.so
792f9b6ff000-792f9b700000 ---p 00000000 00:00 0 
792f9b700000-792f9b800000 rw-p 00000000 00:00 0 
792f9b800000-792f9b804000 ---p 00000000 00:00 0 
792f9b804000-792f9b900000 rw-p 00000000 00:00 0 
792f9b900000-792f9b904000 ---p 00000000 00:00 0 
792f9b904000-792f9ba00000 rw-p 00000000 00:00 0 
792f9ba00000-792f9ba04000 ---p 00000000 00:00 0 
792f9ba04000-792f9bb00000 rw-p 00000000 00:00 0 
792f9bb00000-792f9bb04000 ---p 00000000 00:00 0 
792f9bb04000-792f9bc00000 rw-p 00000000 00:00 0 
792f9bc00000-792f9bc04000 ---p 00000000 00:00 0 
792f9bc04000-792f9bd00000 rw-p 00000000 00:00 0 
792f9bd00000-792f9bd04000 ---p 00000000 00:00 0 
792f9bd04000-792f9be00000 rw-p 00000000 00:00 0 
792f9be00000-792f9be04000 ---p 00000000 00:00 0 
792f9be04000-792f9bf00000 rw-p 00000000 00:00 0 
792f9bf00000-792f9bf04000 ---p 00000000 00:00 0 
792f9bf04000-792f9c000000 rw-p 00000000 00:00 0 
792f9c000000-792f9c021000 rw-p 00000000 00:00 0 
792f9c021000-792fa0000000 ---p 00000000 00:00 0 
792fa0000000-792fa0021000 rw-p 00000000 00:00 0 
792fa0021000-792fa4000000 ---p 00000000 00:00 0 
792fa4000000-792fa4021000 rw-p 00000000 00:00 0 
792fa4021000-792fa8000000 ---p 00000000 00:00 0 
792fa8000000-792fa8c06000 rw-p 00000000 00:00 0 
792fa8c06000-792fac000000 ---p 00000000 00:00 0 
792fac000000-792fac0b0000 rw-p 00000000 00:00 0 
792fac0b0000-792fb0000000 ---p 00000000 00:00 0 
792fb0000000-792fb0021000 rw-p 00000000 00:00 0 
792fb0021000-792fb4000000 ---p 00000000 00:00 0 
792fb4000000-792fb4021000 rw-p 00000000 00:00 0 
792fb4021000-792fb8000000 ---p 00000000 00:00 0 
792fb8014000-792fb82fd000 r--p 00000000 08:30 204020                     /usr/lib/locale/locale-archive
792fb82fd000-792fb8301000 ---p 00000000 00:00 0 
792fb8301000-792fb83fd000 rw-p 00000000 00:00 0 
792fb83fd000-792fb8401000 ---p 00000000 00:00 0 
792fb8401000-792fb84fd000 rw-p 00000000 00:00 0 
792fb84fd000-792fb84fe000 ---p 00000000 00:00 0 
792fb84fe000-792fb8dfe000 rw-p 00000000 00:00 0 
792fb8dfe000-792fb8dff000 ---p 00000000 00:00 0 
792fb8dff000-792fb8eff000 rw-p 00000000 00:00 0 
792fb8eff000-792fb8f00000 ---p 00000000 00:00 0 
792fb8f00000-792fbba30000 rw-p 00000000 00:00 0 
792fbba30000-792fbbff8000 ---p 00000000 00:00 0 
792fbbff8000-792fbc000000 rw-p 00000000 00:00 0 
792fbc000000-792fbc038000 rw-p 00000000 00:00 0 
792fbc038000-792fc0000000 ---p 00000000 00:00 0 
792fc009d000-792fc07a4000 rw-p 00000000 00:00 0 
792fc07a4000-792fc0a94000 rwxp 00000000 00:00 0 
792fc0a94000-792fc0ee3000 ---p 00000000 00:00 0 
792fc0ee3000-792fc38b3000 rwxp 00000000 00:00 0 
792fc38b3000-792fc8343000 ---p 00000000 00:00 0 
792fc8343000-792fc8df3000 rwxp 00000000 00:00 0 
792fc8df3000-792fcf7a4000 ---p 00000000 00:00 0 
792fcf7a4000-792fd8000000 r--s 00000000 08:30 217784                     /opt/java/openjdk/lib/modules
792fd8000000-792fda4ac000 rw-p 00000000 00:00 0 
792fda4ac000-792fdc000000 ---p 00000000 00:00 0 
792fdc0ed000-792fdc6f3000 rw-p 00000000 00:00 0 
792fdc6f3000-792fdc6f4000 ---p 00000000 00:00 0 
792fdc6f4000-792fdc7f4000 rw-p 00000000 00:00 0 
792fdc7f4000-792fdc7f5000 ---p 00000000 00:00 0 
792fdc7f5000-792fdd325000 rw-p 00000000 00:00 0 
792fdd325000-792fdd8ed000 ---p 00000000 00:00 0 
792fdd8ed000-792fdda3b000 rw-p 00000000 00:00 0 
792fdda3b000-792fddaf4000 ---p 00000000 00:00 0 
792fddaf4000-792fddc3b000 rw-p 00000000 00:00 0 
792fddc3b000-792fddcf4000 ---p 00000000 00:00 0 
792fddcf4000-792fdde3b000 rw-p 00000000 00:00 0 
792fdde3b000-792fddef4000 ---p 00000000 00:00 0 
792fddef4000-792fdea00000 rw-p 00000000 00:00 0 
792fdea00000-792fdea1b000 r-xp 00000000 08:30 217783                     /opt/java/openjdk/lib/libzip.so
792fdea1b000-792fdec1a000 ---p 0001b000 08:30 217783                     /opt/java/openjdk/lib/libzip.so
792fdec1a000-792fdec1b000 r--p 0001a000 08:30 217783                     /opt/java/openjdk/lib/libzip.so
792fdec1b000-792fdec1c000 rw-p 0001b000 08:30 217783                     /opt/java/openjdk/lib/libzip.so
792fdecac000-792fdecb0000 ---p 00000000 00:00 0 
792fdecb0000-792fdee00000 rw-p 00000000 00:00 0 
792fdee00000-792fdee1b000 r-xp 00000000 08:30 217748                     /opt/java/openjdk/lib/libjimage.so
792fdee1b000-792fdf01a000 ---p 0001b000 08:30 217748                     /opt/java/openjdk/lib/libjimage.so
792fdf01a000-792fdf01c000 r--p 0001a000 08:30 217748                     /opt/java/openjdk/lib/libjimage.so
792fdf01c000-792fdf01d000 rw-p 0001c000 08:30 217748                     /opt/java/openjdk/lib/libjimage.so
792fdf023000-792fdf200000 rw-p 00000000 00:00 0 
792fdf200000-792fdf229000 r-xp 00000000 08:30 217743                     /opt/java/openjdk/lib/libjava.so
792fdf229000-792fdf428000 ---p 00029000 08:30 217743                     /opt/java/openjdk/lib/libjava.so
792fdf428000-792fdf429000 r--p 00028000 08:30 217743                     /opt/java/openjdk/lib/libjava.so
792fdf429000-792fdf42a000 rw-p 00029000 08:30 217743                     /opt/java/openjdk/lib/libjava.so
792fdf42a000-792fdf42b000 rw-p 00000000 00:00 0 
792fdf431000-792fdf435000 ---p 00000000 00:00 0 
792fdf435000-792fdf4ff000 rw-p 00000000 00:00 0 
792fdf4ff000-792fdf500000 ---p 00000000 00:00 0 
792fdf500000-792fdf600000 rw-p 00000000 00:00 0 
792fdf600000-792fdf60d000 r-xp 00000000 08:30 217782                     /opt/java/openjdk/lib/libverify.so
792fdf60d000-792fdf80c000 ---p 0000d000 08:30 217782                     /opt/java/openjdk/lib/libverify.so
792fdf80c000-792fdf80e000 r--p 0000c000 08:30 217782                     /opt/java/openjdk/lib/libverify.so
792fdf80e000-792fdf80f000 rw-p 0000e000 08:30 217782                     /opt/java/openjdk/lib/libverify.so
792fdf82e000-792fdf844000 rw-p 00000000 00:00 0 
792fdf844000-792fdf917000 ---p 00000000 00:00 0 
792fdf917000-792fdf96b000 rw-p 00000000 00:00 0 
792fdf96b000-792fdfa00000 ---p 00000000 00:00 0 
792fdfa00000-792fe0c82000 r-xp 00000000 08:30 217819                     /opt/java/openjdk/lib/server/libjvm.so
792fe0c82000-792fe0e81000 ---p 01282000 08:30 217819                     /opt/java/openjdk/lib/server/libjvm.so
792fe0e81000-792fe0f47000 r--p 01281000 08:30 217819                     /opt/java/openjdk/lib/server/libjvm.so
792fe0f47000-792fe0f82000 rw-p 01347000 08:30 217819                     /opt/java/openjdk/lib/server/libjvm.so
792fe0f82000-792fe0fda000 rw-p 00000000 00:00 0 
792fe0ff0000-792fe0ff4000 ---p 00000000 00:00 0 
792fe0ff4000-792fe10f0000 rw-p 00000000 00:00 0 
792fe10f0000-792fe10fe000 r--p 00000000 08:30 201057                     /usr/lib/x86_64-linux-gnu/libm.so.6
792fe10fe000-792fe117a000 r-xp 0000e000 08:30 201057                     /usr/lib/x86_64-linux-gnu/libm.so.6
792fe117a000-792fe11d5000 r--p 0008a000 08:30 201057                     /usr/lib/x86_64-linux-gnu/libm.so.6
792fe11d5000-792fe11d6000 r--p 000e4000 08:30 201057                     /usr/lib/x86_64-linux-gnu/libm.so.6
792fe11d6000-792fe11d7000 rw-p 000e5000 08:30 201057                     /usr/lib/x86_64-linux-gnu/libm.so.6
792fe11d7000-792fe11ff000 r--p 00000000 08:30 201005                     /usr/lib/x86_64-linux-gnu/libc.so.6
792fe11ff000-792fe1394000 r-xp 00028000 08:30 201005                     /usr/lib/x86_64-linux-gnu/libc.so.6
792fe1394000-792fe13ec000 r--p 001bd000 08:30 201005                     /usr/lib/x86_64-linux-gnu/libc.so.6
792fe13ec000-792fe13ed000 ---p 00215000 08:30 201005                     /usr/lib/x86_64-linux-gnu/libc.so.6
792fe13ed000-792fe13f1000 r--p 00215000 08:30 201005                     /usr/lib/x86_64-linux-gnu/libc.so.6
792fe13f1000-792fe13f3000 rw-p 00219000 08:30 201005                     /usr/lib/x86_64-linux-gnu/libc.so.6
792fe13f3000-792fe1400000 rw-p 00000000 00:00 0 
792fe1400000-792fe141a000 r-xp 00000000 08:30 217710                     /opt/java/openjdk/lib/jli/libjli.so
792fe141a000-792fe161a000 ---p 0001a000 08:30 217710                     /opt/java/openjdk/lib/jli/libjli.so
792fe161a000-792fe161b000 r--p 0001a000 08:30 217710                     /opt/java/openjdk/lib/jli/libjli.so
792fe161b000-792fe161c000 rw-p 0001b000 08:30 217710                     /opt/java/openjdk/lib/jli/libjli.so
792fe161d000-792fe1624000 r--s 00000000 08:30 200973                     /usr/lib/x86_64-linux-gnu/gconv/gconv-modules.cache
792fe1624000-792fe164b000 rw-p 00000000 00:00 0 
792fe164b000-792fe1654000 ---p 00000000 00:00 0 
792fe1654000-792fe165c000 rw-s 00000000 08:30 414798                     /tmp/hsperfdata_spark/59999
792fe165c000-792fe165d000 r--p 00000000 08:30 201102                     /usr/lib/x86_64-linux-gnu/librt.so.1
792fe165d000-792fe165e000 r-xp 00001000 08:30 201102                     /usr/lib/x86_64-linux-gnu/librt.so.1
792fe165e000-792fe165f000 r--p 00002000 08:30 201102                     /usr/lib/x86_64-linux-gnu/librt.so.1
792fe165f000-792fe1660000 r--p 00002000 08:30 201102                     /usr/lib/x86_64-linux-gnu/librt.so.1
792fe1660000-792fe1661000 rw-p 00003000 08:30 201102                     /usr/lib/x86_64-linux-gnu/librt.so.1
792fe1661000-792fe1663000 rw-p 00000000 00:00 0 
792fe1663000-792fe1664000 r--p 00000000 08:30 201019                     /usr/lib/x86_64-linux-gnu/libdl.so.2
792fe1664000-792fe1665000 r-xp 00001000 08:30 201019                     /usr/lib/x86_64-linux-gnu/libdl.so.2
792fe1665000-792fe1666000 r--p 00002000 08:30 201019                     /usr/lib/x86_64-linux-gnu/libdl.so.2
792fe1666000-792fe1667000 r--p 00002000 08:30 201019                     /usr/lib/x86_64-linux-gnu/libdl.so.2
792fe1667000-792fe1668000 rw-p 00003000 08:30 201019                     /usr/lib/x86_64-linux-gnu/libdl.so.2
792fe1668000-792fe1669000 r--p 00000000 08:30 201100                     /usr/lib/x86_64-linux-gnu/libpthread.so.0
792fe1669000-792fe166a000 r-xp 00001000 08:30 201100                     /usr/lib/x86_64-linux-gnu/libpthread.so.0
792fe166a000-792fe166b000 r--p 00002000 08:30 201100                     /usr/lib/x86_64-linux-gnu/libpthread.so.0
792fe166b000-792fe166c000 r--p 00002000 08:30 201100                     /usr/lib/x86_64-linux-gnu/libpthread.so.0
792fe166c000-792fe166d000 rw-p 00003000 08:30 201100                     /usr/lib/x86_64-linux-gnu/libpthread.so.0
792fe1671000-792fe1672000 ---p 00000000 00:00 0 
792fe1672000-792fe1673000 r--p 00000000 00:00 0 
792fe1673000-792fe1675000 rw-p 00000000 00:00 0 
792fe1675000-792fe1677000 r--p 00000000 08:30 200987                     /usr/lib/x86_64-linux-gnu/ld-linux-x86-64.so.2
792fe1677000-792fe16a1000 r-xp 00002000 08:30 200987                     /usr/lib/x86_64-linux-gnu/ld-linux-x86-64.so.2
792fe16a1000-792fe16ac000 r--p 0002c000 08:30 200987                     /usr/lib/x86_64-linux-gnu/ld-linux-x86-64.so.2
792fe16ad000-792fe16af000 r--p 00037000 08:30 200987                     /usr/lib/x86_64-linux-gnu/ld-linux-x86-64.so.2
792fe16af000-792fe16b1000 rw-p 00039000 08:30 200987                     /usr/lib/x86_64-linux-gnu/ld-linux-x86-64.so.2
7ffc16475000-7ffc16496000 rw-p 00000000 00:00 0                          [stack]
7ffc164d8000-7ffc164dc000 r--p 00000000 00:00 0                          [vvar]
7ffc164dc000-7ffc164de000 r-xp 00000000 00:00 0                          [vdso]


VM Arguments:
jvm_args: -Xmx1g -XX:+IgnoreUnrecognizedVMOptions --add-opens=java.base/java.lang=ALL-UNNAMED --add-opens=java.base/java.lang.invoke=ALL-UNNAMED --add-opens=java.base/java.lang.reflect=ALL-UNNAMED --add-opens=java.base/java.io=ALL-UNNAMED --add-opens=java.base/java.net=ALL-UNNAMED --add-opens=java.base/java.nio=ALL-UNNAMED --add-opens=java.base/java.util=ALL-UNNAMED --add-opens=java.base/java.util.concurrent=ALL-UNNAMED --add-opens=java.base/java.util.concurrent.atomic=ALL-UNNAMED --add-opens=java.base/jdk.internal.ref=ALL-UNNAMED --add-opens=java.base/sun.nio.ch=ALL-UNNAMED --add-opens=java.base/sun.nio.cs=ALL-UNNAMED --add-opens=java.base/sun.security.action=ALL-UNNAMED --add-opens=java.base/sun.util.calendar=ALL-UNNAMED --add-opens=java.security.jgss/sun.security.krb5=ALL-UNNAMED -Djdk.reflect.useDirectMethodHandle=false 
java_command: org.apache.spark.deploy.SparkSubmit --conf spark.jars.ivy=/tmp/.ivy2 --packages org.apache.iceberg:iceberg-spark-runtime-3.5_2.12:1.5.0,org.projectnessie.nessie-integrations:nessie-spark-extensions-3.5_2.12:0.77.1,software.amazon.awssdk:bundle:2.20.18,software.amazon.awssdk:url-connection-client:2.20.18 /opt/spark/work-dir/complex_transforms/05_iceberg_transforms.py
java_class_path (initial): /opt/spark/conf:/opt/spark/jars/kubernetes-model-core-6.7.2.jar:/opt/spark/jars/scala-reflect-2.12.18.jar:/opt/spark/jars/libthrift-0.12.0.jar:/opt/spark/jars/jersey-hk2-2.47.jar:/opt/spark/jars/spark-common-utils_2.12-3.5.9.jar:/opt/spark/jars/kubernetes-model-events-6.7.2.jar:/opt/spark/jars/kubernetes-model-autoscaling-6.7.2.jar:/opt/spark/jars/log4j-1.2-api-2.20.0.jar:/opt/spark/jars/netty-codec-http2-4.1.96.Final.jar:/opt/spark/jars/arrow-memory-core-12.0.1.jar:/opt/spark/jars/stax-api-1.0.1.jar:/opt/spark/jars/spark-catalyst_2.12-3.5.9.jar:/opt/spark/jars/guava-14.0.1.jar:/opt/spark/jars/kubernetes-client-api-6.7.2.jar:/opt/spark/jars/osgi-resource-locator-1.0.3.jar:/opt/spark/jars/netty-handler-4.1.96.Final.jar:/opt/spark/jars/mesos-1.4.3-shaded-protobuf.jar:/opt/spark/jars/httpcore-4.4.16.jar:/opt/spark/jars/compress-lzf-1.1.2.jar:/opt/spark/jars/jsr305-3.0.0.jar:/opt/spark/jars/hive-storage-api-2.8.1.jar:/opt/spark/jars/ivy-2.5.3.jar:/opt/spark/jars/javolution-5.5.1.jar:/opt/spark/jars/netty-codec-socks-4.1.96.Final.jar:/opt/spark/jars/spark-sql-api_2.12-3.5.9.jar:/opt/spark/jars/netty-handler-proxy-4.1.96.Final.jar:/opt/spark/jars/audience-annotations-0.5.0.jar:/opt/spark/jars/kubernetes-client-6.7.2.jar:/opt/spark/jars/jakarta.inject-2.6.1.jar:/opt/spark/jars/aopalliance-repackaged-2.6.1.jar:/opt/spark/jars/commons-compiler-3.1.9.jar:/opt/spark/jars/netty-all-4.1.96.Final.jar:/opt/spark/jars/netty-transport-4.1.96.Final.jar:/opt/spark/jars/commons-logging-1.1.3.jar:/opt/spark/jars/zstd-jni-1.5.5-4.jar:/opt/spark/jars/xz-1.9.jar:/opt/spark/jars/lz4-java-1.8.0.jar:/opt/spark/jars/kubernetes-model-common-6.7.2.jar:/opt/spark/jars/curator-recipes-2.13.0.jar:/opt/spark/jars/jackson-databind-2.15.2.jar:/opt/spark/jars/kubernetes-model-node-6.7.2.jar:/opt/spark/jars/curator-framework-2.13.0.jar:/opt/spark/jars/shims-0.9.45.jar:/opt/spark/jars/jackson-dataformat-yaml-2.15.2.jar:/opt/spark/jars/jakarta.servlet-api-4.0.3.jar:/opt/spark/
Launcher Type: SUN_STANDARD

[Global flags]
     intx CICompilerCount                          = 12                                        {product} {ergonomic}
     uint ConcGCThreads                            = 3                                         {product} {ergonomic}
     uint G1ConcRefinementThreads                  = 13                                        {product} {ergonomic}
   size_t G1HeapRegionSize                         = 1048576                                   {product} {ergonomic}
    uintx GCDrainStackTargetSize                   = 64                                        {product} {ergonomic}
     bool IgnoreUnrecognizedVMOptions              = true                                      {product} {command line}
   size_t InitialHeapSize                          = 130023424                                 {product} {ergonomic}
   size_t MarkStackSize                            = 4194304                                   {product} {ergonomic}
   size_t MaxHeapSize                              = 1073741824                                {product} {command line}
   size_t MaxNewSize                               = 643825664                                 {product} {ergonomic}
   size_t MinHeapDeltaBytes                        = 1048576                                   {product} {ergonomic}
    uintx NonNMethodCodeHeapSize                   = 7594288                                {pd product} {ergonomic}
    uintx NonProfiledCodeHeapSize                  = 122031976                              {pd product} {ergonomic}
    uintx ProfiledCodeHeapSize                     = 122031976                              {pd product} {ergonomic}
    uintx ReservedCodeCacheSize                    = 251658240                              {pd product} {ergonomic}
     bool SegmentedCodeCache                       = true                                      {product} {ergonomic}
     bool UseCompressedClassPointers               = true                                 {lp64_product} {ergonomic}
     bool UseCompressedOops                        = true                                 {lp64_product} {ergonomic}
     bool UseG1GC                                  = true                                      {product} {ergonomic}

Logging:
Log output configuration:
 #0: stdout all=warning uptime,level,tags
 #1: stderr all=off uptime,level,tags

Environment Variables:
JAVA_HOME=/opt/java/openjdk
PATH=/opt/java/openjdk/bin:/usr/local/sbin:/usr/local/bin:/usr/sbin:/usr/bin:/sbin:/bin
LANG=en_US.UTF-8
LC_ALL=en_US.UTF-8

Signal Handlers:
SIGSEGV: [libjvm.so+0xf51250], sa_mask[0]=11111111011111111101111111111110, sa_flags=SA_RESTART|SA_SIGINFO
SIGBUS: [libjvm.so+0xf51250], sa_mask[0]=11111111011111111101111111111110, sa_flags=SA_RESTART|SA_SIGINFO
SIGFPE: [libjvm.so+0xf51250], sa_mask[0]=11111111011111111101111111111110, sa_flags=SA_RESTART|SA_SIGINFO
SIGPIPE: [libjvm.so+0xc72f40], sa_mask[0]=11111111011111111101111111111110, sa_flags=SA_RESTART|SA_SIGINFO
SIGXFSZ: [libjvm.so+0xc72f40], sa_mask[0]=11111111011111111101111111111110, sa_flags=SA_RESTART|SA_SIGINFO
SIGILL: [libjvm.so+0xf51250], sa_mask[0]=11111111011111111101111111111110, sa_flags=SA_RESTART|SA_SIGINFO
SIGUSR2: [libjvm.so+0xc72de0], sa_mask[0]=00000000000000000000000000000000, sa_flags=SA_RESTART|SA_SIGINFO
SIGHUP: [libjvm.so+0xc73370], sa_mask[0]=11111111011111111101111111111110, sa_flags=SA_RESTART|SA_SIGINFO
SIGINT: [libjvm.so+0xc73370], sa_mask[0]=11111111011111111101111111111110, sa_flags=SA_RESTART|SA_SIGINFO
SIGTERM: [libjvm.so+0xc73370], sa_mask[0]=11111111011111111101111111111110, sa_flags=SA_RESTART|SA_SIGINFO
SIGQUIT: [libjvm.so+0xc73370], sa_mask[0]=11111111011111111101111111111110, sa_flags=SA_RESTART|SA_SIGINFO


---------------  S Y S T E M  ---------------

OS:DISTRIB_ID=Ubuntu
DISTRIB_RELEASE=22.04
DISTRIB_CODENAME=jammy
DISTRIB_DESCRIPTION="Ubuntu 22.04.5 LTS"
uname:Linux 6.6.114.1-microsoft-standard-WSL2 #1 SMP PREEMPT_DYNAMIC Mon Dec  1 20:46:23 UTC 2025 x86_64
OS uptime: 0 days 1:44 hours
libc:glibc 2.35 NPTL 2.35 
rlimit (soft/hard): STACK 8192k/infinity , CORE 0k/infinity , NPROC infinity/infinity , NOFILE 1048576/1048576 , AS infinity/infinity , CPU infinity/infinity , DATA infinity/infinity , FSIZE infinity/infinity , MEMLOCK infinity/infinity
load average:1.99 0.74 0.68

/proc/meminfo:
MemTotal:        8036432 kB
MemFree:           80600 kB
MemAvailable:    1178804 kB
Buffers:            5968 kB
Cached:          1185068 kB
SwapCached:        97392 kB
Active:          1415560 kB
Inactive:        6031244 kB
Active(anon):     644424 kB
Inactive(anon):  5616084 kB
Active(file):     771136 kB
Inactive(file):   415160 kB
Unevictable:           0 kB
Mlocked:               0 kB
SwapTotal:       2097152 kB
SwapFree:        1389516 kB
Dirty:              9336 kB
Writeback:             0 kB
AnonPages:       6160632 kB
Mapped:           120764 kB
Shmem:              3328 kB
KReclaimable:     103348 kB
Slab:             203308 kB
SReclaimable:     103348 kB
SUnreclaim:        99960 kB
KernelStack:       23456 kB
PageTables:        26164 kB
SecPageTables:         0 kB
NFS_Unstable:          0 kB
Bounce:                0 kB
WritebackTmp:          0 kB
CommitLimit:     6115368 kB
Committed_AS:   10429012 kB
VmallocTotal:   34359738367 kB
VmallocUsed:       48988 kB
VmallocChunk:          0 kB
Percpu:             6464 kB
HardwareCorrupted:     0 kB
AnonHugePages:         0 kB
ShmemHugePages:        0 kB
ShmemPmdMapped:        0 kB
FileHugePages:         0 kB
FilePmdMapped:         0 kB
Unaccepted:            0 kB
HugePages_Total:       0
HugePages_Free:        0
HugePages_Rsvd:        0
HugePages_Surp:        0
Hugepagesize:       2048 kB
Hugetlb:               0 kB
DirectMap4k:       84992 kB
DirectMap2M:     5062656 kB
DirectMap1G:    12582912 kB

/sys/kernel/mm/transparent_hugepage/enabled:
always [madvise] never
/sys/kernel/mm/transparent_hugepage/defrag (defrag/compaction efforts parameter):
always defer defer+madvise [madvise] never

Process Memory:
Virtual Size: 11340724K (peak: 12467828K)
Resident Set Size: 1208196K (peak: 1208196K) (anon: 1176656K, file: 31540K, shmem: 0K)
Swapped out: 0K
C-Heap outstanding allocations: 203670K, retained: 121153K
glibc malloc tunables: (default)

/proc/sys/kernel/threads-max (system-wide limit on the number of threads):
62706
/proc/sys/vm/max_map_count (maximum number of memory map areas a process may have):
262144
/proc/sys/kernel/pid_max (system-wide limit on number of process identifiers):
99999

container (cgroup) information:
container_type: cgroupv2
cpu_cpuset_cpus: not supported
cpu_memory_nodes: not supported
active_processor_count: 16
cpu_quota: no quota
cpu_period: 100000
cpu_shares: no shares
memory_limit_in_bytes: unlimited
memory_and_swap_limit_in_bytes: unlimited
memory_soft_limit_in_bytes: unlimited
memory_usage_in_bytes: 3825712 k
memory_max_usage_in_bytes: not supported
rss_usage_in_bytes: not supported
cache_usage_in_bytes: not supported
memory_swap_current_in_bytes: 282992 k
memory_swap_max_limit_in_bytes: unlimited
maximum number of tasks: unlimited
current number of tasks: 524

Hyper-V virtualization detected
Steal ticks since vm start: 0
Steal ticks percentage since vm start:  0.000

CPU:total 16 (initial active 16) (16 cores per cpu, 2 threads per core) family 25 model 68 stepping 1 microcode 0xffffffff, cmov, cx8, fxsr, mmx, sse, sse2, sse3, ssse3, sse4.1, sse4.2, popcnt, avx, avx2, aes, clmul, erms, mmxext, 3dnowpref, lzcnt, sse4a, ht, tsc, tscinvbit, tscinv, bmi1, bmi2, adx, sha, fma
CPU Model and flags from /proc/cpuinfo:
model name	: AMD Ryzen 7 7435HS
flags		: fpu vme de pse tsc msr pae mce cx8 apic sep mtrr pge mca cmov pat pse36 clflush mmx fxsr sse sse2 ht syscall nx mmxext fxsr_opt pdpe1gb rdtscp lm constant_tsc rep_good nopl tsc_reliable nonstop_tsc cpuid extd_apicid tsc_known_freq pni pclmulqdq ssse3 fma cx16 sse4_1 sse4_2 movbe popcnt aes xsave avx f16c rdrand hypervisor lahf_lm cmp_legacy svm cr8_legacy abm sse4a misalignsse 3dnowprefetch osvw topoext perfctr_core ssbd ibrs ibpb stibp vmmcall fsgsbase bmi1 avx2 smep bmi2 erms invpcid rdseed adx smap clflushopt clwb sha_ni xsaveopt xsavec xgetbv1 xsaves clzero xsaveerptr arat npt nrip_save tsc_scale vmcb_clean flushbyasid decodeassists pausefilter pfthreshold v_vmsave_vmload umip vaes vpclmulqdq rdpid fsrm
Online cpus:
0-15
Offline cpus:

BIOS frequency limitation:
<Not Available>
Frequency switch latency (ns):
<Not Available>
Available cpu frequencies:
<Not Available>
Current governor:
<Not Available>
Core performance/turbo boost:
<Not Available>

Memory: 4k page, physical 8036432k(80600k free), swap 2097152k(1389516k free)

vm_info: OpenJDK 64-Bit Server VM (11.0.31+11) for linux-amd64 JRE (11.0.31+11), built on Apr 25 2026 12:54:35 by "" with gcc 7.5.0

END.
