#
# A fatal error has been detected by the Java Runtime Environment:
#
#  Internal Error (signature.cpp:53), pid=69155, tid=69817
#  fatal error: expecting (
#
# JRE version: OpenJDK Runtime Environment Temurin-11.0.31+11 (11.0.31+11) (build 11.0.31+11)
# Java VM: OpenJDK 64-Bit Server VM Temurin-11.0.31+11 (11.0.31+11, mixed mode, sharing, tiered, compressed oops, g1 gc, linux-amd64)
# Core dump will be written. Default location: Core dumps may be processed with "/wsl-capture-crash %t %E %p %s" (or dumping to /opt/spark/work-dir/core.69155)
#
# If you would like to submit a bug report, please visit:
#   https://github.com/adoptium/adoptium-support/issues
#

---------------  S U M M A R Y ------------

Command Line: -Xmx1g -XX:+IgnoreUnrecognizedVMOptions --add-opens=java.base/java.lang=ALL-UNNAMED --add-opens=java.base/java.lang.invoke=ALL-UNNAMED --add-opens=java.base/java.lang.reflect=ALL-UNNAMED --add-opens=java.base/java.io=ALL-UNNAMED --add-opens=java.base/java.net=ALL-UNNAMED --add-opens=java.base/java.nio=ALL-UNNAMED --add-opens=java.base/java.util=ALL-UNNAMED --add-opens=java.base/java.util.concurrent=ALL-UNNAMED --add-opens=java.base/java.util.concurrent.atomic=ALL-UNNAMED --add-opens=java.base/jdk.internal.ref=ALL-UNNAMED --add-opens=java.base/sun.nio.ch=ALL-UNNAMED --add-opens=java.base/sun.nio.cs=ALL-UNNAMED --add-opens=java.base/sun.security.action=ALL-UNNAMED --add-opens=java.base/sun.util.calendar=ALL-UNNAMED --add-opens=java.security.jgss/sun.security.krb5=ALL-UNNAMED -Djdk.reflect.useDirectMethodHandle=false org.apache.spark.deploy.SparkSubmit --conf spark.jars.ivy=/tmp/.ivy2 --packages org.apache.iceberg:iceberg-spark-runtime-3.5_2.12:1.5.0,org.projectnessie.nessie-integrations:nessie-spark-extensions-3.5_2.12:0.77.1,software.amazon.awssdk:bundle:2.20.18,software.amazon.awssdk:url-connection-client:2.20.18 /opt/spark/work-dir/complex_transforms/05_iceberg_transforms.py

Host: AMD Ryzen 7 7435HS, 16 cores, 7G, Ubuntu 22.04.5 LTS
Time: Thu Oct  1 16:28:56 2026 UTC elapsed time: 34.026210 seconds (0d 0h 0m 34s)

---------------  T H R E A D  ---------------

Current thread (0x0000792c18054800):  JavaThread "Executor task launch worker for task 173.0 in stage 0.0 (TID 173)" daemon [_thread_in_vm, id=69817, stack(0x0000792b01a00000,0x0000792b01b00000)]

Stack: [0x0000792b01a00000,0x0000792b01b00000],  sp=0x0000792b01afc2c0,  free space=1008k
Native frames: (J=compiled Java code, A=aot compiled Java code, j=interpreted, Vv=VM code, C=native code)
V  [libjvm.so+0xf4f61a]  VMError::report_and_die(int, char const*, char const*, __va_list_tag*, Thread*, unsigned char*, void*, void*, char const*, int, unsigned long)+0x1ca
V  [libjvm.so+0x6d847f]  report_fatal(VMErrorType, char const*, int, char const*, ...)+0x10f
V  [libjvm.so+0xe1ed18]  SignatureIterator::iterate_parameters()+0x58
V  [libjvm.so+0x7a0943]  frame::interpreter_callee_receiver_addr(Symbol*)+0x43
V  [libjvm.so+0x8d8393]  InterpreterRuntime::resolve_invoke(JavaThread*, Bytecodes::Code)+0x1b3
V  [libjvm.so+0x8d94f5]  InterpreterRuntime::resolve_from_cache(JavaThread*, Bytecodes::Code)+0x165
j  org.apache.iceberg.shaded.io.netty.buffer.PoolArena.tcacheAllocateSmall+179
J 18053 c1 org.apache.iceberg.shaded.io.netty.buffer.PoolArena.allocate (90 bytes) @ 0x0000792ccb0d8c94 [0x0000792ccb0d8a20+0x0000000000000274]
J 17877 c1 org.apache.iceberg.shaded.io.netty.buffer.PooledByteBufAllocatorL$InnerAllocator.newDirectBufferL(II)Lorg/apache/iceberg/shaded/io/netty/buffer/UnsafeDirectLittleEndian; (197 bytes) @ 0x0000792ccb0687b4 [0x0000792ccb0683a0+0x0000000000000414]
J 17890 c1 org.apache.iceberg.shaded.io.netty.buffer.PooledByteBufAllocatorL.allocate(J)Lorg/apache/iceberg/shaded/io/netty/buffer/UnsafeDirectLittleEndian; (47 bytes) @ 0x0000792ccb067c34 [0x0000792ccb067b80+0x00000000000000b4]
J 18061 c1 org.apache.iceberg.shaded.org.apache.arrow.memory.NettyAllocationManager.<init>(Lorg/apache/iceberg/shaded/org/apache/arrow/memory/BufferAllocator;JI)V (75 bytes) @ 0x0000792ccb0e311c [0x0000792ccb0e2ec0+0x000000000000025c]
J 17889 c1 org.apache.iceberg.shaded.org.apache.arrow.memory.NettyAllocationManager$1.create(Lorg/apache/iceberg/shaded/org/apache/arrow/memory/BufferAllocator;J)Lorg/apache/iceberg/shaded/org/apache/arrow/memory/AllocationManager; (10 bytes) @ 0x0000792ccb067334 [0x0000792ccb067240+0x00000000000000f4]
J 16659 c1 org.apache.iceberg.shaded.org.apache.arrow.memory.BaseAllocator.bufferWithoutReservation(JLorg/apache/iceberg/shaded/org/apache/arrow/memory/BufferManager;)Lorg/apache/iceberg/shaded/org/apache/arrow/memory/ArrowBuf; (58 bytes) @ 0x0000792ccaeee34c [0x0000792ccaeee280+0x00000000000000cc]
J 17850 c1 org.apache.iceberg.shaded.org.apache.arrow.memory.BaseAllocator.buffer(JLorg/apache/iceberg/shaded/org/apache/arrow/memory/BufferManager;)Lorg/apache/iceberg/shaded/org/apache/arrow/memory/ArrowBuf; (188 bytes) @ 0x0000792ccb05b944 [0x0000792ccb05b5a0+0x00000000000003a4]
J 16652 c1 org.apache.iceberg.shaded.org.apache.arrow.memory.BaseAllocator.buffer(J)Lorg/apache/iceberg/shaded/org/apache/arrow/memory/ArrowBuf; (11 bytes) @ 0x0000792ccaeece1c [0x0000792ccaeecd60+0x00000000000000bc]
j  org.apache.iceberg.shaded.org.apache.arrow.vector.BaseVariableWidthVector.reallocDataBuffer(J)V+42
J 21287 c1 org.apache.iceberg.shaded.org.apache.arrow.vector.BaseVariableWidthVector.handleSafe(II)V (64 bytes) @ 0x0000792ccb52f484 [0x0000792ccb52eb00+0x0000000000000984]
J 21288 c1 org.apache.iceberg.shaded.org.apache.arrow.vector.BaseVariableWidthVector.setValueLengthSafe(II)V (57 bytes) @ 0x0000792ccb52df8c [0x0000792ccb52dec0+0x00000000000000cc]
J 21290 c1 org.apache.iceberg.arrow.vectorized.parquet.VectorizedParquetDefinitionLevelReader$VarWidthReader.nextVal(Lorg/apache/iceberg/shaded/org/apache/arrow/vector/FieldVector;ILorg/apache/iceberg/parquet/ValuesAsBytesReader;I[B)V (70 bytes) @ 0x0000792ccb530254 [0x0000792ccb52fea0+0x00000000000003b4]
J 21289 c1 org.apache.iceberg.arrow.vectorized.parquet.VectorizedParquetDefinitionLevelReader$BaseReader.nextBatch(Lorg/apache/iceberg/shaded/org/apache/arrow/vector/FieldVector;IIILorg/apache/iceberg/arrow/vectorized/NullabilityHolder;Lorg/apache/iceberg/parquet/ValuesAsBytesReader;)V (298 bytes) @ 0x0000792ccb531c0c [0x0000792ccb531160+0x0000000000000aac]
J 19724 c1 org.apache.iceberg.arrow.vectorized.parquet.VectorizedPageIterator$VarWidthTypePageReader.nextVal(Lorg/apache/iceberg/shaded/org/apache/arrow/vector/FieldVector;IIILorg/apache/iceberg/arrow/vectorized/NullabilityHolder;)V (28 bytes) @ 0x0000792ccb340e54 [0x0000792ccb340ce0+0x0000000000000174]
J 18496 c1 org.apache.iceberg.arrow.vectorized.parquet.VectorizedPageIterator$BasePageReader.nextBatch(Lorg/apache/iceberg/shaded/org/apache/arrow/vector/FieldVector;IIILorg/apache/iceberg/arrow/vectorized/NullabilityHolder;)I (100 bytes) @ 0x0000792ccb198ae4 [0x0000792ccb1989e0+0x0000000000000104]
J 19723 c1 org.apache.iceberg.arrow.vectorized.parquet.VectorizedColumnIterator$VarWidthTypeBatchReader.nextBatchOf(Lorg/apache/iceberg/shaded/org/apache/arrow/vector/FieldVector;IIILorg/apache/iceberg/arrow/vectorized/NullabilityHolder;)I (21 bytes) @ 0x0000792ccb3408a4 [0x0000792ccb340760+0x0000000000000144]
J 18142 c1 org.apache.iceberg.arrow.vectorized.parquet.VectorizedColumnIterator$BatchReader.nextBatch(Lorg/apache/iceberg/shaded/org/apache/arrow/vector/FieldVector;ILorg/apache/iceberg/arrow/vectorized/NullabilityHolder;)V (83 bytes) @ 0x0000792ccb11004c [0x0000792ccb10fc20+0x000000000000042c]
J 17964 c1 org.apache.iceberg.arrow.vectorized.VectorizedArrowReader.read(Lorg/apache/iceberg/arrow/vectorized/VectorHolder;I)Lorg/apache/iceberg/arrow/vectorized/VectorHolder; (496 bytes) @ 0x0000792ccb092d3c [0x0000792ccb091fa0+0x0000000000000d9c]
J 19298 c1 org.apache.iceberg.spark.data.vectorized.ColumnarBatchReader$ColumnBatchLoader.readDataToColumnVectors()[Lorg/apache/spark/sql/vectorized/ColumnVector; (144 bytes) @ 0x0000792ccb2b6454 [0x0000792ccb2b6280+0x00000000000001d4]
J 20183 c1 org.apache.iceberg.spark.data.vectorized.ColumnarBatchReader$ColumnBatchLoader.loadDataToColumnBatch()Lorg/apache/spark/sql/vectorized/ColumnarBatch; (90 bytes) @ 0x0000792ccb3f19bc [0x0000792ccb3f1920+0x000000000000009c]
J 19594 c1 org.apache.iceberg.spark.data.vectorized.ColumnarBatchReader.read(Ljava/lang/Object;I)Ljava/lang/Object; (10 bytes) @ 0x0000792ccb323bbc [0x0000792ccb323a60+0x000000000000015c]
J 20231 c1 org.apache.iceberg.parquet.VectorizedParquetReader$FileIterator.next()Ljava/lang/Object; (109 bytes) @ 0x0000792ccb40c61c [0x0000792ccb40c500+0x000000000000011c]
J 19198 c1 org.apache.iceberg.spark.source.BaseReader.next()Z (156 bytes) @ 0x0000792ccb295dec [0x0000792ccb295ba0+0x000000000000024c]
J 17931 c1 org.apache.spark.sql.execution.datasources.v2.PartitionIterator.hasNext()Z (43 bytes) @ 0x0000792ccb083e1c [0x0000792ccb083c60+0x00000000000001bc]
J 18165 c1 org.apache.spark.sql.execution.datasources.v2.MetricsIterator.hasNext()Z (20 bytes) @ 0x0000792ccb141494 [0x0000792ccb141360+0x0000000000000134]
J 18089 c1 org.apache.spark.sql.execution.datasources.v2.DataSourceRDD$$anon$1.hasNext()Z (28 bytes) @ 0x0000792ccb0f9b4c [0x0000792ccb0f9500+0x000000000000064c]
J 19197 c1 org.apache.spark.InterruptibleIterator.hasNext()Z (17 bytes) @ 0x0000792ccb295784 [0x0000792ccb2956e0+0x00000000000000a4]
J 20668 c2 scala.collection.Iterator$$anon$10.hasNext()Z (10 bytes) @ 0x0000792cd0c85874 [0x0000792cd0c85820+0x0000000000000054]
J 20184 c2 org.apache.spark.sql.catalyst.expressions.GeneratedClass$GeneratedIteratorForCodegenStage1.hashAgg_doAggregateWithKeys_0$(Lorg/apache/spark/sql/catalyst/expressions/GeneratedClass$GeneratedIteratorForCodegenStage1;)V (416 bytes) @ 0x0000792cd0c07298 [0x0000792cd0c07100+0x0000000000000198]
J 20952 c2 org.apache.spark.sql.catalyst.expressions.GeneratedClass$GeneratedIteratorForCodegenStage1.processNext()V (249 bytes) @ 0x0000792cd0ca62ec [0x0000792cd0ca5600+0x0000000000000cec]
J 20950 c2 org.apache.spark.sql.execution.WholeStageCodegenEvaluatorFactory$WholeStageCodegenPartitionEvaluator$$anon$1.hasNext()Z (37 bytes) @ 0x0000792cd0ca98a0 [0x0000792cd0ca9840+0x0000000000000060]
J 20668 c2 scala.collection.Iterator$$anon$10.hasNext()Z (10 bytes) @ 0x0000792cd0c85874 [0x0000792cd0c85820+0x0000000000000054]
J 20123 c1 org.apache.spark.shuffle.sort.BypassMergeSortShuffleWriter.write(Lscala/collection/Iterator;)V (504 bytes) @ 0x0000792ccb3cbed4 [0x0000792ccb3cbe00+0x00000000000000d4]
j  org.apache.spark.shuffle.ShuffleWriteProcessor.write(Lorg/apache/spark/rdd/RDD;Lorg/apache/spark/ShuffleDependency;JLorg/apache/spark/TaskContext;Lorg/apache/spark/Partition;)Lorg/apache/spark/scheduler/MapStatus;+46
j  org.apache.spark.scheduler.ShuffleMapTask.runTask(Lorg/apache/spark/TaskContext;)Lorg/apache/spark/scheduler/MapStatus;+189
j  org.apache.spark.scheduler.ShuffleMapTask.runTask(Lorg/apache/spark/TaskContext;)Ljava/lang/Object;+2
j  org.apache.spark.TaskContext.runTaskWithListeners(Lorg/apache/spark/scheduler/Task;)Ljava/lang/Object;+2
j  org.apache.spark.scheduler.Task.run(JILorg/apache/spark/metrics/MetricsSystem;ILscala/collection/immutable/Map;Lscala/Option;)Ljava/lang/Object;+254
j  org.apache.spark.executor.Executor$TaskRunner.$anonfun$run$4(Lorg/apache/spark/executor/Executor$TaskRunner;Lscala/runtime/BooleanRef;)Ljava/lang/Object;+43
j  org.apache.spark.executor.Executor$TaskRunner$$Lambda$3871.apply()Ljava/lang/Object;+8
J 20530 c2 org.apache.spark.util.SparkErrorUtils.tryWithSafeFinally(Lscala/Function0;Lscala/Function0;)Ljava/lang/Object; (211 bytes) @ 0x0000792cd0c51718 [0x0000792cd0c516c0+0x0000000000000058]
J 17030 c1 org.apache.spark.util.Utils$.tryWithSafeFinally(Lscala/Function0;Lscala/Function0;)Ljava/lang/Object; (7 bytes) @ 0x0000792ccaf8332c [0x0000792ccaf83260+0x00000000000000cc]
j  org.apache.spark.executor.Executor$TaskRunner.run()V+560
j  java.util.concurrent.ThreadPoolExecutor.runWorker(Ljava/util/concurrent/ThreadPoolExecutor$Worker;)V+92 java.base@11.0.31
j  java.util.concurrent.ThreadPoolExecutor$Worker.run()V+5 java.base@11.0.31
j  java.lang.Thread.run()V+11 java.base@11.0.31
v  ~StubRoutines::call_stub
V  [libjvm.so+0x8e2bdb]  JavaCalls::call_helper(JavaValue*, methodHandle const&, JavaCallArguments*, Thread*)+0x39b
V  [libjvm.so+0x8e0b9d]  JavaCalls::call_virtual(JavaValue*, Handle, Klass*, Symbol*, Symbol*, Thread*)+0x1ed
V  [libjvm.so+0x98f58c]  thread_entry(JavaThread*, Thread*)+0x6c
V  [libjvm.so+0xee364a]  JavaThread::thread_main_inner()+0x1ba
V  [libjvm.so+0xee028f]  Thread::call_run()+0x14f
V  [libjvm.so+0xc7e016]  thread_native_entry(Thread*)+0xe6

Java frames: (J=compiled Java code, j=interpreted, Vv=VM code)
j  org.apache.iceberg.shaded.io.netty.buffer.PoolArena.tcacheAllocateSmall+179
J 18053 c1 org.apache.iceberg.shaded.io.netty.buffer.PoolArena.allocate (90 bytes) @ 0x0000792ccb0d8c94 [0x0000792ccb0d8a20+0x0000000000000274]
J 17877 c1 org.apache.iceberg.shaded.io.netty.buffer.PooledByteBufAllocatorL$InnerAllocator.newDirectBufferL(II)Lorg/apache/iceberg/shaded/io/netty/buffer/UnsafeDirectLittleEndian; (197 bytes) @ 0x0000792ccb0687b4 [0x0000792ccb0683a0+0x0000000000000414]
J 17890 c1 org.apache.iceberg.shaded.io.netty.buffer.PooledByteBufAllocatorL.allocate(J)Lorg/apache/iceberg/shaded/io/netty/buffer/UnsafeDirectLittleEndian; (47 bytes) @ 0x0000792ccb067c34 [0x0000792ccb067b80+0x00000000000000b4]
J 18061 c1 org.apache.iceberg.shaded.org.apache.arrow.memory.NettyAllocationManager.<init>(Lorg/apache/iceberg/shaded/org/apache/arrow/memory/BufferAllocator;JI)V (75 bytes) @ 0x0000792ccb0e311c [0x0000792ccb0e2ec0+0x000000000000025c]
J 17889 c1 org.apache.iceberg.shaded.org.apache.arrow.memory.NettyAllocationManager$1.create(Lorg/apache/iceberg/shaded/org/apache/arrow/memory/BufferAllocator;J)Lorg/apache/iceberg/shaded/org/apache/arrow/memory/AllocationManager; (10 bytes) @ 0x0000792ccb067334 [0x0000792ccb067240+0x00000000000000f4]
J 16659 c1 org.apache.iceberg.shaded.org.apache.arrow.memory.BaseAllocator.bufferWithoutReservation(JLorg/apache/iceberg/shaded/org/apache/arrow/memory/BufferManager;)Lorg/apache/iceberg/shaded/org/apache/arrow/memory/ArrowBuf; (58 bytes) @ 0x0000792ccaeee34c [0x0000792ccaeee280+0x00000000000000cc]
J 17850 c1 org.apache.iceberg.shaded.org.apache.arrow.memory.BaseAllocator.buffer(JLorg/apache/iceberg/shaded/org/apache/arrow/memory/BufferManager;)Lorg/apache/iceberg/shaded/org/apache/arrow/memory/ArrowBuf; (188 bytes) @ 0x0000792ccb05b944 [0x0000792ccb05b5a0+0x00000000000003a4]
J 16652 c1 org.apache.iceberg.shaded.org.apache.arrow.memory.BaseAllocator.buffer(J)Lorg/apache/iceberg/shaded/org/apache/arrow/memory/ArrowBuf; (11 bytes) @ 0x0000792ccaeece1c [0x0000792ccaeecd60+0x00000000000000bc]
j  org.apache.iceberg.shaded.org.apache.arrow.vector.BaseVariableWidthVector.reallocDataBuffer(J)V+42
J 21287 c1 org.apache.iceberg.shaded.org.apache.arrow.vector.BaseVariableWidthVector.handleSafe(II)V (64 bytes) @ 0x0000792ccb52f484 [0x0000792ccb52eb00+0x0000000000000984]
J 21288 c1 org.apache.iceberg.shaded.org.apache.arrow.vector.BaseVariableWidthVector.setValueLengthSafe(II)V (57 bytes) @ 0x0000792ccb52df8c [0x0000792ccb52dec0+0x00000000000000cc]
J 21290 c1 org.apache.iceberg.arrow.vectorized.parquet.VectorizedParquetDefinitionLevelReader$VarWidthReader.nextVal(Lorg/apache/iceberg/shaded/org/apache/arrow/vector/FieldVector;ILorg/apache/iceberg/parquet/ValuesAsBytesReader;I[B)V (70 bytes) @ 0x0000792ccb530254 [0x0000792ccb52fea0+0x00000000000003b4]
J 21289 c1 org.apache.iceberg.arrow.vectorized.parquet.VectorizedParquetDefinitionLevelReader$BaseReader.nextBatch(Lorg/apache/iceberg/shaded/org/apache/arrow/vector/FieldVector;IIILorg/apache/iceberg/arrow/vectorized/NullabilityHolder;Lorg/apache/iceberg/parquet/ValuesAsBytesReader;)V (298 bytes) @ 0x0000792ccb531c0c [0x0000792ccb531160+0x0000000000000aac]
J 19724 c1 org.apache.iceberg.arrow.vectorized.parquet.VectorizedPageIterator$VarWidthTypePageReader.nextVal(Lorg/apache/iceberg/shaded/org/apache/arrow/vector/FieldVector;IIILorg/apache/iceberg/arrow/vectorized/NullabilityHolder;)V (28 bytes) @ 0x0000792ccb340e54 [0x0000792ccb340ce0+0x0000000000000174]
J 18496 c1 org.apache.iceberg.arrow.vectorized.parquet.VectorizedPageIterator$BasePageReader.nextBatch(Lorg/apache/iceberg/shaded/org/apache/arrow/vector/FieldVector;IIILorg/apache/iceberg/arrow/vectorized/NullabilityHolder;)I (100 bytes) @ 0x0000792ccb198ae4 [0x0000792ccb1989e0+0x0000000000000104]
J 19723 c1 org.apache.iceberg.arrow.vectorized.parquet.VectorizedColumnIterator$VarWidthTypeBatchReader.nextBatchOf(Lorg/apache/iceberg/shaded/org/apache/arrow/vector/FieldVector;IIILorg/apache/iceberg/arrow/vectorized/NullabilityHolder;)I (21 bytes) @ 0x0000792ccb3408a4 [0x0000792ccb340760+0x0000000000000144]
J 18142 c1 org.apache.iceberg.arrow.vectorized.parquet.VectorizedColumnIterator$BatchReader.nextBatch(Lorg/apache/iceberg/shaded/org/apache/arrow/vector/FieldVector;ILorg/apache/iceberg/arrow/vectorized/NullabilityHolder;)V (83 bytes) @ 0x0000792ccb11004c [0x0000792ccb10fc20+0x000000000000042c]
J 17964 c1 org.apache.iceberg.arrow.vectorized.VectorizedArrowReader.read(Lorg/apache/iceberg/arrow/vectorized/VectorHolder;I)Lorg/apache/iceberg/arrow/vectorized/VectorHolder; (496 bytes) @ 0x0000792ccb092d3c [0x0000792ccb091fa0+0x0000000000000d9c]
J 19298 c1 org.apache.iceberg.spark.data.vectorized.ColumnarBatchReader$ColumnBatchLoader.readDataToColumnVectors()[Lorg/apache/spark/sql/vectorized/ColumnVector; (144 bytes) @ 0x0000792ccb2b6454 [0x0000792ccb2b6280+0x00000000000001d4]
J 20183 c1 org.apache.iceberg.spark.data.vectorized.ColumnarBatchReader$ColumnBatchLoader.loadDataToColumnBatch()Lorg/apache/spark/sql/vectorized/ColumnarBatch; (90 bytes) @ 0x0000792ccb3f19bc [0x0000792ccb3f1920+0x000000000000009c]
J 19594 c1 org.apache.iceberg.spark.data.vectorized.ColumnarBatchReader.read(Ljava/lang/Object;I)Ljava/lang/Object; (10 bytes) @ 0x0000792ccb323bbc [0x0000792ccb323a60+0x000000000000015c]
J 20231 c1 org.apache.iceberg.parquet.VectorizedParquetReader$FileIterator.next()Ljava/lang/Object; (109 bytes) @ 0x0000792ccb40c61c [0x0000792ccb40c500+0x000000000000011c]
J 19198 c1 org.apache.iceberg.spark.source.BaseReader.next()Z (156 bytes) @ 0x0000792ccb295dec [0x0000792ccb295ba0+0x000000000000024c]
J 17931 c1 org.apache.spark.sql.execution.datasources.v2.PartitionIterator.hasNext()Z (43 bytes) @ 0x0000792ccb083e1c [0x0000792ccb083c60+0x00000000000001bc]
J 18165 c1 org.apache.spark.sql.execution.datasources.v2.MetricsIterator.hasNext()Z (20 bytes) @ 0x0000792ccb141494 [0x0000792ccb141360+0x0000000000000134]
J 18089 c1 org.apache.spark.sql.execution.datasources.v2.DataSourceRDD$$anon$1.hasNext()Z (28 bytes) @ 0x0000792ccb0f9b4c [0x0000792ccb0f9500+0x000000000000064c]
J 19197 c1 org.apache.spark.InterruptibleIterator.hasNext()Z (17 bytes) @ 0x0000792ccb295784 [0x0000792ccb2956e0+0x00000000000000a4]
J 20668 c2 scala.collection.Iterator$$anon$10.hasNext()Z (10 bytes) @ 0x0000792cd0c85874 [0x0000792cd0c85820+0x0000000000000054]
J 20184 c2 org.apache.spark.sql.catalyst.expressions.GeneratedClass$GeneratedIteratorForCodegenStage1.hashAgg_doAggregateWithKeys_0$(Lorg/apache/spark/sql/catalyst/expressions/GeneratedClass$GeneratedIteratorForCodegenStage1;)V (416 bytes) @ 0x0000792cd0c07298 [0x0000792cd0c07100+0x0000000000000198]
J 20952 c2 org.apache.spark.sql.catalyst.expressions.GeneratedClass$GeneratedIteratorForCodegenStage1.processNext()V (249 bytes) @ 0x0000792cd0ca62ec [0x0000792cd0ca5600+0x0000000000000cec]
J 20950 c2 org.apache.spark.sql.execution.WholeStageCodegenEvaluatorFactory$WholeStageCodegenPartitionEvaluator$$anon$1.hasNext()Z (37 bytes) @ 0x0000792cd0ca98a0 [0x0000792cd0ca9840+0x0000000000000060]
J 20668 c2 scala.collection.Iterator$$anon$10.hasNext()Z (10 bytes) @ 0x0000792cd0c85874 [0x0000792cd0c85820+0x0000000000000054]
J 20123 c1 org.apache.spark.shuffle.sort.BypassMergeSortShuffleWriter.write(Lscala/collection/Iterator;)V (504 bytes) @ 0x0000792ccb3cbed4 [0x0000792ccb3cbe00+0x00000000000000d4]
j  org.apache.spark.shuffle.ShuffleWriteProcessor.write(Lorg/apache/spark/rdd/RDD;Lorg/apache/spark/ShuffleDependency;JLorg/apache/spark/TaskContext;Lorg/apache/spark/Partition;)Lorg/apache/spark/scheduler/MapStatus;+46
j  org.apache.spark.scheduler.ShuffleMapTask.runTask(Lorg/apache/spark/TaskContext;)Lorg/apache/spark/scheduler/MapStatus;+189
j  org.apache.spark.scheduler.ShuffleMapTask.runTask(Lorg/apache/spark/TaskContext;)Ljava/lang/Object;+2
j  org.apache.spark.TaskContext.runTaskWithListeners(Lorg/apache/spark/scheduler/Task;)Ljava/lang/Object;+2
j  org.apache.spark.scheduler.Task.run(JILorg/apache/spark/metrics/MetricsSystem;ILscala/collection/immutable/Map;Lscala/Option;)Ljava/lang/Object;+254
j  org.apache.spark.executor.Executor$TaskRunner.$anonfun$run$4(Lorg/apache/spark/executor/Executor$TaskRunner;Lscala/runtime/BooleanRef;)Ljava/lang/Object;+43
j  org.apache.spark.executor.Executor$TaskRunner$$Lambda$3871.apply()Ljava/lang/Object;+8
J 20530 c2 org.apache.spark.util.SparkErrorUtils.tryWithSafeFinally(Lscala/Function0;Lscala/Function0;)Ljava/lang/Object; (211 bytes) @ 0x0000792cd0c51718 [0x0000792cd0c516c0+0x0000000000000058]
J 17030 c1 org.apache.spark.util.Utils$.tryWithSafeFinally(Lscala/Function0;Lscala/Function0;)Ljava/lang/Object; (7 bytes) @ 0x0000792ccaf8332c [0x0000792ccaf83260+0x00000000000000cc]
j  org.apache.spark.executor.Executor$TaskRunner.run()V+560
j  java.util.concurrent.ThreadPoolExecutor.runWorker(Ljava/util/concurrent/ThreadPoolExecutor$Worker;)V+92 java.base@11.0.31
j  java.util.concurrent.ThreadPoolExecutor$Worker.run()V+5 java.base@11.0.31
j  java.lang.Thread.run()V+11 java.base@11.0.31
v  ~StubRoutines::call_stub

---------------  P R O C E S S  ---------------

Threads class SMR info:
_java_thread_list=0x0000792ac0036960, length=122, elements={
0x0000792ce002a800, 0x0000792ce012f800, 0x0000792ce0131800, 0x0000792ce0137000,
0x0000792ce0139000, 0x0000792ce013b800, 0x0000792ce013d800, 0x0000792ce013f800,
0x0000792ce0179800, 0x0000792ce2662000, 0x0000792ce277c800, 0x0000792ce27d3800,
0x0000792ce27db000, 0x0000792c64007000, 0x0000792c8c4ee000, 0x0000792c8c4f3800,
0x0000792c8c4f4800, 0x0000792c8c4f6800, 0x0000792c8c4f8000, 0x0000792c8c4fa000,
0x0000792c8c4fc000, 0x0000792c8c4fe000, 0x0000792c8c500000, 0x0000792c8c502000,
0x0000792c8c504000, 0x0000792c8c505800, 0x0000792c8c507800, 0x0000792c8c509800,
0x0000792c8c50b000, 0x0000792c8c50d000, 0x0000792c8c50f000, 0x0000792c8c547800,
0x0000792c8c556000, 0x0000792c8c558000, 0x0000792c8c55d000, 0x0000792c8c55e000,
0x0000792c8c55f800, 0x0000792c8c561800, 0x0000792c8c563800, 0x0000792c8c58a000,
0x0000792c8c636000, 0x0000792c8c63b000, 0x0000792c64009000, 0x0000792c8c743800,
0x0000792c8c745000, 0x0000792c8c746800, 0x0000792c8c748800, 0x0000792c8c74a800,
0x0000792c8c74c800, 0x0000792c8c74e800, 0x0000792c8c750800, 0x0000792c8c7a2000,
0x0000792c8c7a3800, 0x0000792c8c7cb800, 0x0000792c8c012800, 0x0000792b9c003000,
0x0000792ba0015800, 0x0000792c8c064000, 0x0000792c8c065800, 0x0000792c8c108000,
0x0000792c8c034000, 0x0000792c8c14f800, 0x0000792c8c7bb800, 0x0000792c8c0bd800,
0x0000792c4800c800, 0x0000792c94040800, 0x0000792c8c138800, 0x0000792c8c99a800,
0x0000792c8c99d000, 0x0000792c8c9a7800, 0x0000792c8c9a9800, 0x0000792b5c02e800,
0x0000792b78076800, 0x0000792c8d3a0000, 0x0000792b4400a000, 0x0000792b4400c800,
0x0000792b4400e800, 0x0000792b4c002000, 0x0000792b4c004000, 0x0000792b4c006000,
0x0000792c8d541000, 0x0000792c8d6df800, 0x0000792c8e99d000, 0x0000792c8e99e800,
0x0000792c8e9a0000, 0x0000792c8e9a1800, 0x0000792c8e9a3000, 0x0000792c8e9a5000,
0x0000792c8e9a7000, 0x0000792c8e9a8800, 0x0000792c8e9aa800, 0x0000792c8e9ac800,
0x0000792c8e9ae000, 0x0000792c8e9b0000, 0x0000792c8e9b1800, 0x0000792c8e9b3800,
0x0000792c8e9b5800, 0x0000792c8e9b7000, 0x0000792c1803b800, 0x0000792c1803c800,
0x0000792c1803d800, 0x0000792c18041000, 0x0000792c18043000, 0x0000792c18044800,
0x0000792c18047000, 0x0000792c18048800, 0x0000792c1804a800, 0x0000792c1804c800,
0x0000792c1804e800, 0x0000792c18050800, 0x0000792c18052800, 0x0000792c18054800,
0x0000792c18056800, 0x0000792c18058800, 0x0000792ac400e800, 0x0000792c14002000,
0x0000792c14005000, 0x0000792c14006800, 0x0000792c14008800, 0x0000792c20003000,
0x0000792abc03c800, 0x0000792ac04a7000
}

Java Threads: ( => current thread )
  0x0000792ce002a800 JavaThread "main" [_thread_blocked, id=69182, stack(0x0000792ce76d7000,0x0000792ce77d7000)]
  0x0000792ce012f800 JavaThread "Reference Handler" daemon [_thread_blocked, id=69189, stack(0x0000792cbaaf4000,0x0000792cbabf4000)]
  0x0000792ce0131800 JavaThread "Finalizer" daemon [_thread_blocked, id=69190, stack(0x0000792cba9f4000,0x0000792cbaaf4000)]
  0x0000792ce0137000 JavaThread "Signal Dispatcher" daemon [_thread_blocked, id=69191, stack(0x0000792cba60b000,0x0000792cba70b000)]
  0x0000792ce0139000 JavaThread "Service Thread" daemon [_thread_blocked, id=69192, stack(0x0000792cba50b000,0x0000792cba60b000)]
  0x0000792ce013b800 JavaThread "C2 CompilerThread0" daemon [_thread_blocked, id=69193, stack(0x0000792cba40b000,0x0000792cba50b000)]
  0x0000792ce013d800 JavaThread "C1 CompilerThread0" daemon [_thread_blocked, id=69194, stack(0x0000792cba30b000,0x0000792cba40b000)]
  0x0000792ce013f800 JavaThread "Sweeper thread" daemon [_thread_blocked, id=69195, stack(0x0000792cba20b000,0x0000792cba30b000)]
  0x0000792ce0179800 JavaThread "Common-Cleaner" daemon [_thread_blocked, id=69197, stack(0x0000792cba00b000,0x0000792cba10b000)]
  0x0000792ce2662000 JavaThread "process reaper (pid 69209)" daemon [_thread_in_native, id=69204, stack(0x0000792ce562b000,0x0000792ce564d000)]
  0x0000792ce277c800 JavaThread "org.apache.hadoop.fs.FileSystem$Statistics$StatisticsDataReferenceCleaner" daemon [_thread_blocked, id=69206, stack(0x0000792c6fd00000,0x0000792c6fe00000)]
  0x0000792ce27d3800 JavaThread "Thread-3" [_thread_in_native, id=69207, stack(0x0000792c6f500000,0x0000792c6f600000)]
  0x0000792ce27db000 JavaThread "redirect output" daemon [_thread_in_native, id=69210, stack(0x0000792c6f100000,0x0000792c6f200000)]
  0x0000792c64007000 JavaThread "Thread-5" [_thread_blocked, id=69282, stack(0x0000792cba10b000,0x0000792cba20b000)]
  0x0000792c8c4ee000 JavaThread "rpc-boss-3-1" daemon [_thread_in_native, id=69302, stack(0x0000792c6e6fd000,0x0000792c6e7fd000)]
  0x0000792c8c4f3800 JavaThread "dispatcher-event-loop-0" daemon [_thread_blocked, id=69303, stack(0x0000792c6e5fd000,0x0000792c6e6fd000)]
  0x0000792c8c4f4800 JavaThread "dispatcher-event-loop-1" daemon [_thread_blocked, id=69304, stack(0x0000792c6e4fd000,0x0000792c6e5fd000)]
  0x0000792c8c4f6800 JavaThread "dispatcher-event-loop-2" daemon [_thread_blocked, id=69305, stack(0x0000792c6e3fd000,0x0000792c6e4fd000)]
  0x0000792c8c4f8000 JavaThread "dispatcher-event-loop-3" daemon [_thread_blocked, id=69306, stack(0x0000792c6e2fd000,0x0000792c6e3fd000)]
  0x0000792c8c4fa000 JavaThread "dispatcher-event-loop-4" daemon [_thread_blocked, id=69307, stack(0x0000792c6e1fd000,0x0000792c6e2fd000)]
  0x0000792c8c4fc000 JavaThread "dispatcher-event-loop-5" daemon [_thread_blocked, id=69308, stack(0x0000792c6e0fd000,0x0000792c6e1fd000)]
  0x0000792c8c4fe000 JavaThread "dispatcher-event-loop-6" daemon [_thread_blocked, id=69309, stack(0x0000792c6dffd000,0x0000792c6e0fd000)]
  0x0000792c8c500000 JavaThread "dispatcher-event-loop-7" daemon [_thread_blocked, id=69310, stack(0x0000792c6defd000,0x0000792c6dffd000)]
  0x0000792c8c502000 JavaThread "dispatcher-event-loop-8" daemon [_thread_blocked, id=69311, stack(0x0000792c6ddfd000,0x0000792c6defd000)]
  0x0000792c8c504000 JavaThread "dispatcher-event-loop-9" daemon [_thread_blocked, id=69312, stack(0x0000792c6dcfd000,0x0000792c6ddfd000)]
  0x0000792c8c505800 JavaThread "dispatcher-event-loop-10" daemon [_thread_blocked, id=69313, stack(0x0000792c6dbfd000,0x0000792c6dcfd000)]
  0x0000792c8c507800 JavaThread "dispatcher-event-loop-11" daemon [_thread_blocked, id=69314, stack(0x0000792c6dafd000,0x0000792c6dbfd000)]
  0x0000792c8c509800 JavaThread "dispatcher-event-loop-12" daemon [_thread_blocked, id=69315, stack(0x0000792c6d9fd000,0x0000792c6dafd000)]
  0x0000792c8c50b000 JavaThread "dispatcher-event-loop-13" daemon [_thread_blocked, id=69316, stack(0x0000792c6d8fd000,0x0000792c6d9fd000)]
  0x0000792c8c50d000 JavaThread "dispatcher-event-loop-14" daemon [_thread_blocked, id=69317, stack(0x0000792c6d7fd000,0x0000792c6d8fd000)]
  0x0000792c8c50f000 JavaThread "dispatcher-event-loop-15" daemon [_thread_blocked, id=69318, stack(0x0000792c6d6fd000,0x0000792c6d7fd000)]
  0x0000792c8c547800 JavaThread "map-output-dispatcher-0" daemon [_thread_blocked, id=69319, stack(0x0000792c6d5fd000,0x0000792c6d6fd000)]
  0x0000792c8c556000 JavaThread "map-output-dispatcher-1" daemon [_thread_blocked, id=69320, stack(0x0000792c6d4fd000,0x0000792c6d5fd000)]
  0x0000792c8c558000 JavaThread "map-output-dispatcher-2" daemon [_thread_blocked, id=69321, stack(0x0000792c6d3fd000,0x0000792c6d4fd000)]
  0x0000792c8c55d000 JavaThread "map-output-dispatcher-3" daemon [_thread_blocked, id=69322, stack(0x0000792c6d2fd000,0x0000792c6d3fd000)]
  0x0000792c8c55e000 JavaThread "map-output-dispatcher-4" daemon [_thread_blocked, id=69323, stack(0x0000792c6d1fd000,0x0000792c6d2fd000)]
  0x0000792c8c55f800 JavaThread "map-output-dispatcher-5" daemon [_thread_blocked, id=69324, stack(0x0000792c6d0fd000,0x0000792c6d1fd000)]
  0x0000792c8c561800 JavaThread "map-output-dispatcher-6" daemon [_thread_blocked, id=69325, stack(0x0000792c6cffd000,0x0000792c6d0fd000)]
  0x0000792c8c563800 JavaThread "map-output-dispatcher-7" daemon [_thread_blocked, id=69326, stack(0x0000792c6cefd000,0x0000792c6cffd000)]
  0x0000792c8c58a000 JavaThread "dispatcher-BlockManagerMaster" daemon [_thread_blocked, id=69327, stack(0x0000792c6cdfd000,0x0000792c6cefd000)]
  0x0000792c8c636000 JavaThread "dispatcher-BlockManagerEndpoint1" daemon [_thread_blocked, id=69328, stack(0x0000792c6cafd000,0x0000792c6cbfd000)]
  0x0000792c8c63b000 JavaThread "RemoteBlock-temp-file-clean-thread" daemon [_thread_blocked, id=69329, stack(0x0000792c6c9fd000,0x0000792c6cafd000)]
  0x0000792c64009000 JavaThread "Thread-7" [_thread_in_native, id=69330, stack(0x0000792c6c8fd000,0x0000792c6c9fd000)]
  0x0000792c8c743800 JavaThread "SparkUI-59" daemon [_thread_in_native, id=69333, stack(0x0000792c6c3fb000,0x0000792c6c4fb000)]
  0x0000792c8c745000 JavaThread "SparkUI-60" daemon [_thread_in_native, id=69334, stack(0x0000792c6c2fb000,0x0000792c6c3fb000)]
  0x0000792c8c746800 JavaThread "SparkUI-61" daemon [_thread_in_native, id=69335, stack(0x0000792c6c1fb000,0x0000792c6c2fb000)]
  0x0000792c8c748800 JavaThread "SparkUI-62" daemon [_thread_in_native, id=69336, stack(0x0000792c6c0fb000,0x0000792c6c1fb000)]
  0x0000792c8c74a800 JavaThread "SparkUI-63" daemon [_thread_in_native, id=69337, stack(0x0000792bc7f00000,0x0000792bc8000000)]
  0x0000792c8c74c800 JavaThread "SparkUI-64" daemon [_thread_in_native, id=69338, stack(0x0000792bc7e00000,0x0000792bc7f00000)]
  0x0000792c8c74e800 JavaThread "SparkUI-65" daemon [_thread_in_native, id=69339, stack(0x0000792bc7d00000,0x0000792bc7e00000)]
  0x0000792c8c750800 JavaThread "SparkUI-66" daemon [_thread_in_native, id=69340, stack(0x0000792bc7c00000,0x0000792bc7d00000)]
  0x0000792c8c7a2000 JavaThread "SparkUI-67-acceptor-0@77c2a5a3-ServerConnector@7905552b{HTTP/1.1, (http/1.1)}{0.0.0.0:4041}" daemon [_thread_in_native, id=69341, stack(0x0000792bc7b00000,0x0000792bc7c00000)]
  0x0000792c8c7a3800 JavaThread "SparkUI-68-acceptor-1@31e9627e-Spark@7905552b{HTTP/1.1, (http/1.1)}{0.0.0.0:4041}" daemon [_thread_blocked, id=69342, stack(0x0000792bc7a00000,0x0000792bc7b00000)]
  0x0000792c8c7cb800 JavaThread "process reaper" daemon [_thread_blocked, id=69344, stack(0x0000792ce52dd000,0x0000792ce52ff000)]
  0x0000792c8c012800 JavaThread "dispatcher-HeartbeatReceiver" daemon [_thread_blocked, id=69366, stack(0x0000792bc7900000,0x0000792bc7a00000)]
  0x0000792b9c003000 JavaThread "heartbeat-receiver-event-loop-thread" daemon [_thread_blocked, id=69367, stack(0x0000792bc7800000,0x0000792bc7900000)]
  0x0000792ba0015800 JavaThread "netty-rpc-env-timeout" daemon [_thread_blocked, id=69368, stack(0x0000792bc7700000,0x0000792bc7800000)]
  0x0000792c8c064000 JavaThread "task-starvation-timer" daemon [_thread_blocked, id=69369, stack(0x0000792bc7600000,0x0000792bc7700000)]
  0x0000792c8c065800 JavaThread "task-abort-timer" daemon [_thread_blocked, id=69370, stack(0x0000792bc7500000,0x0000792bc7600000)]
  0x0000792c8c108000 JavaThread "dag-scheduler-event-loop" daemon [_thread_blocked, id=69371, stack(0x0000792bc7200000,0x0000792bc7300000)]
  0x0000792c8c034000 JavaThread "driver-heartbeater" daemon [_thread_blocked, id=69372, stack(0x0000792bc7100000,0x0000792bc7200000)]
  0x0000792c8c14f800 JavaThread "executor-kill-mark-cleanup" daemon [_thread_blocked, id=69373, stack(0x0000792bc7000000,0x0000792bc7100000)]
  0x0000792c8c7bb800 JavaThread "executor-heartbeater" daemon [_thread_blocked, id=69374, stack(0x0000792bc6f00000,0x0000792bc7000000)]
  0x0000792c8c0bd800 JavaThread "files-client-5-1" daemon [_thread_in_native, id=69397, stack(0x0000792bc6e00000,0x0000792bc6f00000)]
  0x0000792c4800c800 JavaThread "rpc-server-4-1" daemon [_thread_in_native, id=69398, stack(0x0000792bc6d00000,0x0000792bc6e00000)]
  0x0000792c94040800 JavaThread "C1 CompilerThread1" daemon [_thread_in_vm, id=69497, stack(0x0000792bc63fe000,0x0000792bc64fe000)]
  0x0000792c8c138800 JavaThread "shuffle-boss-7-1" daemon [_thread_in_native, id=69503, stack(0x0000792bc5af4000,0x0000792bc5bf4000)]
  0x0000792c8c99a800 JavaThread "Spark Context Cleaner" daemon [_thread_blocked, id=69504, stack(0x0000792bc5ffe000,0x0000792bc60fe000)]
  0x0000792c8c99d000 JavaThread "context-cleaner-periodic-gc" daemon [_thread_blocked, id=69505, stack(0x0000792bc5efe000,0x0000792bc5ffe000)]
  0x0000792c8c9a7800 JavaThread "spark-listener-group-appStatus" daemon [_thread_blocked, id=69506, stack(0x0000792bc54d8000,0x0000792bc55d8000)]
  0x0000792c8c9a9800 JavaThread "spark-listener-group-executorManagement" daemon [_thread_blocked, id=69507, stack(0x0000792bc53d8000,0x0000792bc54d8000)]
  0x0000792b5c02e800 JavaThread "element-tracking-store-worker" daemon [_thread_blocked, id=69508, stack(0x0000792bc5765000,0x0000792bc5865000)]
  0x0000792b78076800 JavaThread "C1 CompilerThread2" daemon [_thread_blocked, id=69510, stack(0x0000792bc5665000,0x0000792bc5765000)]
  0x0000792c8d3a0000 JavaThread "HttpClient-1-SelectorManager" daemon [_thread_in_native, id=69595, stack(0x0000792bc4049000,0x0000792bc4149000)]
  0x0000792b4400a000 JavaThread "HttpClient-2-Worker-0" daemon [_thread_blocked, id=69597, stack(0x0000792b53300000,0x0000792b53400000)]
  0x0000792b4400c800 JavaThread "HttpClient-2-Worker-1" daemon [_thread_blocked, id=69598, stack(0x0000792b53200000,0x0000792b53300000)]
  0x0000792b4400e800 JavaThread "HttpClient-2-Worker-2" daemon [_thread_blocked, id=69599, stack(0x0000792b53100000,0x0000792b53200000)]
  0x0000792b4c002000 JavaThread "HttpClient-1-Worker-0" daemon [_thread_blocked, id=69600, stack(0x0000792b53000000,0x0000792b53100000)]
  0x0000792b4c004000 JavaThread "HttpClient-1-Worker-1" daemon [_thread_blocked, id=69601, stack(0x0000792b52f00000,0x0000792b53000000)]
  0x0000792b4c006000 JavaThread "HttpClient-1-Worker-2" daemon [_thread_blocked, id=69602, stack(0x0000792b52e00000,0x0000792b52f00000)]
  0x0000792c8d541000 JavaThread "ForkJoinPool-1-worker-19" daemon [_thread_blocked, id=69603, stack(0x0000792b52b00000,0x0000792b52c00000)]
  0x0000792c8d6df800 JavaThread "idle-connection-reaper" daemon [_thread_blocked, id=69604, stack(0x0000792b52600000,0x0000792b52700000)]
  0x0000792c8e99d000 JavaThread "iceberg-worker-pool-0" daemon [_thread_blocked, id=69605, stack(0x0000792b53d00000,0x0000792b53e00000)]
  0x0000792c8e99e800 JavaThread "iceberg-worker-pool-1" daemon [_thread_blocked, id=69606, stack(0x0000792bc60fe000,0x0000792bc61fe000)]
  0x0000792c8e9a0000 JavaThread "iceberg-worker-pool-2" daemon [_thread_blocked, id=69607, stack(0x0000792b50d00000,0x0000792b50e00000)]
  0x0000792c8e9a1800 JavaThread "iceberg-worker-pool-3" daemon [_thread_blocked, id=69608, stack(0x0000792b50700000,0x0000792b50800000)]
  0x0000792c8e9a3000 JavaThread "iceberg-worker-pool-4" daemon [_thread_blocked, id=69609, stack(0x0000792b50600000,0x0000792b50700000)]
  0x0000792c8e9a5000 JavaThread "iceberg-worker-pool-5" daemon [_thread_blocked, id=69610, stack(0x0000792b50500000,0x0000792b50600000)]
  0x0000792c8e9a7000 JavaThread "iceberg-worker-pool-6" daemon [_thread_blocked, id=69611, stack(0x0000792b50400000,0x0000792b50500000)]
  0x0000792c8e9a8800 JavaThread "iceberg-worker-pool-7" daemon [_thread_blocked, id=69612, stack(0x0000792b50300000,0x0000792b50400000)]
  0x0000792c8e9aa800 JavaThread "iceberg-worker-pool-8" daemon [_thread_blocked, id=69613, stack(0x0000792b50200000,0x0000792b50300000)]
  0x0000792c8e9ac800 JavaThread "iceberg-worker-pool-9" daemon [_thread_blocked, id=69614, stack(0x0000792b50100000,0x0000792b50200000)]
  0x0000792c8e9ae000 JavaThread "iceberg-worker-pool-10" daemon [_thread_blocked, id=69615, stack(0x0000792b50000000,0x0000792b50100000)]
  0x0000792c8e9b0000 JavaThread "iceberg-worker-pool-11" daemon [_thread_blocked, id=69616, stack(0x0000792b03f00000,0x0000792b04000000)]
  0x0000792c8e9b1800 JavaThread "iceberg-worker-pool-12" daemon [_thread_blocked, id=69617, stack(0x0000792b03e00000,0x0000792b03f00000)]
  0x0000792c8e9b3800 JavaThread "iceberg-worker-pool-13" daemon [_thread_blocked, id=69618, stack(0x0000792b03d00000,0x0000792b03e00000)]
  0x0000792c8e9b5800 JavaThread "iceberg-worker-pool-14" daemon [_thread_blocked, id=69619, stack(0x0000792b03c00000,0x0000792b03d00000)]
  0x0000792c8e9b7000 JavaThread "iceberg-worker-pool-15" daemon [_thread_blocked, id=69620, stack(0x0000792b03b00000,0x0000792b03c00000)]
  0x0000792c1803b800 JavaThread "Executor task launch worker for task 170.0 in stage 0.0 (TID 170)" daemon [_thread_blocked, id=69800, stack(0x0000792b03700000,0x0000792b03800000)]
  0x0000792c1803c800 JavaThread "Executor task launch worker for task 177.0 in stage 0.0 (TID 177)" daemon [_thread_blocked, id=69801, stack(0x0000792b03800000,0x0000792b03900000)]
  0x0000792c1803d800 JavaThread "Executor task launch worker for task 167.0 in stage 0.0 (TID 167)" daemon [_thread_blocked, id=69802, stack(0x0000792b02500000,0x0000792b02600000)]
  0x0000792c18041000 JavaThread "Executor task launch worker for task 182.0 in stage 0.0 (TID 182)" daemon [_thread_blocked, id=69803, stack(0x0000792b02400000,0x0000792b02500000)]
  0x0000792c18043000 JavaThread "Executor task launch worker for task 22.0 in stage 0.0 (TID 22)" daemon [_thread_blocked, id=69804, stack(0x0000792b02300000,0x0000792b02400000)]
  0x0000792c18044800 JavaThread "Executor task launch worker for task 171.0 in stage 0.0 (TID 171)" daemon [_thread_blocked, id=69805, stack(0x0000792b02200000,0x0000792b02300000)]
  0x0000792c18047000 JavaThread "Executor task launch worker for task 181.0 in stage 0.0 (TID 181)" daemon [_thread_blocked, id=69806, stack(0x0000792b02100000,0x0000792b02200000)]
  0x0000792c18048800 JavaThread "Executor task launch worker for task 180.0 in stage 0.0 (TID 180)" daemon [_thread_blocked, id=69807, stack(0x0000792b02000000,0x0000792b02100000)]
  0x0000792c1804a800 JavaThread "Executor task launch worker for task 178.0 in stage 0.0 (TID 178)" daemon [_thread_blocked, id=69808, stack(0x0000792b01f00000,0x0000792b02000000)]
  0x0000792c1804c800 JavaThread "Executor task launch worker for task 169.0 in stage 0.0 (TID 169)" daemon [_thread_blocked, id=69809, stack(0x0000792b01e00000,0x0000792b01f00000)]
  0x0000792c1804e800 JavaThread "Executor task launch worker for task 175.0 in stage 0.0 (TID 175)" daemon [_thread_blocked, id=69810, stack(0x0000792b01d00000,0x0000792b01e00000)]
  0x0000792c18050800 JavaThread "Executor task launch worker for task 176.0 in stage 0.0 (TID 176)" daemon [_thread_blocked, id=69815, stack(0x0000792b01c00000,0x0000792b01d00000)]
  0x0000792c18052800 JavaThread "Executor task launch worker for task 179.0 in stage 0.0 (TID 179)" daemon [_thread_blocked, id=69816, stack(0x0000792b01b00000,0x0000792b01c00000)]
=>0x0000792c18054800 JavaThread "Executor task launch worker for task 173.0 in stage 0.0 (TID 173)" daemon [_thread_in_vm, id=69817, stack(0x0000792b01a00000,0x0000792b01b00000)]
  0x0000792c18056800 JavaThread "Executor task launch worker for task 96.0 in stage 0.0 (TID 96)" daemon [_thread_in_vm, id=69818, stack(0x0000792b01900000,0x0000792b01a00000)]
  0x0000792c18058800 JavaThread "Executor task launch worker for task 172.0 in stage 0.0 (TID 172)" daemon [_thread_blocked, id=69819, stack(0x0000792b01800000,0x0000792b01900000)]
  0x0000792ac400e800 JavaThread "ForkJoinPool.commonPool-worker-19" daemon [_thread_blocked, id=69860, stack(0x0000792b01500000,0x0000792b01600000)]
  0x0000792c14002000 JavaThread "task-result-getter-0" daemon [_thread_blocked, id=69866, stack(0x0000792ab86ef000,0x0000792ab87ef000)]
  0x0000792c14005000 JavaThread "task-result-getter-1" daemon [_thread_blocked, id=69867, stack(0x0000792ab85ef000,0x0000792ab86ef000)]
  0x0000792c14006800 JavaThread "task-result-getter-2" daemon [_thread_blocked, id=69868, stack(0x0000792ab84ef000,0x0000792ab85ef000)]
  0x0000792c14008800 JavaThread "task-result-getter-3" daemon [_thread_blocked, id=69869, stack(0x0000792ab83ef000,0x0000792ab84ef000)]
  0x0000792c20003000 JavaThread "Executor task launch worker for task 174.0 in stage 0.0 (TID 174)" daemon [_thread_blocked, id=69870, stack(0x0000792ab80ef000,0x0000792ab81ef000)]
  0x0000792abc03c800 JavaThread "ForkJoinPool.commonPool-worker-5" daemon [_thread_blocked, id=69911, stack(0x0000792ab3aff000,0x0000792ab3bff000)]
  0x0000792ac04a7000 JavaThread "ForkJoinPool.commonPool-worker-23" daemon [_thread_blocked, id=69912, stack(0x0000792ab39ff000,0x0000792ab3aff000)]

Other Threads:
  0x0000792ce012c800 VMThread "VM Thread" [stack: 0x0000792cbabf5000,0x0000792cbacf5000] [id=69188]
  0x0000792ce017d000 WatcherThread [stack: 0x0000792cb9f0b000,0x0000792cba00b000] [id=69198]
  0x0000792ce0044000 GCTaskThread "GC Thread#0" [stack: 0x0000792ce5e17000,0x0000792ce5f17000] [id=69183]
  0x0000792cac001000 GCTaskThread "GC Thread#1" [stack: 0x0000792cb9b00000,0x0000792cb9c00000] [id=69199]
  0x0000792cac002800 GCTaskThread "GC Thread#2" [stack: 0x0000792cb9700000,0x0000792cb9800000] [id=69200]
  0x0000792cac00b000 GCTaskThread "GC Thread#3" [stack: 0x0000792c6f000000,0x0000792c6f100000] [id=69283]
  0x0000792cac00c000 GCTaskThread "GC Thread#4" [stack: 0x0000792c6eeff000,0x0000792c6efff000] [id=69284]
  0x0000792cac00d800 GCTaskThread "GC Thread#5" [stack: 0x0000792c6edfe000,0x0000792c6eefe000] [id=69285]
  0x0000792cac010000 GCTaskThread "GC Thread#6" [stack: 0x0000792c6c5fd000,0x0000792c6c6fd000] [id=69331]
  0x0000792cac011000 GCTaskThread "GC Thread#7" [stack: 0x0000792c6c4fc000,0x0000792c6c5fc000] [id=69332]
  0x0000792cac0cc000 GCTaskThread "GC Thread#8" [stack: 0x0000792b000ff000,0x0000792b001ff000] [id=69861]
  0x0000792cac0cd000 GCTaskThread "GC Thread#9" [stack: 0x0000792ab8af3000,0x0000792ab8bf3000] [id=69862]
  0x0000792cac556000 GCTaskThread "GC Thread#10" [stack: 0x0000792ab89f2000,0x0000792ab8af2000] [id=69863]
  0x0000792cac556800 GCTaskThread "GC Thread#11" [stack: 0x0000792ab88f1000,0x0000792ab89f1000] [id=69864]
  0x0000792cac557800 GCTaskThread "GC Thread#12" [stack: 0x0000792ab87f0000,0x0000792ab88f0000] [id=69865]
  0x0000792ce0060800 ConcurrentGCThread "G1 Main Marker" [stack: 0x0000792ce40f6000,0x0000792ce41f6000] [id=69184]
  0x0000792ce0062800 ConcurrentGCThread "G1 Conc#0" [stack: 0x0000792cc84a4000,0x0000792cc85a4000] [id=69185]
  0x0000792cbc001000 ConcurrentGCThread "G1 Conc#1" [stack: 0x0000792cb9100000,0x0000792cb9200000] [id=69201]
  0x0000792cbc002800 ConcurrentGCThread "G1 Conc#2" [stack: 0x0000792cb8500000,0x0000792cb8600000] [id=69202]
  0x0000792ce00fc800 ConcurrentGCThread "G1 Refine#0" [stack: 0x0000792cbb5f7000,0x0000792cbb6f7000] [id=69186]
  0x0000792ce00fe800 ConcurrentGCThread "G1 Young RemSet Sampling" [stack: 0x0000792cbb4f6000,0x0000792cbb5f6000] [id=69187]

Threads with active compile tasks:
C1 CompilerThread1    34454 21300       3       org.apache.iceberg.shaded.org.apache.parquet.format.PageHeader::read (12 bytes)

VM state:not at safepoint (normal execution)

VM Mutex/Monitor currently owned by a thread: None

Heap address: 0x00000000c0000000, size: 1024 MB, Compressed Oops mode: 32-bit
Narrow klass base: 0x0000000800000000, Narrow klass shift: 3
Compressed class space size: 1073741824 Address: 0x0000000840000000

Heap:
 garbage-first heap   total 691200K, used 484497K [0x00000000c0000000, 0x0000000100000000)
  region size 1024K, 141 young (144384K), 5 survivors (5120K)
 Metaspace       used 154581K, capacity 161716K, committed 163456K, reserved 1187840K
  class space    used 20523K, capacity 23997K, committed 24704K, reserved 1048576K
Heap Regions: E=young(eden), S=young(survivor), O=old, HS=humongous(starts), HC=humongous(continues), CS=collection set, F=free, A=archive, TAMS=top-at-mark-start (previous, next)
|   0|0x00000000c0000000, 0x00000000c0100000, 0x00000000c0100000|100%|HS|  |TAMS 0x00000000c0100000, 0x00000000c0000000| Complete 
|   1|0x00000000c0100000, 0x00000000c0200000, 0x00000000c0200000|100%|HS|  |TAMS 0x00000000c0200000, 0x00000000c0100000| Complete 
|   2|0x00000000c0200000, 0x00000000c0300000, 0x00000000c0300000|100%|HC|  |TAMS 0x00000000c0300000, 0x00000000c0200000| Complete 
|   3|0x00000000c0300000, 0x00000000c0400000, 0x00000000c0400000|100%|HC|  |TAMS 0x00000000c0400000, 0x00000000c0300000| Complete 
|   4|0x00000000c0400000, 0x00000000c0500000, 0x00000000c0500000|100%|HS|  |TAMS 0x00000000c0500000, 0x00000000c0400000| Complete 
|   5|0x00000000c0500000, 0x00000000c0600000, 0x00000000c0600000|100%|HS|  |TAMS 0x00000000c0600000, 0x00000000c0500000| Complete 
|   6|0x00000000c0600000, 0x00000000c0700000, 0x00000000c0700000|100%|HS|  |TAMS 0x00000000c0700000, 0x00000000c0600000| Complete 
|   7|0x00000000c0700000, 0x00000000c0800000, 0x00000000c0800000|100%|HS|  |TAMS 0x00000000c0800000, 0x00000000c0700000| Complete 
|   8|0x00000000c0800000, 0x00000000c0900000, 0x00000000c0900000|100%|HC|  |TAMS 0x00000000c0900000, 0x00000000c0800000| Complete 
|   9|0x00000000c0900000, 0x00000000c0a00000, 0x00000000c0a00000|100%| O|  |TAMS 0x00000000c0a00000, 0x00000000c0900000| Untracked 
|  10|0x00000000c0a00000, 0x00000000c0b00000, 0x00000000c0b00000|100%| O|  |TAMS 0x00000000c0b00000, 0x00000000c0a00000| Untracked 
|  11|0x00000000c0b00000, 0x00000000c0c00000, 0x00000000c0c00000|100%| O|  |TAMS 0x00000000c0c00000, 0x00000000c0b00000| Untracked 
|  12|0x00000000c0c00000, 0x00000000c0d00000, 0x00000000c0d00000|100%| O|  |TAMS 0x00000000c0d00000, 0x00000000c0c00000| Untracked 
|  13|0x00000000c0d00000, 0x00000000c0e00000, 0x00000000c0e00000|100%| O|  |TAMS 0x00000000c0e00000, 0x00000000c0d00000| Untracked 
|  14|0x00000000c0e00000, 0x00000000c0f00000, 0x00000000c0f00000|100%| O|  |TAMS 0x00000000c0f00000, 0x00000000c0e00000| Untracked 
|  15|0x00000000c0f00000, 0x00000000c1000000, 0x00000000c1000000|100%| O|  |TAMS 0x00000000c1000000, 0x00000000c0f00000| Untracked 
|  16|0x00000000c1000000, 0x00000000c1100000, 0x00000000c1100000|100%| O|  |TAMS 0x00000000c1100000, 0x00000000c1000000| Untracked 
|  17|0x00000000c1100000, 0x00000000c1200000, 0x00000000c1200000|100%| O|  |TAMS 0x00000000c1200000, 0x00000000c1100000| Untracked 
|  18|0x00000000c1200000, 0x00000000c1300000, 0x00000000c1300000|100%| O|  |TAMS 0x00000000c1300000, 0x00000000c1200000| Untracked 
|  19|0x00000000c1300000, 0x00000000c1400000, 0x00000000c1400000|100%| O|  |TAMS 0x00000000c1400000, 0x00000000c1300000| Untracked 
|  20|0x00000000c1400000, 0x00000000c1500000, 0x00000000c1500000|100%| O|  |TAMS 0x00000000c1500000, 0x00000000c1400000| Untracked 
|  21|0x00000000c1500000, 0x00000000c1600000, 0x00000000c1600000|100%| O|  |TAMS 0x00000000c1600000, 0x00000000c1500000| Untracked 
|  22|0x00000000c1600000, 0x00000000c1700000, 0x00000000c1700000|100%| O|  |TAMS 0x00000000c1700000, 0x00000000c1600000| Untracked 
|  23|0x00000000c1700000, 0x00000000c1800000, 0x00000000c1800000|100%| O|  |TAMS 0x00000000c1800000, 0x00000000c1700000| Untracked 
|  24|0x00000000c1800000, 0x00000000c1900000, 0x00000000c1900000|100%| O|  |TAMS 0x00000000c1900000, 0x00000000c1800000| Untracked 
|  25|0x00000000c1900000, 0x00000000c1a00000, 0x00000000c1a00000|100%|HS|  |TAMS 0x00000000c1a00000, 0x00000000c1900000| Complete 
|  26|0x00000000c1a00000, 0x00000000c1b00000, 0x00000000c1b00000|100%|HC|  |TAMS 0x00000000c1b00000, 0x00000000c1a00000| Complete 
|  27|0x00000000c1b00000, 0x00000000c1c00000, 0x00000000c1c00000|100%|HC|  |TAMS 0x00000000c1c00000, 0x00000000c1b00000| Complete 
|  28|0x00000000c1c00000, 0x00000000c1d00000, 0x00000000c1d00000|100%|HS|  |TAMS 0x00000000c1d00000, 0x00000000c1c00000| Complete 
|  29|0x00000000c1d00000, 0x00000000c1e00000, 0x00000000c1e00000|100%|HC|  |TAMS 0x00000000c1e00000, 0x00000000c1d00000| Complete 
|  30|0x00000000c1e00000, 0x00000000c1f00000, 0x00000000c1f00000|100%|HC|  |TAMS 0x00000000c1f00000, 0x00000000c1e00000| Complete 
|  31|0x00000000c1f00000, 0x00000000c2000000, 0x00000000c2000000|100%|HC|  |TAMS 0x00000000c2000000, 0x00000000c1f00000| Complete 
|  32|0x00000000c2000000, 0x00000000c2100000, 0x00000000c2100000|100%|HC|  |TAMS 0x00000000c2100000, 0x00000000c2000000| Complete 
|  33|0x00000000c2100000, 0x00000000c2200000, 0x00000000c2200000|100%|HC|  |TAMS 0x00000000c2200000, 0x00000000c2100000| Complete 
|  34|0x00000000c2200000, 0x00000000c2300000, 0x00000000c2300000|100%|HC|  |TAMS 0x00000000c2300000, 0x00000000c2200000| Complete 
|  35|0x00000000c2300000, 0x00000000c2400000, 0x00000000c2400000|100%|HC|  |TAMS 0x00000000c2400000, 0x00000000c2300000| Complete 
|  36|0x00000000c2400000, 0x00000000c2500000, 0x00000000c2500000|100%|HC|  |TAMS 0x00000000c2500000, 0x00000000c2400000| Complete 
|  37|0x00000000c2500000, 0x00000000c2600000, 0x00000000c2600000|100%|HC|  |TAMS 0x00000000c2600000, 0x00000000c2500000| Complete 
|  38|0x00000000c2600000, 0x00000000c2700000, 0x00000000c2700000|100%|HC|  |TAMS 0x00000000c2700000, 0x00000000c2600000| Complete 
|  39|0x00000000c2700000, 0x00000000c2800000, 0x00000000c2800000|100%|HC|  |TAMS 0x00000000c2800000, 0x00000000c2700000| Complete 
|  40|0x00000000c2800000, 0x00000000c2900000, 0x00000000c2900000|100%|HC|  |TAMS 0x00000000c2900000, 0x00000000c2800000| Complete 
|  41|0x00000000c2900000, 0x00000000c2a00000, 0x00000000c2a00000|100%|HC|  |TAMS 0x00000000c2a00000, 0x00000000c2900000| Complete 
|  42|0x00000000c2a00000, 0x00000000c2b00000, 0x00000000c2b00000|100%|HC|  |TAMS 0x00000000c2b00000, 0x00000000c2a00000| Complete 
|  43|0x00000000c2b00000, 0x00000000c2c00000, 0x00000000c2c00000|100%|HC|  |TAMS 0x00000000c2c00000, 0x00000000c2b00000| Complete 
|  44|0x00000000c2c00000, 0x00000000c2d00000, 0x00000000c2d00000|100%|HC|  |TAMS 0x00000000c2d00000, 0x00000000c2c00000| Complete 
|  45|0x00000000c2d00000, 0x00000000c2e00000, 0x00000000c2e00000|100%|HC|  |TAMS 0x00000000c2e00000, 0x00000000c2d00000| Complete 
|  46|0x00000000c2e00000, 0x00000000c2f00000, 0x00000000c2f00000|100%|HC|  |TAMS 0x00000000c2f00000, 0x00000000c2e00000| Complete 
|  47|0x00000000c2f00000, 0x00000000c3000000, 0x00000000c3000000|100%|HC|  |TAMS 0x00000000c3000000, 0x00000000c2f00000| Complete 
|  48|0x00000000c3000000, 0x00000000c3100000, 0x00000000c3100000|100%|HC|  |TAMS 0x00000000c3100000, 0x00000000c3000000| Complete 
|  49|0x00000000c3100000, 0x00000000c3200000, 0x00000000c3200000|100%|HC|  |TAMS 0x00000000c3200000, 0x00000000c3100000| Complete 
|  50|0x00000000c3200000, 0x00000000c3300000, 0x00000000c3300000|100%|HC|  |TAMS 0x00000000c3300000, 0x00000000c3200000| Complete 
|  51|0x00000000c3300000, 0x00000000c3400000, 0x00000000c3400000|100%|HC|  |TAMS 0x00000000c3400000, 0x00000000c3300000| Complete 
|  52|0x00000000c3400000, 0x00000000c3500000, 0x00000000c3500000|100%|HC|  |TAMS 0x00000000c3500000, 0x00000000c3400000| Complete 
|  53|0x00000000c3500000, 0x00000000c3600000, 0x00000000c3600000|100%|HC|  |TAMS 0x00000000c3600000, 0x00000000c3500000| Complete 
|  54|0x00000000c3600000, 0x00000000c3700000, 0x00000000c3700000|100%|HC|  |TAMS 0x00000000c3700000, 0x00000000c3600000| Complete 
|  55|0x00000000c3700000, 0x00000000c3800000, 0x00000000c3800000|100%|HC|  |TAMS 0x00000000c3800000, 0x00000000c3700000| Complete 
|  56|0x00000000c3800000, 0x00000000c3900000, 0x00000000c3900000|100%|HC|  |TAMS 0x00000000c3900000, 0x00000000c3800000| Complete 
|  57|0x00000000c3900000, 0x00000000c3a00000, 0x00000000c3a00000|100%|HC|  |TAMS 0x00000000c3a00000, 0x00000000c3900000| Complete 
|  58|0x00000000c3a00000, 0x00000000c3b00000, 0x00000000c3b00000|100%|HC|  |TAMS 0x00000000c3b00000, 0x00000000c3a00000| Complete 
|  59|0x00000000c3b00000, 0x00000000c3c00000, 0x00000000c3c00000|100%|HC|  |TAMS 0x00000000c3c00000, 0x00000000c3b00000| Complete 
|  60|0x00000000c3c00000, 0x00000000c3d00000, 0x00000000c3d00000|100%|HC|  |TAMS 0x00000000c3d00000, 0x00000000c3c00000| Complete 
|  61|0x00000000c3d00000, 0x00000000c3e00000, 0x00000000c3e00000|100%|HC|  |TAMS 0x00000000c3e00000, 0x00000000c3d00000| Complete 
|  62|0x00000000c3e00000, 0x00000000c3f00000, 0x00000000c3f00000|100%|HC|  |TAMS 0x00000000c3f00000, 0x00000000c3e00000| Complete 
|  63|0x00000000c3f00000, 0x00000000c4000000, 0x00000000c4000000|100%|HC|  |TAMS 0x00000000c4000000, 0x00000000c3f00000| Complete 
|  64|0x00000000c4000000, 0x00000000c4100000, 0x00000000c4100000|100%| O|  |TAMS 0x00000000c4100000, 0x00000000c4000000| Untracked 
|  65|0x00000000c4100000, 0x00000000c4200000, 0x00000000c4200000|100%|HS|  |TAMS 0x00000000c4200000, 0x00000000c4100000| Complete 
|  66|0x00000000c4200000, 0x00000000c4300000, 0x00000000c4300000|100%|HC|  |TAMS 0x00000000c4300000, 0x00000000c4200000| Complete 
|  67|0x00000000c4300000, 0x00000000c4400000, 0x00000000c4400000|100%|HC|  |TAMS 0x00000000c4400000, 0x00000000c4300000| Complete 
|  68|0x00000000c4400000, 0x00000000c4500000, 0x00000000c4500000|100%|HC|  |TAMS 0x00000000c4500000, 0x00000000c4400000| Complete 
|  69|0x00000000c4500000, 0x00000000c4600000, 0x00000000c4600000|100%|HS|  |TAMS 0x00000000c4600000, 0x00000000c4500000| Complete 
|  70|0x00000000c4600000, 0x00000000c4700000, 0x00000000c4700000|100%| O|  |TAMS 0x00000000c4700000, 0x00000000c4600000| Untracked 
|  71|0x00000000c4700000, 0x00000000c4800000, 0x00000000c4800000|100%| O|  |TAMS 0x00000000c4800000, 0x00000000c4700000| Untracked 
|  72|0x00000000c4800000, 0x00000000c4900000, 0x00000000c4900000|100%| O|  |TAMS 0x00000000c4900000, 0x00000000c4800000| Untracked 
|  73|0x00000000c4900000, 0x00000000c4a00000, 0x00000000c4a00000|100%| O|  |TAMS 0x00000000c4a00000, 0x00000000c4900000| Untracked 
|  74|0x00000000c4a00000, 0x00000000c4b00000, 0x00000000c4b00000|100%| O|  |TAMS 0x00000000c4b00000, 0x00000000c4a00000| Untracked 
|  75|0x00000000c4b00000, 0x00000000c4c00000, 0x00000000c4c00000|100%| O|  |TAMS 0x00000000c4c00000, 0x00000000c4b00000| Untracked 
|  76|0x00000000c4c00000, 0x00000000c4d00000, 0x00000000c4d00000|100%| O|  |TAMS 0x00000000c4d00000, 0x00000000c4c00000| Untracked 
|  77|0x00000000c4d00000, 0x00000000c4e00000, 0x00000000c4e00000|100%| O|  |TAMS 0x00000000c4e00000, 0x00000000c4d00000| Untracked 
|  78|0x00000000c4e00000, 0x00000000c4f00000, 0x00000000c4f00000|100%| O|  |TAMS 0x00000000c4f00000, 0x00000000c4e00000| Untracked 
|  79|0x00000000c4f00000, 0x00000000c5000000, 0x00000000c5000000|100%| O|  |TAMS 0x00000000c5000000, 0x00000000c4f00000| Untracked 
|  80|0x00000000c5000000, 0x00000000c5100000, 0x00000000c5100000|100%| O|  |TAMS 0x00000000c5100000, 0x00000000c5000000| Untracked 
|  81|0x00000000c5100000, 0x00000000c5200000, 0x00000000c5200000|100%| O|  |TAMS 0x00000000c5200000, 0x00000000c5100000| Untracked 
|  82|0x00000000c5200000, 0x00000000c5300000, 0x00000000c5300000|100%| O|  |TAMS 0x00000000c5300000, 0x00000000c5200000| Untracked 
|  83|0x00000000c5300000, 0x00000000c5400000, 0x00000000c5400000|100%| O|  |TAMS 0x00000000c5400000, 0x00000000c5300000| Untracked 
|  84|0x00000000c5400000, 0x00000000c5500000, 0x00000000c5500000|100%| O|  |TAMS 0x00000000c5500000, 0x00000000c5400000| Untracked 
|  85|0x00000000c5500000, 0x00000000c5600000, 0x00000000c5600000|100%| O|  |TAMS 0x00000000c5600000, 0x00000000c5500000| Untracked 
|  86|0x00000000c5600000, 0x00000000c5700000, 0x00000000c5700000|100%| O|  |TAMS 0x00000000c5700000, 0x00000000c5600000| Untracked 
|  87|0x00000000c5700000, 0x00000000c5800000, 0x00000000c5800000|100%| O|  |TAMS 0x00000000c5800000, 0x00000000c5700000| Untracked 
|  88|0x00000000c5800000, 0x00000000c5900000, 0x00000000c5900000|100%| O|  |TAMS 0x00000000c5900000, 0x00000000c5800000| Untracked 
|  89|0x00000000c5900000, 0x00000000c5a00000, 0x00000000c5a00000|100%| O|  |TAMS 0x00000000c5a00000, 0x00000000c5900000| Untracked 
|  90|0x00000000c5a00000, 0x00000000c5b00000, 0x00000000c5b00000|100%| O|  |TAMS 0x00000000c5b00000, 0x00000000c5a00000| Untracked 
|  91|0x00000000c5b00000, 0x00000000c5c00000, 0x00000000c5c00000|100%| O|  |TAMS 0x00000000c5c00000, 0x00000000c5b00000| Untracked 
|  92|0x00000000c5c00000, 0x00000000c5d00000, 0x00000000c5d00000|100%| O|  |TAMS 0x00000000c5d00000, 0x00000000c5c00000| Untracked 
|  93|0x00000000c5d00000, 0x00000000c5e00000, 0x00000000c5e00000|100%| O|  |TAMS 0x00000000c5e00000, 0x00000000c5d00000| Untracked 
|  94|0x00000000c5e00000, 0x00000000c5f00000, 0x00000000c5f00000|100%| O|  |TAMS 0x00000000c5f00000, 0x00000000c5e00000| Untracked 
|  95|0x00000000c5f00000, 0x00000000c6000000, 0x00000000c6000000|100%| O|  |TAMS 0x00000000c6000000, 0x00000000c5f00000| Untracked 
|  96|0x00000000c6000000, 0x00000000c6100000, 0x00000000c6100000|100%| O|  |TAMS 0x00000000c6100000, 0x00000000c6000000| Untracked 
|  97|0x00000000c6100000, 0x00000000c6200000, 0x00000000c6200000|100%| O|  |TAMS 0x00000000c6200000, 0x00000000c6100000| Untracked 
|  98|0x00000000c6200000, 0x00000000c6300000, 0x00000000c6300000|100%| O|  |TAMS 0x00000000c6300000, 0x00000000c6200000| Untracked 
|  99|0x00000000c6300000, 0x00000000c6400000, 0x00000000c6400000|100%| O|  |TAMS 0x00000000c6400000, 0x00000000c6300000| Untracked 
| 100|0x00000000c6400000, 0x00000000c6500000, 0x00000000c6500000|100%| O|  |TAMS 0x00000000c6500000, 0x00000000c6400000| Untracked 
| 101|0x00000000c6500000, 0x00000000c6600000, 0x00000000c6600000|100%| O|  |TAMS 0x00000000c6600000, 0x00000000c6500000| Untracked 
| 102|0x00000000c6600000, 0x00000000c6700000, 0x00000000c6700000|100%| O|  |TAMS 0x00000000c6700000, 0x00000000c6600000| Untracked 
| 103|0x00000000c6700000, 0x00000000c6800000, 0x00000000c6800000|100%| O|  |TAMS 0x00000000c6800000, 0x00000000c6700000| Untracked 
| 104|0x00000000c6800000, 0x00000000c6900000, 0x00000000c6900000|100%| O|  |TAMS 0x00000000c6900000, 0x00000000c6800000| Untracked 
| 105|0x00000000c6900000, 0x00000000c6a00000, 0x00000000c6a00000|100%| O|  |TAMS 0x00000000c6a00000, 0x00000000c6900000| Untracked 
| 106|0x00000000c6a00000, 0x00000000c6b00000, 0x00000000c6b00000|100%| O|  |TAMS 0x00000000c6b00000, 0x00000000c6a00000| Untracked 
| 107|0x00000000c6b00000, 0x00000000c6c00000, 0x00000000c6c00000|100%| O|  |TAMS 0x00000000c6c00000, 0x00000000c6b00000| Untracked 
| 108|0x00000000c6c00000, 0x00000000c6d00000, 0x00000000c6d00000|100%| O|  |TAMS 0x00000000c6d00000, 0x00000000c6c00000| Untracked 
| 109|0x00000000c6d00000, 0x00000000c6e00000, 0x00000000c6e00000|100%| O|  |TAMS 0x00000000c6e00000, 0x00000000c6d00000| Untracked 
| 110|0x00000000c6e00000, 0x00000000c6f00000, 0x00000000c6f00000|100%|HS|  |TAMS 0x00000000c6f00000, 0x00000000c6e00000| Complete 
| 111|0x00000000c6f00000, 0x00000000c7000000, 0x00000000c7000000|100%|HC|  |TAMS 0x00000000c7000000, 0x00000000c6f00000| Complete 
| 112|0x00000000c7000000, 0x00000000c7100000, 0x00000000c7100000|100%|HC|  |TAMS 0x00000000c7100000, 0x00000000c7000000| Complete 
| 113|0x00000000c7100000, 0x00000000c7200000, 0x00000000c7200000|100%|HC|  |TAMS 0x00000000c7200000, 0x00000000c7100000| Complete 
| 114|0x00000000c7200000, 0x00000000c7300000, 0x00000000c7300000|100%|HC|  |TAMS 0x00000000c7300000, 0x00000000c7200000| Complete 
| 115|0x00000000c7300000, 0x00000000c7400000, 0x00000000c7400000|100%|HC|  |TAMS 0x00000000c7400000, 0x00000000c7300000| Complete 
| 116|0x00000000c7400000, 0x00000000c7500000, 0x00000000c7500000|100%|HC|  |TAMS 0x00000000c7500000, 0x00000000c7400000| Complete 
| 117|0x00000000c7500000, 0x00000000c7600000, 0x00000000c7600000|100%|HC|  |TAMS 0x00000000c7600000, 0x00000000c7500000| Complete 
| 118|0x00000000c7600000, 0x00000000c7700000, 0x00000000c7700000|100%|HC|  |TAMS 0x00000000c7700000, 0x00000000c7600000| Complete 
| 119|0x00000000c7700000, 0x00000000c7800000, 0x00000000c7800000|100%|HC|  |TAMS 0x00000000c7800000, 0x00000000c7700000| Complete 
| 120|0x00000000c7800000, 0x00000000c7900000, 0x00000000c7900000|100%|HC|  |TAMS 0x00000000c7900000, 0x00000000c7800000| Complete 
| 121|0x00000000c7900000, 0x00000000c7a00000, 0x00000000c7a00000|100%|HC|  |TAMS 0x00000000c7a00000, 0x00000000c7900000| Complete 
| 122|0x00000000c7a00000, 0x00000000c7b00000, 0x00000000c7b00000|100%|HC|  |TAMS 0x00000000c7b00000, 0x00000000c7a00000| Complete 
| 123|0x00000000c7b00000, 0x00000000c7c00000, 0x00000000c7c00000|100%|HC|  |TAMS 0x00000000c7c00000, 0x00000000c7b00000| Complete 
| 124|0x00000000c7c00000, 0x00000000c7d00000, 0x00000000c7d00000|100%|HC|  |TAMS 0x00000000c7d00000, 0x00000000c7c00000| Complete 
| 125|0x00000000c7d00000, 0x00000000c7e00000, 0x00000000c7e00000|100%|HC|  |TAMS 0x00000000c7e00000, 0x00000000c7d00000| Complete 
| 126|0x00000000c7e00000, 0x00000000c7f00000, 0x00000000c7f00000|100%|HC|  |TAMS 0x00000000c7f00000, 0x00000000c7e00000| Complete 
| 127|0x00000000c7f00000, 0x00000000c8000000, 0x00000000c8000000|100%|HC|  |TAMS 0x00000000c8000000, 0x00000000c7f00000| Complete 
| 128|0x00000000c8000000, 0x00000000c8100000, 0x00000000c8100000|100%|HC|  |TAMS 0x00000000c8100000, 0x00000000c8000000| Complete 
| 129|0x00000000c8100000, 0x00000000c8200000, 0x00000000c8200000|100%|HC|  |TAMS 0x00000000c8200000, 0x00000000c8100000| Complete 
| 130|0x00000000c8200000, 0x00000000c8300000, 0x00000000c8300000|100%|HC|  |TAMS 0x00000000c8300000, 0x00000000c8200000| Complete 
| 131|0x00000000c8300000, 0x00000000c8400000, 0x00000000c8400000|100%|HC|  |TAMS 0x00000000c8400000, 0x00000000c8300000| Complete 
| 132|0x00000000c8400000, 0x00000000c8500000, 0x00000000c8500000|100%|HC|  |TAMS 0x00000000c8500000, 0x00000000c8400000| Complete 
| 133|0x00000000c8500000, 0x00000000c8600000, 0x00000000c8600000|100%|HC|  |TAMS 0x00000000c8600000, 0x00000000c8500000| Complete 
| 134|0x00000000c8600000, 0x00000000c8700000, 0x00000000c8700000|100%|HC|  |TAMS 0x00000000c8700000, 0x00000000c8600000| Complete 
| 135|0x00000000c8700000, 0x00000000c8800000, 0x00000000c8800000|100%|HC|  |TAMS 0x00000000c8800000, 0x00000000c8700000| Complete 
| 136|0x00000000c8800000, 0x00000000c8900000, 0x00000000c8900000|100%|HC|  |TAMS 0x00000000c8900000, 0x00000000c8800000| Complete 
| 137|0x00000000c8900000, 0x00000000c8a00000, 0x00000000c8a00000|100%|HC|  |TAMS 0x00000000c8a00000, 0x00000000c8900000| Complete 
| 138|0x00000000c8a00000, 0x00000000c8b00000, 0x00000000c8b00000|100%|HC|  |TAMS 0x00000000c8b00000, 0x00000000c8a00000| Complete 
| 139|0x00000000c8b00000, 0x00000000c8c00000, 0x00000000c8c00000|100%|HC|  |TAMS 0x00000000c8c00000, 0x00000000c8b00000| Complete 
| 140|0x00000000c8c00000, 0x00000000c8d00000, 0x00000000c8d00000|100%|HC|  |TAMS 0x00000000c8d00000, 0x00000000c8c00000| Complete 
| 141|0x00000000c8d00000, 0x00000000c8e00000, 0x00000000c8e00000|100%|HC|  |TAMS 0x00000000c8e00000, 0x00000000c8d00000| Complete 
| 142|0x00000000c8e00000, 0x00000000c8f00000, 0x00000000c8f00000|100%|HC|  |TAMS 0x00000000c8f00000, 0x00000000c8e00000| Complete 
| 143|0x00000000c8f00000, 0x00000000c9000000, 0x00000000c9000000|100%|HC|  |TAMS 0x00000000c9000000, 0x00000000c8f00000| Complete 
| 144|0x00000000c9000000, 0x00000000c9100000, 0x00000000c9100000|100%|HC|  |TAMS 0x00000000c9100000, 0x00000000c9000000| Complete 
| 145|0x00000000c9100000, 0x00000000c9200000, 0x00000000c9200000|100%|HC|  |TAMS 0x00000000c9200000, 0x00000000c9100000| Complete 
| 146|0x00000000c9200000, 0x00000000c9300000, 0x00000000c9300000|100%|HS|  |TAMS 0x00000000c9300000, 0x00000000c9200000| Complete 
| 147|0x00000000c9300000, 0x00000000c9400000, 0x00000000c9400000|100%|HC|  |TAMS 0x00000000c9400000, 0x00000000c9300000| Complete 
| 148|0x00000000c9400000, 0x00000000c9500000, 0x00000000c9500000|100%|HC|  |TAMS 0x00000000c9500000, 0x00000000c9400000| Complete 
| 149|0x00000000c9500000, 0x00000000c9600000, 0x00000000c9600000|100%|HC|  |TAMS 0x00000000c9600000, 0x00000000c9500000| Complete 
| 150|0x00000000c9600000, 0x00000000c9700000, 0x00000000c9700000|100%|HS|  |TAMS 0x00000000c9700000, 0x00000000c9600000| Complete 
| 151|0x00000000c9700000, 0x00000000c9800000, 0x00000000c9800000|100%| O|  |TAMS 0x00000000c9800000, 0x00000000c9700000| Untracked 
| 152|0x00000000c9800000, 0x00000000c9900000, 0x00000000c9900000|100%| O|  |TAMS 0x00000000c9900000, 0x00000000c9800000| Untracked 
| 153|0x00000000c9900000, 0x00000000c9a00000, 0x00000000c9a00000|100%|HS|  |TAMS 0x00000000c9a00000, 0x00000000c9900000| Complete 
| 154|0x00000000c9a00000, 0x00000000c9b00000, 0x00000000c9b00000|100%|HC|  |TAMS 0x00000000c9b00000, 0x00000000c9a00000| Complete 
| 155|0x00000000c9b00000, 0x00000000c9c00000, 0x00000000c9c00000|100%|HC|  |TAMS 0x00000000c9c00000, 0x00000000c9b00000| Complete 
| 156|0x00000000c9c00000, 0x00000000c9d00000, 0x00000000c9d00000|100%| O|  |TAMS 0x00000000c9d00000, 0x00000000c9c00000| Untracked 
| 157|0x00000000c9d00000, 0x00000000c9e00000, 0x00000000c9e00000|100%|HS|  |TAMS 0x00000000c9e00000, 0x00000000c9d00000| Complete 
| 158|0x00000000c9e00000, 0x00000000c9f00000, 0x00000000c9f00000|100%|HS|  |TAMS 0x00000000c9f00000, 0x00000000c9e00000| Complete 
| 159|0x00000000c9f00000, 0x00000000ca000000, 0x00000000ca000000|100%|HS|  |TAMS 0x00000000ca000000, 0x00000000c9f00000| Complete 
| 160|0x00000000ca000000, 0x00000000ca100000, 0x00000000ca100000|100%|HS|  |TAMS 0x00000000ca000000, 0x00000000ca000000| Complete 
| 161|0x00000000ca100000, 0x00000000ca200000, 0x00000000ca200000|100%|HC|  |TAMS 0x00000000ca100000, 0x00000000ca100000| Complete 
| 162|0x00000000ca200000, 0x00000000ca300000, 0x00000000ca300000|100%| O|  |TAMS 0x00000000ca300000, 0x00000000ca200000| Untracked 
| 163|0x00000000ca300000, 0x00000000ca400000, 0x00000000ca400000|100%| O|  |TAMS 0x00000000ca400000, 0x00000000ca300000| Untracked 
| 164|0x00000000ca400000, 0x00000000ca500000, 0x00000000ca500000|100%| O|  |TAMS 0x00000000ca500000, 0x00000000ca400000| Untracked 
| 165|0x00000000ca500000, 0x00000000ca600000, 0x00000000ca600000|100%|HS|  |TAMS 0x00000000ca600000, 0x00000000ca500000| Complete 
| 166|0x00000000ca600000, 0x00000000ca700000, 0x00000000ca700000|100%|HS|  |TAMS 0x00000000ca600000, 0x00000000ca600000| Complete 
| 167|0x00000000ca700000, 0x00000000ca800000, 0x00000000ca800000|100%|HS|  |TAMS 0x00000000ca800000, 0x00000000ca700000| Complete 
| 168|0x00000000ca800000, 0x00000000ca900000, 0x00000000ca900000|100%|HS|  |TAMS 0x00000000ca900000, 0x00000000ca800000| Complete 
| 169|0x00000000ca900000, 0x00000000caa00000, 0x00000000caa00000|100%| O|  |TAMS 0x00000000ca900000, 0x00000000ca900000| Untracked 
| 170|0x00000000caa00000, 0x00000000cab00000, 0x00000000cab00000|100%| O|  |TAMS 0x00000000caa00000, 0x00000000caa00000| Untracked 
| 171|0x00000000cab00000, 0x00000000cac00000, 0x00000000cac00000|100%|HS|  |TAMS 0x00000000cab00000, 0x00000000cab00000| Complete 
| 172|0x00000000cac00000, 0x00000000cad00000, 0x00000000cad00000|100%|HS|  |TAMS 0x00000000cac00000, 0x00000000cac00000| Complete 
| 173|0x00000000cad00000, 0x00000000cae00000, 0x00000000cae00000|100%|HS|  |TAMS 0x00000000cae00000, 0x00000000cad00000| Complete 
| 174|0x00000000cae00000, 0x00000000caf00000, 0x00000000caf00000|100%|HS|  |TAMS 0x00000000caf00000, 0x00000000cae00000| Complete 
| 175|0x00000000caf00000, 0x00000000cb000000, 0x00000000cb000000|100%|HS|  |TAMS 0x00000000caf00000, 0x00000000caf00000| Complete 
| 176|0x00000000cb000000, 0x00000000cb100000, 0x00000000cb100000|100%|HC|  |TAMS 0x00000000cb000000, 0x00000000cb000000| Complete 
| 177|0x00000000cb100000, 0x00000000cb200000, 0x00000000cb200000|100%|HS|  |TAMS 0x00000000cb100000, 0x00000000cb100000| Complete 
| 178|0x00000000cb200000, 0x00000000cb300000, 0x00000000cb300000|100%|HS|  |TAMS 0x00000000cb200000, 0x00000000cb200000| Complete 
| 179|0x00000000cb300000, 0x00000000cb400000, 0x00000000cb400000|100%| O|  |TAMS 0x00000000cb400000, 0x00000000cb300000| Untracked 
| 180|0x00000000cb400000, 0x00000000cb500000, 0x00000000cb500000|100%| O|  |TAMS 0x00000000cb500000, 0x00000000cb400000| Untracked 
| 181|0x00000000cb500000, 0x00000000cb600000, 0x00000000cb600000|100%| O|  |TAMS 0x00000000cb600000, 0x00000000cb500000| Untracked 
| 182|0x00000000cb600000, 0x00000000cb700000, 0x00000000cb700000|100%| O|  |TAMS 0x00000000cb700000, 0x00000000cb600000| Untracked 
| 183|0x00000000cb700000, 0x00000000cb800000, 0x00000000cb800000|100%|HS|  |TAMS 0x00000000cb800000, 0x00000000cb700000| Complete 
| 184|0x00000000cb800000, 0x00000000cb900000, 0x00000000cb900000|100%|HS|  |TAMS 0x00000000cb800000, 0x00000000cb800000| Complete 
| 185|0x00000000cb900000, 0x00000000cba00000, 0x00000000cba00000|100%|HS|  |TAMS 0x00000000cb900000, 0x00000000cb900000| Complete 
| 186|0x00000000cba00000, 0x00000000cbb00000, 0x00000000cbb00000|100%|HS|  |TAMS 0x00000000cba00000, 0x00000000cba00000| Complete 
| 187|0x00000000cbb00000, 0x00000000cbc00000, 0x00000000cbc00000|100%|HS|  |TAMS 0x00000000cbc00000, 0x00000000cbb00000| Complete 
| 188|0x00000000cbc00000, 0x00000000cbd00000, 0x00000000cbd00000|100%|HS|  |TAMS 0x00000000cbd00000, 0x00000000cbc00000| Complete 
| 189|0x00000000cbd00000, 0x00000000cbe00000, 0x00000000cbe00000|100%|HS|  |TAMS 0x00000000cbd00000, 0x00000000cbd00000| Complete 
| 190|0x00000000cbe00000, 0x00000000cbf00000, 0x00000000cbf00000|100%| O|  |TAMS 0x00000000cbf00000, 0x00000000cbe00000| Untracked 
| 191|0x00000000cbf00000, 0x00000000cc000000, 0x00000000cc000000|100%|HS|  |TAMS 0x00000000cbf00000, 0x00000000cbf00000| Complete 
| 192|0x00000000cc000000, 0x00000000cc100000, 0x00000000cc100000|100%| O|  |TAMS 0x00000000cc100000, 0x00000000cc000000| Untracked 
| 193|0x00000000cc100000, 0x00000000cc200000, 0x00000000cc200000|100%| O|  |TAMS 0x00000000cc100000, 0x00000000cc100000| Untracked 
| 194|0x00000000cc200000, 0x00000000cc300000, 0x00000000cc300000|100%| O|  |TAMS 0x00000000cc200000, 0x00000000cc200000| Untracked 
| 195|0x00000000cc300000, 0x00000000cc400000, 0x00000000cc400000|100%|HS|  |TAMS 0x00000000cc300000, 0x00000000cc300000| Complete 
| 196|0x00000000cc400000, 0x00000000cc500000, 0x00000000cc500000|100%|HS|  |TAMS 0x00000000cc400000, 0x00000000cc400000| Complete 
| 197|0x00000000cc500000, 0x00000000cc600000, 0x00000000cc600000|100%|HC|  |TAMS 0x00000000cc500000, 0x00000000cc500000| Complete 
| 198|0x00000000cc600000, 0x00000000cc700000, 0x00000000cc700000|100%|HS|  |TAMS 0x00000000cc600000, 0x00000000cc600000| Complete 
| 199|0x00000000cc700000, 0x00000000cc800000, 0x00000000cc800000|100%|HS|  |TAMS 0x00000000cc700000, 0x00000000cc700000| Complete 
| 200|0x00000000cc800000, 0x00000000cc900000, 0x00000000cc900000|100%|HC|  |TAMS 0x00000000cc800000, 0x00000000cc800000| Complete 
| 201|0x00000000cc900000, 0x00000000cca00000, 0x00000000cca00000|100%|HS|  |TAMS 0x00000000cc900000, 0x00000000cc900000| Complete 
| 202|0x00000000cca00000, 0x00000000ccb00000, 0x00000000ccb00000|100%|HC|  |TAMS 0x00000000cca00000, 0x00000000cca00000| Complete 
| 203|0x00000000ccb00000, 0x00000000ccc00000, 0x00000000ccc00000|100%| O|  |TAMS 0x00000000ccc00000, 0x00000000ccb00000| Untracked 
| 204|0x00000000ccc00000, 0x00000000ccd00000, 0x00000000ccd00000|100%|HS|  |TAMS 0x00000000ccd00000, 0x00000000ccc00000| Complete 
| 205|0x00000000ccd00000, 0x00000000cce00000, 0x00000000cce00000|100%| O|  |TAMS 0x00000000ccd00000, 0x00000000ccd00000| Untracked 
| 206|0x00000000cce00000, 0x00000000ccf00000, 0x00000000ccf00000|100%| O|  |TAMS 0x00000000cce00000, 0x00000000cce00000| Untracked 
| 207|0x00000000ccf00000, 0x00000000cd000000, 0x00000000cd000000|100%|HS|  |TAMS 0x00000000cd000000, 0x00000000ccf00000| Untracked 
| 208|0x00000000cd000000, 0x00000000cd000000, 0x00000000cd100000|  0%| F|  |TAMS 0x00000000cd000000, 0x00000000cd000000| Untracked 
| 209|0x00000000cd100000, 0x00000000cd200000, 0x00000000cd200000|100%| O|  |TAMS 0x00000000cd200000, 0x00000000cd100000| Untracked 
| 210|0x00000000cd200000, 0x00000000cd300000, 0x00000000cd300000|100%| O|  |TAMS 0x00000000cd300000, 0x00000000cd200000| Untracked 
| 211|0x00000000cd300000, 0x00000000cd400000, 0x00000000cd400000|100%| O|  |TAMS 0x00000000cd400000, 0x00000000cd300000| Untracked 
| 212|0x00000000cd400000, 0x00000000cd500000, 0x00000000cd500000|100%| O|  |TAMS 0x00000000cd500000, 0x00000000cd400000| Untracked 
| 213|0x00000000cd500000, 0x00000000cd600000, 0x00000000cd600000|100%| O|  |TAMS 0x00000000cd600000, 0x00000000cd500000| Untracked 
| 214|0x00000000cd600000, 0x00000000cd700000, 0x00000000cd700000|100%| O|  |TAMS 0x00000000cd700000, 0x00000000cd600000| Untracked 
| 215|0x00000000cd700000, 0x00000000cd800000, 0x00000000cd800000|100%| O|  |TAMS 0x00000000cd800000, 0x00000000cd700000| Untracked 
| 216|0x00000000cd800000, 0x00000000cd900000, 0x00000000cd900000|100%| O|  |TAMS 0x00000000cd900000, 0x00000000cd800000| Untracked 
| 217|0x00000000cd900000, 0x00000000cda00000, 0x00000000cda00000|100%| O|  |TAMS 0x00000000cda00000, 0x00000000cd900000| Untracked 
| 218|0x00000000cda00000, 0x00000000cdb00000, 0x00000000cdb00000|100%| O|  |TAMS 0x00000000cdb00000, 0x00000000cda00000| Untracked 
| 219|0x00000000cdb00000, 0x00000000cdc00000, 0x00000000cdc00000|100%| O|  |TAMS 0x00000000cdc00000, 0x00000000cdb00000| Untracked 
| 220|0x00000000cdc00000, 0x00000000cdc00000, 0x00000000cdd00000|  0%| F|  |TAMS 0x00000000cdc00000, 0x00000000cdc00000| Untracked 
| 221|0x00000000cdd00000, 0x00000000cde00000, 0x00000000cde00000|100%|HS|  |TAMS 0x00000000cde00000, 0x00000000cdd00000| Complete 
| 222|0x00000000cde00000, 0x00000000cde00000, 0x00000000cdf00000|  0%| F|  |TAMS 0x00000000cde00000, 0x00000000cde00000| Untracked 
| 223|0x00000000cdf00000, 0x00000000ce000000, 0x00000000ce000000|100%|HS|  |TAMS 0x00000000ce000000, 0x00000000cdf00000| Complete 
| 224|0x00000000ce000000, 0x00000000ce071400, 0x00000000ce100000| 44%| O|  |TAMS 0x00000000ce000000, 0x00000000ce000000| Untracked 
| 225|0x00000000ce100000, 0x00000000ce200000, 0x00000000ce200000|100%| O|  |TAMS 0x00000000ce200000, 0x00000000ce100000| Untracked 
| 226|0x00000000ce200000, 0x00000000ce300000, 0x00000000ce300000|100%| O|  |TAMS 0x00000000ce300000, 0x00000000ce200000| Untracked 
| 227|0x00000000ce300000, 0x00000000ce400000, 0x00000000ce400000|100%|HS|  |TAMS 0x00000000ce300000, 0x00000000ce300000| Complete 
| 228|0x00000000ce400000, 0x00000000ce500000, 0x00000000ce500000|100%|HC|  |TAMS 0x00000000ce400000, 0x00000000ce400000| Complete 
| 229|0x00000000ce500000, 0x00000000ce600000, 0x00000000ce600000|100%|HS|  |TAMS 0x00000000ce600000, 0x00000000ce500000| Complete 
| 230|0x00000000ce600000, 0x00000000ce700000, 0x00000000ce700000|100%|HS|  |TAMS 0x00000000ce700000, 0x00000000ce600000| Complete 
| 231|0x00000000ce700000, 0x00000000ce800000, 0x00000000ce800000|100%| O|  |TAMS 0x00000000ce800000, 0x00000000ce700000| Untracked 
| 232|0x00000000ce800000, 0x00000000ce800000, 0x00000000ce900000|  0%| F|  |TAMS 0x00000000ce800000, 0x00000000ce800000| Untracked 
| 233|0x00000000ce900000, 0x00000000cea00000, 0x00000000cea00000|100%| O|  |TAMS 0x00000000cea00000, 0x00000000ce900000| Untracked 
| 234|0x00000000cea00000, 0x00000000ceb00000, 0x00000000ceb00000|100%|HS|  |TAMS 0x00000000cea00000, 0x00000000cea00000| Complete 
| 235|0x00000000ceb00000, 0x00000000cec00000, 0x00000000cec00000|100%|HC|  |TAMS 0x00000000ceb00000, 0x00000000ceb00000| Complete 
| 236|0x00000000cec00000, 0x00000000ced00000, 0x00000000ced00000|100%| O|  |TAMS 0x00000000ced00000, 0x00000000cec00000| Untracked 
| 237|0x00000000ced00000, 0x00000000ced00000, 0x00000000cee00000|  0%| F|  |TAMS 0x00000000ced00000, 0x00000000ced00000| Untracked 
| 238|0x00000000cee00000, 0x00000000cef00000, 0x00000000cef00000|100%|HS|  |TAMS 0x00000000cef00000, 0x00000000cee00000| Complete 
| 239|0x00000000cef00000, 0x00000000cef00000, 0x00000000cf000000|  0%| F|  |TAMS 0x00000000cef00000, 0x00000000cef00000| Untracked 
| 240|0x00000000cf000000, 0x00000000cf100000, 0x00000000cf100000|100%| O|  |TAMS 0x00000000cf100000, 0x00000000cf000000| Untracked 
| 241|0x00000000cf100000, 0x00000000cf200000, 0x00000000cf200000|100%| O|  |TAMS 0x00000000cf200000, 0x00000000cf100000| Untracked 
| 242|0x00000000cf200000, 0x00000000cf300000, 0x00000000cf300000|100%|HS|  |TAMS 0x00000000cf300000, 0x00000000cf200000| Complete 
| 243|0x00000000cf300000, 0x00000000cf400000, 0x00000000cf400000|100%|HS|  |TAMS 0x00000000cf300000, 0x00000000cf300000| Complete 
| 244|0x00000000cf400000, 0x00000000cf500000, 0x00000000cf500000|100%|HC|  |TAMS 0x00000000cf400000, 0x00000000cf400000| Complete 
| 245|0x00000000cf500000, 0x00000000cf600000, 0x00000000cf600000|100%|HS|  |TAMS 0x00000000cf600000, 0x00000000cf500000| Complete 
| 246|0x00000000cf600000, 0x00000000cf600000, 0x00000000cf700000|  0%| F|  |TAMS 0x00000000cf600000, 0x00000000cf600000| Untracked 
| 247|0x00000000cf700000, 0x00000000cf800000, 0x00000000cf800000|100%|HS|  |TAMS 0x00000000cf800000, 0x00000000cf700000| Complete 
| 248|0x00000000cf800000, 0x00000000cf800000, 0x00000000cf900000|  0%| F|  |TAMS 0x00000000cf800000, 0x00000000cf800000| Untracked 
| 249|0x00000000cf900000, 0x00000000cfa00000, 0x00000000cfa00000|100%|HS|  |TAMS 0x00000000cfa00000, 0x00000000cf900000| Complete 
| 250|0x00000000cfa00000, 0x00000000cfb00000, 0x00000000cfb00000|100%| O|  |TAMS 0x00000000cfb00000, 0x00000000cfa00000| Untracked 
| 251|0x00000000cfb00000, 0x00000000cfc00000, 0x00000000cfc00000|100%|HS|  |TAMS 0x00000000cfb00000, 0x00000000cfb00000| Complete 
| 252|0x00000000cfc00000, 0x00000000cfd00000, 0x00000000cfd00000|100%|HC|  |TAMS 0x00000000cfc00000, 0x00000000cfc00000| Complete 
| 253|0x00000000cfd00000, 0x00000000cfe00000, 0x00000000cfe00000|100%|HS|  |TAMS 0x00000000cfe00000, 0x00000000cfd00000| Complete 
| 254|0x00000000cfe00000, 0x00000000cff00000, 0x00000000cff00000|100%|HS|  |TAMS 0x00000000cfe00000, 0x00000000cfe00000| Complete 
| 255|0x00000000cff00000, 0x00000000d0000000, 0x00000000d0000000|100%|HC|  |TAMS 0x00000000cff00000, 0x00000000cff00000| Complete 
| 256|0x00000000d0000000, 0x00000000d0100000, 0x00000000d0100000|100%|HC|  |TAMS 0x00000000d0000000, 0x00000000d0000000| Complete 
| 257|0x00000000d0100000, 0x00000000d0200000, 0x00000000d0200000|100%|HC|  |TAMS 0x00000000d0100000, 0x00000000d0100000| Complete 
| 258|0x00000000d0200000, 0x00000000d0300000, 0x00000000d0300000|100%|HC|  |TAMS 0x00000000d0200000, 0x00000000d0200000| Complete 
| 259|0x00000000d0300000, 0x00000000d0400000, 0x00000000d0400000|100%| O|  |TAMS 0x00000000d0400000, 0x00000000d0300000| Untracked 
| 260|0x00000000d0400000, 0x00000000d0500000, 0x00000000d0500000|100%| O|  |TAMS 0x00000000d0500000, 0x00000000d0400000| Untracked 
| 261|0x00000000d0500000, 0x00000000d0600000, 0x00000000d0600000|100%|HS|  |TAMS 0x00000000d0600000, 0x00000000d0500000| Complete 
| 262|0x00000000d0600000, 0x00000000d0600000, 0x00000000d0700000|  0%| F|  |TAMS 0x00000000d0600000, 0x00000000d0600000| Untracked 
| 263|0x00000000d0700000, 0x00000000d0800000, 0x00000000d0800000|100%| O|  |TAMS 0x00000000d0800000, 0x00000000d0700000| Untracked 
| 264|0x00000000d0800000, 0x00000000d0900000, 0x00000000d0900000|100%|HS|  |TAMS 0x00000000d0800000, 0x00000000d0800000| Complete 
| 265|0x00000000d0900000, 0x00000000d0a00000, 0x00000000d0a00000|100%|HC|  |TAMS 0x00000000d0900000, 0x00000000d0900000| Complete 
| 266|0x00000000d0a00000, 0x00000000d0a00000, 0x00000000d0b00000|  0%| F|  |TAMS 0x00000000d0a00000, 0x00000000d0a00000| Untracked 
| 267|0x00000000d0b00000, 0x00000000d0c00000, 0x00000000d0c00000|100%| O|  |TAMS 0x00000000d0c00000, 0x00000000d0b00000| Untracked 
| 268|0x00000000d0c00000, 0x00000000d0d00000, 0x00000000d0d00000|100%| O|  |TAMS 0x00000000d0d00000, 0x00000000d0c00000| Untracked 
| 269|0x00000000d0d00000, 0x00000000d0e00000, 0x00000000d0e00000|100%| O|  |TAMS 0x00000000d0e00000, 0x00000000d0d00000| Untracked 
| 270|0x00000000d0e00000, 0x00000000d0f00000, 0x00000000d0f00000|100%| O|  |TAMS 0x00000000d0f00000, 0x00000000d0e00000| Untracked 
| 271|0x00000000d0f00000, 0x00000000d0f00000, 0x00000000d1000000|  0%| F|  |TAMS 0x00000000d0f00000, 0x00000000d0f00000| Untracked 
| 272|0x00000000d1000000, 0x00000000d1000000, 0x00000000d1100000|  0%| F|  |TAMS 0x00000000d1000000, 0x00000000d1000000| Untracked 
| 273|0x00000000d1100000, 0x00000000d1100000, 0x00000000d1200000|  0%| F|  |TAMS 0x00000000d1100000, 0x00000000d1100000| Untracked 
| 274|0x00000000d1200000, 0x00000000d1200000, 0x00000000d1300000|  0%| F|  |TAMS 0x00000000d1200000, 0x00000000d1200000| Untracked 
| 275|0x00000000d1300000, 0x00000000d1300000, 0x00000000d1400000|  0%| F|  |TAMS 0x00000000d1300000, 0x00000000d1300000| Untracked 
| 276|0x00000000d1400000, 0x00000000d1400000, 0x00000000d1500000|  0%| F|  |TAMS 0x00000000d1400000, 0x00000000d1400000| Untracked 
| 277|0x00000000d1500000, 0x00000000d1600000, 0x00000000d1600000|100%| O|  |TAMS 0x00000000d1600000, 0x00000000d1500000| Untracked 
| 278|0x00000000d1600000, 0x00000000d1600000, 0x00000000d1700000|  0%| F|  |TAMS 0x00000000d1600000, 0x00000000d1600000| Untracked 
| 279|0x00000000d1700000, 0x00000000d1700000, 0x00000000d1800000|  0%| F|  |TAMS 0x00000000d1700000, 0x00000000d1700000| Untracked 
| 280|0x00000000d1800000, 0x00000000d1800000, 0x00000000d1900000|  0%| F|  |TAMS 0x00000000d1800000, 0x00000000d1800000| Untracked 
| 281|0x00000000d1900000, 0x00000000d1900000, 0x00000000d1a00000|  0%| F|  |TAMS 0x00000000d1900000, 0x00000000d1900000| Untracked 
| 282|0x00000000d1a00000, 0x00000000d1a00000, 0x00000000d1b00000|  0%| F|  |TAMS 0x00000000d1a00000, 0x00000000d1a00000| Untracked 
| 283|0x00000000d1b00000, 0x00000000d1b00000, 0x00000000d1c00000|  0%| F|  |TAMS 0x00000000d1b00000, 0x00000000d1b00000| Untracked 
| 284|0x00000000d1c00000, 0x00000000d1d00000, 0x00000000d1d00000|100%| O|  |TAMS 0x00000000d1d00000, 0x00000000d1c00000| Untracked 
| 285|0x00000000d1d00000, 0x00000000d1e00000, 0x00000000d1e00000|100%|HS|  |TAMS 0x00000000d1e00000, 0x00000000d1d00000| Complete 
| 286|0x00000000d1e00000, 0x00000000d1f00000, 0x00000000d1f00000|100%| O|  |TAMS 0x00000000d1f00000, 0x00000000d1e00000| Untracked 
| 287|0x00000000d1f00000, 0x00000000d2000000, 0x00000000d2000000|100%|HS|  |TAMS 0x00000000d2000000, 0x00000000d1f00000| Complete 
| 288|0x00000000d2000000, 0x00000000d2000000, 0x00000000d2100000|  0%| F|  |TAMS 0x00000000d2000000, 0x00000000d2000000| Untracked 
| 289|0x00000000d2100000, 0x00000000d2100000, 0x00000000d2200000|  0%| F|  |TAMS 0x00000000d2100000, 0x00000000d2100000| Untracked 
| 290|0x00000000d2200000, 0x00000000d2200000, 0x00000000d2300000|  0%| F|  |TAMS 0x00000000d2200000, 0x00000000d2200000| Untracked 
| 291|0x00000000d2300000, 0x00000000d2400000, 0x00000000d2400000|100%|HS|  |TAMS 0x00000000d2400000, 0x00000000d2300000| Complete 
| 292|0x00000000d2400000, 0x00000000d2400000, 0x00000000d2500000|  0%| F|  |TAMS 0x00000000d2400000, 0x00000000d2400000| Untracked 
| 293|0x00000000d2500000, 0x00000000d2500000, 0x00000000d2600000|  0%| F|  |TAMS 0x00000000d2500000, 0x00000000d2500000| Untracked 
| 294|0x00000000d2600000, 0x00000000d2600000, 0x00000000d2700000|  0%| F|  |TAMS 0x00000000d2600000, 0x00000000d2600000| Untracked 
| 295|0x00000000d2700000, 0x00000000d2800000, 0x00000000d2800000|100%|HS|  |TAMS 0x00000000d2800000, 0x00000000d2700000| Complete 
| 296|0x00000000d2800000, 0x00000000d2800000, 0x00000000d2900000|  0%| F|  |TAMS 0x00000000d2800000, 0x00000000d2800000| Untracked 
| 297|0x00000000d2900000, 0x00000000d2900000, 0x00000000d2a00000|  0%| F|  |TAMS 0x00000000d2900000, 0x00000000d2900000| Untracked 
| 298|0x00000000d2a00000, 0x00000000d2a00000, 0x00000000d2b00000|  0%| F|  |TAMS 0x00000000d2a00000, 0x00000000d2a00000| Untracked 
| 299|0x00000000d2b00000, 0x00000000d2b00000, 0x00000000d2c00000|  0%| F|  |TAMS 0x00000000d2b00000, 0x00000000d2b00000| Untracked 
| 300|0x00000000d2c00000, 0x00000000d2d00000, 0x00000000d2d00000|100%| O|  |TAMS 0x00000000d2d00000, 0x00000000d2c00000| Untracked 
| 301|0x00000000d2d00000, 0x00000000d2d00000, 0x00000000d2e00000|  0%| F|  |TAMS 0x00000000d2d00000, 0x00000000d2d00000| Untracked 
| 302|0x00000000d2e00000, 0x00000000d2f00000, 0x00000000d2f00000|100%| O|  |TAMS 0x00000000d2e93a00, 0x00000000d2e00000| Untracked 
| 303|0x00000000d2f00000, 0x00000000d3000000, 0x00000000d3000000|100%|HS|  |TAMS 0x00000000d2f00000, 0x00000000d2f00000| Complete 
| 304|0x00000000d3000000, 0x00000000d3000000, 0x00000000d3100000|  0%| F|  |TAMS 0x00000000d3000000, 0x00000000d3000000| Untracked 
| 305|0x00000000d3100000, 0x00000000d3200000, 0x00000000d3200000|100%|HS|  |TAMS 0x00000000d3200000, 0x00000000d3100000| Complete 
| 306|0x00000000d3200000, 0x00000000d3300000, 0x00000000d3300000|100%|HS|  |TAMS 0x00000000d3300000, 0x00000000d3200000| Complete 
| 307|0x00000000d3300000, 0x00000000d3300000, 0x00000000d3400000|  0%| F|  |TAMS 0x00000000d3300000, 0x00000000d3300000| Untracked 
| 308|0x00000000d3400000, 0x00000000d3400000, 0x00000000d3500000|  0%| F|  |TAMS 0x00000000d3400000, 0x00000000d3400000| Untracked 
| 309|0x00000000d3500000, 0x00000000d3500000, 0x00000000d3600000|  0%| F|  |TAMS 0x00000000d3500000, 0x00000000d3500000| Untracked 
| 310|0x00000000d3600000, 0x00000000d3600000, 0x00000000d3700000|  0%| F|  |TAMS 0x00000000d3600000, 0x00000000d3600000| Untracked 
| 311|0x00000000d3700000, 0x00000000d3700000, 0x00000000d3800000|  0%| F|  |TAMS 0x00000000d3700000, 0x00000000d3700000| Untracked 
| 312|0x00000000d3800000, 0x00000000d3800000, 0x00000000d3900000|  0%| F|  |TAMS 0x00000000d3800000, 0x00000000d3800000| Untracked 
| 313|0x00000000d3900000, 0x00000000d3a00000, 0x00000000d3a00000|100%|HS|  |TAMS 0x00000000d3a00000, 0x00000000d3900000| Complete 
| 314|0x00000000d3a00000, 0x00000000d3b00000, 0x00000000d3b00000|100%|HS|  |TAMS 0x00000000d3b00000, 0x00000000d3a00000| Complete 
| 315|0x00000000d3b00000, 0x00000000d3b00000, 0x00000000d3c00000|  0%| F|  |TAMS 0x00000000d3b00000, 0x00000000d3b00000| Untracked 
| 316|0x00000000d3c00000, 0x00000000d3c00000, 0x00000000d3d00000|  0%| F|  |TAMS 0x00000000d3c00000, 0x00000000d3c00000| Untracked 
| 317|0x00000000d3d00000, 0x00000000d3d00000, 0x00000000d3e00000|  0%| F|  |TAMS 0x00000000d3d00000, 0x00000000d3d00000| Untracked 
| 318|0x00000000d3e00000, 0x00000000d3e00000, 0x00000000d3f00000|  0%| F|  |TAMS 0x00000000d3e00000, 0x00000000d3e00000| Untracked 
| 319|0x00000000d3f00000, 0x00000000d3f00000, 0x00000000d4000000|  0%| F|  |TAMS 0x00000000d3f00000, 0x00000000d3f00000| Untracked 
| 320|0x00000000d4000000, 0x00000000d4000000, 0x00000000d4100000|  0%| F|  |TAMS 0x00000000d4000000, 0x00000000d4000000| Untracked 
| 321|0x00000000d4100000, 0x00000000d4200000, 0x00000000d4200000|100%|HS|  |TAMS 0x00000000d4200000, 0x00000000d4100000| Complete 
| 322|0x00000000d4200000, 0x00000000d4300000, 0x00000000d4300000|100%|HS|  |TAMS 0x00000000d4300000, 0x00000000d4200000| Complete 
| 323|0x00000000d4300000, 0x00000000d4400000, 0x00000000d4400000|100%|HC|  |TAMS 0x00000000d4400000, 0x00000000d4300000| Complete 
| 324|0x00000000d4400000, 0x00000000d4500000, 0x00000000d4500000|100%|HC|  |TAMS 0x00000000d4500000, 0x00000000d4400000| Complete 
| 325|0x00000000d4500000, 0x00000000d4500000, 0x00000000d4600000|  0%| F|  |TAMS 0x00000000d4500000, 0x00000000d4500000| Untracked 
| 326|0x00000000d4600000, 0x00000000d4600000, 0x00000000d4700000|  0%| F|  |TAMS 0x00000000d4600000, 0x00000000d4600000| Untracked 
| 327|0x00000000d4700000, 0x00000000d4700000, 0x00000000d4800000|  0%| F|  |TAMS 0x00000000d4700000, 0x00000000d4700000| Untracked 
| 328|0x00000000d4800000, 0x00000000d4900000, 0x00000000d4900000|100%|HS|  |TAMS 0x00000000d4800000, 0x00000000d4800000| Complete 
| 329|0x00000000d4900000, 0x00000000d4a00000, 0x00000000d4a00000|100%|HS|  |TAMS 0x00000000d4900000, 0x00000000d4900000| Complete 
| 330|0x00000000d4a00000, 0x00000000d4b00000, 0x00000000d4b00000|100%|HS|  |TAMS 0x00000000d4b00000, 0x00000000d4a00000| Complete 
| 331|0x00000000d4b00000, 0x00000000d4c00000, 0x00000000d4c00000|100%|HS|  |TAMS 0x00000000d4c00000, 0x00000000d4b00000| Complete 
| 332|0x00000000d4c00000, 0x00000000d4d00000, 0x00000000d4d00000|100%|HS|  |TAMS 0x00000000d4d00000, 0x00000000d4c00000| Complete 
| 333|0x00000000d4d00000, 0x00000000d4e00000, 0x00000000d4e00000|100%|HS|  |TAMS 0x00000000d4e00000, 0x00000000d4d00000| Complete 
| 334|0x00000000d4e00000, 0x00000000d4f00000, 0x00000000d4f00000|100%|HS|  |TAMS 0x00000000d4f00000, 0x00000000d4e00000| Complete 
| 335|0x00000000d4f00000, 0x00000000d5000000, 0x00000000d5000000|100%|HC|  |TAMS 0x00000000d5000000, 0x00000000d4f00000| Complete 
| 336|0x00000000d5000000, 0x00000000d5100000, 0x00000000d5100000|100%|HC|  |TAMS 0x00000000d5100000, 0x00000000d5000000| Complete 
| 337|0x00000000d5100000, 0x00000000d5200000, 0x00000000d5200000|100%|HC|  |TAMS 0x00000000d5200000, 0x00000000d5100000| Complete 
| 338|0x00000000d5200000, 0x00000000d5300000, 0x00000000d5300000|100%|HC|  |TAMS 0x00000000d5300000, 0x00000000d5200000| Complete 
| 339|0x00000000d5300000, 0x00000000d5400000, 0x00000000d5400000|100%|HC|  |TAMS 0x00000000d5400000, 0x00000000d5300000| Complete 
| 340|0x00000000d5400000, 0x00000000d5500000, 0x00000000d5500000|100%|HC|  |TAMS 0x00000000d5500000, 0x00000000d5400000| Complete 
| 341|0x00000000d5500000, 0x00000000d5600000, 0x00000000d5600000|100%|HC|  |TAMS 0x00000000d5600000, 0x00000000d5500000| Complete 
| 342|0x00000000d5600000, 0x00000000d5700000, 0x00000000d5700000|100%|HC|  |TAMS 0x00000000d5700000, 0x00000000d5600000| Complete 
| 343|0x00000000d5700000, 0x00000000d5800000, 0x00000000d5800000|100%|HS|  |TAMS 0x00000000d5800000, 0x00000000d5700000| Complete 
| 344|0x00000000d5800000, 0x00000000d5900000, 0x00000000d5900000|100%|HC|  |TAMS 0x00000000d5900000, 0x00000000d5800000| Complete 
| 345|0x00000000d5900000, 0x00000000d5a00000, 0x00000000d5a00000|100%|HC|  |TAMS 0x00000000d5a00000, 0x00000000d5900000| Complete 
| 346|0x00000000d5a00000, 0x00000000d5b00000, 0x00000000d5b00000|100%|HC|  |TAMS 0x00000000d5b00000, 0x00000000d5a00000| Complete 
| 347|0x00000000d5b00000, 0x00000000d5c00000, 0x00000000d5c00000|100%|HC|  |TAMS 0x00000000d5c00000, 0x00000000d5b00000| Complete 
| 348|0x00000000d5c00000, 0x00000000d5d00000, 0x00000000d5d00000|100%|HC|  |TAMS 0x00000000d5d00000, 0x00000000d5c00000| Complete 
| 349|0x00000000d5d00000, 0x00000000d5e00000, 0x00000000d5e00000|100%|HC|  |TAMS 0x00000000d5e00000, 0x00000000d5d00000| Complete 
| 350|0x00000000d5e00000, 0x00000000d5f00000, 0x00000000d5f00000|100%|HC|  |TAMS 0x00000000d5f00000, 0x00000000d5e00000| Complete 
| 351|0x00000000d5f00000, 0x00000000d6000000, 0x00000000d6000000|100%|HC|  |TAMS 0x00000000d6000000, 0x00000000d5f00000| Complete 
| 352|0x00000000d6000000, 0x00000000d6100000, 0x00000000d6100000|100%|HS|  |TAMS 0x00000000d6100000, 0x00000000d6000000| Complete 
| 353|0x00000000d6100000, 0x00000000d6200000, 0x00000000d6200000|100%|HC|  |TAMS 0x00000000d6200000, 0x00000000d6100000| Complete 
| 354|0x00000000d6200000, 0x00000000d6300000, 0x00000000d6300000|100%|HC|  |TAMS 0x00000000d6300000, 0x00000000d6200000| Complete 
| 355|0x00000000d6300000, 0x00000000d6400000, 0x00000000d6400000|100%|HC|  |TAMS 0x00000000d6400000, 0x00000000d6300000| Complete 
| 356|0x00000000d6400000, 0x00000000d6500000, 0x00000000d6500000|100%|HC|  |TAMS 0x00000000d6500000, 0x00000000d6400000| Complete 
| 357|0x00000000d6500000, 0x00000000d6600000, 0x00000000d6600000|100%|HC|  |TAMS 0x00000000d6600000, 0x00000000d6500000| Complete 
| 358|0x00000000d6600000, 0x00000000d6700000, 0x00000000d6700000|100%|HC|  |TAMS 0x00000000d6700000, 0x00000000d6600000| Complete 
| 359|0x00000000d6700000, 0x00000000d6800000, 0x00000000d6800000|100%|HC|  |TAMS 0x00000000d6800000, 0x00000000d6700000| Complete 
| 360|0x00000000d6800000, 0x00000000d6900000, 0x00000000d6900000|100%|HC|  |TAMS 0x00000000d6900000, 0x00000000d6800000| Complete 
| 361|0x00000000d6900000, 0x00000000d6a00000, 0x00000000d6a00000|100%|HS|  |TAMS 0x00000000d6a00000, 0x00000000d6900000| Complete 
| 362|0x00000000d6a00000, 0x00000000d6b00000, 0x00000000d6b00000|100%|HC|  |TAMS 0x00000000d6b00000, 0x00000000d6a00000| Complete 
| 363|0x00000000d6b00000, 0x00000000d6c00000, 0x00000000d6c00000|100%|HC|  |TAMS 0x00000000d6c00000, 0x00000000d6b00000| Complete 
| 364|0x00000000d6c00000, 0x00000000d6d00000, 0x00000000d6d00000|100%|HC|  |TAMS 0x00000000d6d00000, 0x00000000d6c00000| Complete 
| 365|0x00000000d6d00000, 0x00000000d6e00000, 0x00000000d6e00000|100%|HC|  |TAMS 0x00000000d6e00000, 0x00000000d6d00000| Complete 
| 366|0x00000000d6e00000, 0x00000000d6f00000, 0x00000000d6f00000|100%|HC|  |TAMS 0x00000000d6f00000, 0x00000000d6e00000| Complete 
| 367|0x00000000d6f00000, 0x00000000d7000000, 0x00000000d7000000|100%|HC|  |TAMS 0x00000000d7000000, 0x00000000d6f00000| Complete 
| 368|0x00000000d7000000, 0x00000000d7100000, 0x00000000d7100000|100%|HC|  |TAMS 0x00000000d7100000, 0x00000000d7000000| Complete 
| 369|0x00000000d7100000, 0x00000000d7200000, 0x00000000d7200000|100%|HC|  |TAMS 0x00000000d7200000, 0x00000000d7100000| Complete 
| 370|0x00000000d7200000, 0x00000000d7300000, 0x00000000d7300000|100%|HS|  |TAMS 0x00000000d7300000, 0x00000000d7200000| Complete 
| 371|0x00000000d7300000, 0x00000000d7400000, 0x00000000d7400000|100%|HS|  |TAMS 0x00000000d7400000, 0x00000000d7300000| Complete 
| 372|0x00000000d7400000, 0x00000000d7400000, 0x00000000d7500000|  0%| F|  |TAMS 0x00000000d7400000, 0x00000000d7400000| Untracked 
| 373|0x00000000d7500000, 0x00000000d7500000, 0x00000000d7600000|  0%| F|  |TAMS 0x00000000d7500000, 0x00000000d7500000| Untracked 
| 374|0x00000000d7600000, 0x00000000d7700000, 0x00000000d7700000|100%|HS|  |TAMS 0x00000000d7700000, 0x00000000d7600000| Complete 
| 375|0x00000000d7700000, 0x00000000d7800000, 0x00000000d7800000|100%|HS|  |TAMS 0x00000000d7800000, 0x00000000d7700000| Complete 
| 376|0x00000000d7800000, 0x00000000d7900000, 0x00000000d7900000|100%|HS|  |TAMS 0x00000000d7900000, 0x00000000d7800000| Complete 
| 377|0x00000000d7900000, 0x00000000d7a00000, 0x00000000d7a00000|100%| O|  |TAMS 0x00000000d7a00000, 0x00000000d7900000| Untracked 
| 378|0x00000000d7a00000, 0x00000000d7b00000, 0x00000000d7b00000|100%| O|  |TAMS 0x00000000d7b00000, 0x00000000d7a00000| Untracked 
| 379|0x00000000d7b00000, 0x00000000d7c00000, 0x00000000d7c00000|100%|HS|  |TAMS 0x00000000d7b00000, 0x00000000d7b00000| Complete 
| 380|0x00000000d7c00000, 0x00000000d7d00000, 0x00000000d7d00000|100%|HS|  |TAMS 0x00000000d7c00000, 0x00000000d7c00000| Complete 
| 381|0x00000000d7d00000, 0x00000000d7e00000, 0x00000000d7e00000|100%|HS|  |TAMS 0x00000000d7e00000, 0x00000000d7d00000| Complete 
| 382|0x00000000d7e00000, 0x00000000d7f00000, 0x00000000d7f00000|100%|HS|  |TAMS 0x00000000d7f00000, 0x00000000d7e00000| Complete 
| 383|0x00000000d7f00000, 0x00000000d8000000, 0x00000000d8000000|100%|HS|  |TAMS 0x00000000d8000000, 0x00000000d7f00000| Complete 
| 384|0x00000000d8000000, 0x00000000d8100000, 0x00000000d8100000|100%|HS|  |TAMS 0x00000000d8000000, 0x00000000d8000000| Complete 
| 385|0x00000000d8100000, 0x00000000d8100000, 0x00000000d8200000|  0%| F|  |TAMS 0x00000000d8100000, 0x00000000d8100000| Untracked 
| 386|0x00000000d8200000, 0x00000000d8200000, 0x00000000d8300000|  0%| F|  |TAMS 0x00000000d8200000, 0x00000000d8200000| Untracked 
| 387|0x00000000d8300000, 0x00000000d8300000, 0x00000000d8400000|  0%| F|  |TAMS 0x00000000d8300000, 0x00000000d8300000| Untracked 
| 388|0x00000000d8400000, 0x00000000d8400000, 0x00000000d8500000|  0%| F|  |TAMS 0x00000000d8400000, 0x00000000d8400000| Untracked 
| 389|0x00000000d8500000, 0x00000000d8500000, 0x00000000d8600000|  0%| F|  |TAMS 0x00000000d8500000, 0x00000000d8500000| Untracked 
| 390|0x00000000d8600000, 0x00000000d8600000, 0x00000000d8700000|  0%| F|  |TAMS 0x00000000d8600000, 0x00000000d8600000| Untracked 
| 391|0x00000000d8700000, 0x00000000d8700000, 0x00000000d8800000|  0%| F|  |TAMS 0x00000000d8700000, 0x00000000d8700000| Untracked 
| 392|0x00000000d8800000, 0x00000000d8800000, 0x00000000d8900000|  0%| F|  |TAMS 0x00000000d8800000, 0x00000000d8800000| Untracked 
| 393|0x00000000d8900000, 0x00000000d8900000, 0x00000000d8a00000|  0%| F|  |TAMS 0x00000000d8900000, 0x00000000d8900000| Untracked 
| 394|0x00000000d8a00000, 0x00000000d8a00000, 0x00000000d8b00000|  0%| F|  |TAMS 0x00000000d8a00000, 0x00000000d8a00000| Untracked 
| 395|0x00000000d8b00000, 0x00000000d8b00000, 0x00000000d8c00000|  0%| F|  |TAMS 0x00000000d8b00000, 0x00000000d8b00000| Untracked 
| 396|0x00000000d8c00000, 0x00000000d8c00000, 0x00000000d8d00000|  0%| F|  |TAMS 0x00000000d8c00000, 0x00000000d8c00000| Untracked 
| 397|0x00000000d8d00000, 0x00000000d8d00000, 0x00000000d8e00000|  0%| F|  |TAMS 0x00000000d8d00000, 0x00000000d8d00000| Untracked 
| 398|0x00000000d8e00000, 0x00000000d8e00000, 0x00000000d8f00000|  0%| F|  |TAMS 0x00000000d8e00000, 0x00000000d8e00000| Untracked 
| 399|0x00000000d8f00000, 0x00000000d8f00000, 0x00000000d9000000|  0%| F|  |TAMS 0x00000000d8f00000, 0x00000000d8f00000| Untracked 
| 400|0x00000000d9000000, 0x00000000d9000000, 0x00000000d9100000|  0%| F|  |TAMS 0x00000000d9000000, 0x00000000d9000000| Untracked 
| 401|0x00000000d9100000, 0x00000000d9100000, 0x00000000d9200000|  0%| F|  |TAMS 0x00000000d9100000, 0x00000000d9100000| Untracked 
| 402|0x00000000d9200000, 0x00000000d9200000, 0x00000000d9300000|  0%| F|  |TAMS 0x00000000d9200000, 0x00000000d9200000| Untracked 
| 403|0x00000000d9300000, 0x00000000d9300000, 0x00000000d9400000|  0%| F|  |TAMS 0x00000000d9300000, 0x00000000d9300000| Untracked 
| 404|0x00000000d9400000, 0x00000000d9400000, 0x00000000d9500000|  0%| F|  |TAMS 0x00000000d9400000, 0x00000000d9400000| Untracked 
| 405|0x00000000d9500000, 0x00000000d9500000, 0x00000000d9600000|  0%| F|  |TAMS 0x00000000d9500000, 0x00000000d9500000| Untracked 
| 406|0x00000000d9600000, 0x00000000d9600000, 0x00000000d9700000|  0%| F|  |TAMS 0x00000000d9600000, 0x00000000d9600000| Untracked 
| 407|0x00000000d9700000, 0x00000000d9700000, 0x00000000d9800000|  0%| F|  |TAMS 0x00000000d9700000, 0x00000000d9700000| Untracked 
| 408|0x00000000d9800000, 0x00000000d9800000, 0x00000000d9900000|  0%| F|  |TAMS 0x00000000d9800000, 0x00000000d9800000| Untracked 
| 409|0x00000000d9900000, 0x00000000d9900000, 0x00000000d9a00000|  0%| F|  |TAMS 0x00000000d9900000, 0x00000000d9900000| Untracked 
| 410|0x00000000d9a00000, 0x00000000d9a00000, 0x00000000d9b00000|  0%| F|  |TAMS 0x00000000d9a00000, 0x00000000d9a00000| Untracked 
| 411|0x00000000d9b00000, 0x00000000d9b00000, 0x00000000d9c00000|  0%| F|  |TAMS 0x00000000d9b00000, 0x00000000d9b00000| Untracked 
| 412|0x00000000d9c00000, 0x00000000d9c00000, 0x00000000d9d00000|  0%| F|  |TAMS 0x00000000d9c00000, 0x00000000d9c00000| Untracked 
| 413|0x00000000d9d00000, 0x00000000d9d00000, 0x00000000d9e00000|  0%| F|  |TAMS 0x00000000d9d00000, 0x00000000d9d00000| Untracked 
| 414|0x00000000d9e00000, 0x00000000d9e00000, 0x00000000d9f00000|  0%| F|  |TAMS 0x00000000d9e00000, 0x00000000d9e00000| Untracked 
| 415|0x00000000d9f00000, 0x00000000d9f00000, 0x00000000da000000|  0%| F|  |TAMS 0x00000000d9f00000, 0x00000000d9f00000| Untracked 
| 416|0x00000000da000000, 0x00000000da000000, 0x00000000da100000|  0%| F|  |TAMS 0x00000000da000000, 0x00000000da000000| Untracked 
| 417|0x00000000da100000, 0x00000000da100000, 0x00000000da200000|  0%| F|  |TAMS 0x00000000da100000, 0x00000000da100000| Untracked 
| 418|0x00000000da200000, 0x00000000da200000, 0x00000000da300000|  0%| F|  |TAMS 0x00000000da200000, 0x00000000da200000| Untracked 
| 419|0x00000000da300000, 0x00000000da300000, 0x00000000da400000|  0%| F|  |TAMS 0x00000000da300000, 0x00000000da300000| Untracked 
| 420|0x00000000da400000, 0x00000000da400000, 0x00000000da500000|  0%| F|  |TAMS 0x00000000da400000, 0x00000000da400000| Untracked 
| 421|0x00000000da500000, 0x00000000da500000, 0x00000000da600000|  0%| F|  |TAMS 0x00000000da500000, 0x00000000da500000| Untracked 
| 422|0x00000000da600000, 0x00000000da600000, 0x00000000da700000|  0%| F|  |TAMS 0x00000000da600000, 0x00000000da600000| Untracked 
| 423|0x00000000da700000, 0x00000000da700000, 0x00000000da800000|  0%| F|  |TAMS 0x00000000da700000, 0x00000000da700000| Untracked 
| 424|0x00000000da800000, 0x00000000da800000, 0x00000000da900000|  0%| F|  |TAMS 0x00000000da800000, 0x00000000da800000| Untracked 
| 425|0x00000000da900000, 0x00000000da900000, 0x00000000daa00000|  0%| F|  |TAMS 0x00000000da900000, 0x00000000da900000| Untracked 
| 426|0x00000000daa00000, 0x00000000daa00000, 0x00000000dab00000|  0%| F|  |TAMS 0x00000000daa00000, 0x00000000daa00000| Untracked 
| 427|0x00000000dab00000, 0x00000000dab00000, 0x00000000dac00000|  0%| F|  |TAMS 0x00000000dab00000, 0x00000000dab00000| Untracked 
| 428|0x00000000dac00000, 0x00000000dac00000, 0x00000000dad00000|  0%| F|  |TAMS 0x00000000dac00000, 0x00000000dac00000| Untracked 
| 429|0x00000000dad00000, 0x00000000dad00000, 0x00000000dae00000|  0%| F|  |TAMS 0x00000000dad00000, 0x00000000dad00000| Untracked 
| 430|0x00000000dae00000, 0x00000000dae00000, 0x00000000daf00000|  0%| F|  |TAMS 0x00000000dae00000, 0x00000000dae00000| Untracked 
| 431|0x00000000daf00000, 0x00000000daf00000, 0x00000000db000000|  0%| F|  |TAMS 0x00000000daf00000, 0x00000000daf00000| Untracked 
| 432|0x00000000db000000, 0x00000000db000000, 0x00000000db100000|  0%| F|  |TAMS 0x00000000db000000, 0x00000000db000000| Untracked 
| 433|0x00000000db100000, 0x00000000db100000, 0x00000000db200000|  0%| F|  |TAMS 0x00000000db100000, 0x00000000db100000| Untracked 
| 434|0x00000000db200000, 0x00000000db200000, 0x00000000db300000|  0%| F|  |TAMS 0x00000000db200000, 0x00000000db200000| Untracked 
| 435|0x00000000db300000, 0x00000000db300000, 0x00000000db400000|  0%| F|  |TAMS 0x00000000db300000, 0x00000000db300000| Untracked 
| 436|0x00000000db400000, 0x00000000db400000, 0x00000000db500000|  0%| F|  |TAMS 0x00000000db400000, 0x00000000db400000| Untracked 
| 437|0x00000000db500000, 0x00000000db500000, 0x00000000db600000|  0%| F|  |TAMS 0x00000000db500000, 0x00000000db500000| Untracked 
| 438|0x00000000db600000, 0x00000000db600000, 0x00000000db700000|  0%| F|  |TAMS 0x00000000db600000, 0x00000000db600000| Untracked 
| 439|0x00000000db700000, 0x00000000db700000, 0x00000000db800000|  0%| F|  |TAMS 0x00000000db700000, 0x00000000db700000| Untracked 
| 440|0x00000000db800000, 0x00000000db800000, 0x00000000db900000|  0%| F|  |TAMS 0x00000000db800000, 0x00000000db800000| Untracked 
| 441|0x00000000db900000, 0x00000000db900000, 0x00000000dba00000|  0%| F|  |TAMS 0x00000000db900000, 0x00000000db900000| Untracked 
| 442|0x00000000dba00000, 0x00000000dba00000, 0x00000000dbb00000|  0%| F|  |TAMS 0x00000000dba00000, 0x00000000dba00000| Untracked 
| 443|0x00000000dbb00000, 0x00000000dbb00000, 0x00000000dbc00000|  0%| F|  |TAMS 0x00000000dbb00000, 0x00000000dbb00000| Untracked 
| 444|0x00000000dbc00000, 0x00000000dbc00000, 0x00000000dbd00000|  0%| F|  |TAMS 0x00000000dbc00000, 0x00000000dbc00000| Untracked 
| 445|0x00000000dbd00000, 0x00000000dbd00000, 0x00000000dbe00000|  0%| F|  |TAMS 0x00000000dbd00000, 0x00000000dbd00000| Untracked 
| 446|0x00000000dbe00000, 0x00000000dbe00000, 0x00000000dbf00000|  0%| F|  |TAMS 0x00000000dbe00000, 0x00000000dbe00000| Untracked 
| 447|0x00000000dbf00000, 0x00000000dbf00000, 0x00000000dc000000|  0%| F|  |TAMS 0x00000000dbf00000, 0x00000000dbf00000| Untracked 
| 448|0x00000000dc000000, 0x00000000dc000000, 0x00000000dc100000|  0%| F|  |TAMS 0x00000000dc000000, 0x00000000dc000000| Untracked 
| 449|0x00000000dc100000, 0x00000000dc100000, 0x00000000dc200000|  0%| F|  |TAMS 0x00000000dc100000, 0x00000000dc100000| Untracked 
| 450|0x00000000dc200000, 0x00000000dc200000, 0x00000000dc300000|  0%| F|  |TAMS 0x00000000dc200000, 0x00000000dc200000| Untracked 
| 451|0x00000000dc300000, 0x00000000dc300000, 0x00000000dc400000|  0%| F|  |TAMS 0x00000000dc300000, 0x00000000dc300000| Untracked 
| 452|0x00000000dc400000, 0x00000000dc400000, 0x00000000dc500000|  0%| F|  |TAMS 0x00000000dc400000, 0x00000000dc400000| Untracked 
| 453|0x00000000dc500000, 0x00000000dc500000, 0x00000000dc600000|  0%| F|  |TAMS 0x00000000dc500000, 0x00000000dc500000| Untracked 
| 454|0x00000000dc600000, 0x00000000dc600000, 0x00000000dc700000|  0%| F|  |TAMS 0x00000000dc600000, 0x00000000dc600000| Untracked 
| 455|0x00000000dc700000, 0x00000000dc700000, 0x00000000dc800000|  0%| F|  |TAMS 0x00000000dc700000, 0x00000000dc700000| Untracked 
| 456|0x00000000dc800000, 0x00000000dc800000, 0x00000000dc900000|  0%| F|  |TAMS 0x00000000dc800000, 0x00000000dc800000| Untracked 
| 457|0x00000000dc900000, 0x00000000dc900000, 0x00000000dca00000|  0%| F|  |TAMS 0x00000000dc900000, 0x00000000dc900000| Untracked 
| 458|0x00000000dca00000, 0x00000000dca00000, 0x00000000dcb00000|  0%| F|  |TAMS 0x00000000dca00000, 0x00000000dca00000| Untracked 
| 459|0x00000000dcb00000, 0x00000000dcb00000, 0x00000000dcc00000|  0%| F|  |TAMS 0x00000000dcb00000, 0x00000000dcb00000| Untracked 
| 460|0x00000000dcc00000, 0x00000000dcc00000, 0x00000000dcd00000|  0%| F|  |TAMS 0x00000000dcc00000, 0x00000000dcc00000| Untracked 
| 461|0x00000000dcd00000, 0x00000000dcd00000, 0x00000000dce00000|  0%| F|  |TAMS 0x00000000dcd00000, 0x00000000dcd00000| Untracked 
| 462|0x00000000dce00000, 0x00000000dce00000, 0x00000000dcf00000|  0%| F|  |TAMS 0x00000000dce00000, 0x00000000dce00000| Untracked 
| 463|0x00000000dcf00000, 0x00000000dcf00000, 0x00000000dd000000|  0%| F|  |TAMS 0x00000000dcf00000, 0x00000000dcf00000| Untracked 
| 464|0x00000000dd000000, 0x00000000dd000000, 0x00000000dd100000|  0%| F|  |TAMS 0x00000000dd000000, 0x00000000dd000000| Untracked 
| 465|0x00000000dd100000, 0x00000000dd100000, 0x00000000dd200000|  0%| F|  |TAMS 0x00000000dd100000, 0x00000000dd100000| Untracked 
| 466|0x00000000dd200000, 0x00000000dd200000, 0x00000000dd300000|  0%| F|  |TAMS 0x00000000dd200000, 0x00000000dd200000| Untracked 
| 467|0x00000000dd300000, 0x00000000dd300000, 0x00000000dd400000|  0%| F|  |TAMS 0x00000000dd300000, 0x00000000dd300000| Untracked 
| 468|0x00000000dd400000, 0x00000000dd400000, 0x00000000dd500000|  0%| F|  |TAMS 0x00000000dd400000, 0x00000000dd400000| Untracked 
| 469|0x00000000dd500000, 0x00000000dd500000, 0x00000000dd600000|  0%| F|  |TAMS 0x00000000dd500000, 0x00000000dd500000| Untracked 
| 470|0x00000000dd600000, 0x00000000dd600000, 0x00000000dd700000|  0%| F|  |TAMS 0x00000000dd600000, 0x00000000dd600000| Untracked 
| 471|0x00000000dd700000, 0x00000000dd700000, 0x00000000dd800000|  0%| F|  |TAMS 0x00000000dd700000, 0x00000000dd700000| Untracked 
| 472|0x00000000dd800000, 0x00000000dd800000, 0x00000000dd900000|  0%| F|  |TAMS 0x00000000dd800000, 0x00000000dd800000| Untracked 
| 473|0x00000000dd900000, 0x00000000dd900000, 0x00000000dda00000|  0%| F|  |TAMS 0x00000000dd900000, 0x00000000dd900000| Untracked 
| 474|0x00000000dda00000, 0x00000000dda00000, 0x00000000ddb00000|  0%| F|  |TAMS 0x00000000dda00000, 0x00000000dda00000| Untracked 
| 475|0x00000000ddb00000, 0x00000000ddb00000, 0x00000000ddc00000|  0%| F|  |TAMS 0x00000000ddb00000, 0x00000000ddb00000| Untracked 
| 476|0x00000000ddc00000, 0x00000000ddc00000, 0x00000000ddd00000|  0%| F|  |TAMS 0x00000000ddc00000, 0x00000000ddc00000| Untracked 
| 477|0x00000000ddd00000, 0x00000000ddd00000, 0x00000000dde00000|  0%| F|  |TAMS 0x00000000ddd00000, 0x00000000ddd00000| Untracked 
| 478|0x00000000dde00000, 0x00000000dde00000, 0x00000000ddf00000|  0%| F|  |TAMS 0x00000000dde00000, 0x00000000dde00000| Untracked 
| 479|0x00000000ddf00000, 0x00000000ddf00000, 0x00000000de000000|  0%| F|  |TAMS 0x00000000ddf00000, 0x00000000ddf00000| Untracked 
| 480|0x00000000de000000, 0x00000000de000000, 0x00000000de100000|  0%| F|  |TAMS 0x00000000de000000, 0x00000000de000000| Untracked 
| 481|0x00000000de100000, 0x00000000de100000, 0x00000000de200000|  0%| F|  |TAMS 0x00000000de100000, 0x00000000de100000| Untracked 
| 482|0x00000000de200000, 0x00000000de200000, 0x00000000de300000|  0%| F|  |TAMS 0x00000000de200000, 0x00000000de200000| Untracked 
| 483|0x00000000de300000, 0x00000000de300000, 0x00000000de400000|  0%| F|  |TAMS 0x00000000de300000, 0x00000000de300000| Untracked 
| 484|0x00000000de400000, 0x00000000de400000, 0x00000000de500000|  0%| F|  |TAMS 0x00000000de400000, 0x00000000de400000| Untracked 
| 485|0x00000000de500000, 0x00000000de500000, 0x00000000de600000|  0%| F|  |TAMS 0x00000000de500000, 0x00000000de500000| Untracked 
| 486|0x00000000de600000, 0x00000000de600000, 0x00000000de700000|  0%| F|  |TAMS 0x00000000de600000, 0x00000000de600000| Untracked 
| 487|0x00000000de700000, 0x00000000de700000, 0x00000000de800000|  0%| F|  |TAMS 0x00000000de700000, 0x00000000de700000| Untracked 
| 488|0x00000000de800000, 0x00000000de800000, 0x00000000de900000|  0%| F|  |TAMS 0x00000000de800000, 0x00000000de800000| Untracked 
| 489|0x00000000de900000, 0x00000000de900000, 0x00000000dea00000|  0%| F|  |TAMS 0x00000000de900000, 0x00000000de900000| Untracked 
| 490|0x00000000dea00000, 0x00000000dea00000, 0x00000000deb00000|  0%| F|  |TAMS 0x00000000dea00000, 0x00000000dea00000| Untracked 
| 491|0x00000000deb00000, 0x00000000deb00000, 0x00000000dec00000|  0%| F|  |TAMS 0x00000000deb00000, 0x00000000deb00000| Untracked 
| 492|0x00000000dec00000, 0x00000000dec00000, 0x00000000ded00000|  0%| F|  |TAMS 0x00000000dec00000, 0x00000000dec00000| Untracked 
| 493|0x00000000ded00000, 0x00000000ded00000, 0x00000000dee00000|  0%| F|  |TAMS 0x00000000ded00000, 0x00000000ded00000| Untracked 
| 494|0x00000000dee00000, 0x00000000dee00000, 0x00000000def00000|  0%| F|  |TAMS 0x00000000dee00000, 0x00000000dee00000| Untracked 
| 495|0x00000000def00000, 0x00000000def00000, 0x00000000df000000|  0%| F|  |TAMS 0x00000000def00000, 0x00000000def00000| Untracked 
| 496|0x00000000df000000, 0x00000000df000000, 0x00000000df100000|  0%| F|  |TAMS 0x00000000df000000, 0x00000000df000000| Untracked 
| 497|0x00000000df100000, 0x00000000df100000, 0x00000000df200000|  0%| F|  |TAMS 0x00000000df100000, 0x00000000df100000| Untracked 
| 498|0x00000000df200000, 0x00000000df200000, 0x00000000df300000|  0%| F|  |TAMS 0x00000000df200000, 0x00000000df200000| Untracked 
| 499|0x00000000df300000, 0x00000000df300000, 0x00000000df400000|  0%| F|  |TAMS 0x00000000df300000, 0x00000000df300000| Untracked 
| 500|0x00000000df400000, 0x00000000df400000, 0x00000000df500000|  0%| F|  |TAMS 0x00000000df400000, 0x00000000df400000| Untracked 
| 501|0x00000000df500000, 0x00000000df500000, 0x00000000df600000|  0%| F|  |TAMS 0x00000000df500000, 0x00000000df500000| Untracked 
| 502|0x00000000df600000, 0x00000000df600000, 0x00000000df700000|  0%| F|  |TAMS 0x00000000df600000, 0x00000000df600000| Untracked 
| 503|0x00000000df700000, 0x00000000df700000, 0x00000000df800000|  0%| F|  |TAMS 0x00000000df700000, 0x00000000df700000| Untracked 
| 504|0x00000000df800000, 0x00000000df800000, 0x00000000df900000|  0%| F|  |TAMS 0x00000000df800000, 0x00000000df800000| Untracked 
| 505|0x00000000df900000, 0x00000000df900000, 0x00000000dfa00000|  0%| F|  |TAMS 0x00000000df900000, 0x00000000df900000| Untracked 
| 506|0x00000000dfa00000, 0x00000000dfa00000, 0x00000000dfb00000|  0%| F|  |TAMS 0x00000000dfa00000, 0x00000000dfa00000| Untracked 
| 507|0x00000000dfb00000, 0x00000000dfb00000, 0x00000000dfc00000|  0%| F|  |TAMS 0x00000000dfb00000, 0x00000000dfb00000| Untracked 
| 508|0x00000000dfc00000, 0x00000000dfc00000, 0x00000000dfd00000|  0%| F|  |TAMS 0x00000000dfc00000, 0x00000000dfc00000| Untracked 
| 509|0x00000000dfd00000, 0x00000000dfd00000, 0x00000000dfe00000|  0%| F|  |TAMS 0x00000000dfd00000, 0x00000000dfd00000| Untracked 
| 510|0x00000000dfe00000, 0x00000000dfe00000, 0x00000000dff00000|  0%| F|  |TAMS 0x00000000dfe00000, 0x00000000dfe00000| Untracked 
| 511|0x00000000dff00000, 0x00000000dff00000, 0x00000000e0000000|  0%| F|  |TAMS 0x00000000dff00000, 0x00000000dff00000| Untracked 
| 512|0x00000000e0000000, 0x00000000e0000000, 0x00000000e0100000|  0%| F|  |TAMS 0x00000000e0000000, 0x00000000e0000000| Untracked 
| 513|0x00000000e0100000, 0x00000000e0100000, 0x00000000e0200000|  0%| F|  |TAMS 0x00000000e0100000, 0x00000000e0100000| Untracked 
| 514|0x00000000e0200000, 0x00000000e0200000, 0x00000000e0300000|  0%| F|  |TAMS 0x00000000e0200000, 0x00000000e0200000| Untracked 
| 515|0x00000000e0300000, 0x00000000e0300000, 0x00000000e0400000|  0%| F|  |TAMS 0x00000000e0300000, 0x00000000e0300000| Untracked 
| 516|0x00000000e0400000, 0x00000000e0400000, 0x00000000e0500000|  0%| F|  |TAMS 0x00000000e0400000, 0x00000000e0400000| Untracked 
| 517|0x00000000e0500000, 0x00000000e0500000, 0x00000000e0600000|  0%| F|  |TAMS 0x00000000e0500000, 0x00000000e0500000| Untracked 
| 518|0x00000000e0600000, 0x00000000e0600000, 0x00000000e0700000|  0%| F|  |TAMS 0x00000000e0600000, 0x00000000e0600000| Untracked 
| 519|0x00000000e0700000, 0x00000000e0700000, 0x00000000e0800000|  0%| F|  |TAMS 0x00000000e0700000, 0x00000000e0700000| Untracked 
| 520|0x00000000e0800000, 0x00000000e0800000, 0x00000000e0900000|  0%| F|  |TAMS 0x00000000e0800000, 0x00000000e0800000| Untracked 
| 521|0x00000000e0900000, 0x00000000e0900000, 0x00000000e0a00000|  0%| F|  |TAMS 0x00000000e0900000, 0x00000000e0900000| Untracked 
| 522|0x00000000e0a00000, 0x00000000e0a00000, 0x00000000e0b00000|  0%| F|  |TAMS 0x00000000e0a00000, 0x00000000e0a00000| Untracked 
| 523|0x00000000e0b00000, 0x00000000e0b00000, 0x00000000e0c00000|  0%| F|  |TAMS 0x00000000e0b00000, 0x00000000e0b00000| Untracked 
| 524|0x00000000e0c00000, 0x00000000e0c00000, 0x00000000e0d00000|  0%| F|  |TAMS 0x00000000e0c00000, 0x00000000e0c00000| Untracked 
| 525|0x00000000e0d00000, 0x00000000e0d00000, 0x00000000e0e00000|  0%| F|  |TAMS 0x00000000e0d00000, 0x00000000e0d00000| Untracked 
| 526|0x00000000e0e00000, 0x00000000e0e00000, 0x00000000e0f00000|  0%| F|  |TAMS 0x00000000e0e00000, 0x00000000e0e00000| Untracked 
| 527|0x00000000e0f00000, 0x00000000e0f00000, 0x00000000e1000000|  0%| F|  |TAMS 0x00000000e0f00000, 0x00000000e0f00000| Untracked 
| 528|0x00000000e1000000, 0x00000000e1000000, 0x00000000e1100000|  0%| F|  |TAMS 0x00000000e1000000, 0x00000000e1000000| Untracked 
| 529|0x00000000e1100000, 0x00000000e1100000, 0x00000000e1200000|  0%| F|  |TAMS 0x00000000e1100000, 0x00000000e1100000| Untracked 
| 530|0x00000000e1200000, 0x00000000e1200000, 0x00000000e1300000|  0%| F|  |TAMS 0x00000000e1200000, 0x00000000e1200000| Untracked 
| 531|0x00000000e1300000, 0x00000000e1300800, 0x00000000e1400000|  0%| E|  |TAMS 0x00000000e1300000, 0x00000000e1300000| Complete 
| 532|0x00000000e1400000, 0x00000000e1500000, 0x00000000e1500000|100%| E|CS|TAMS 0x00000000e1400000, 0x00000000e1400000| Complete 
| 533|0x00000000e1500000, 0x00000000e1600000, 0x00000000e1600000|100%| E|CS|TAMS 0x00000000e1500000, 0x00000000e1500000| Complete 
| 534|0x00000000e1600000, 0x00000000e1700000, 0x00000000e1700000|100%| E|CS|TAMS 0x00000000e1600000, 0x00000000e1600000| Complete 
| 535|0x00000000e1700000, 0x00000000e1800000, 0x00000000e1800000|100%| E|CS|TAMS 0x00000000e1700000, 0x00000000e1700000| Complete 
| 536|0x00000000e1800000, 0x00000000e1900000, 0x00000000e1900000|100%| E|CS|TAMS 0x00000000e1800000, 0x00000000e1800000| Complete 
| 537|0x00000000e1900000, 0x00000000e1a00000, 0x00000000e1a00000|100%| E|CS|TAMS 0x00000000e1900000, 0x00000000e1900000| Complete 
| 538|0x00000000e1a00000, 0x00000000e1b00000, 0x00000000e1b00000|100%| E|CS|TAMS 0x00000000e1a00000, 0x00000000e1a00000| Complete 
| 539|0x00000000e1b00000, 0x00000000e1c00000, 0x00000000e1c00000|100%| E|CS|TAMS 0x00000000e1b00000, 0x00000000e1b00000| Complete 
| 540|0x00000000e1c00000, 0x00000000e1d00000, 0x00000000e1d00000|100%| E|CS|TAMS 0x00000000e1c00000, 0x00000000e1c00000| Complete 
| 541|0x00000000e1d00000, 0x00000000e1e00000, 0x00000000e1e00000|100%| E|CS|TAMS 0x00000000e1d00000, 0x00000000e1d00000| Complete 
| 542|0x00000000e1e00000, 0x00000000e1f00000, 0x00000000e1f00000|100%| E|CS|TAMS 0x00000000e1e00000, 0x00000000e1e00000| Complete 
| 543|0x00000000e1f00000, 0x00000000e2000000, 0x00000000e2000000|100%| E|CS|TAMS 0x00000000e1f00000, 0x00000000e1f00000| Complete 
| 544|0x00000000e2000000, 0x00000000e2100000, 0x00000000e2100000|100%| E|CS|TAMS 0x00000000e2000000, 0x00000000e2000000| Complete 
| 545|0x00000000e2100000, 0x00000000e2200000, 0x00000000e2200000|100%| E|CS|TAMS 0x00000000e2100000, 0x00000000e2100000| Complete 
| 546|0x00000000e2200000, 0x00000000e2300000, 0x00000000e2300000|100%| E|CS|TAMS 0x00000000e2200000, 0x00000000e2200000| Complete 
| 547|0x00000000e2300000, 0x00000000e2400000, 0x00000000e2400000|100%| E|CS|TAMS 0x00000000e2300000, 0x00000000e2300000| Complete 
| 548|0x00000000e2400000, 0x00000000e2500000, 0x00000000e2500000|100%| E|CS|TAMS 0x00000000e2400000, 0x00000000e2400000| Complete 
| 549|0x00000000e2500000, 0x00000000e2600000, 0x00000000e2600000|100%| E|CS|TAMS 0x00000000e2500000, 0x00000000e2500000| Complete 
| 550|0x00000000e2600000, 0x00000000e2700000, 0x00000000e2700000|100%| E|CS|TAMS 0x00000000e2600000, 0x00000000e2600000| Complete 
| 551|0x00000000e2700000, 0x00000000e2800000, 0x00000000e2800000|100%| E|CS|TAMS 0x00000000e2700000, 0x00000000e2700000| Complete 
| 552|0x00000000e2800000, 0x00000000e2900000, 0x00000000e2900000|100%| E|CS|TAMS 0x00000000e2800000, 0x00000000e2800000| Complete 
| 553|0x00000000e2900000, 0x00000000e2a00000, 0x00000000e2a00000|100%| E|CS|TAMS 0x00000000e2900000, 0x00000000e2900000| Complete 
| 554|0x00000000e2a00000, 0x00000000e2b00000, 0x00000000e2b00000|100%| E|  |TAMS 0x00000000e2a00000, 0x00000000e2a00000| Complete 
| 555|0x00000000e2b00000, 0x00000000e2c00000, 0x00000000e2c00000|100%| E|CS|TAMS 0x00000000e2b00000, 0x00000000e2b00000| Complete 
| 556|0x00000000e2c00000, 0x00000000e2d00000, 0x00000000e2d00000|100%| E|CS|TAMS 0x00000000e2c00000, 0x00000000e2c00000| Complete 
| 557|0x00000000e2d00000, 0x00000000e2e00000, 0x00000000e2e00000|100%| E|CS|TAMS 0x00000000e2d00000, 0x00000000e2d00000| Complete 
| 558|0x00000000e2e00000, 0x00000000e2f00000, 0x00000000e2f00000|100%| E|CS|TAMS 0x00000000e2e00000, 0x00000000e2e00000| Complete 
| 559|0x00000000e2f00000, 0x00000000e3000000, 0x00000000e3000000|100%| E|CS|TAMS 0x00000000e2f00000, 0x00000000e2f00000| Complete 
| 560|0x00000000e3000000, 0x00000000e3100000, 0x00000000e3100000|100%| E|CS|TAMS 0x00000000e3000000, 0x00000000e3000000| Complete 
| 561|0x00000000e3100000, 0x00000000e3200000, 0x00000000e3200000|100%| E|CS|TAMS 0x00000000e3100000, 0x00000000e3100000| Complete 
| 562|0x00000000e3200000, 0x00000000e3300000, 0x00000000e3300000|100%| E|CS|TAMS 0x00000000e3200000, 0x00000000e3200000| Complete 
| 563|0x00000000e3300000, 0x00000000e3400000, 0x00000000e3400000|100%| E|CS|TAMS 0x00000000e3300000, 0x00000000e3300000| Complete 
| 564|0x00000000e3400000, 0x00000000e3500000, 0x00000000e3500000|100%| E|CS|TAMS 0x00000000e3400000, 0x00000000e3400000| Complete 
| 565|0x00000000e3500000, 0x00000000e3600000, 0x00000000e3600000|100%| E|CS|TAMS 0x00000000e3500000, 0x00000000e3500000| Complete 
| 566|0x00000000e3600000, 0x00000000e3700000, 0x00000000e3700000|100%| E|CS|TAMS 0x00000000e3600000, 0x00000000e3600000| Complete 
| 567|0x00000000e3700000, 0x00000000e3800000, 0x00000000e3800000|100%| E|CS|TAMS 0x00000000e3700000, 0x00000000e3700000| Complete 
| 568|0x00000000e3800000, 0x00000000e3900000, 0x00000000e3900000|100%| E|CS|TAMS 0x00000000e3800000, 0x00000000e3800000| Complete 
| 569|0x00000000e3900000, 0x00000000e3a00000, 0x00000000e3a00000|100%| E|CS|TAMS 0x00000000e3900000, 0x00000000e3900000| Complete 
| 570|0x00000000e3a00000, 0x00000000e3b00000, 0x00000000e3b00000|100%| E|CS|TAMS 0x00000000e3a00000, 0x00000000e3a00000| Complete 
| 571|0x00000000e3b00000, 0x00000000e3c00000, 0x00000000e3c00000|100%| E|CS|TAMS 0x00000000e3b00000, 0x00000000e3b00000| Complete 
| 572|0x00000000e3c00000, 0x00000000e3d00000, 0x00000000e3d00000|100%| E|CS|TAMS 0x00000000e3c00000, 0x00000000e3c00000| Complete 
| 573|0x00000000e3d00000, 0x00000000e3e00000, 0x00000000e3e00000|100%| E|CS|TAMS 0x00000000e3d00000, 0x00000000e3d00000| Complete 
| 574|0x00000000e3e00000, 0x00000000e3f00000, 0x00000000e3f00000|100%| E|CS|TAMS 0x00000000e3e00000, 0x00000000e3e00000| Complete 
| 575|0x00000000e3f00000, 0x00000000e4000000, 0x00000000e4000000|100%| E|CS|TAMS 0x00000000e3f00000, 0x00000000e3f00000| Complete 
| 576|0x00000000e4000000, 0x00000000e4100000, 0x00000000e4100000|100%| E|CS|TAMS 0x00000000e4000000, 0x00000000e4000000| Complete 
| 577|0x00000000e4100000, 0x00000000e4200000, 0x00000000e4200000|100%| E|CS|TAMS 0x00000000e4100000, 0x00000000e4100000| Complete 
| 578|0x00000000e4200000, 0x00000000e4300000, 0x00000000e4300000|100%| E|CS|TAMS 0x00000000e4200000, 0x00000000e4200000| Complete 
| 579|0x00000000e4300000, 0x00000000e4400000, 0x00000000e4400000|100%| E|CS|TAMS 0x00000000e4300000, 0x00000000e4300000| Complete 
| 580|0x00000000e4400000, 0x00000000e4500000, 0x00000000e4500000|100%| E|CS|TAMS 0x00000000e4400000, 0x00000000e4400000| Complete 
| 581|0x00000000e4500000, 0x00000000e4600000, 0x00000000e4600000|100%| E|CS|TAMS 0x00000000e4500000, 0x00000000e4500000| Complete 
| 582|0x00000000e4600000, 0x00000000e4700000, 0x00000000e4700000|100%| E|CS|TAMS 0x00000000e4600000, 0x00000000e4600000| Complete 
| 583|0x00000000e4700000, 0x00000000e4800000, 0x00000000e4800000|100%| E|CS|TAMS 0x00000000e4700000, 0x00000000e4700000| Complete 
| 584|0x00000000e4800000, 0x00000000e4900000, 0x00000000e4900000|100%| E|CS|TAMS 0x00000000e4800000, 0x00000000e4800000| Complete 
| 585|0x00000000e4900000, 0x00000000e4a00000, 0x00000000e4a00000|100%| E|CS|TAMS 0x00000000e4900000, 0x00000000e4900000| Complete 
| 586|0x00000000e4a00000, 0x00000000e4b00000, 0x00000000e4b00000|100%| E|CS|TAMS 0x00000000e4a00000, 0x00000000e4a00000| Complete 
| 587|0x00000000e4b00000, 0x00000000e4c00000, 0x00000000e4c00000|100%| E|CS|TAMS 0x00000000e4b00000, 0x00000000e4b00000| Complete 
| 588|0x00000000e4c00000, 0x00000000e4d00000, 0x00000000e4d00000|100%| E|CS|TAMS 0x00000000e4c00000, 0x00000000e4c00000| Complete 
| 589|0x00000000e4d00000, 0x00000000e4e00000, 0x00000000e4e00000|100%| E|CS|TAMS 0x00000000e4d00000, 0x00000000e4d00000| Complete 
| 590|0x00000000e4e00000, 0x00000000e4f00000, 0x00000000e4f00000|100%| E|CS|TAMS 0x00000000e4e00000, 0x00000000e4e00000| Complete 
| 591|0x00000000e4f00000, 0x00000000e5000000, 0x00000000e5000000|100%| E|CS|TAMS 0x00000000e4f00000, 0x00000000e4f00000| Complete 
| 592|0x00000000e5000000, 0x00000000e5100000, 0x00000000e5100000|100%| E|CS|TAMS 0x00000000e5000000, 0x00000000e5000000| Complete 
| 593|0x00000000e5100000, 0x00000000e5200000, 0x00000000e5200000|100%| E|CS|TAMS 0x00000000e5100000, 0x00000000e5100000| Complete 
| 594|0x00000000e5200000, 0x00000000e5300000, 0x00000000e5300000|100%| E|CS|TAMS 0x00000000e5200000, 0x00000000e5200000| Complete 
| 595|0x00000000e5300000, 0x00000000e5400000, 0x00000000e5400000|100%| E|CS|TAMS 0x00000000e5300000, 0x00000000e5300000| Complete 
| 596|0x00000000e5400000, 0x00000000e5500000, 0x00000000e5500000|100%| E|CS|TAMS 0x00000000e5400000, 0x00000000e5400000| Complete 
| 597|0x00000000e5500000, 0x00000000e5600000, 0x00000000e5600000|100%| E|CS|TAMS 0x00000000e5500000, 0x00000000e5500000| Complete 
| 598|0x00000000e5600000, 0x00000000e5700000, 0x00000000e5700000|100%| E|CS|TAMS 0x00000000e5600000, 0x00000000e5600000| Complete 
| 599|0x00000000e5700000, 0x00000000e5800000, 0x00000000e5800000|100%| E|CS|TAMS 0x00000000e5700000, 0x00000000e5700000| Complete 
| 600|0x00000000e5800000, 0x00000000e5900000, 0x00000000e5900000|100%| E|CS|TAMS 0x00000000e5800000, 0x00000000e5800000| Complete 
| 601|0x00000000e5900000, 0x00000000e5a00000, 0x00000000e5a00000|100%| E|CS|TAMS 0x00000000e5900000, 0x00000000e5900000| Complete 
| 602|0x00000000e5a00000, 0x00000000e5b00000, 0x00000000e5b00000|100%| E|CS|TAMS 0x00000000e5a00000, 0x00000000e5a00000| Complete 
| 603|0x00000000e5b00000, 0x00000000e5c00000, 0x00000000e5c00000|100%| E|CS|TAMS 0x00000000e5b00000, 0x00000000e5b00000| Complete 
| 604|0x00000000e5c00000, 0x00000000e5d00000, 0x00000000e5d00000|100%| E|CS|TAMS 0x00000000e5c00000, 0x00000000e5c00000| Complete 
| 605|0x00000000e5d00000, 0x00000000e5e00000, 0x00000000e5e00000|100%| E|CS|TAMS 0x00000000e5d00000, 0x00000000e5d00000| Complete 
| 606|0x00000000e5e00000, 0x00000000e5f00000, 0x00000000e5f00000|100%| E|CS|TAMS 0x00000000e5e00000, 0x00000000e5e00000| Complete 
| 607|0x00000000e5f00000, 0x00000000e6000000, 0x00000000e6000000|100%| E|CS|TAMS 0x00000000e5f00000, 0x00000000e5f00000| Complete 
| 608|0x00000000e6000000, 0x00000000e6100000, 0x00000000e6100000|100%| E|CS|TAMS 0x00000000e6000000, 0x00000000e6000000| Complete 
| 609|0x00000000e6100000, 0x00000000e6200000, 0x00000000e6200000|100%| E|CS|TAMS 0x00000000e6100000, 0x00000000e6100000| Complete 
| 610|0x00000000e6200000, 0x00000000e6300000, 0x00000000e6300000|100%| E|CS|TAMS 0x00000000e6200000, 0x00000000e6200000| Complete 
| 611|0x00000000e6300000, 0x00000000e6400000, 0x00000000e6400000|100%| E|CS|TAMS 0x00000000e6300000, 0x00000000e6300000| Complete 
| 612|0x00000000e6400000, 0x00000000e6500000, 0x00000000e6500000|100%| E|CS|TAMS 0x00000000e6400000, 0x00000000e6400000| Complete 
| 613|0x00000000e6500000, 0x00000000e6600000, 0x00000000e6600000|100%| E|CS|TAMS 0x00000000e6500000, 0x00000000e6500000| Complete 
| 614|0x00000000e6600000, 0x00000000e6700000, 0x00000000e6700000|100%| E|CS|TAMS 0x00000000e6600000, 0x00000000e6600000| Complete 
| 615|0x00000000e6700000, 0x00000000e6800000, 0x00000000e6800000|100%| E|CS|TAMS 0x00000000e6700000, 0x00000000e6700000| Complete 
| 616|0x00000000e6800000, 0x00000000e6900000, 0x00000000e6900000|100%| E|CS|TAMS 0x00000000e6800000, 0x00000000e6800000| Complete 
| 617|0x00000000e6900000, 0x00000000e6a00000, 0x00000000e6a00000|100%| E|CS|TAMS 0x00000000e6900000, 0x00000000e6900000| Complete 
| 618|0x00000000e6a00000, 0x00000000e6b00000, 0x00000000e6b00000|100%| E|CS|TAMS 0x00000000e6a00000, 0x00000000e6a00000| Complete 
| 619|0x00000000e6b00000, 0x00000000e6c00000, 0x00000000e6c00000|100%| E|CS|TAMS 0x00000000e6b00000, 0x00000000e6b00000| Complete 
| 620|0x00000000e6c00000, 0x00000000e6d00000, 0x00000000e6d00000|100%| E|CS|TAMS 0x00000000e6c00000, 0x00000000e6c00000| Complete 
| 621|0x00000000e6d00000, 0x00000000e6e00000, 0x00000000e6e00000|100%| E|CS|TAMS 0x00000000e6d00000, 0x00000000e6d00000| Complete 
| 622|0x00000000e6e00000, 0x00000000e6f00000, 0x00000000e6f00000|100%| E|CS|TAMS 0x00000000e6e00000, 0x00000000e6e00000| Complete 
| 623|0x00000000e6f00000, 0x00000000e7000000, 0x00000000e7000000|100%| E|CS|TAMS 0x00000000e6f00000, 0x00000000e6f00000| Complete 
| 624|0x00000000e7000000, 0x00000000e7100000, 0x00000000e7100000|100%| E|CS|TAMS 0x00000000e7000000, 0x00000000e7000000| Complete 
| 625|0x00000000e7100000, 0x00000000e7200000, 0x00000000e7200000|100%| E|CS|TAMS 0x00000000e7100000, 0x00000000e7100000| Complete 
| 626|0x00000000e7200000, 0x00000000e7300000, 0x00000000e7300000|100%| E|CS|TAMS 0x00000000e7200000, 0x00000000e7200000| Complete 
| 627|0x00000000e7300000, 0x00000000e7400000, 0x00000000e7400000|100%| E|CS|TAMS 0x00000000e7300000, 0x00000000e7300000| Complete 
| 628|0x00000000e7400000, 0x00000000e7500000, 0x00000000e7500000|100%| E|CS|TAMS 0x00000000e7400000, 0x00000000e7400000| Complete 
| 629|0x00000000e7500000, 0x00000000e7600000, 0x00000000e7600000|100%| E|CS|TAMS 0x00000000e7500000, 0x00000000e7500000| Complete 
| 630|0x00000000e7600000, 0x00000000e7700000, 0x00000000e7700000|100%| E|CS|TAMS 0x00000000e7600000, 0x00000000e7600000| Complete 
| 631|0x00000000e7700000, 0x00000000e7800000, 0x00000000e7800000|100%| E|CS|TAMS 0x00000000e7700000, 0x00000000e7700000| Complete 
| 632|0x00000000e7800000, 0x00000000e7900000, 0x00000000e7900000|100%| E|CS|TAMS 0x00000000e7800000, 0x00000000e7800000| Complete 
| 633|0x00000000e7900000, 0x00000000e7a00000, 0x00000000e7a00000|100%| E|CS|TAMS 0x00000000e7900000, 0x00000000e7900000| Complete 
| 634|0x00000000e7a00000, 0x00000000e7b00000, 0x00000000e7b00000|100%| E|CS|TAMS 0x00000000e7a00000, 0x00000000e7a00000| Complete 
| 635|0x00000000e7b00000, 0x00000000e7c00000, 0x00000000e7c00000|100%| E|CS|TAMS 0x00000000e7b00000, 0x00000000e7b00000| Complete 
| 636|0x00000000e7c00000, 0x00000000e7d00000, 0x00000000e7d00000|100%| E|CS|TAMS 0x00000000e7c00000, 0x00000000e7c00000| Complete 
| 637|0x00000000e7d00000, 0x00000000e7e00000, 0x00000000e7e00000|100%| E|CS|TAMS 0x00000000e7d00000, 0x00000000e7d00000| Complete 
| 638|0x00000000e7e00000, 0x00000000e7f00000, 0x00000000e7f00000|100%| E|CS|TAMS 0x00000000e7e00000, 0x00000000e7e00000| Complete 
| 639|0x00000000e7f00000, 0x00000000e8000000, 0x00000000e8000000|100%| E|CS|TAMS 0x00000000e7f00000, 0x00000000e7f00000| Complete 
| 640|0x00000000e8000000, 0x00000000e8100000, 0x00000000e8100000|100%| E|CS|TAMS 0x00000000e8000000, 0x00000000e8000000| Complete 
| 641|0x00000000e8100000, 0x00000000e8200000, 0x00000000e8200000|100%| E|CS|TAMS 0x00000000e8100000, 0x00000000e8100000| Complete 
| 642|0x00000000e8200000, 0x00000000e8300000, 0x00000000e8300000|100%| E|CS|TAMS 0x00000000e8200000, 0x00000000e8200000| Complete 
| 643|0x00000000e8300000, 0x00000000e8400000, 0x00000000e8400000|100%| E|CS|TAMS 0x00000000e8300000, 0x00000000e8300000| Complete 
| 644|0x00000000e8400000, 0x00000000e8500000, 0x00000000e8500000|100%| E|CS|TAMS 0x00000000e8400000, 0x00000000e8400000| Complete 
| 645|0x00000000e8500000, 0x00000000e8600000, 0x00000000e8600000|100%| E|CS|TAMS 0x00000000e8500000, 0x00000000e8500000| Complete 
| 646|0x00000000e8600000, 0x00000000e8700000, 0x00000000e8700000|100%| E|CS|TAMS 0x00000000e8600000, 0x00000000e8600000| Complete 
| 647|0x00000000e8700000, 0x00000000e8800000, 0x00000000e8800000|100%| E|CS|TAMS 0x00000000e8700000, 0x00000000e8700000| Complete 
| 648|0x00000000e8800000, 0x00000000e8900000, 0x00000000e8900000|100%| E|CS|TAMS 0x00000000e8800000, 0x00000000e8800000| Complete 
| 649|0x00000000e8900000, 0x00000000e8a00000, 0x00000000e8a00000|100%| E|CS|TAMS 0x00000000e8900000, 0x00000000e8900000| Complete 
| 650|0x00000000e8a00000, 0x00000000e8b00000, 0x00000000e8b00000|100%| E|CS|TAMS 0x00000000e8a00000, 0x00000000e8a00000| Complete 
| 651|0x00000000e8b00000, 0x00000000e8c00000, 0x00000000e8c00000|100%| E|CS|TAMS 0x00000000e8b00000, 0x00000000e8b00000| Complete 
| 652|0x00000000e8c00000, 0x00000000e8d00000, 0x00000000e8d00000|100%| E|CS|TAMS 0x00000000e8c00000, 0x00000000e8c00000| Complete 
| 653|0x00000000e8d00000, 0x00000000e8e00000, 0x00000000e8e00000|100%| E|CS|TAMS 0x00000000e8d00000, 0x00000000e8d00000| Complete 
| 654|0x00000000e8e00000, 0x00000000e8f00000, 0x00000000e8f00000|100%| E|CS|TAMS 0x00000000e8e00000, 0x00000000e8e00000| Complete 
| 655|0x00000000e8f00000, 0x00000000e9000000, 0x00000000e9000000|100%| E|CS|TAMS 0x00000000e8f00000, 0x00000000e8f00000| Complete 
| 656|0x00000000e9000000, 0x00000000e9100000, 0x00000000e9100000|100%| E|CS|TAMS 0x00000000e9000000, 0x00000000e9000000| Complete 
| 657|0x00000000e9100000, 0x00000000e9200000, 0x00000000e9200000|100%| S|CS|TAMS 0x00000000e9100000, 0x00000000e9100000| Complete 
| 658|0x00000000e9200000, 0x00000000e9300000, 0x00000000e9300000|100%| S|CS|TAMS 0x00000000e9200000, 0x00000000e9200000| Complete 
| 659|0x00000000e9300000, 0x00000000e9400000, 0x00000000e9400000|100%| S|CS|TAMS 0x00000000e9300000, 0x00000000e9300000| Complete 
| 660|0x00000000e9400000, 0x00000000e9500000, 0x00000000e9500000|100%| S|CS|TAMS 0x00000000e9400000, 0x00000000e9400000| Complete 
| 661|0x00000000e9500000, 0x00000000e9600000, 0x00000000e9600000|100%| S|CS|TAMS 0x00000000e9500000, 0x00000000e9500000| Complete 
| 662|0x00000000e9600000, 0x00000000e9700000, 0x00000000e9700000|100%| E|CS|TAMS 0x00000000e9600000, 0x00000000e9600000| Complete 
| 663|0x00000000e9700000, 0x00000000e9800000, 0x00000000e9800000|100%| E|CS|TAMS 0x00000000e9700000, 0x00000000e9700000| Complete 
| 664|0x00000000e9800000, 0x00000000e9900000, 0x00000000e9900000|100%| E|CS|TAMS 0x00000000e9800000, 0x00000000e9800000| Complete 
| 665|0x00000000e9900000, 0x00000000e9a00000, 0x00000000e9a00000|100%| E|CS|TAMS 0x00000000e9900000, 0x00000000e9900000| Complete 
| 666|0x00000000e9a00000, 0x00000000e9b00000, 0x00000000e9b00000|100%| E|CS|TAMS 0x00000000e9a00000, 0x00000000e9a00000| Complete 
| 667|0x00000000e9b00000, 0x00000000e9c00000, 0x00000000e9c00000|100%| E|CS|TAMS 0x00000000e9b00000, 0x00000000e9b00000| Complete 
| 668|0x00000000e9c00000, 0x00000000e9d00000, 0x00000000e9d00000|100%| E|CS|TAMS 0x00000000e9c00000, 0x00000000e9c00000| Complete 
| 669|0x00000000e9d00000, 0x00000000e9e00000, 0x00000000e9e00000|100%| E|CS|TAMS 0x00000000e9d00000, 0x00000000e9d00000| Complete 
| 670|0x00000000e9e00000, 0x00000000e9f00000, 0x00000000e9f00000|100%| E|CS|TAMS 0x00000000e9e00000, 0x00000000e9e00000| Complete 
| 671|0x00000000e9f00000, 0x00000000ea000000, 0x00000000ea000000|100%| E|CS|TAMS 0x00000000e9f00000, 0x00000000e9f00000| Complete 
| 672|0x00000000ea000000, 0x00000000ea100000, 0x00000000ea100000|100%| E|CS|TAMS 0x00000000ea000000, 0x00000000ea000000| Complete 
|1022|0x00000000ffe00000, 0x00000000ffe47000, 0x00000000fff00000| 27%|OA|  |TAMS 0x00000000ffe47000, 0x00000000ffe00000| Untracked 
|1023|0x00000000fff00000, 0x00000000fff6c000, 0x0000000100000000| 42%|CA|  |TAMS 0x00000000fff6c000, 0x00000000fff00000| Untracked 

Card table byte_map: [0x0000792ce41f6000,0x0000792ce43f6000] _byte_map_base: 0x0000792ce3bf6000

Marking Bits (Prev, Next): (CMBitMap*) 0x0000792ce005b800, (CMBitMap*) 0x0000792ce005b7c8
 Prev Bits: [0x0000792cc2000000, 0x0000792cc3000000)
 Next Bits: [0x0000792cc3000000, 0x0000792cc4000000)

Polling page: 0x0000792ce7da5000

Metaspace:

Usage:
  Non-class:    134.49 MB capacity,   130.92 MB ( 97%) used,     2.71 MB (  2%) free+waste,   890.19 KB ( <1%) overhead. 
      Class:     23.43 MB capacity,    20.04 MB ( 86%) used,     2.94 MB ( 13%) free+waste,   467.44 KB (  2%) overhead. 
       Both:    157.93 MB capacity,   150.96 MB ( 96%) used,     5.64 MB (  4%) free+waste,     1.33 MB ( <1%) overhead. 

Virtual space:
  Non-class space:      136.00 MB reserved,     135.50 MB (>99%) committed 
      Class space:        1.00 GB reserved,      24.12 MB (  2%) committed 
             Both:        1.13 GB reserved,     159.62 MB ( 14%) committed 

Chunk freelists:
   Non-Class:  781.00 KB
       Class:  675.00 KB
        Both:  1.42 MB

MaxMetaspaceSize: unlimited
CompressedClassSpaceSize: 1.00 GB
Initial GC threshold: 20.80 MB
Current GC threshold: 266.04 MB
CDS: on

CodeHeap 'non-profiled nmethods': size=119172Kb used=10195Kb max_used=10195Kb free=108976Kb
 bounds [0x0000792cd0343000, 0x0000792cd0d43000, 0x0000792cd77a4000]
CodeHeap 'profiled nmethods': size=119168Kb used=39240Kb max_used=39240Kb free=79927Kb
 bounds [0x0000792cc8ee3000, 0x0000792ccb543000, 0x0000792cd0343000]
CodeHeap 'non-nmethods': size=7420Kb used=2739Kb max_used=2783Kb free=4680Kb
 bounds [0x0000792cc87a4000, 0x0000792cc8aa4000, 0x0000792cc8ee3000]
 total_blobs=21737 nmethods=20745 adapters=902
 compilation: enabled
              stopped_count=0, restarted_count=0
 full_count=0

Compilation events (20 events):
Event: 34.005 Thread 0x0000792c94040800 nmethod 21280 0x0000792ccb528310 code [0x0000792ccb5285a0, 0x0000792ccb5290f0]
Event: 34.005 Thread 0x0000792b78076800 21285       3       java.time.LocalTime::ofNanoOfDay (68 bytes)
Event: 34.005 Thread 0x0000792c94040800 21286       3       java.time.chrono.IsoChronology::isLeapYear (36 bytes)
Event: 34.005 Thread 0x0000792c94040800 nmethod 21286 0x0000792ccb529610 code [0x0000792ccb5297c0, 0x0000792ccb529a30]
Event: 34.005 Thread 0x0000792c94040800 21284       3       java.time.zone.ZoneRules::getOffset (153 bytes)
Event: 34.005 Thread 0x0000792ce013d800 nmethod 21281 0x0000792ccb529b10 code [0x0000792ccb529dc0, 0x0000792ccb52aca0]
Event: 34.005 Thread 0x0000792ce013d800 21282       3       java.time.zone.ZoneRules::getValidOffsets (29 bytes)
Event: 34.006 Thread 0x0000792b78076800 nmethod 21285 0x0000792ccb52b310 code [0x0000792ccb52b540, 0x0000792ccb52bcf0]
Event: 34.006 Thread 0x0000792ce013d800 nmethod 21282 0x0000792ccb52c090 code [0x0000792ccb52c2a0, 0x0000792ccb52cab0]
Event: 34.006 Thread 0x0000792c94040800 nmethod 21284 0x0000792ccb52cc90 code [0x0000792ccb52cf00, 0x0000792ccb52d800]
Event: 34.007 Thread 0x0000792b78076800 21287       3       org.apache.iceberg.shaded.org.apache.arrow.vector.BaseVariableWidthVector::handleSafe (64 bytes)
Event: 34.007 Thread 0x0000792ce013d800 21288       3       org.apache.iceberg.shaded.org.apache.arrow.vector.BaseVariableWidthVector::setValueLengthSafe (57 bytes)
Event: 34.007 Thread 0x0000792c94040800 21289       3       org.apache.iceberg.arrow.vectorized.parquet.VectorizedParquetDefinitionLevelReader$BaseReader::nextBatch (298 bytes)
Event: 34.007 Thread 0x0000792ce013d800 nmethod 21288 0x0000792ccb52dc90 code [0x0000792ccb52dec0, 0x0000792ccb52e550]
Event: 34.007 Thread 0x0000792ce013b800 nmethod 21274 0x0000792cd0d2e190 code [0x0000792cd0d2e380, 0x0000792cd0d2ea68]
Event: 34.007 Thread 0x0000792b78076800 nmethod 21287 0x0000792ccb52e890 code [0x0000792ccb52eb00, 0x0000792ccb52f770]
Event: 34.007 Thread 0x0000792b78076800 21290       3       org.apache.iceberg.arrow.vectorized.parquet.VectorizedParquetDefinitionLevelReader$VarWidthReader::nextVal (70 bytes)
Event: 34.007 Thread 0x0000792ce013b800 21275       4       org.apache.iceberg.shaded.org.apache.parquet.shaded.org.apache.thrift.transport.TTransport::readAll (87 bytes)
Event: 34.008 Thread 0x0000792b78076800 nmethod 21290 0x0000792ccb52fc10 code [0x0000792ccb52fea0, 0x0000792ccb5309b0]
Event: 34.008 Thread 0x0000792c94040800 nmethod 21289 0x0000792ccb530e90 code [0x0000792ccb531160, 0x0000792ccb532220]

GC Heap History (20 events):
Event: 31.566 GC heap before
{Heap before GC invocations=167 (full 0):
 garbage-first heap   total 691200K, used 569643K [0x00000000c0000000, 0x0000000100000000)
  region size 1024K, 199 young (203776K), 11 survivors (11264K)
 Metaspace       used 154521K, capacity 161609K, committed 163200K, reserved 1187840K
  class space    used 20513K, capacity 23983K, committed 24704K, reserved 1048576K
}
Event: 31.570 GC heap after
{Heap after GC invocations=168 (full 0):
 garbage-first heap   total 691200K, used 343110K [0x00000000c0000000, 0x0000000100000000)
  region size 1024K, 13 young (13312K), 13 survivors (13312K)
 Metaspace       used 154521K, capacity 161609K, committed 163200K, reserved 1187840K
  class space    used 20513K, capacity 23983K, committed 24704K, reserved 1048576K
}
Event: 31.589 GC heap before
{Heap before GC invocations=168 (full 0):
 garbage-first heap   total 691200K, used 362566K [0x00000000c0000000, 0x0000000100000000)
  region size 1024K, 33 young (33792K), 13 survivors (13312K)
 Metaspace       used 154526K, capacity 161674K, committed 163456K, reserved 1187840K
  class space    used 20513K, capacity 23983K, committed 24704K, reserved 1048576K
}
Event: 31.596 GC heap after
{Heap after GC invocations=169 (full 0):
 garbage-first heap   total 691200K, used 321817K [0x00000000c0000000, 0x0000000100000000)
  region size 1024K, 5 young (5120K), 5 survivors (5120K)
 Metaspace       used 154526K, capacity 161674K, committed 163456K, reserved 1187840K
  class space    used 20513K, capacity 23983K, committed 24704K, reserved 1048576K
}
Event: 32.022 GC heap before
{Heap before GC invocations=169 (full 0):
 garbage-first heap   total 691200K, used 601369K [0x00000000c0000000, 0x0000000100000000)
  region size 1024K, 229 young (234496K), 5 survivors (5120K)
 Metaspace       used 154536K, capacity 161680K, committed 163456K, reserved 1187840K
  class space    used 20513K, capacity 23983K, committed 24704K, reserved 1048576K
}
Event: 32.030 GC heap after
{Heap after GC invocations=170 (full 0):
 garbage-first heap   total 691200K, used 374731K [0x00000000c0000000, 0x0000000100000000)
  region size 1024K, 27 young (27648K), 27 survivors (27648K)
 Metaspace       used 154536K, capacity 161680K, committed 163456K, reserved 1187840K
  class space    used 20513K, capacity 23983K, committed 24704K, reserved 1048576K
}
Event: 32.040 GC heap before
{Heap before GC invocations=170 (full 0):
 garbage-first heap   total 691200K, used 390091K [0x00000000c0000000, 0x0000000100000000)
  region size 1024K, 44 young (45056K), 27 survivors (27648K)
 Metaspace       used 154536K, capacity 161680K, committed 163456K, reserved 1187840K
  class space    used 20513K, capacity 23983K, committed 24704K, reserved 1048576K
}
Event: 32.046 GC heap after
{Heap after GC invocations=171 (full 0):
 garbage-first heap   total 691200K, used 360074K [0x00000000c0000000, 0x0000000100000000)
  region size 1024K, 2 young (2048K), 2 survivors (2048K)
 Metaspace       used 154536K, capacity 161680K, committed 163456K, reserved 1187840K
  class space    used 20513K, capacity 23983K, committed 24704K, reserved 1048576K
}
Event: 32.475 GC heap before
{Heap before GC invocations=172 (full 0):
 garbage-first heap   total 691200K, used 564874K [0x00000000c0000000, 0x0000000100000000)
  region size 1024K, 204 young (208896K), 2 survivors (2048K)
 Metaspace       used 154541K, capacity 161681K, committed 163456K, reserved 1187840K
  class space    used 20514K, capacity 23983K, committed 24704K, reserved 1048576K
}
Event: 32.499 GC heap after
{Heap after GC invocations=173 (full 0):
 garbage-first heap   total 691200K, used 354400K [0x00000000c0000000, 0x0000000100000000)
  region size 1024K, 20 young (20480K), 20 survivors (20480K)
 Metaspace       used 154541K, capacity 161681K, committed 163456K, reserved 1187840K
  class space    used 20514K, capacity 23983K, committed 24704K, reserved 1048576K
}
Event: 32.541 GC heap before
{Heap before GC invocations=173 (full 0):
 garbage-first heap   total 691200K, used 374880K [0x00000000c0000000, 0x0000000100000000)
  region size 1024K, 33 young (33792K), 20 survivors (20480K)
 Metaspace       used 154542K, capacity 161681K, committed 163456K, reserved 1187840K
  class space    used 20514K, capacity 23983K, committed 24704K, reserved 1048576K
}
Event: 32.552 GC heap after
{Heap after GC invocations=174 (full 0):
 garbage-first heap   total 691200K, used 327283K [0x00000000c0000000, 0x0000000100000000)
  region size 1024K, 3 young (3072K), 3 survivors (3072K)
 Metaspace       used 154542K, capacity 161681K, committed 163456K, reserved 1187840K
  class space    used 20514K, capacity 23983K, committed 24704K, reserved 1048576K
}
Event: 33.187 GC heap before
{Heap before GC invocations=174 (full 0):
 garbage-first heap   total 691200K, used 632435K [0x00000000c0000000, 0x0000000100000000)
  region size 1024K, 235 young (240640K), 3 survivors (3072K)
 Metaspace       used 154549K, capacity 161681K, committed 163456K, reserved 1187840K
  class space    used 20514K, capacity 23983K, committed 24704K, reserved 1048576K
}
Event: 33.194 GC heap after
{Heap after GC invocations=175 (full 0):
 garbage-first heap   total 691200K, used 387622K [0x00000000c0000000, 0x0000000100000000)
  region size 1024K, 17 young (17408K), 17 survivors (17408K)
 Metaspace       used 154549K, capacity 161681K, committed 163456K, reserved 1187840K
  class space    used 20514K, capacity 23983K, committed 24704K, reserved 1048576K
}
Event: 33.206 GC heap before
{Heap before GC invocations=175 (full 0):
 garbage-first heap   total 691200K, used 397862K [0x00000000c0000000, 0x0000000100000000)
  region size 1024K, 29 young (29696K), 17 survivors (17408K)
 Metaspace       used 154549K, capacity 161681K, committed 163456K, reserved 1187840K
  class space    used 20514K, capacity 23983K, committed 24704K, reserved 1048576K
}
Event: 33.214 GC heap after
{Heap after GC invocations=176 (full 0):
 garbage-first heap   total 691200K, used 386974K [0x00000000c0000000, 0x0000000100000000)
  region size 1024K, 3 young (3072K), 3 survivors (3072K)
 Metaspace       used 154549K, capacity 161681K, committed 163456K, reserved 1187840K
  class space    used 20514K, capacity 23983K, committed 24704K, reserved 1048576K
}
Event: 33.589 GC heap before
{Heap before GC invocations=177 (full 0):
 garbage-first heap   total 691200K, used 549790K [0x00000000c0000000, 0x0000000100000000)
  region size 1024K, 193 young (197632K), 3 survivors (3072K)
 Metaspace       used 154579K, capacity 161716K, committed 163456K, reserved 1187840K
  class space    used 20523K, capacity 23997K, committed 24704K, reserved 1048576K
}
Event: 33.597 GC heap after
{Heap after GC invocations=178 (full 0):
 garbage-first heap   total 691200K, used 353391K [0x00000000c0000000, 0x0000000100000000)
  region size 1024K, 22 young (22528K), 22 survivors (22528K)
 Metaspace       used 154579K, capacity 161716K, committed 163456K, reserved 1187840K
  class space    used 20523K, capacity 23997K, committed 24704K, reserved 1048576K
}
Event: 33.660 GC heap before
{Heap before GC invocations=178 (full 0):
 garbage-first heap   total 691200K, used 365679K [0x00000000c0000000, 0x0000000100000000)
  region size 1024K, 33 young (33792K), 22 survivors (22528K)
 Metaspace       used 154579K, capacity 161716K, committed 163456K, reserved 1187840K
  class space    used 20523K, capacity 23997K, committed 24704K, reserved 1048576K
}
Event: 33.667 GC heap after
{Heap after GC invocations=179 (full 0):
 garbage-first heap   total 691200K, used 318609K [0x00000000c0000000, 0x0000000100000000)
  region size 1024K, 5 young (5120K), 5 survivors (5120K)
 Metaspace       used 154579K, capacity 161716K, committed 163456K, reserved 1187840K
  class space    used 20523K, capacity 23997K, committed 24704K, reserved 1048576K
}

Deoptimization events (20 events):
Event: 33.998 Thread 0x0000792c18054800 Uncommon trap: trap_request=0xffffffde fr.pc=0x0000792cd0a8611c relative=0x000000000000023c
Event: 33.998 Thread 0x0000792c18054800 Uncommon trap: reason=class_check action=maybe_recompile pc=0x0000792cd0a8611c method=org.apache.iceberg.shaded.org.apache.parquet.shaded.org.apache.thrift.transport.TIOStreamTransport.read([BII)I @ 25 c2
Event: 33.998 Thread 0x0000792c18054800 DEOPT PACKING pc=0x0000792cd0a8611c sp=0x0000792b01afcd30
Event: 33.998 Thread 0x0000792c18054800 DEOPT UNPACKING pc=0x0000792cc87edea5 sp=0x0000792b01afcbe8 mode 2
Event: 33.998 Thread 0x0000792c18054800 Uncommon trap: trap_request=0xffffffde fr.pc=0x0000792cd0a7cefc relative=0x000000000000023c
Event: 33.998 Thread 0x0000792c18054800 Uncommon trap: reason=class_check action=maybe_recompile pc=0x0000792cd0a7cefc method=org.apache.iceberg.shaded.org.apache.parquet.shaded.org.apache.thrift.transport.TIOStreamTransport.read([BII)I @ 25 c2
Event: 33.998 Thread 0x0000792c18054800 DEOPT PACKING pc=0x0000792cd0a7cefc sp=0x0000792b01afcc90
Event: 33.998 Thread 0x0000792c18054800 DEOPT UNPACKING pc=0x0000792cc87edea5 sp=0x0000792b01afcbe0 mode 2
Event: 34.006 Thread 0x0000792c18054800 Uncommon trap: trap_request=0xffffff4d fr.pc=0x0000792cd0c015b4 relative=0x0000000000002ed4
Event: 34.006 Thread 0x0000792c18054800 Uncommon trap: reason=unstable_if action=reinterpret pc=0x0000792cd0c015b4 method=org.apache.iceberg.arrow.vectorized.parquet.VectorizedParquetDefinitionLevelReader$BaseReader.nextBatch(Lorg/apache/iceberg/shaded/org/apache/arrow/vector/FieldVector;IIILor
Event: 34.006 Thread 0x0000792c18054800 DEOPT PACKING pc=0x0000792cd0c015b4 sp=0x0000792b01afd360
Event: 34.006 Thread 0x0000792c18054800 DEOPT UNPACKING pc=0x0000792cc87edea5 sp=0x0000792b01afd340 mode 2
Event: 34.006 Thread 0x0000792c18054800 Uncommon trap: trap_request=0xffffff4d fr.pc=0x0000792cd0aa4628 relative=0x0000000000000108
Event: 34.006 Thread 0x0000792c18054800 Uncommon trap: reason=unstable_if action=reinterpret pc=0x0000792cd0aa4628 method=org.apache.iceberg.shaded.org.apache.arrow.vector.BaseVariableWidthVector.handleSafe(II)V @ 5 c2
Event: 34.006 Thread 0x0000792c18054800 DEOPT PACKING pc=0x0000792cd0aa4628 sp=0x0000792b01afd0c0
Event: 34.006 Thread 0x0000792c18054800 DEOPT UNPACKING pc=0x0000792cc87edea5 sp=0x0000792b01afd050 mode 2
Event: 34.007 Thread 0x0000792c18054800 Uncommon trap: trap_request=0xffffff4d fr.pc=0x0000792cd0bf4634 relative=0x0000000000001f34
Event: 34.007 Thread 0x0000792c18054800 Uncommon trap: reason=unstable_if action=reinterpret pc=0x0000792cd0bf4634 method=org.apache.iceberg.shaded.org.apache.arrow.vector.BaseVariableWidthVector.handleSafe(II)V @ 54 c2
Event: 34.007 Thread 0x0000792c18054800 DEOPT PACKING pc=0x0000792cd0bf4634 sp=0x0000792b01afd350
Event: 34.007 Thread 0x0000792c18054800 DEOPT UNPACKING pc=0x0000792cc87edea5 sp=0x0000792b01afd198 mode 2

Classes redefined (0 events):
No events

Internal exceptions (20 events):
Event: 26.062 Thread 0x0000792c18056800 Exception <a 'java/lang/NoSuchMethodError'{0x00000000ea0df468}: <clinit>> (0x00000000ea0df468) thrown at [./src/hotspot/share/prims/jni.cpp, line 1372]
Event: 26.065 Thread 0x0000792c1804e800 Exception <a 'java/lang/NoSuchMethodError'{0x00000000e9f3fb68}: <clinit>> (0x00000000e9f3fb68) thrown at [./src/hotspot/share/prims/jni.cpp, line 1372]
Event: 26.065 Thread 0x0000792c18044800 Exception <a 'java/lang/NoSuchMethodError'{0x00000000ea0adf20}: <clinit>> (0x00000000ea0adf20) thrown at [./src/hotspot/share/prims/jni.cpp, line 1372]
Event: 26.065 Thread 0x0000792c1803b800 Exception <a 'java/lang/NoSuchMethodError'{0x00000000ea0c7c20}: <clinit>> (0x00000000ea0c7c20) thrown at [./src/hotspot/share/prims/jni.cpp, line 1372]
Event: 26.082 Thread 0x0000792c1804e800 Exception <a 'java/lang/NoSuchMethodError'{0x00000000e9fcb870}: <clinit>> (0x00000000e9fcb870) thrown at [./src/hotspot/share/prims/jni.cpp, line 1372]
Event: 26.082 Thread 0x0000792c18041000 Exception <a 'java/lang/NoSuchMethodError'{0x00000000e9f92478}: <clinit>> (0x00000000e9f92478) thrown at [./src/hotspot/share/prims/jni.cpp, line 1372]
Event: 26.082 Thread 0x0000792c1803d800 Exception <a 'java/lang/NoSuchMethodError'{0x00000000e9f81140}: <clinit>> (0x00000000e9f81140) thrown at [./src/hotspot/share/prims/jni.cpp, line 1372]
Event: 26.082 Thread 0x0000792c18048800 Exception <a 'java/lang/NoSuchMethodError'{0x00000000ea064360}: <clinit>> (0x00000000ea064360) thrown at [./src/hotspot/share/prims/jni.cpp, line 1372]
Event: 26.082 Thread 0x0000792c18054800 Exception <a 'java/lang/NoSuchMethodError'{0x00000000ea0a48e0}: <clinit>> (0x00000000ea0a48e0) thrown at [./src/hotspot/share/prims/jni.cpp, line 1372]
Event: 26.082 Thread 0x0000792c18052800 Exception <a 'java/lang/NoSuchMethodError'{0x00000000e9f56df8}: <clinit>> (0x00000000e9f56df8) thrown at [./src/hotspot/share/prims/jni.cpp, line 1372]
Event: 26.082 Thread 0x0000792c18047000 Exception <a 'java/lang/NoSuchMethodError'{0x00000000ea091590}: <clinit>> (0x00000000ea091590) thrown at [./src/hotspot/share/prims/jni.cpp, line 1372]
Event: 26.082 Thread 0x0000792c18044800 Exception <a 'java/lang/NoSuchMethodError'{0x00000000ea0c3f38}: <clinit>> (0x00000000ea0c3f38) thrown at [./src/hotspot/share/prims/jni.cpp, line 1372]
Event: 26.083 Thread 0x0000792c18056800 Exception <a 'java/lang/NoSuchMethodError'{0x00000000e9ff6d08}: <clinit>> (0x00000000e9ff6d08) thrown at [./src/hotspot/share/prims/jni.cpp, line 1372]
Event: 26.179 Thread 0x0000792c8c9a7800 Exception <a 'java/lang/NoSuchMethodError'{0x00000000e796c888}: 'java.lang.Object java.lang.invoke.DirectMethodHandle$Holder.invokeSpecial(java.lang.Object, java.lang.Object, java.lang.Object, int, long)'> (0x00000000e796c888) thrown at [./src/hotspot/share/interpreter/linkResolver.cpp, line 773]
Event: 26.180 Thread 0x0000792c8c9a7800 Exception <a 'java/lang/NoSuchMethodError'{0x00000000e78096d8}: 'java.lang.Object java.lang.invoke.DirectMethodHandle$Holder.invokeStatic(java.lang.Object, long, long, java.lang.Object)'> (0x00000000e78096d8) thrown at [./src/hotspot/share/interpreter/linkResolver.cpp, line 773]
Event: 33.444 Thread 0x0000792c8c504000 Exception <a 'java/lang/NoSuchMethodError'{0x00000000e36b72a8}: 'java.lang.Object java.lang.invoke.DirectMethodHandle$Holder.invokeStatic(java.lang.Object, java.lang.Object, java.lang.Object, java.lang.Object, int, java.lang.Object, java.lang.Object, java.lang.Object)'> (0x00000000e36b72a8) thrown at [./src/hotspot/share/interpreter/linkResolver.cpp, line 773]
Event: 33.916 Thread 0x0000792c18056800 Exception <a 'java/net/SocketException'{0x00000000e1dc4f28}: Socket closed> (0x00000000e1dc4f28) thrown at [./src/hotspot/share/prims/jni.cpp, line 638]
Event: 33.939 Thread 0x0000792c18054800 Exception <a 'java/net/SocketException'{0x00000000e1c013f0}: Socket closed> (0x00000000e1c013f0) thrown at [./src/hotspot/share/prims/jni.cpp, line 638]
Event: 33.950 Thread 0x0000792c18056800 Exception <a 'java/net/SocketException'{0x00000000e1de71c0}: Socket closed> (0x00000000e1de71c0) thrown at [./src/hotspot/share/prims/jni.cpp, line 638]
Event: 34.008 Thread 0x0000792c18054800 AbstractMethodError at 0x0000792cc8957e93

Events (20 events):
Event: 33.444 loading class org/apache/spark/scheduler/TaskSetManager
Event: 33.444 loading class org/apache/spark/scheduler/TaskSetManager done
Event: 33.445 loading class scala/runtime/Nothing$
Event: 33.445 loading class scala/runtime/Nothing$ done
Event: 33.445 loading class scala/Function1
Event: 33.445 loading class scala/Function1 done
Event: 33.445 loading class org/apache/spark/scheduler/TaskSetManager
Event: 33.445 loading class org/apache/spark/scheduler/TaskSetManager done
Event: 33.446 loading class org/apache/spark/scheduler/TaskSetExcludelist
Event: 33.446 loading class org/apache/spark/scheduler/TaskSetExcludelist done
Event: 33.446 loading class org/apache/spark/scheduler/TaskSetManager
Event: 33.446 loading class org/apache/spark/scheduler/TaskSetManager done
Event: 33.446 loading class org/apache/spark/scheduler/TaskSchedulerImpl
Event: 33.446 loading class org/apache/spark/scheduler/TaskSchedulerImpl done
Event: 33.446 loading class org/apache/spark/scheduler/TaskSchedulerImpl
Event: 33.446 loading class org/apache/spark/scheduler/TaskSchedulerImpl done
Event: 33.589 Executing VM operation: G1CollectForAllocation
Event: 33.597 Executing VM operation: G1CollectForAllocation done
Event: 33.659 Executing VM operation: G1CollectForAllocation
Event: 33.667 Executing VM operation: G1CollectForAllocation done


Dynamic libraries:
c0000000-ea100000 rw-p 00000000 00:00 0 
ea100000-ffe00000 ---p 00000000 00:00 0 
ffe00000-ffe47000 rw-p 00b0e000 08:30 217812                             /opt/java/openjdk/lib/server/classes.jsa
ffe47000-fff00000 rw-p 00000000 00:00 0 
fff00000-fff6c000 rw-p 00aa2000 08:30 217812                             /opt/java/openjdk/lib/server/classes.jsa
fff6c000-100000000 rw-p 00000000 00:00 0 
800000000-800002000 rwxp 00001000 08:30 217812                           /opt/java/openjdk/lib/server/classes.jsa
800002000-8003cc000 rw-p 00003000 08:30 217812                           /opt/java/openjdk/lib/server/classes.jsa
8003cc000-800aa0000 r--p 003cd000 08:30 217812                           /opt/java/openjdk/lib/server/classes.jsa
800aa0000-800aa1000 rw-p 00aa1000 08:30 217812                           /opt/java/openjdk/lib/server/classes.jsa
840000000-841820000 rw-p 00000000 00:00 0 
841820000-880000000 ---p 00000000 00:00 0 
580686200000-580686201000 r-xp 00000000 08:30 216781                     /opt/java/openjdk/bin/java
580686401000-580686402000 r--p 00001000 08:30 216781                     /opt/java/openjdk/bin/java
580686402000-580686403000 rw-p 00002000 08:30 216781                     /opt/java/openjdk/bin/java
5806a8800000-5806a8c61000 rw-p 00000000 00:00 0                          [heap]
792ab39ff000-792ab3a03000 ---p 00000000 00:00 0 
792ab3a03000-792ab3aff000 rw-p 00000000 00:00 0 
792ab3aff000-792ab3b03000 ---p 00000000 00:00 0 
792ab3b03000-792ab4000000 rw-p 00000000 00:00 0 
792ab4000000-792ab4a7c000 rw-p 00000000 00:00 0 
792ab4a7c000-792ab8000000 ---p 00000000 00:00 0 
792ab80ef000-792ab80f3000 ---p 00000000 00:00 0 
792ab80f3000-792ab836f000 rw-p 00000000 00:00 0 
792ab836f000-792ab83ef000 ---p 00000000 00:00 0 
792ab83ef000-792ab83f3000 ---p 00000000 00:00 0 
792ab83f3000-792ab84ef000 rw-p 00000000 00:00 0 
792ab84ef000-792ab84f3000 ---p 00000000 00:00 0 
792ab84f3000-792ab85ef000 rw-p 00000000 00:00 0 
792ab85ef000-792ab85f3000 ---p 00000000 00:00 0 
792ab85f3000-792ab86ef000 rw-p 00000000 00:00 0 
792ab86ef000-792ab86f3000 ---p 00000000 00:00 0 
792ab86f3000-792ab87ef000 rw-p 00000000 00:00 0 
792ab87ef000-792ab87f0000 ---p 00000000 00:00 0 
792ab87f0000-792ab88f0000 rw-p 00000000 00:00 0 
792ab88f0000-792ab88f1000 ---p 00000000 00:00 0 
792ab88f1000-792ab89f1000 rw-p 00000000 00:00 0 
792ab89f1000-792ab89f2000 ---p 00000000 00:00 0 
792ab89f2000-792ab8af2000 rw-p 00000000 00:00 0 
792ab8af2000-792ab8af3000 ---p 00000000 00:00 0 
792ab8af3000-792abc000000 rw-p 00000000 00:00 0 
792abc000000-792abc2bc000 rw-p 00000000 00:00 0 
792abc2bc000-792ac0000000 ---p 00000000 00:00 0 
792ac0000000-792ac073e000 rw-p 00000000 00:00 0 
792ac073e000-792ac4000000 ---p 00000000 00:00 0 
792ac4000000-792ac430f000 rw-p 00000000 00:00 0 
792ac430f000-792ac8000000 ---p 00000000 00:00 0 
792ac8000000-792ac82d5000 rw-p 00000000 00:00 0 
792ac82d5000-792acc000000 ---p 00000000 00:00 0 
792acc000000-792acc2e2000 rw-p 00000000 00:00 0 
792acc2e2000-792ad0000000 ---p 00000000 00:00 0 
792ad0000000-792ad02be000 rw-p 00000000 00:00 0 
792ad02be000-792ad4000000 ---p 00000000 00:00 0 
792ad4000000-792ad42bb000 rw-p 00000000 00:00 0 
792ad42bb000-792ad8000000 ---p 00000000 00:00 0 
792ad8000000-792ad82ad000 rw-p 00000000 00:00 0 
792ad82ad000-792adc000000 ---p 00000000 00:00 0 
792adc000000-792adc2d0000 rw-p 00000000 00:00 0 
792adc2d0000-792ae0000000 ---p 00000000 00:00 0 
792ae0000000-792ae02dd000 rw-p 00000000 00:00 0 
792ae02dd000-792ae4000000 ---p 00000000 00:00 0 
792ae4000000-792ae4600000 rw-p 00000000 00:00 0 
792ae4600000-792ae8000000 ---p 00000000 00:00 0 
792ae8000000-792ae82bb000 rw-p 00000000 00:00 0 
792ae82bb000-792aec000000 ---p 00000000 00:00 0 
792aec000000-792aec03e000 rw-p 00000000 00:00 0 
792aec03e000-792af0000000 ---p 00000000 00:00 0 
792af0000000-792af0045000 rw-p 00000000 00:00 0 
792af0045000-792af4000000 ---p 00000000 00:00 0 
792af4000000-792af4037000 rw-p 00000000 00:00 0 
792af4037000-792af8000000 ---p 00000000 00:00 0 
792af8000000-792af8049000 rw-p 00000000 00:00 0 
792af8049000-792afc000000 ---p 00000000 00:00 0 
792afc000000-792afc042000 rw-p 00000000 00:00 0 
792afc042000-792b00000000 ---p 00000000 00:00 0 
792b000fe000-792b000ff000 ---p 00000000 00:00 0 
792b000ff000-792b007c0000 rw-p 00000000 00:00 0 
792b007c0000-792b00a00000 rw-p 00000000 00:00 0 
792b00a00000-792b00aea000 r-xp 00000000 08:30 417321                     /tmp/libzstd-jni-1.5.5-412264556087801917749.so (deleted)
792b00aea000-792b00ce9000 ---p 000ea000 08:30 417321                     /tmp/libzstd-jni-1.5.5-412264556087801917749.so (deleted)
792b00ce9000-792b00cea000 rw-p 000e9000 08:30 417321                     /tmp/libzstd-jni-1.5.5-412264556087801917749.so (deleted)
792b00d00000-792b00ec0000 rw-p 00000000 00:00 0 
792b00ec0000-792b010c0000 rw-p 00000000 00:00 0 
792b010c0000-792b012c0000 rw-p 00000000 00:00 0 
792b012c0000-792b01500000 rw-p 00000000 00:00 0 
792b01500000-792b01504000 ---p 00000000 00:00 0 
792b01504000-792b01800000 rw-p 00000000 00:00 0 
792b01800000-792b01804000 ---p 00000000 00:00 0 
792b01804000-792b01900000 rw-p 00000000 00:00 0 
792b01900000-792b01904000 ---p 00000000 00:00 0 
792b01904000-792b01a00000 rw-p 00000000 00:00 0 
792b01a00000-792b01a04000 ---p 00000000 00:00 0 
792b01a04000-792b01b00000 rw-p 00000000 00:00 0 
792b01b00000-792b01b04000 ---p 00000000 00:00 0 
792b01b04000-792b01c00000 rw-p 00000000 00:00 0 
792b01c00000-792b01c04000 ---p 00000000 00:00 0 
792b01c04000-792b01d00000 rw-p 00000000 00:00 0 
792b01d00000-792b01d04000 ---p 00000000 00:00 0 
792b01d04000-792b01e00000 rw-p 00000000 00:00 0 
792b01e00000-792b01e04000 ---p 00000000 00:00 0 
792b01e04000-792b01f00000 rw-p 00000000 00:00 0 
792b01f00000-792b01f04000 ---p 00000000 00:00 0 
792b01f04000-792b02000000 rw-p 00000000 00:00 0 
792b02000000-792b02004000 ---p 00000000 00:00 0 
792b02004000-792b02100000 rw-p 00000000 00:00 0 
792b02100000-792b02104000 ---p 00000000 00:00 0 
792b02104000-792b02200000 rw-p 00000000 00:00 0 
792b02200000-792b02204000 ---p 00000000 00:00 0 
792b02204000-792b02300000 rw-p 00000000 00:00 0 
792b02300000-792b02304000 ---p 00000000 00:00 0 
792b02304000-792b02400000 rw-p 00000000 00:00 0 
792b02400000-792b02404000 ---p 00000000 00:00 0 
792b02404000-792b02500000 rw-p 00000000 00:00 0 
792b02500000-792b02504000 ---p 00000000 00:00 0 
792b02504000-792b027c0000 rw-p 00000000 00:00 0 
792b027c0000-792b029c0000 rw-p 00000000 00:00 0 
792b029c0000-792b02bc0000 rw-p 00000000 00:00 0 
792b02bc0000-792b02dc0000 rw-p 00000000 00:00 0 
792b02dc0000-792b02fc0000 rw-p 00000000 00:00 0 
792b02fc0000-792b03200000 rw-p 00000000 00:00 0 
792b03200000-792b03224000 r-xp 00000000 08:30 417269                     /tmp/liblz4-java-10022596982618688982.so
792b03224000-792b03423000 ---p 00024000 08:30 417269                     /tmp/liblz4-java-10022596982618688982.so
792b03423000-792b03424000 rw-p 00023000 08:30 417269                     /tmp/liblz4-java-10022596982618688982.so
792b03500000-792b03700000 rw-p 00000000 00:00 0 
792b03700000-792b03704000 ---p 00000000 00:00 0 
792b03704000-792b03800000 rw-p 00000000 00:00 0 
792b03800000-792b03804000 ---p 00000000 00:00 0 
792b03804000-792b03b00000 rw-p 00000000 00:00 0 
792b03b00000-792b03b04000 ---p 00000000 00:00 0 
792b03b04000-792b03c00000 rw-p 00000000 00:00 0 
792b03c00000-792b03c04000 ---p 00000000 00:00 0 
792b03c04000-792b03d00000 rw-p 00000000 00:00 0 
792b03d00000-792b03d04000 ---p 00000000 00:00 0 
792b03d04000-792b03e00000 rw-p 00000000 00:00 0 
792b03e00000-792b03e04000 ---p 00000000 00:00 0 
792b03e04000-792b03f00000 rw-p 00000000 00:00 0 
792b03f00000-792b03f04000 ---p 00000000 00:00 0 
792b03f04000-792b04000000 rw-p 00000000 00:00 0 
792b04000000-792b04052000 rw-p 00000000 00:00 0 
792b04052000-792b08000000 ---p 00000000 00:00 0 
792b08000000-792b0803c000 rw-p 00000000 00:00 0 
792b0803c000-792b0c000000 ---p 00000000 00:00 0 
792b0c000000-792b0c042000 rw-p 00000000 00:00 0 
792b0c042000-792b10000000 ---p 00000000 00:00 0 
792b10000000-792b1003f000 rw-p 00000000 00:00 0 
792b1003f000-792b14000000 ---p 00000000 00:00 0 
792b14000000-792b14037000 rw-p 00000000 00:00 0 
792b14037000-792b18000000 ---p 00000000 00:00 0 
792b18000000-792b1803f000 rw-p 00000000 00:00 0 
792b1803f000-792b1c000000 ---p 00000000 00:00 0 
792b1c000000-792b1c049000 rw-p 00000000 00:00 0 
792b1c049000-792b20000000 ---p 00000000 00:00 0 
792b20000000-792b20041000 rw-p 00000000 00:00 0 
792b20041000-792b24000000 ---p 00000000 00:00 0 
792b24000000-792b24021000 rw-p 00000000 00:00 0 
792b24021000-792b28000000 ---p 00000000 00:00 0 
792b28000000-792b28049000 rw-p 00000000 00:00 0 
792b28049000-792b2c000000 ---p 00000000 00:00 0 
792b2c000000-792b2c021000 rw-p 00000000 00:00 0 
792b2c021000-792b30000000 ---p 00000000 00:00 0 
792b30000000-792b30057000 rw-p 00000000 00:00 0 
792b30057000-792b34000000 ---p 00000000 00:00 0 
792b34000000-792b34021000 rw-p 00000000 00:00 0 
792b34021000-792b38000000 ---p 00000000 00:00 0 
792b38000000-792b38021000 rw-p 00000000 00:00 0 
792b38021000-792b3c000000 ---p 00000000 00:00 0 
792b3c000000-792b3c021000 rw-p 00000000 00:00 0 
792b3c021000-792b40000000 ---p 00000000 00:00 0 
792b40000000-792b40021000 rw-p 00000000 00:00 0 
792b40021000-792b44000000 ---p 00000000 00:00 0 
792b44000000-792b44058000 rw-p 00000000 00:00 0 
792b44058000-792b48000000 ---p 00000000 00:00 0 
792b48000000-792b48023000 rw-p 00000000 00:00 0 
792b48023000-792b4c000000 ---p 00000000 00:00 0 
792b4c000000-792b4c021000 rw-p 00000000 00:00 0 
792b4c021000-792b50000000 ---p 00000000 00:00 0 
792b50000000-792b50004000 ---p 00000000 00:00 0 
792b50004000-792b50100000 rw-p 00000000 00:00 0 
792b50100000-792b50104000 ---p 00000000 00:00 0 
792b50104000-792b50200000 rw-p 00000000 00:00 0 
792b50200000-792b50204000 ---p 00000000 00:00 0 
792b50204000-792b50300000 rw-p 00000000 00:00 0 
792b50300000-792b50304000 ---p 00000000 00:00 0 
792b50304000-792b50400000 rw-p 00000000 00:00 0 
792b50400000-792b50404000 ---p 00000000 00:00 0 
792b50404000-792b50500000 rw-p 00000000 00:00 0 
792b50500000-792b50504000 ---p 00000000 00:00 0 
792b50504000-792b50600000 rw-p 00000000 00:00 0 
792b50600000-792b50604000 ---p 00000000 00:00 0 
792b50604000-792b50700000 rw-p 00000000 00:00 0 
792b50700000-792b50704000 ---p 00000000 00:00 0 
792b50704000-792b50a00000 rw-p 00000000 00:00 0 
792b50a00000-792b50a42000 r-xp 00000000 08:30 417125                     /tmp/snappy-1.1.10-a7324697-fd35-4cd5-8426-668a1076e157-libsnappyjava.so
792b50a42000-792b50c41000 ---p 00042000 08:30 417125                     /tmp/snappy-1.1.10-a7324697-fd35-4cd5-8426-668a1076e157-libsnappyjava.so
792b50c41000-792b50c44000 rw-p 00041000 08:30 417125                     /tmp/snappy-1.1.10-a7324697-fd35-4cd5-8426-668a1076e157-libsnappyjava.so
792b50c44000-792b50c56000 rw-p 00000000 00:00 0 
792b50d00000-792b50d04000 ---p 00000000 00:00 0 
792b50d04000-792b50fc0000 rw-p 00000000 00:00 0 
792b50fc0000-792b511c0000 rw-p 00000000 00:00 0 
792b511c0000-792b513c0000 rw-p 00000000 00:00 0 
792b513c0000-792b515c0000 rw-p 00000000 00:00 0 
792b515c0000-792b517c0000 rw-p 00000000 00:00 0 
792b517c0000-792b519c0000 rw-p 00000000 00:00 0 
792b519c0000-792b51bc0000 rw-p 00000000 00:00 0 
792b51bc0000-792b51dc0000 rw-p 00000000 00:00 0 
792b51dc0000-792b51fc0000 rw-p 00000000 00:00 0 
792b51fc0000-792b521c0000 rw-p 00000000 00:00 0 
792b521c0000-792b523c0000 rw-p 00000000 00:00 0 
792b523c0000-792b52600000 rw-p 00000000 00:00 0 
792b52600000-792b52604000 ---p 00000000 00:00 0 
792b52604000-792b528c0000 rw-p 00000000 00:00 0 
792b528c0000-792b52b00000 rw-p 00000000 00:00 0 
792b52b00000-792b52b04000 ---p 00000000 00:00 0 
792b52b04000-792b52e00000 rw-p 00000000 00:00 0 
792b52e00000-792b52e04000 ---p 00000000 00:00 0 
792b52e04000-792b52f00000 rw-p 00000000 00:00 0 
792b52f00000-792b52f04000 ---p 00000000 00:00 0 
792b52f04000-792b53000000 rw-p 00000000 00:00 0 
792b53000000-792b53004000 ---p 00000000 00:00 0 
792b53004000-792b53100000 rw-p 00000000 00:00 0 
792b53100000-792b53104000 ---p 00000000 00:00 0 
792b53104000-792b53200000 rw-p 00000000 00:00 0 
792b53200000-792b53204000 ---p 00000000 00:00 0 
792b53204000-792b53300000 rw-p 00000000 00:00 0 
792b53300000-792b53304000 ---p 00000000 00:00 0 
792b53304000-792b535c0000 rw-p 00000000 00:00 0 
792b535c0000-792b537c0000 rw-p 00000000 00:00 0 
792b537c0000-792b53a00000 rw-p 00000000 00:00 0 
792b53a00000-792b53a40000 r-xp 00000000 08:30 217776                     /opt/java/openjdk/lib/libsunec.so
792b53a40000-792b53c40000 ---p 00040000 08:30 217776                     /opt/java/openjdk/lib/libsunec.so
792b53c40000-792b53c45000 r--p 00040000 08:30 217776                     /opt/java/openjdk/lib/libsunec.so
792b53c45000-792b53c47000 rw-p 00045000 08:30 217776                     /opt/java/openjdk/lib/libsunec.so
792b53d00000-792b53d04000 ---p 00000000 00:00 0 
792b53d04000-792b54000000 rw-p 00000000 00:00 0 
792b54000000-792b54021000 rw-p 00000000 00:00 0 
792b54021000-792b58000000 ---p 00000000 00:00 0 
792b58000000-792b582cd000 rw-p 00000000 00:00 0 
792b582cd000-792b5c000000 ---p 00000000 00:00 0 
792b5c000000-792b5c0c5000 rw-p 00000000 00:00 0 
792b5c0c5000-792b60000000 ---p 00000000 00:00 0 
792b60000000-792b60021000 rw-p 00000000 00:00 0 
792b60021000-792b64000000 ---p 00000000 00:00 0 
792b64000000-792b64021000 rw-p 00000000 00:00 0 
792b64021000-792b68000000 ---p 00000000 00:00 0 
792b68000000-792b68021000 rw-p 00000000 00:00 0 
792b68021000-792b6c000000 ---p 00000000 00:00 0 
792b6c000000-792b6cf70000 rw-p 00000000 00:00 0 
792b6cf70000-792b70000000 ---p 00000000 00:00 0 
792b70000000-792b70021000 rw-p 00000000 00:00 0 
792b70021000-792b74000000 ---p 00000000 00:00 0 
792b74000000-792b74021000 rw-p 00000000 00:00 0 
792b74021000-792b78000000 ---p 00000000 00:00 0 
792b78000000-792b781ff000 rw-p 00000000 00:00 0 
792b781ff000-792b7c000000 ---p 00000000 00:00 0 
792b7c000000-792b7c024000 rw-p 00000000 00:00 0 
792b7c024000-792b80000000 ---p 00000000 00:00 0 
792b80000000-792b80030000 rw-p 00000000 00:00 0 
792b80030000-792b84000000 ---p 00000000 00:00 0 
792b84000000-792b84022000 rw-p 00000000 00:00 0 
792b84022000-792b88000000 ---p 00000000 00:00 0 
792b88000000-792b88021000 rw-p 00000000 00:00 0 
792b88021000-792b8c000000 ---p 00000000 00:00 0 
792b8c000000-792b8c021000 rw-p 00000000 00:00 0 
792b8c021000-792b90000000 ---p 00000000 00:00 0 
792b90000000-792b90082000 rw-p 00000000 00:00 0 
792b90082000-792b94000000 ---p 00000000 00:00 0 
792b94000000-792b94021000 rw-p 00000000 00:00 0 
792b94021000-792b98000000 ---p 00000000 00:00 0 
792b98000000-792b98021000 rw-p 00000000 00:00 0 
792b98021000-792b9c000000 ---p 00000000 00:00 0 
792b9c000000-792b9c021000 rw-p 00000000 00:00 0 
792b9c021000-792ba0000000 ---p 00000000 00:00 0 
792ba0000000-792ba0021000 rw-p 00000000 00:00 0 
792ba0021000-792ba4000000 ---p 00000000 00:00 0 
792ba4000000-792ba4021000 rw-p 00000000 00:00 0 
792ba4021000-792ba8000000 ---p 00000000 00:00 0 
792ba8000000-792ba8021000 rw-p 00000000 00:00 0 
792ba8021000-792bac000000 ---p 00000000 00:00 0 
792bac000000-792bac021000 rw-p 00000000 00:00 0 
792bac021000-792bb0000000 ---p 00000000 00:00 0 
792bb0000000-792bb0021000 rw-p 00000000 00:00 0 
792bb0021000-792bb4000000 ---p 00000000 00:00 0 
792bb4000000-792bb4021000 rw-p 00000000 00:00 0 
792bb4021000-792bb8000000 ---p 00000000 00:00 0 
792bb8000000-792bb8021000 rw-p 00000000 00:00 0 
792bb8021000-792bbc000000 ---p 00000000 00:00 0 
792bbc000000-792bbc021000 rw-p 00000000 00:00 0 
792bbc021000-792bc0000000 ---p 00000000 00:00 0 
792bc0000000-792bc0021000 rw-p 00000000 00:00 0 
792bc0021000-792bc4000000 ---p 00000000 00:00 0 
792bc4049000-792bc404d000 ---p 00000000 00:00 0 
792bc404d000-792bc4309000 rw-p 00000000 00:00 0 
792bc4309000-792bc4509000 rw-p 00000000 00:00 0 
792bc4509000-792bc4709000 rw-p 00000000 00:00 0 
792bc4709000-792bc4909000 rw-p 00000000 00:00 0 
792bc4909000-792bc4b09000 rw-p 00000000 00:00 0 
792bc4b09000-792bc4d09000 rw-p 00000000 00:00 0 
792bc4d09000-792bc4f09000 rw-p 00000000 00:00 0 
792bc4f09000-792bc5149000 rw-p 00000000 00:00 0 
792bc51d8000-792bc53d8000 rw-p 00000000 00:00 0 
792bc53d8000-792bc53dc000 ---p 00000000 00:00 0 
792bc53dc000-792bc54d8000 rw-p 00000000 00:00 0 
792bc54d8000-792bc54dc000 ---p 00000000 00:00 0 
792bc54dc000-792bc55d8000 rw-p 00000000 00:00 0 
792bc5665000-792bc5669000 ---p 00000000 00:00 0 
792bc5669000-792bc5765000 rw-p 00000000 00:00 0 
792bc5765000-792bc5769000 ---p 00000000 00:00 0 
792bc5769000-792bc5865000 rw-p 00000000 00:00 0 
792bc58f4000-792bc5af4000 rw-p 00000000 00:00 0 
792bc5af4000-792bc5af8000 ---p 00000000 00:00 0 
792bc5af8000-792bc5bf4000 rw-p 00000000 00:00 0 
792bc5c71000-792bc5e71000 rw-p 00000000 00:00 0 
792bc5efe000-792bc5f02000 ---p 00000000 00:00 0 
792bc5f02000-792bc5ffe000 rw-p 00000000 00:00 0 
792bc5ffe000-792bc6002000 ---p 00000000 00:00 0 
792bc6002000-792bc60fe000 rw-p 00000000 00:00 0 
792bc60fe000-792bc6102000 ---p 00000000 00:00 0 
792bc6102000-792bc63fe000 rw-p 00000000 00:00 0 
792bc63fe000-792bc6402000 ---p 00000000 00:00 0 
792bc6402000-792bc6d00000 rw-p 00000000 00:00 0 
792bc6d00000-792bc6d04000 ---p 00000000 00:00 0 
792bc6d04000-792bc6e00000 rw-p 00000000 00:00 0 
792bc6e00000-792bc6e04000 ---p 00000000 00:00 0 
792bc6e04000-792bc6f00000 rw-p 00000000 00:00 0 
792bc6f00000-792bc6f04000 ---p 00000000 00:00 0 
792bc6f04000-792bc7000000 rw-p 00000000 00:00 0 
792bc7000000-792bc7004000 ---p 00000000 00:00 0 
792bc7004000-792bc7100000 rw-p 00000000 00:00 0 
792bc7100000-792bc7104000 ---p 00000000 00:00 0 
792bc7104000-792bc7200000 rw-p 00000000 00:00 0 
792bc7200000-792bc7204000 ---p 00000000 00:00 0 
792bc7204000-792bc7500000 rw-p 00000000 00:00 0 
792bc7500000-792bc7504000 ---p 00000000 00:00 0 
792bc7504000-792bc7600000 rw-p 00000000 00:00 0 
792bc7600000-792bc7604000 ---p 00000000 00:00 0 
792bc7604000-792bc7700000 rw-p 00000000 00:00 0 
792bc7700000-792bc7704000 ---p 00000000 00:00 0 
792bc7704000-792bc7800000 rw-p 00000000 00:00 0 
792bc7800000-792bc7804000 ---p 00000000 00:00 0 
792bc7804000-792bc7900000 rw-p 00000000 00:00 0 
792bc7900000-792bc7904000 ---p 00000000 00:00 0 
792bc7904000-792bc7a00000 rw-p 00000000 00:00 0 
792bc7a00000-792bc7a04000 ---p 00000000 00:00 0 
792bc7a04000-792bc7b00000 rw-p 00000000 00:00 0 
792bc7b00000-792bc7b04000 ---p 00000000 00:00 0 
792bc7b04000-792bc7c00000 rw-p 00000000 00:00 0 
792bc7c00000-792bc7c04000 ---p 00000000 00:00 0 
792bc7c04000-792bc7d00000 rw-p 00000000 00:00 0 
792bc7d00000-792bc7d04000 ---p 00000000 00:00 0 
792bc7d04000-792bc7e00000 rw-p 00000000 00:00 0 
792bc7e00000-792bc7e04000 ---p 00000000 00:00 0 
792bc7e04000-792bc7f00000 rw-p 00000000 00:00 0 
792bc7f00000-792bc7f04000 ---p 00000000 00:00 0 
792bc7f04000-792bc8000000 rw-p 00000000 00:00 0 
792bc8000000-792bc8021000 rw-p 00000000 00:00 0 
792bc8021000-792bcc000000 ---p 00000000 00:00 0 
792bcc000000-792bcc021000 rw-p 00000000 00:00 0 
792bcc021000-792bd0000000 ---p 00000000 00:00 0 
792bd0000000-792bd004e000 rw-p 00000000 00:00 0 
792bd004e000-792bd4000000 ---p 00000000 00:00 0 
792bd4000000-792bd4021000 rw-p 00000000 00:00 0 
792bd4021000-792bd8000000 ---p 00000000 00:00 0 
792bd8000000-792bd8021000 rw-p 00000000 00:00 0 
792bd8021000-792bdc000000 ---p 00000000 00:00 0 
792bdc000000-792bdc02c000 rw-p 00000000 00:00 0 
792bdc02c000-792be0000000 ---p 00000000 00:00 0 
792be0000000-792be0021000 rw-p 00000000 00:00 0 
792be0021000-792be4000000 ---p 00000000 00:00 0 
792be4000000-792be4021000 rw-p 00000000 00:00 0 
792be4021000-792be8000000 ---p 00000000 00:00 0 
792be8000000-792be8021000 rw-p 00000000 00:00 0 
792be8021000-792bec000000 ---p 00000000 00:00 0 
792bec000000-792bec021000 rw-p 00000000 00:00 0 
792bec021000-792bf0000000 ---p 00000000 00:00 0 
792bf0000000-792bf0021000 rw-p 00000000 00:00 0 
792bf0021000-792bf4000000 ---p 00000000 00:00 0 
792bf4000000-792bf4021000 rw-p 00000000 00:00 0 
792bf4021000-792bf8000000 ---p 00000000 00:00 0 
792bf8000000-792bf8021000 rw-p 00000000 00:00 0 
792bf8021000-792bfc000000 ---p 00000000 00:00 0 
792bfc000000-792bfc021000 rw-p 00000000 00:00 0 
792bfc021000-792c00000000 ---p 00000000 00:00 0 
792c00000000-792c00021000 rw-p 00000000 00:00 0 
792c00021000-792c04000000 ---p 00000000 00:00 0 
792c04000000-792c04021000 rw-p 00000000 00:00 0 
792c04021000-792c08000000 ---p 00000000 00:00 0 
792c08000000-792c08021000 rw-p 00000000 00:00 0 
792c08021000-792c0c000000 ---p 00000000 00:00 0 
792c0c000000-792c0c021000 rw-p 00000000 00:00 0 
792c0c021000-792c10000000 ---p 00000000 00:00 0 
792c10000000-792c10021000 rw-p 00000000 00:00 0 
792c10021000-792c14000000 ---p 00000000 00:00 0 
792c14000000-792c14021000 rw-p 00000000 00:00 0 
792c14021000-792c18000000 ---p 00000000 00:00 0 
792c18000000-792c1805d000 rw-p 00000000 00:00 0 
792c1805d000-792c1c000000 ---p 00000000 00:00 0 
792c1c000000-792c1c021000 rw-p 00000000 00:00 0 
792c1c021000-792c20000000 ---p 00000000 00:00 0 
792c20000000-792c20021000 rw-p 00000000 00:00 0 
792c20021000-792c24000000 ---p 00000000 00:00 0 
792c24000000-792c24021000 rw-p 00000000 00:00 0 
792c24021000-792c28000000 ---p 00000000 00:00 0 
792c28000000-792c28021000 rw-p 00000000 00:00 0 
792c28021000-792c2c000000 ---p 00000000 00:00 0 
792c2c000000-792c2c021000 rw-p 00000000 00:00 0 
792c2c021000-792c30000000 ---p 00000000 00:00 0 
792c30000000-792c30021000 rw-p 00000000 00:00 0 
792c30021000-792c34000000 ---p 00000000 00:00 0 
792c34000000-792c34021000 rw-p 00000000 00:00 0 
792c34021000-792c38000000 ---p 00000000 00:00 0 
792c38000000-792c38021000 rw-p 00000000 00:00 0 
792c38021000-792c3c000000 ---p 00000000 00:00 0 
792c3c000000-792c3c021000 rw-p 00000000 00:00 0 
792c3c021000-792c40000000 ---p 00000000 00:00 0 
792c40000000-792c40021000 rw-p 00000000 00:00 0 
792c40021000-792c44000000 ---p 00000000 00:00 0 
792c44000000-792c44021000 rw-p 00000000 00:00 0 
792c44021000-792c48000000 ---p 00000000 00:00 0 
792c48000000-792c48021000 rw-p 00000000 00:00 0 
792c48021000-792c4c000000 ---p 00000000 00:00 0 
792c4c000000-792c4c021000 rw-p 00000000 00:00 0 
792c4c021000-792c50000000 ---p 00000000 00:00 0 
792c50000000-792c5002c000 rw-p 00000000 00:00 0 
792c5002c000-792c54000000 ---p 00000000 00:00 0 
792c54000000-792c540d6000 rw-p 00000000 00:00 0 
792c540d6000-792c58000000 ---p 00000000 00:00 0 
792c58000000-792c58021000 rw-p 00000000 00:00 0 
792c58021000-792c5c000000 ---p 00000000 00:00 0 
792c5c000000-792c5c022000 rw-p 00000000 00:00 0 
792c5c022000-792c60000000 ---p 00000000 00:00 0 
792c60000000-792c60021000 rw-p 00000000 00:00 0 
792c60021000-792c64000000 ---p 00000000 00:00 0 
792c64000000-792c64021000 rw-p 00000000 00:00 0 
792c64021000-792c68000000 ---p 00000000 00:00 0 
792c68000000-792c68021000 rw-p 00000000 00:00 0 
792c68021000-792c6c000000 ---p 00000000 00:00 0 
792c6c0fb000-792c6c0ff000 ---p 00000000 00:00 0 
792c6c0ff000-792c6c1fb000 rw-p 00000000 00:00 0 
792c6c1fb000-792c6c1ff000 ---p 00000000 00:00 0 
792c6c1ff000-792c6c2fb000 rw-p 00000000 00:00 0 
792c6c2fb000-792c6c2ff000 ---p 00000000 00:00 0 
792c6c2ff000-792c6c3fb000 rw-p 00000000 00:00 0 
792c6c3fb000-792c6c3ff000 ---p 00000000 00:00 0 
792c6c3ff000-792c6c4fb000 rw-p 00000000 00:00 0 
792c6c4fb000-792c6c4fc000 ---p 00000000 00:00 0 
792c6c4fc000-792c6c5fc000 rw-p 00000000 00:00 0 
792c6c5fc000-792c6c5fd000 ---p 00000000 00:00 0 
792c6c5fd000-792c6c8fd000 rw-p 00000000 00:00 0 
792c6c8fd000-792c6c901000 ---p 00000000 00:00 0 
792c6c901000-792c6c9fd000 rw-p 00000000 00:00 0 
792c6c9fd000-792c6ca01000 ---p 00000000 00:00 0 
792c6ca01000-792c6cafd000 rw-p 00000000 00:00 0 
792c6cafd000-792c6cb01000 ---p 00000000 00:00 0 
792c6cb01000-792c6cdfd000 rw-p 00000000 00:00 0 
792c6cdfd000-792c6ce01000 ---p 00000000 00:00 0 
792c6ce01000-792c6cefd000 rw-p 00000000 00:00 0 
792c6cefd000-792c6cf01000 ---p 00000000 00:00 0 
792c6cf01000-792c6cffd000 rw-p 00000000 00:00 0 
792c6cffd000-792c6d001000 ---p 00000000 00:00 0 
792c6d001000-792c6d0fd000 rw-p 00000000 00:00 0 
792c6d0fd000-792c6d101000 ---p 00000000 00:00 0 
792c6d101000-792c6d1fd000 rw-p 00000000 00:00 0 
792c6d1fd000-792c6d201000 ---p 00000000 00:00 0 
792c6d201000-792c6d2fd000 rw-p 00000000 00:00 0 
792c6d2fd000-792c6d301000 ---p 00000000 00:00 0 
792c6d301000-792c6d3fd000 rw-p 00000000 00:00 0 
792c6d3fd000-792c6d401000 ---p 00000000 00:00 0 
792c6d401000-792c6d4fd000 rw-p 00000000 00:00 0 
792c6d4fd000-792c6d501000 ---p 00000000 00:00 0 
792c6d501000-792c6d5fd000 rw-p 00000000 00:00 0 
792c6d5fd000-792c6d601000 ---p 00000000 00:00 0 
792c6d601000-792c6d6fd000 rw-p 00000000 00:00 0 
792c6d6fd000-792c6d701000 ---p 00000000 00:00 0 
792c6d701000-792c6d7fd000 rw-p 00000000 00:00 0 
792c6d7fd000-792c6d801000 ---p 00000000 00:00 0 
792c6d801000-792c6d8fd000 rw-p 00000000 00:00 0 
792c6d8fd000-792c6d901000 ---p 00000000 00:00 0 
792c6d901000-792c6d9fd000 rw-p 00000000 00:00 0 
792c6d9fd000-792c6da01000 ---p 00000000 00:00 0 
792c6da01000-792c6dafd000 rw-p 00000000 00:00 0 
792c6dafd000-792c6db01000 ---p 00000000 00:00 0 
792c6db01000-792c6dbfd000 rw-p 00000000 00:00 0 
792c6dbfd000-792c6dc01000 ---p 00000000 00:00 0 
792c6dc01000-792c6dcfd000 rw-p 00000000 00:00 0 
792c6dcfd000-792c6dd01000 ---p 00000000 00:00 0 
792c6dd01000-792c6ddfd000 rw-p 00000000 00:00 0 
792c6ddfd000-792c6de01000 ---p 00000000 00:00 0 
792c6de01000-792c6defd000 rw-p 00000000 00:00 0 
792c6defd000-792c6df01000 ---p 00000000 00:00 0 
792c6df01000-792c6dffd000 rw-p 00000000 00:00 0 
792c6dffd000-792c6e001000 ---p 00000000 00:00 0 
792c6e001000-792c6e0fd000 rw-p 00000000 00:00 0 
792c6e0fd000-792c6e101000 ---p 00000000 00:00 0 
792c6e101000-792c6e1fd000 rw-p 00000000 00:00 0 
792c6e1fd000-792c6e201000 ---p 00000000 00:00 0 
792c6e201000-792c6e2fd000 rw-p 00000000 00:00 0 
792c6e2fd000-792c6e301000 ---p 00000000 00:00 0 
792c6e301000-792c6e3fd000 rw-p 00000000 00:00 0 
792c6e3fd000-792c6e401000 ---p 00000000 00:00 0 
792c6e401000-792c6e4fd000 rw-p 00000000 00:00 0 
792c6e4fd000-792c6e501000 ---p 00000000 00:00 0 
792c6e501000-792c6e5fd000 rw-p 00000000 00:00 0 
792c6e5fd000-792c6e601000 ---p 00000000 00:00 0 
792c6e601000-792c6e6fd000 rw-p 00000000 00:00 0 
792c6e6fd000-792c6e701000 ---p 00000000 00:00 0 
792c6e701000-792c6e9bd000 rw-p 00000000 00:00 0 
792c6e9bd000-792c6ebbd000 rw-p 00000000 00:00 0 
792c6ebbd000-792c6edfd000 rw-p 00000000 00:00 0 
792c6edfd000-792c6edfe000 ---p 00000000 00:00 0 
792c6edfe000-792c6eefe000 rw-p 00000000 00:00 0 
792c6eefe000-792c6eeff000 ---p 00000000 00:00 0 
792c6eeff000-792c6efff000 rw-p 00000000 00:00 0 
792c6efff000-792c6f000000 ---p 00000000 00:00 0 
792c6f000000-792c6f100000 rw-p 00000000 00:00 0 
792c6f100000-792c6f104000 ---p 00000000 00:00 0 
792c6f104000-792c6f200000 rw-p 00000000 00:00 0 
792c6f200000-792c6f202000 r-xp 00000000 08:30 217725                     /opt/java/openjdk/lib/libextnet.so
792c6f202000-792c6f401000 ---p 00002000 08:30 217725                     /opt/java/openjdk/lib/libextnet.so
792c6f401000-792c6f402000 r--p 00001000 08:30 217725                     /opt/java/openjdk/lib/libextnet.so
792c6f402000-792c6f403000 rw-p 00002000 08:30 217725                     /opt/java/openjdk/lib/libextnet.so
792c6f500000-792c6f504000 ---p 00000000 00:00 0 
792c6f504000-792c6f800000 rw-p 00000000 00:00 0 
792c6f800000-792c6f801000 r-xp 00000000 08:30 217742                     /opt/java/openjdk/lib/libjaas.so
792c6f801000-792c6fa00000 ---p 00001000 08:30 217742                     /opt/java/openjdk/lib/libjaas.so
792c6fa00000-792c6fa01000 r--p 00000000 08:30 217742                     /opt/java/openjdk/lib/libjaas.so
792c6fa01000-792c6fa02000 rw-p 00001000 08:30 217742                     /opt/java/openjdk/lib/libjaas.so
792c6fb00000-792c6fd00000 rw-p 00000000 00:00 0 
792c6fd00000-792c6fd04000 ---p 00000000 00:00 0 
792c6fd04000-792c70000000 rw-p 00000000 00:00 0 
792c70000000-792c70087000 rw-p 00000000 00:00 0 
792c70087000-792c74000000 ---p 00000000 00:00 0 
792c74000000-792c74095000 rw-p 00000000 00:00 0 
792c74095000-792c78000000 ---p 00000000 00:00 0 
792c78000000-792c78071000 rw-p 00000000 00:00 0 
792c78071000-792c7c000000 ---p 00000000 00:00 0 
792c7c000000-792c7c027000 rw-p 00000000 00:00 0 
792c7c027000-792c80000000 ---p 00000000 00:00 0 
792c80000000-792c80021000 rw-p 00000000 00:00 0 
792c80021000-792c84000000 ---p 00000000 00:00 0 
792c84000000-792c84021000 rw-p 00000000 00:00 0 
792c84021000-792c88000000 ---p 00000000 00:00 0 
792c88000000-792c88021000 rw-p 00000000 00:00 0 
792c88021000-792c8c000000 ---p 00000000 00:00 0 
792c8c000000-792c8e9bb000 rw-p 00000000 00:00 0 
792c8e9bb000-792c90000000 ---p 00000000 00:00 0 
792c90000000-792c91eb1000 rw-p 00000000 00:00 0 
792c91eb1000-792c94000000 ---p 00000000 00:00 0 
792c94000000-792c942cd000 rw-p 00000000 00:00 0 
792c942cd000-792c98000000 ---p 00000000 00:00 0 
792c98000000-792c98021000 rw-p 00000000 00:00 0 
792c98021000-792c9c000000 ---p 00000000 00:00 0 
792c9c000000-792c9c021000 rw-p 00000000 00:00 0 
792c9c021000-792ca0000000 ---p 00000000 00:00 0 
792ca0000000-792ca0021000 rw-p 00000000 00:00 0 
792ca0021000-792ca4000000 ---p 00000000 00:00 0 
792ca4000000-792ca4021000 rw-p 00000000 00:00 0 
792ca4021000-792ca8000000 ---p 00000000 00:00 0 
792ca8000000-792ca8021000 rw-p 00000000 00:00 0 
792ca8021000-792cac000000 ---p 00000000 00:00 0 
792cac000000-792cad026000 rw-p 00000000 00:00 0 
792cad026000-792cb0000000 ---p 00000000 00:00 0 
792cb0000000-792cb0021000 rw-p 00000000 00:00 0 
792cb0021000-792cb4000000 ---p 00000000 00:00 0 
792cb4000000-792cb409b000 rw-p 00000000 00:00 0 
792cb409b000-792cb8000000 ---p 00000000 00:00 0 
792cb80ff000-792cb82bf000 rw-p 00000000 00:00 0 
792cb82bf000-792cb84ff000 rw-p 00000000 00:00 0 
792cb84ff000-792cb8500000 ---p 00000000 00:00 0 
792cb8500000-792cb87c0000 rw-p 00000000 00:00 0 
792cb87c0000-792cb89c0000 rw-p 00000000 00:00 0 
792cb89c0000-792cb8bc0000 rw-p 00000000 00:00 0 
792cb8bc0000-792cb8e00000 rw-p 00000000 00:00 0 
792cb8e00000-792cb8e05000 r-xp 00000000 08:30 217760                     /opt/java/openjdk/lib/libmanagement_ext.so
792cb8e05000-792cb9005000 ---p 00005000 08:30 217760                     /opt/java/openjdk/lib/libmanagement_ext.so
792cb9005000-792cb9006000 r--p 00005000 08:30 217760                     /opt/java/openjdk/lib/libmanagement_ext.so
792cb9006000-792cb9007000 rw-p 00006000 08:30 217760                     /opt/java/openjdk/lib/libmanagement_ext.so
792cb90ff000-792cb9100000 ---p 00000000 00:00 0 
792cb9100000-792cb9200000 rw-p 00000000 00:00 0 
792cb9200000-792cb9204000 r-xp 00000000 08:30 217758                     /opt/java/openjdk/lib/libmanagement.so
792cb9204000-792cb9403000 ---p 00004000 08:30 217758                     /opt/java/openjdk/lib/libmanagement.so
792cb9403000-792cb9404000 r--p 00003000 08:30 217758                     /opt/java/openjdk/lib/libmanagement.so
792cb9404000-792cb9405000 rw-p 00004000 08:30 217758                     /opt/java/openjdk/lib/libmanagement.so
792cb94ff000-792cb96ff000 rw-p 00000000 00:00 0 
792cb96ff000-792cb9700000 ---p 00000000 00:00 0 
792cb9700000-792cb9800000 rw-p 00000000 00:00 0 
792cb9800000-792cb9815000 r-xp 00000000 08:30 217766                     /opt/java/openjdk/lib/libnet.so
792cb9815000-792cb9a14000 ---p 00015000 08:30 217766                     /opt/java/openjdk/lib/libnet.so
792cb9a14000-792cb9a15000 r--p 00014000 08:30 217766                     /opt/java/openjdk/lib/libnet.so
792cb9a15000-792cb9a16000 rw-p 00015000 08:30 217766                     /opt/java/openjdk/lib/libnet.so
792cb9aff000-792cb9b00000 ---p 00000000 00:00 0 
792cb9b00000-792cb9c00000 rw-p 00000000 00:00 0 
792cb9c00000-792cb9c10000 r-xp 00000000 08:30 217767                     /opt/java/openjdk/lib/libnio.so
792cb9c10000-792cb9e0f000 ---p 00010000 08:30 217767                     /opt/java/openjdk/lib/libnio.so
792cb9e0f000-792cb9e10000 r--p 0000f000 08:30 217767                     /opt/java/openjdk/lib/libnio.so
792cb9e10000-792cb9e11000 rw-p 00010000 08:30 217767                     /opt/java/openjdk/lib/libnio.so
792cb9f0a000-792cb9f0b000 ---p 00000000 00:00 0 
792cb9f0b000-792cba00b000 rw-p 00000000 00:00 0 
792cba00b000-792cba00f000 ---p 00000000 00:00 0 
792cba00f000-792cba10b000 rw-p 00000000 00:00 0 
792cba10b000-792cba10f000 ---p 00000000 00:00 0 
792cba10f000-792cba20b000 rw-p 00000000 00:00 0 
792cba20b000-792cba20f000 ---p 00000000 00:00 0 
792cba20f000-792cba30b000 rw-p 00000000 00:00 0 
792cba30b000-792cba30f000 ---p 00000000 00:00 0 
792cba30f000-792cba40b000 rw-p 00000000 00:00 0 
792cba40b000-792cba40f000 ---p 00000000 00:00 0 
792cba40f000-792cba50b000 rw-p 00000000 00:00 0 
792cba50b000-792cba50f000 ---p 00000000 00:00 0 
792cba50f000-792cba60b000 rw-p 00000000 00:00 0 
792cba60b000-792cba60f000 ---p 00000000 00:00 0 
792cba60f000-792cba70b000 rw-p 00000000 00:00 0 
792cba70b000-792cba9f4000 r--p 00000000 08:30 204020                     /usr/lib/locale/locale-archive
792cba9f4000-792cba9f8000 ---p 00000000 00:00 0 
792cba9f8000-792cbaaf4000 rw-p 00000000 00:00 0 
792cbaaf4000-792cbaaf8000 ---p 00000000 00:00 0 
792cbaaf8000-792cbabf4000 rw-p 00000000 00:00 0 
792cbabf4000-792cbabf5000 ---p 00000000 00:00 0 
792cbabf5000-792cbb4f5000 rw-p 00000000 00:00 0 
792cbb4f5000-792cbb4f6000 ---p 00000000 00:00 0 
792cbb4f6000-792cbb5f6000 rw-p 00000000 00:00 0 
792cbb5f6000-792cbb5f7000 ---p 00000000 00:00 0 
792cbb5f7000-792cbc000000 rw-p 00000000 00:00 0 
792cbc000000-792cbc021000 rw-p 00000000 00:00 0 
792cbc021000-792cc0000000 ---p 00000000 00:00 0 
792cc0000000-792cc2a84000 rw-p 00000000 00:00 0 
792cc2a84000-792cc2ff8000 ---p 00000000 00:00 0 
792cc2ff8000-792cc3a84000 rw-p 00000000 00:00 0 
792cc3a84000-792cc3ff8000 ---p 00000000 00:00 0 
792cc3ff8000-792cc4000000 rw-p 00000000 00:00 0 
792cc4000000-792cc406d000 rw-p 00000000 00:00 0 
792cc406d000-792cc8000000 ---p 00000000 00:00 0 
792cc809f000-792cc84a3000 rw-p 00000000 00:00 0 
792cc84a3000-792cc84a4000 ---p 00000000 00:00 0 
792cc84a4000-792cc86f5000 rw-p 00000000 00:00 0 
792cc86f5000-792cc87a3000 ---p 00000000 00:00 0 
792cc87a3000-792cc87a4000 rw-p 00000000 00:00 0 
792cc87a4000-792cc8aa4000 rwxp 00000000 00:00 0 
792cc8aa4000-792cc8ee3000 ---p 00000000 00:00 0 
792cc8ee3000-792ccb543000 rwxp 00000000 00:00 0 
792ccb543000-792cd0343000 ---p 00000000 00:00 0 
792cd0343000-792cd0d43000 rwxp 00000000 00:00 0 
792cd0d43000-792cd77a4000 ---p 00000000 00:00 0 
792cd77a4000-792ce0000000 r--s 00000000 08:30 217784                     /opt/java/openjdk/lib/modules
792ce0000000-792ce27e4000 rw-p 00000000 00:00 0 
792ce27e4000-792ce4000000 ---p 00000000 00:00 0 
792ce40f5000-792ce40f6000 ---p 00000000 00:00 0 
792ce40f6000-792ce4347000 rw-p 00000000 00:00 0 
792ce4347000-792ce43f5000 ---p 00000000 00:00 0 
792ce43f5000-792ce4547000 rw-p 00000000 00:00 0 
792ce4547000-792ce45f5000 ---p 00000000 00:00 0 
792ce45f5000-792ce5000000 rw-p 00000000 00:00 0 
792ce5000000-792ce501b000 r-xp 00000000 08:30 217783                     /opt/java/openjdk/lib/libzip.so
792ce501b000-792ce521a000 ---p 0001b000 08:30 217783                     /opt/java/openjdk/lib/libzip.so
792ce521a000-792ce521b000 r--p 0001a000 08:30 217783                     /opt/java/openjdk/lib/libzip.so
792ce521b000-792ce521c000 rw-p 0001b000 08:30 217783                     /opt/java/openjdk/lib/libzip.so
792ce52dd000-792ce52e1000 ---p 00000000 00:00 0 
792ce52e1000-792ce5400000 rw-p 00000000 00:00 0 
792ce5400000-792ce541b000 r-xp 00000000 08:30 217748                     /opt/java/openjdk/lib/libjimage.so
792ce541b000-792ce561a000 ---p 0001b000 08:30 217748                     /opt/java/openjdk/lib/libjimage.so
792ce561a000-792ce561c000 r--p 0001a000 08:30 217748                     /opt/java/openjdk/lib/libjimage.so
792ce561c000-792ce561d000 rw-p 0001c000 08:30 217748                     /opt/java/openjdk/lib/libjimage.so
792ce562b000-792ce562f000 ---p 00000000 00:00 0 
792ce562f000-792ce5800000 rw-p 00000000 00:00 0 
792ce5800000-792ce5829000 r-xp 00000000 08:30 217743                     /opt/java/openjdk/lib/libjava.so
792ce5829000-792ce5a28000 ---p 00029000 08:30 217743                     /opt/java/openjdk/lib/libjava.so
792ce5a28000-792ce5a29000 r--p 00028000 08:30 217743                     /opt/java/openjdk/lib/libjava.so
792ce5a29000-792ce5a2a000 rw-p 00029000 08:30 217743                     /opt/java/openjdk/lib/libjava.so
792ce5a2a000-792ce5a2b000 rw-p 00000000 00:00 0 
792ce5a3a000-792ce5c00000 rw-p 00000000 00:00 0 
792ce5c00000-792ce5c0d000 r-xp 00000000 08:30 217782                     /opt/java/openjdk/lib/libverify.so
792ce5c0d000-792ce5e0c000 ---p 0000d000 08:30 217782                     /opt/java/openjdk/lib/libverify.so
792ce5e0c000-792ce5e0e000 r--p 0000c000 08:30 217782                     /opt/java/openjdk/lib/libverify.so
792ce5e0e000-792ce5e0f000 rw-p 0000e000 08:30 217782                     /opt/java/openjdk/lib/libverify.so
792ce5e16000-792ce5e17000 ---p 00000000 00:00 0 
792ce5e17000-792ce5f2b000 rw-p 00000000 00:00 0 
792ce5f2b000-792ce6000000 ---p 00000000 00:00 0 
792ce6000000-792ce7282000 r-xp 00000000 08:30 217819                     /opt/java/openjdk/lib/server/libjvm.so
792ce7282000-792ce7481000 ---p 01282000 08:30 217819                     /opt/java/openjdk/lib/server/libjvm.so
792ce7481000-792ce7547000 r--p 01281000 08:30 217819                     /opt/java/openjdk/lib/server/libjvm.so
792ce7547000-792ce7582000 rw-p 01347000 08:30 217819                     /opt/java/openjdk/lib/server/libjvm.so
792ce7582000-792ce75da000 rw-p 00000000 00:00 0 
792ce75ee000-792ce763b000 rw-p 00000000 00:00 0 
792ce763b000-792ce76d7000 ---p 00000000 00:00 0 
792ce76d7000-792ce76db000 ---p 00000000 00:00 0 
792ce76db000-792ce77d7000 rw-p 00000000 00:00 0 
792ce77d7000-792ce77ff000 r--p 00000000 08:30 201005                     /usr/lib/x86_64-linux-gnu/libc.so.6
792ce77ff000-792ce7994000 r-xp 00028000 08:30 201005                     /usr/lib/x86_64-linux-gnu/libc.so.6
792ce7994000-792ce79ec000 r--p 001bd000 08:30 201005                     /usr/lib/x86_64-linux-gnu/libc.so.6
792ce79ec000-792ce79ed000 ---p 00215000 08:30 201005                     /usr/lib/x86_64-linux-gnu/libc.so.6
792ce79ed000-792ce79f1000 r--p 00215000 08:30 201005                     /usr/lib/x86_64-linux-gnu/libc.so.6
792ce79f1000-792ce79f3000 rw-p 00219000 08:30 201005                     /usr/lib/x86_64-linux-gnu/libc.so.6
792ce79f3000-792ce7a00000 rw-p 00000000 00:00 0 
792ce7a00000-792ce7a1a000 r-xp 00000000 08:30 217710                     /opt/java/openjdk/lib/jli/libjli.so
792ce7a1a000-792ce7c1a000 ---p 0001a000 08:30 217710                     /opt/java/openjdk/lib/jli/libjli.so
792ce7c1a000-792ce7c1b000 r--p 0001a000 08:30 217710                     /opt/java/openjdk/lib/jli/libjli.so
792ce7c1b000-792ce7c1c000 rw-p 0001b000 08:30 217710                     /opt/java/openjdk/lib/jli/libjli.so
792ce7c28000-792ce7c2f000 r--s 00000000 08:30 200973                     /usr/lib/x86_64-linux-gnu/gconv/gconv-modules.cache
792ce7c2f000-792ce7c98000 rw-p 00000000 00:00 0 
792ce7c98000-792ce7ca1000 ---p 00000000 00:00 0 
792ce7ca1000-792ce7ca9000 rw-s 00000000 08:30 417154                     /tmp/hsperfdata_spark/69155
792ce7ca9000-792ce7caa000 r--p 00000000 08:30 201102                     /usr/lib/x86_64-linux-gnu/librt.so.1
792ce7caa000-792ce7cab000 r-xp 00001000 08:30 201102                     /usr/lib/x86_64-linux-gnu/librt.so.1
792ce7cab000-792ce7cac000 r--p 00002000 08:30 201102                     /usr/lib/x86_64-linux-gnu/librt.so.1
792ce7cac000-792ce7cad000 r--p 00002000 08:30 201102                     /usr/lib/x86_64-linux-gnu/librt.so.1
792ce7cad000-792ce7cae000 rw-p 00003000 08:30 201102                     /usr/lib/x86_64-linux-gnu/librt.so.1
792ce7cae000-792ce7cbc000 r--p 00000000 08:30 201057                     /usr/lib/x86_64-linux-gnu/libm.so.6
792ce7cbc000-792ce7d38000 r-xp 0000e000 08:30 201057                     /usr/lib/x86_64-linux-gnu/libm.so.6
792ce7d38000-792ce7d93000 r--p 0008a000 08:30 201057                     /usr/lib/x86_64-linux-gnu/libm.so.6
792ce7d93000-792ce7d94000 r--p 000e4000 08:30 201057                     /usr/lib/x86_64-linux-gnu/libm.so.6
792ce7d94000-792ce7d95000 rw-p 000e5000 08:30 201057                     /usr/lib/x86_64-linux-gnu/libm.so.6
792ce7d95000-792ce7d97000 rw-p 00000000 00:00 0 
792ce7d97000-792ce7d98000 r--p 00000000 08:30 201019                     /usr/lib/x86_64-linux-gnu/libdl.so.2
792ce7d98000-792ce7d99000 r-xp 00001000 08:30 201019                     /usr/lib/x86_64-linux-gnu/libdl.so.2
792ce7d99000-792ce7d9a000 r--p 00002000 08:30 201019                     /usr/lib/x86_64-linux-gnu/libdl.so.2
792ce7d9a000-792ce7d9b000 r--p 00002000 08:30 201019                     /usr/lib/x86_64-linux-gnu/libdl.so.2
792ce7d9b000-792ce7d9c000 rw-p 00003000 08:30 201019                     /usr/lib/x86_64-linux-gnu/libdl.so.2
792ce7d9c000-792ce7d9d000 r--p 00000000 08:30 201100                     /usr/lib/x86_64-linux-gnu/libpthread.so.0
792ce7d9d000-792ce7d9e000 r-xp 00001000 08:30 201100                     /usr/lib/x86_64-linux-gnu/libpthread.so.0
792ce7d9e000-792ce7d9f000 r--p 00002000 08:30 201100                     /usr/lib/x86_64-linux-gnu/libpthread.so.0
792ce7d9f000-792ce7da0000 r--p 00002000 08:30 201100                     /usr/lib/x86_64-linux-gnu/libpthread.so.0
792ce7da0000-792ce7da1000 rw-p 00003000 08:30 201100                     /usr/lib/x86_64-linux-gnu/libpthread.so.0
792ce7da5000-792ce7da6000 ---p 00000000 00:00 0 
792ce7da6000-792ce7da7000 r--p 00000000 00:00 0 
792ce7da7000-792ce7da9000 rw-p 00000000 00:00 0 
792ce7da9000-792ce7dab000 r--p 00000000 08:30 200987                     /usr/lib/x86_64-linux-gnu/ld-linux-x86-64.so.2
792ce7dab000-792ce7dd5000 r-xp 00002000 08:30 200987                     /usr/lib/x86_64-linux-gnu/ld-linux-x86-64.so.2
792ce7dd5000-792ce7de0000 r--p 0002c000 08:30 200987                     /usr/lib/x86_64-linux-gnu/ld-linux-x86-64.so.2
792ce7de1000-792ce7de3000 r--p 00037000 08:30 200987                     /usr/lib/x86_64-linux-gnu/ld-linux-x86-64.so.2
792ce7de3000-792ce7de5000 rw-p 00039000 08:30 200987                     /usr/lib/x86_64-linux-gnu/ld-linux-x86-64.so.2
7fff7dd24000-7fff7dd45000 rw-p 00000000 00:00 0                          [stack]
7fff7dde5000-7fff7dde9000 r--p 00000000 00:00 0                          [vvar]
7fff7dde9000-7fff7ddeb000 r-xp 00000000 00:00 0                          [vdso]


VM Arguments:
jvm_args: -Xmx1g -XX:+IgnoreUnrecognizedVMOptions --add-opens=java.base/java.lang=ALL-UNNAMED --add-opens=java.base/java.lang.invoke=ALL-UNNAMED --add-opens=java.base/java.lang.reflect=ALL-UNNAMED --add-opens=java.base/java.io=ALL-UNNAMED --add-opens=java.base/java.net=ALL-UNNAMED --add-opens=java.base/java.nio=ALL-UNNAMED --add-opens=java.base/java.util=ALL-UNNAMED --add-opens=java.base/java.util.concurrent=ALL-UNNAMED --add-opens=java.base/java.util.concurrent.atomic=ALL-UNNAMED --add-opens=java.base/jdk.internal.ref=ALL-UNNAMED --add-opens=java.base/sun.nio.ch=ALL-UNNAMED --add-opens=java.base/sun.nio.cs=ALL-UNNAMED --add-opens=java.base/sun.security.action=ALL-UNNAMED --add-opens=java.base/sun.util.calendar=ALL-UNNAMED --add-opens=java.security.jgss/sun.security.krb5=ALL-UNNAMED -Djdk.reflect.useDirectMethodHandle=false 
java_command: org.apache.spark.deploy.SparkSubmit --conf spark.jars.ivy=/tmp/.ivy2 --packages org.apache.iceberg:iceberg-spark-runtime-3.5_2.12:1.5.0,org.projectnessie.nessie-integrations:nessie-spark-extensions-3.5_2.12:0.77.1,software.amazon.awssdk:bundle:2.20.18,software.amazon.awssdk:url-connection-client:2.20.18 /opt/spark/work-dir/complex_transforms/05_iceberg_transforms.py
java_class_path (initial): /opt/spark/conf:/opt/spark/jars/kubernetes-model-core-6.7.2.jar:/opt/spark/jars/scala-reflect-2.12.18.jar:/opt/spark/jars/libthrift-0.12.0.jar:/opt/spark/jars/jersey-hk2-2.47.jar:/opt/spark/jars/spark-common-utils_2.12-3.5.9.jar:/opt/spark/jars/kubernetes-model-events-6.7.2.jar:/opt/spark/jars/kubernetes-model-autoscaling-6.7.2.jar:/opt/spark/jars/log4j-1.2-api-2.20.0.jar:/opt/spark/jars/netty-codec-http2-4.1.96.Final.jar:/opt/spark/jars/arrow-memory-core-12.0.1.jar:/opt/spark/jars/stax-api-1.0.1.jar:/opt/spark/jars/spark-catalyst_2.12-3.5.9.jar:/opt/spark/jars/guava-14.0.1.jar:/opt/spark/jars/kubernetes-client-api-6.7.2.jar:/opt/spark/jars/osgi-resource-locator-1.0.3.jar:/opt/spark/jars/netty-handler-4.1.96.Final.jar:/opt/spark/jars/mesos-1.4.3-shaded-protobuf.jar:/opt/spark/jars/httpcore-4.4.16.jar:/opt/spark/jars/compress-lzf-1.1.2.jar:/opt/spark/jars/jsr305-3.0.0.jar:/opt/spark/jars/hive-storage-api-2.8.1.jar:/opt/spark/jars/ivy-2.5.3.jar:/opt/spark/jars/javolution-5.5.1.jar:/opt/spark/jars/netty-codec-socks-4.1.96.Final.jar:/opt/spark/jars/spark-sql-api_2.12-3.5.9.jar:/opt/spark/jars/netty-handler-proxy-4.1.96.Final.jar:/opt/spark/jars/audience-annotations-0.5.0.jar:/opt/spark/jars/kubernetes-client-6.7.2.jar:/opt/spark/jars/jakarta.inject-2.6.1.jar:/opt/spark/jars/aopalliance-repackaged-2.6.1.jar:/opt/spark/jars/commons-compiler-3.1.9.jar:/opt/spark/jars/netty-all-4.1.96.Final.jar:/opt/spark/jars/netty-transport-4.1.96.Final.jar:/opt/spark/jars/commons-logging-1.1.3.jar:/opt/spark/jars/zstd-jni-1.5.5-4.jar:/opt/spark/jars/xz-1.9.jar:/opt/spark/jars/lz4-java-1.8.0.jar:/opt/spark/jars/kubernetes-model-common-6.7.2.jar:/opt/spark/jars/curator-recipes-2.13.0.jar:/opt/spark/jars/jackson-databind-2.15.2.jar:/opt/spark/jars/kubernetes-model-node-6.7.2.jar:/opt/spark/jars/curator-framework-2.13.0.jar:/opt/spark/jars/shims-0.9.45.jar:/opt/spark/jars/jackson-dataformat-yaml-2.15.2.jar:/opt/spark/jars/jakarta.servlet-api-4.0.3.jar:/opt/spark/
Launcher Type: SUN_STANDARD

[Global flags]
     intx CICompilerCount                          = 12                                        {product} {ergonomic}
     uint ConcGCThreads                            = 3                                         {product} {ergonomic}
     uint G1ConcRefinementThreads                  = 13                                        {product} {ergonomic}
   size_t G1HeapRegionSize                         = 1048576                                   {product} {ergonomic}
    uintx GCDrainStackTargetSize                   = 64                                        {product} {ergonomic}
     bool IgnoreUnrecognizedVMOptions              = true                                      {product} {command line}
   size_t InitialHeapSize                          = 130023424                                 {product} {ergonomic}
   size_t MarkStackSize                            = 4194304                                   {product} {ergonomic}
   size_t MaxHeapSize                              = 1073741824                                {product} {command line}
   size_t MaxNewSize                               = 643825664                                 {product} {ergonomic}
   size_t MinHeapDeltaBytes                        = 1048576                                   {product} {ergonomic}
    uintx NonNMethodCodeHeapSize                   = 7594288                                {pd product} {ergonomic}
    uintx NonProfiledCodeHeapSize                  = 122031976                              {pd product} {ergonomic}
    uintx ProfiledCodeHeapSize                     = 122031976                              {pd product} {ergonomic}
    uintx ReservedCodeCacheSize                    = 251658240                              {pd product} {ergonomic}
     bool SegmentedCodeCache                       = true                                      {product} {ergonomic}
     bool UseCompressedClassPointers               = true                                 {lp64_product} {ergonomic}
     bool UseCompressedOops                        = true                                 {lp64_product} {ergonomic}
     bool UseG1GC                                  = true                                      {product} {ergonomic}

Logging:
Log output configuration:
 #0: stdout all=warning uptime,level,tags
 #1: stderr all=off uptime,level,tags

Environment Variables:
JAVA_HOME=/opt/java/openjdk
PATH=/opt/java/openjdk/bin:/usr/local/sbin:/usr/local/bin:/usr/sbin:/usr/bin:/sbin:/bin
LANG=en_US.UTF-8
LC_ALL=en_US.UTF-8

Signal Handlers:
SIGSEGV: [libjvm.so+0xf51250], sa_mask[0]=11111111011111111101111111111110, sa_flags=SA_RESTART|SA_SIGINFO
SIGBUS: [libjvm.so+0xf51250], sa_mask[0]=11111111011111111101111111111110, sa_flags=SA_RESTART|SA_SIGINFO
SIGFPE: [libjvm.so+0xf51250], sa_mask[0]=11111111011111111101111111111110, sa_flags=SA_RESTART|SA_SIGINFO
SIGPIPE: [libjvm.so+0xc72f40], sa_mask[0]=11111111011111111101111111111110, sa_flags=SA_RESTART|SA_SIGINFO
SIGXFSZ: [libjvm.so+0xc72f40], sa_mask[0]=11111111011111111101111111111110, sa_flags=SA_RESTART|SA_SIGINFO
SIGILL: [libjvm.so+0xf51250], sa_mask[0]=11111111011111111101111111111110, sa_flags=SA_RESTART|SA_SIGINFO
SIGUSR2: [libjvm.so+0xc72de0], sa_mask[0]=00000000000000000000000000000000, sa_flags=SA_RESTART|SA_SIGINFO
SIGHUP: [libjvm.so+0xc73370], sa_mask[0]=11111111011111111101111111111110, sa_flags=SA_RESTART|SA_SIGINFO
SIGINT: [libjvm.so+0xc73370], sa_mask[0]=11111111011111111101111111111110, sa_flags=SA_RESTART|SA_SIGINFO
SIGTERM: [libjvm.so+0xc73370], sa_mask[0]=11111111011111111101111111111110, sa_flags=SA_RESTART|SA_SIGINFO
SIGQUIT: [libjvm.so+0xc73370], sa_mask[0]=11111111011111111101111111111110, sa_flags=SA_RESTART|SA_SIGINFO


---------------  S Y S T E M  ---------------

OS:DISTRIB_ID=Ubuntu
DISTRIB_RELEASE=22.04
DISTRIB_CODENAME=jammy
DISTRIB_DESCRIPTION="Ubuntu 22.04.5 LTS"
uname:Linux 6.6.114.1-microsoft-standard-WSL2 #1 SMP PREEMPT_DYNAMIC Mon Dec  1 20:46:23 UTC 2025 x86_64
OS uptime: 0 days 1:54 hours
libc:glibc 2.35 NPTL 2.35 
rlimit (soft/hard): STACK 8192k/infinity , CORE 0k/infinity , NPROC infinity/infinity , NOFILE 1048576/1048576 , AS infinity/infinity , CPU infinity/infinity , DATA infinity/infinity , FSIZE infinity/infinity , MEMLOCK infinity/infinity
load average:2.26 2.27 2.32

/proc/meminfo:
MemTotal:        8036432 kB
MemFree:           81080 kB
MemAvailable:    1698808 kB
Buffers:           11212 kB
Cached:          1695432 kB
SwapCached:         8768 kB
Active:          1904640 kB
Inactive:        5543752 kB
Active(anon):     748996 kB
Inactive(anon):  4996300 kB
Active(file):    1155644 kB
Inactive(file):   547452 kB
Unevictable:           0 kB
Mlocked:               0 kB
SwapTotal:       2097152 kB
SwapFree:        1197196 kB
Dirty:              4116 kB
Writeback:            52 kB
AnonPages:       5738516 kB
Mapped:           122756 kB
Shmem:              3352 kB
KReclaimable:     108796 kB
Slab:             210752 kB
SReclaimable:     108796 kB
SUnreclaim:       101956 kB
KernelStack:       22928 kB
PageTables:        24992 kB
SecPageTables:         0 kB
NFS_Unstable:          0 kB
Bounce:                0 kB
WritebackTmp:          0 kB
CommitLimit:     6115368 kB
Committed_AS:   10143360 kB
VmallocTotal:   34359738367 kB
VmallocUsed:       48580 kB
VmallocChunk:          0 kB
Percpu:             6464 kB
HardwareCorrupted:     0 kB
AnonHugePages:         0 kB
ShmemHugePages:        0 kB
ShmemPmdMapped:        0 kB
FileHugePages:         0 kB
FilePmdMapped:         0 kB
Unaccepted:            0 kB
HugePages_Total:       0
HugePages_Free:        0
HugePages_Rsvd:        0
HugePages_Surp:        0
Hugepagesize:       2048 kB
Hugetlb:               0 kB
DirectMap4k:       84992 kB
DirectMap2M:     5062656 kB
DirectMap1G:    12582912 kB

/sys/kernel/mm/transparent_hugepage/enabled:
always [madvise] never
/sys/kernel/mm/transparent_hugepage/defrag (defrag/compaction efforts parameter):
always defer defer+madvise [madvise] never

Process Memory:
Virtual Size: 11339180K (peak: 12467828K)
Resident Set Size: 1220432K (peak: 1220432K) (anon: 1189772K, file: 30660K, shmem: 0K)
Swapped out: 0K
C-Heap outstanding allocations: 210658K, retained: 115161K
glibc malloc tunables: (default)

/proc/sys/kernel/threads-max (system-wide limit on the number of threads):
62706
/proc/sys/vm/max_map_count (maximum number of memory map areas a process may have):
262144
/proc/sys/kernel/pid_max (system-wide limit on number of process identifiers):
99999

container (cgroup) information:
container_type: cgroupv2
cpu_cpuset_cpus: not supported
cpu_memory_nodes: not supported
active_processor_count: 16
cpu_quota: no quota
cpu_period: 100000
cpu_shares: no shares
memory_limit_in_bytes: unlimited
memory_and_swap_limit_in_bytes: unlimited
memory_soft_limit_in_bytes: unlimited
memory_usage_in_bytes: 4052388 k
memory_max_usage_in_bytes: not supported
rss_usage_in_bytes: not supported
cache_usage_in_bytes: not supported
memory_swap_current_in_bytes: 126876 k
memory_swap_max_limit_in_bytes: unlimited
maximum number of tasks: unlimited
current number of tasks: 507

Hyper-V virtualization detected
Steal ticks since vm start: 0
Steal ticks percentage since vm start:  0.000

CPU:total 16 (initial active 16) (16 cores per cpu, 2 threads per core) family 25 model 68 stepping 1 microcode 0xffffffff, cmov, cx8, fxsr, mmx, sse, sse2, sse3, ssse3, sse4.1, sse4.2, popcnt, avx, avx2, aes, clmul, erms, mmxext, 3dnowpref, lzcnt, sse4a, ht, tsc, tscinvbit, tscinv, bmi1, bmi2, adx, sha, fma
CPU Model and flags from /proc/cpuinfo:
model name	: AMD Ryzen 7 7435HS
flags		: fpu vme de pse tsc msr pae mce cx8 apic sep mtrr pge mca cmov pat pse36 clflush mmx fxsr sse sse2 ht syscall nx mmxext fxsr_opt pdpe1gb rdtscp lm constant_tsc rep_good nopl tsc_reliable nonstop_tsc cpuid extd_apicid tsc_known_freq pni pclmulqdq ssse3 fma cx16 sse4_1 sse4_2 movbe popcnt aes xsave avx f16c rdrand hypervisor lahf_lm cmp_legacy svm cr8_legacy abm sse4a misalignsse 3dnowprefetch osvw topoext perfctr_core ssbd ibrs ibpb stibp vmmcall fsgsbase bmi1 avx2 smep bmi2 erms invpcid rdseed adx smap clflushopt clwb sha_ni xsaveopt xsavec xgetbv1 xsaves clzero xsaveerptr arat npt nrip_save tsc_scale vmcb_clean flushbyasid decodeassists pausefilter pfthreshold v_vmsave_vmload umip vaes vpclmulqdq rdpid fsrm
Online cpus:
0-15
Offline cpus:

BIOS frequency limitation:
<Not Available>
Frequency switch latency (ns):
<Not Available>
Available cpu frequencies:
<Not Available>
Current governor:
<Not Available>
Core performance/turbo boost:
<Not Available>

Memory: 4k page, physical 8036432k(81080k free), swap 2097152k(1197196k free)

vm_info: OpenJDK 64-Bit Server VM (11.0.31+11) for linux-amd64 JRE (11.0.31+11), built on Apr 25 2026 12:54:35 by "" with gcc 7.5.0

END.
