#
# A fatal error has been detected by the Java Runtime Environment:
#
#  SIGSEGV (0xb) at pc=0x00007d0ee1e169ea, pid=76361, tid=76495
#
# JRE version: OpenJDK Runtime Environment Temurin-11.0.31+11 (11.0.31+11) (build 11.0.31+11)
# Java VM: OpenJDK 64-Bit Server VM Temurin-11.0.31+11 (11.0.31+11, mixed mode, sharing, tiered, compressed oops, g1 gc, linux-amd64)
# Problematic frame:
# V  [libjvm.so+0x8169ea]  G1ParCopyClosure<(G1Barrier)1, (G1Mark)2>::do_oop(oopDesc**)+0x3a
#
# Core dump will be written. Default location: Core dumps may be processed with "/wsl-capture-crash %t %E %p %s" (or dumping to /opt/spark/work-dir/core.76361)
#
# If you would like to submit a bug report, please visit:
#   https://github.com/adoptium/adoptium-support/issues
#

---------------  S U M M A R Y ------------

Command Line: -Xmx1g -XX:TieredStopAtLevel=1 -XX:+IgnoreUnrecognizedVMOptions --add-opens=java.base/java.lang=ALL-UNNAMED --add-opens=java.base/java.lang.invoke=ALL-UNNAMED --add-opens=java.base/java.lang.reflect=ALL-UNNAMED --add-opens=java.base/java.io=ALL-UNNAMED --add-opens=java.base/java.net=ALL-UNNAMED --add-opens=java.base/java.nio=ALL-UNNAMED --add-opens=java.base/java.util=ALL-UNNAMED --add-opens=java.base/java.util.concurrent=ALL-UNNAMED --add-opens=java.base/java.util.concurrent.atomic=ALL-UNNAMED --add-opens=java.base/jdk.internal.ref=ALL-UNNAMED --add-opens=java.base/sun.nio.ch=ALL-UNNAMED --add-opens=java.base/sun.nio.cs=ALL-UNNAMED --add-opens=java.base/sun.security.action=ALL-UNNAMED --add-opens=java.base/sun.util.calendar=ALL-UNNAMED --add-opens=java.security.jgss/sun.security.krb5=ALL-UNNAMED -Djdk.reflect.useDirectMethodHandle=false org.apache.spark.deploy.SparkSubmit --conf spark.jars.ivy=/tmp/.ivy2 --conf spark.driver.extraJavaOptions=-XX:TieredStopAtLevel=1 --packages org.apache.iceberg:iceberg-spark-runtime-3.5_2.12:1.5.0,org.projectnessie.nessie-integrations:nessie-spark-extensions-3.5_2.12:0.77.1,org.apache.iceberg:iceberg-aws-bundle:1.5.0 /opt/spark/work-dir/complex_transforms/05_iceberg_transforms.py

Host: AMD Ryzen 7 7435HS, 16 cores, 7G, Ubuntu 22.04.5 LTS
Time: Thu Oct  1 16:41:49 2026 UTC elapsed time: 33.134204 seconds (0d 0h 0m 33s)

---------------  T H R E A D  ---------------

Current thread (0x00007d0ea804d000):  GCTaskThread "GC Thread#6" [stack: 0x00007d0de91fe000,0x00007d0de92fe000] [id=76495]

Stack: [0x00007d0de91fe000,0x00007d0de92fe000],  sp=0x00007d0de92fca70,  free space=1018k
Native frames: (J=compiled Java code, A=aot compiled Java code, j=interpreted, Vv=VM code, C=native code)
V  [libjvm.so+0x8169ea]  G1ParCopyClosure<(G1Barrier)1, (G1Mark)2>::do_oop(oopDesc**)+0x3a
V  [libjvm.so+0x61c24a]  ClassLoaderData::oops_do(OopClosure*, bool, bool)+0xba
V  [libjvm.so+0x7faa15]  G1CLDScanClosure::do_cld(ClassLoaderData*)+0x35
V  [libjvm.so+0x61f069]  ClassLoaderDataGraph::roots_cld_do(CLDClosure*, CLDClosure*)+0x39
V  [libjvm.so+0x819db1]  G1RootProcessor::evacuate_roots(G1ParScanThreadState*, unsigned int)+0x1a1
V  [libjvm.so+0x7c4dec]  G1ParTask::work(unsigned int)+0xec
V  [libjvm.so+0xf7c20d]  GangWorker::loop()+0x4d
V  [libjvm.so+0xee028f]  Thread::call_run()+0x14f
V  [libjvm.so+0xc7e016]  thread_native_entry(Thread*)+0xe6


siginfo: si_signo: 11 (SIGSEGV), si_code: 128 (SI_KERNEL), si_addr: 0x0000000000000000

Register to memory mapping:

RAX=0x00007d0edc038fc0 points into unknown readable memory: 0x00007d0ee2b39dc8 | c8 9d b3 e2 0e 7d 00 00
RBX=0x00007d0d7801ed08 points into unknown readable memory: 0x00007d0ee2a8f050 | 50 f0 a8 e2 0e 7d 00 00
RCX=0x00007d0edc05a080 points into unknown readable memory: 0x00000000e8c00000 | 00 00 c0 e8 00 00 00 00
RDX=0x00000407e1a3d70a is an unknown value
RSP=0x00007d0de92fca70 points into unknown readable memory: 0x00007d0d7801ec30 | 30 ec 01 78 0d 7d 00 00
RBP=0x00007d0de92fcaa0 points into unknown readable memory: 0x00007d0de92fcad0 | d0 ca 2f e9 0d 7d 00 00
RSI=0x00007d0cc805d560 points into unknown readable memory: 0x407e1a3d70a3d70a | 0a d7 a3 70 3d 1a 7e 40
RDI=0x00007d0d7801ed08 points into unknown readable memory: 0x00007d0ee2a8f050 | 50 f0 a8 e2 0e 7d 00 00
R8 =0x00007d0edde931f8 points into unknown readable memory: 0x55656c6200000001 | 01 00 00 00 62 6c 65 55
R9 =0x00007d0edc044b70 points into unknown readable memory: 0x0000000200000004 | 04 00 00 00 02 00 00 00
R10=0x00007d0de92fcaa0 points into unknown readable memory: 0x00007d0de92fcad0 | d0 ca 2f e9 0d 7d 00 00
R11=0x00007ffd2eff9090 points into unknown readable memory: 0x0000000000000000 | 00 00 00 00 00 00 00 00
R12=0x407e1a3d70a3d70a is an unknown value
R13=0x00007d0cc805d560 points into unknown readable memory: 0x407e1a3d70a3d70a | 0a d7 a3 70 3d 1a 7e 40
R14=0x00007d0cc805d560 points into unknown readable memory: 0x407e1a3d70a3d70a | 0a d7 a3 70 3d 1a 7e 40
R15=0x00007d0de92fcb50 points into unknown readable memory: 0x00007d0ee2a8e8f0 | f0 e8 a8 e2 0e 7d 00 00


Registers:
RAX=0x00007d0edc038fc0, RBX=0x00007d0d7801ed08, RCX=0x00007d0edc05a080, RDX=0x00000407e1a3d70a
RSP=0x00007d0de92fca70, RBP=0x00007d0de92fcaa0, RSI=0x00007d0cc805d560, RDI=0x00007d0d7801ed08
R8 =0x00007d0edde931f8, R9 =0x00007d0edc044b70, R10=0x00007d0de92fcaa0, R11=0x00007ffd2eff9090
R12=0x407e1a3d70a3d70a, R13=0x00007d0cc805d560, R14=0x00007d0cc805d560, R15=0x00007d0de92fcb50
RIP=0x00007d0ee1e169ea, EFLAGS=0x0000000000010216, CSGSFS=0x002b000000000033, ERR=0x0000000000000000
  TRAPNO=0x000000000000000d

Top of Stack: (sp=0x00007d0de92fca70)
0x00007d0de92fca70:   00007d0d7801ec30 00007d0cc805d560
0x00007d0de92fca80:   00007d0d7801ed08 00007d132e6c3bc8
0x00007d0de92fca90:   00007d0cc805d560 00007d0de92fcb50
0x00007d0de92fcaa0:   00007d0de92fcad0 00007d0ee1c1c24a 

Instructions: (pc=0x00007d0ee1e169ea)
0x00007d0ee1e168ea:   e5 5d c3 0f 1f 00 55 b8 01 00 00 00 48 89 e5 5d
0x00007d0ee1e168fa:   c3 0f 1f 44 00 00 55 48 8d 05 f8 3b d2 00 48 89
0x00007d0ee1e1690a:   e5 48 89 47 38 48 89 47 08 5d 48 8d 05 35 3c d2
0x00007d0ee1e1691a:   00 48 89 07 e9 4d 7e c2 ff 66 2e 0f 1f 84 00 00
0x00007d0ee1e1692a:   00 00 00 0f 1f 00 55 48 8d 05 c8 3b d2 00 48 89
0x00007d0ee1e1693a:   e5 48 89 87 d8 00 00 00 48 89 87 a8 00 00 00 5d
0x00007d0ee1e1694a:   48 89 47 38 48 89 47 08 48 8d 05 f7 3b d2 00 48
0x00007d0ee1e1695a:   89 07 e9 0f 7e c2 ff 66 2e 0f 1f 84 00 00 00 00
0x00007d0ee1e1696a:   00 0f 1f 44 00 00 55 48 8d 05 88 3b d2 00 48 89
0x00007d0ee1e1697a:   e5 48 89 87 d8 00 00 00 48 89 87 a8 00 00 00 5d
0x00007d0ee1e1698a:   48 89 47 38 48 89 47 08 48 8d 05 b7 3b d2 00 48
0x00007d0ee1e1699a:   89 07 e9 cf 7d c2 ff 66 2e 0f 1f 84 00 00 00 00
0x00007d0ee1e169aa:   00 0f 1f 44 00 00 55 48 89 e5 41 57 41 56 41 55
0x00007d0ee1e169ba:   41 54 53 48 83 ec 08 4c 8b 26 4d 85 e4 0f 84 f3
0x00007d0ee1e169ca:   00 00 00 48 8b 47 08 4c 89 e2 49 89 f5 48 89 fb
0x00007d0ee1e169da:   8b 88 f0 06 00 00 48 d3 ea 48 8b 88 e0 06 00 00
0x00007d0ee1e169ea:   0f b6 34 11 40 84 f6 0f 8e 89 00 00 00 49 8b 0c
0x00007d0ee1e169fa:   24 48 89 c8 83 e0 03 48 83 f8 03 0f 85 c5 00 00
0x00007d0ee1e16a0a:   00 48 8d 05 06 67 d3 00 80 38 00 74 10 48 89 c8
0x00007d0ee1e16a1a:   83 e0 07 48 83 f8 05 0f 84 c9 01 00 00 48 83 e1
0x00007d0ee1e16a2a:   fc 49 89 ce 4d 39 f4 4d 89 75 00 4d 89 f7 0f 85
0x00007d0ee1e16a3a:   b1 00 00 00 48 8b 43 08 8b 88 c0 02 00 00 48 8b
0x00007d0ee1e16a4a:   80 b0 02 00 00 49 d3 ef 4a 8b 04 f8 8b 80 04 01
0x00007d0ee1e16a5a:   00 00 a8 02 74 08 48 8b 43 20 c6 40 22 01 48 8b
0x00007d0ee1e16a6a:   7b 10 48 83 c4 08 5b 41 5c 41 5d 41 5e 41 5f 5d
0x00007d0ee1e16a7a:   e9 d1 3f fe ff 90 40 80 fe ff 75 e2 48 8d 15 8f
0x00007d0ee1e16a8a:   04 d8 00 4c 2b 60 10 8b 0a 48 8b 90 88 04 00 00
0x00007d0ee1e16a9a:   49 d3 ec 45 89 e4 4c 01 e2 80 3a 00 74 c0 c6 02
0x00007d0ee1e16aaa:   00 48 8b 80 d0 06 00 00 42 c6 04 20 00 eb af 0f
0x00007d0ee1e16aba:   1f 80 00 00 00 00 48 83 c4 08 5b 41 5c 41 5d 41
0x00007d0ee1e16aca:   5e 41 5f 5d c3 90 48 8b 7f 10 4c 89 e2 e8 54 71
0x00007d0ee1e16ada:   fe ff 49 89 c6 4d 39 f4 4d 89 75 00 4d 89 f7 0f 


Stack slot to memory mapping:
stack at sp + 0 slots: 0x00007d0d7801ec30 points into unknown readable memory: 0x00007d0ee2a8f070 | 70 f0 a8 e2 0e 7d 00 00
stack at sp + 1 slots: 0x00007d0cc805d560 points into unknown readable memory: 0x407e1a3d70a3d70a | 0a d7 a3 70 3d 1a 7e 40
stack at sp + 2 slots: 0x00007d0d7801ed08 points into unknown readable memory: 0x00007d0ee2a8f050 | 50 f0 a8 e2 0e 7d 00 00
stack at sp + 3 slots: 0x00007d132e6c3bc8 is an unknown value
stack at sp + 4 slots: 0x00007d0cc805d560 points into unknown readable memory: 0x407e1a3d70a3d70a | 0a d7 a3 70 3d 1a 7e 40
stack at sp + 5 slots: 0x00007d0de92fcb50 points into unknown readable memory: 0x00007d0ee2a8e8f0 | f0 e8 a8 e2 0e 7d 00 00
stack at sp + 6 slots: 0x00007d0de92fcad0 points into unknown readable memory: 0x00007d0de92fcaf0 | f0 ca 2f e9 0d 7d 00 00
stack at sp + 7 slots: 0x00007d0ee1c1c24a: <offset 0x000000000061c24a> in /opt/java/openjdk/lib/server/libjvm.so at 0x00007d0ee1600000


---------------  P R O C E S S  ---------------

Threads class SMR info:
_java_thread_list=0x0000581a923479d0, length=118, elements={
0x00007d0edc02a800, 0x00007d0edc12f000, 0x00007d0edc131800, 0x00007d0edc137000,
0x00007d0edc139000, 0x00007d0edc13b000, 0x00007d0edc13d000, 0x00007d0edc184000,
0x00007d0edde81800, 0x00007d0edddf3000, 0x00007d0eddf9a800, 0x00007d0eddfa0800,
0x00007d0e5c009000, 0x00007d0e548a2000, 0x00007d0e548a9800, 0x00007d0e548aa800,
0x00007d0e548ac800, 0x00007d0e548ae800, 0x00007d0e548b0000, 0x00007d0e548b2000,
0x00007d0e548b4000, 0x00007d0e548b6000, 0x00007d0e548b8000, 0x00007d0e548ba000,
0x00007d0e548bc000, 0x00007d0e548be000, 0x00007d0e548c0000, 0x00007d0e548c2800,
0x00007d0e548c4800, 0x00007d0e548c6800, 0x00007d0e548fd000, 0x00007d0e5490b800,
0x00007d0e5490d800, 0x00007d0e54912000, 0x00007d0e54913800, 0x00007d0e54915800,
0x00007d0e54917800, 0x00007d0e54919800, 0x00007d0e54990000, 0x00007d0e549eb800,
0x00007d0e549f0000, 0x00007d0e54aff000, 0x00007d0e54b00000, 0x00007d0e54b02000,
0x00007d0e54b04000, 0x00007d0e54b06000, 0x00007d0e54b08000, 0x00007d0e54b0a000,
0x00007d0e54b0b800, 0x00007d0e54b44000, 0x00007d0e54b5e000, 0x00007d0e5c00b800,
0x00007d0e54b7d000, 0x00007d0e54b86800, 0x00007d0da8004000, 0x00007d0d9c013800,
0x00007d0e54b90800, 0x00007d0e54b92800, 0x00007d0e54bcb800, 0x00007d0e54bd3800,
0x00007d0e54be2000, 0x00007d0e54c07000, 0x00007d0e54c25000, 0x00007d0e44004000,
0x00007d0e54c38800, 0x00007d0e54d8a800, 0x00007d0e54d8c800, 0x00007d0e54d93000,
0x00007d0e54d95000, 0x00007d0d6802c800, 0x00007d0e558f7800, 0x00007d0d4c00a000,
0x00007d0d4c00c000, 0x00007d0d4c00e800, 0x00007d0d54004000, 0x00007d0d54006800,
0x00007d0d54008800, 0x00007d0e55670800, 0x00007d0e5457d800, 0x00007d0e568ac800,
0x00007d0e568ae000, 0x00007d0e568af800, 0x00007d0e568b1800, 0x00007d0e568b3800,
0x00007d0e568b5000, 0x00007d0e568b7000, 0x00007d0e568b9000, 0x00007d0e568bb000,
0x00007d0e568bd000, 0x00007d0e568bf000, 0x00007d0e568c1000, 0x00007d0e568c3000,
0x00007d0e568c5000, 0x00007d0e568c7000, 0x00007d0e568c9000, 0x00007d0e20039000,
0x00007d0e20039800, 0x00007d0e2003a800, 0x00007d0e2003c800, 0x00007d0e2003e000,
0x00007d0e20040000, 0x00007d0e20044000, 0x00007d0e20046000, 0x00007d0e20047800,
0x00007d0e20049800, 0x00007d0e2004b800, 0x00007d0e2004d800, 0x00007d0e2004f800,
0x00007d0e20052000, 0x00007d0e20054000, 0x00007d0e20056800, 0x00007d0cd4034800,
0x00007d0cb8133000, 0x00007d0e18002000, 0x00007d0e18005000, 0x00007d0e18006800,
0x00007d0e18008800, 0x0000581a92346000
}

Java Threads: ( => current thread )
  0x00007d0edc02a800 JavaThread "main" [_thread_blocked, id=76389, stack(0x00007d0ee2bf0000,0x00007d0ee2cf0000)]
  0x00007d0edc12f000 JavaThread "Reference Handler" daemon [_thread_blocked, id=76396, stack(0x00007d0eb5f00000,0x00007d0eb6000000)]
  0x00007d0edc131800 JavaThread "Finalizer" daemon [_thread_blocked, id=76397, stack(0x00007d0eb5e00000,0x00007d0eb5f00000)]
  0x00007d0edc137000 JavaThread "Signal Dispatcher" daemon [_thread_blocked, id=76398, stack(0x00007d0eb5a17000,0x00007d0eb5b17000)]
  0x00007d0edc139000 JavaThread "Service Thread" daemon [_thread_blocked, id=76399, stack(0x00007d0eb5917000,0x00007d0eb5a17000)]
  0x00007d0edc13b000 JavaThread "C1 CompilerThread0" daemon [_thread_blocked, id=76400, stack(0x00007d0eb5817000,0x00007d0eb5917000)]
  0x00007d0edc13d000 JavaThread "Sweeper thread" daemon [_thread_blocked, id=76401, stack(0x00007d0eb5717000,0x00007d0eb5817000)]
  0x00007d0edc184000 JavaThread "Common-Cleaner" daemon [_thread_blocked, id=76402, stack(0x00007d0eb5617000,0x00007d0eb5717000)]
  0x00007d0edde81800 JavaThread "process reaper (pid 76418)" daemon [_thread_in_native, id=76413, stack(0x00007d0ee1039000,0x00007d0ee105b000)]
  0x00007d0edddf3000 JavaThread "org.apache.hadoop.fs.FileSystem$Statistics$StatisticsDataReferenceCleaner" daemon [_thread_blocked, id=76415, stack(0x00007d0e7b300000,0x00007d0e7b400000)]
  0x00007d0eddf9a800 JavaThread "Thread-3" [_thread_in_native, id=76416, stack(0x00007d0e7a900000,0x00007d0e7aa00000)]
  0x00007d0eddfa0800 JavaThread "redirect output" daemon [_thread_in_native, id=76419, stack(0x00007d0e7a300000,0x00007d0e7a400000)]
  0x00007d0e5c009000 JavaThread "Thread-5" [_thread_blocked, id=76421, stack(0x00007d0e7a200000,0x00007d0e7a300000)]
  0x00007d0e548a2000 JavaThread "rpc-boss-3-1" daemon [_thread_in_native, id=76425, stack(0x00007d0e797fd000,0x00007d0e798fd000)]
  0x00007d0e548a9800 JavaThread "dispatcher-event-loop-0" daemon [_thread_blocked, id=76426, stack(0x00007d0e796fd000,0x00007d0e797fd000)]
  0x00007d0e548aa800 JavaThread "dispatcher-event-loop-1" daemon [_thread_blocked, id=76427, stack(0x00007d0e795fd000,0x00007d0e796fd000)]
  0x00007d0e548ac800 JavaThread "dispatcher-event-loop-2" daemon [_thread_blocked, id=76428, stack(0x00007d0e794fd000,0x00007d0e795fd000)]
  0x00007d0e548ae800 JavaThread "dispatcher-event-loop-3" daemon [_thread_blocked, id=76429, stack(0x00007d0e793fd000,0x00007d0e794fd000)]
  0x00007d0e548b0000 JavaThread "dispatcher-event-loop-4" daemon [_thread_blocked, id=76430, stack(0x00007d0e792fd000,0x00007d0e793fd000)]
  0x00007d0e548b2000 JavaThread "dispatcher-event-loop-5" daemon [_thread_blocked, id=76431, stack(0x00007d0e791fd000,0x00007d0e792fd000)]
  0x00007d0e548b4000 JavaThread "dispatcher-event-loop-6" daemon [_thread_blocked, id=76432, stack(0x00007d0e790fd000,0x00007d0e791fd000)]
  0x00007d0e548b6000 JavaThread "dispatcher-event-loop-7" daemon [_thread_blocked, id=76433, stack(0x00007d0e78ffd000,0x00007d0e790fd000)]
  0x00007d0e548b8000 JavaThread "dispatcher-event-loop-8" daemon [_thread_blocked, id=76434, stack(0x00007d0e78efd000,0x00007d0e78ffd000)]
  0x00007d0e548ba000 JavaThread "dispatcher-event-loop-9" daemon [_thread_blocked, id=76435, stack(0x00007d0e78dfd000,0x00007d0e78efd000)]
  0x00007d0e548bc000 JavaThread "dispatcher-event-loop-10" daemon [_thread_blocked, id=76436, stack(0x00007d0e78cfd000,0x00007d0e78dfd000)]
  0x00007d0e548be000 JavaThread "dispatcher-event-loop-11" daemon [_thread_blocked, id=76437, stack(0x00007d0e78bfd000,0x00007d0e78cfd000)]
  0x00007d0e548c0000 JavaThread "dispatcher-event-loop-12" daemon [_thread_blocked, id=76438, stack(0x00007d0e78afd000,0x00007d0e78bfd000)]
  0x00007d0e548c2800 JavaThread "dispatcher-event-loop-13" daemon [_thread_blocked, id=76439, stack(0x00007d0e789fd000,0x00007d0e78afd000)]
  0x00007d0e548c4800 JavaThread "dispatcher-event-loop-14" daemon [_thread_blocked, id=76440, stack(0x00007d0e788fd000,0x00007d0e789fd000)]
  0x00007d0e548c6800 JavaThread "dispatcher-event-loop-15" daemon [_thread_blocked, id=76441, stack(0x00007d0e787fd000,0x00007d0e788fd000)]
  0x00007d0e548fd000 JavaThread "map-output-dispatcher-0" daemon [_thread_blocked, id=76442, stack(0x00007d0e786fd000,0x00007d0e787fd000)]
  0x00007d0e5490b800 JavaThread "map-output-dispatcher-1" daemon [_thread_blocked, id=76443, stack(0x00007d0e785fd000,0x00007d0e786fd000)]
  0x00007d0e5490d800 JavaThread "map-output-dispatcher-2" daemon [_thread_blocked, id=76444, stack(0x00007d0e784fd000,0x00007d0e785fd000)]
  0x00007d0e54912000 JavaThread "map-output-dispatcher-3" daemon [_thread_blocked, id=76445, stack(0x00007d0e783fd000,0x00007d0e784fd000)]
  0x00007d0e54913800 JavaThread "map-output-dispatcher-4" daemon [_thread_blocked, id=76446, stack(0x00007d0e782fd000,0x00007d0e783fd000)]
  0x00007d0e54915800 JavaThread "map-output-dispatcher-5" daemon [_thread_blocked, id=76447, stack(0x00007d0e781fd000,0x00007d0e782fd000)]
  0x00007d0e54917800 JavaThread "map-output-dispatcher-6" daemon [_thread_blocked, id=76448, stack(0x00007d0e780fd000,0x00007d0e781fd000)]
  0x00007d0e54919800 JavaThread "map-output-dispatcher-7" daemon [_thread_blocked, id=76449, stack(0x00007d0debf00000,0x00007d0dec000000)]
  0x00007d0e54990000 JavaThread "dispatcher-BlockManagerMaster" daemon [_thread_blocked, id=76450, stack(0x00007d0debe00000,0x00007d0debf00000)]
  0x00007d0e549eb800 JavaThread "dispatcher-BlockManagerEndpoint1" daemon [_thread_blocked, id=76451, stack(0x00007d0debb00000,0x00007d0debc00000)]
  0x00007d0e549f0000 JavaThread "RemoteBlock-temp-file-clean-thread" daemon [_thread_blocked, id=76452, stack(0x00007d0deba00000,0x00007d0debb00000)]
  0x00007d0e54aff000 JavaThread "SparkUI-62" daemon [_thread_in_native, id=76453, stack(0x00007d0deb700000,0x00007d0deb800000)]
  0x00007d0e54b00000 JavaThread "SparkUI-63" daemon [_thread_in_native, id=76454, stack(0x00007d0deb600000,0x00007d0deb700000)]
  0x00007d0e54b02000 JavaThread "SparkUI-64" daemon [_thread_in_native, id=76455, stack(0x00007d0deb500000,0x00007d0deb600000)]
  0x00007d0e54b04000 JavaThread "SparkUI-65" daemon [_thread_in_native, id=76456, stack(0x00007d0deb400000,0x00007d0deb500000)]
  0x00007d0e54b06000 JavaThread "SparkUI-66" daemon [_thread_in_native, id=76457, stack(0x00007d0deb300000,0x00007d0deb400000)]
  0x00007d0e54b08000 JavaThread "SparkUI-67" daemon [_thread_in_native, id=76458, stack(0x00007d0deb200000,0x00007d0deb300000)]
  0x00007d0e54b0a000 JavaThread "SparkUI-68" daemon [_thread_in_native, id=76459, stack(0x00007d0deb100000,0x00007d0deb200000)]
  0x00007d0e54b0b800 JavaThread "SparkUI-69" daemon [_thread_in_native, id=76460, stack(0x00007d0deb000000,0x00007d0deb100000)]
  0x00007d0e54b44000 JavaThread "SparkUI-70-acceptor-0@569eff6e-ServerConnector@58590bcd{HTTP/1.1, (http/1.1)}{0.0.0.0:4042}" daemon [_thread_blocked, id=76461, stack(0x00007d0deaf00000,0x00007d0deb000000)]
  0x00007d0e54b5e000 JavaThread "SparkUI-71-acceptor-1@5a6cddaa-ServerConnector@58590bcd{HTTP/1.1, (http/1.1)}{0.0.0.0:4042}" daemon [_thread_in_native, id=76462, stack(0x00007d0deae00000,0x00007d0deaf00000)]
  0x00007d0e5c00b800 JavaThread "Thread-17" [_thread_in_native, id=76463, stack(0x00007d0dead00000,0x00007d0deae00000)]
  0x00007d0e54b7d000 JavaThread "process reaper" daemon [_thread_blocked, id=76465, stack(0x00007d0ee0c2b000,0x00007d0ee0c4d000)]
  0x00007d0e54b86800 JavaThread "dispatcher-HeartbeatReceiver" daemon [_thread_blocked, id=76471, stack(0x00007d0deac00000,0x00007d0dead00000)]
  0x00007d0da8004000 JavaThread "heartbeat-receiver-event-loop-thread" daemon [_thread_blocked, id=76472, stack(0x00007d0deab00000,0x00007d0deac00000)]
  0x00007d0d9c013800 JavaThread "netty-rpc-env-timeout" daemon [_thread_blocked, id=76473, stack(0x00007d0deaa00000,0x00007d0deab00000)]
  0x00007d0e54b90800 JavaThread "task-starvation-timer" daemon [_thread_blocked, id=76474, stack(0x00007d0dea900000,0x00007d0deaa00000)]
  0x00007d0e54b92800 JavaThread "task-abort-timer" daemon [_thread_blocked, id=76475, stack(0x00007d0dea800000,0x00007d0dea900000)]
  0x00007d0e54bcb800 JavaThread "dag-scheduler-event-loop" daemon [_thread_blocked, id=76476, stack(0x00007d0dea500000,0x00007d0dea600000)]
  0x00007d0e54bd3800 JavaThread "driver-heartbeater" daemon [_thread_blocked, id=76477, stack(0x00007d0dea400000,0x00007d0dea500000)]
  0x00007d0e54be2000 JavaThread "executor-kill-mark-cleanup" daemon [_thread_blocked, id=76478, stack(0x00007d0dea300000,0x00007d0dea400000)]
  0x00007d0e54c07000 JavaThread "executor-heartbeater" daemon [_thread_blocked, id=76479, stack(0x00007d0dea200000,0x00007d0dea300000)]
  0x00007d0e54c25000 JavaThread "files-client-5-1" daemon [_thread_in_native, id=76486, stack(0x00007d0dea100000,0x00007d0dea200000)]
  0x00007d0e44004000 JavaThread "rpc-server-4-1" daemon [_thread_in_native, id=76487, stack(0x00007d0dea000000,0x00007d0dea100000)]
  0x00007d0e54c38800 JavaThread "shuffle-boss-7-1" daemon [_thread_in_native, id=76494, stack(0x00007d0de96fe000,0x00007d0de97fe000)]
  0x00007d0e54d8a800 JavaThread "Spark Context Cleaner" daemon [_thread_blocked, id=76497, stack(0x00007d0de8ffc000,0x00007d0de90fc000)]
  0x00007d0e54d8c800 JavaThread "context-cleaner-periodic-gc" daemon [_thread_blocked, id=76498, stack(0x00007d0de8efc000,0x00007d0de8ffc000)]
  0x00007d0e54d93000 JavaThread "spark-listener-group-appStatus" daemon [_thread_blocked, id=76499, stack(0x00007d0de8dfc000,0x00007d0de8efc000)]
  0x00007d0e54d95000 JavaThread "spark-listener-group-executorManagement" daemon [_thread_blocked, id=76500, stack(0x00007d0de8cfc000,0x00007d0de8dfc000)]
  0x00007d0d6802c800 JavaThread "element-tracking-store-worker" daemon [_thread_blocked, id=76501, stack(0x00007d0de8bfc000,0x00007d0de8cfc000)]
  0x00007d0e558f7800 JavaThread "HttpClient-1-SelectorManager" daemon [_thread_in_native, id=76503, stack(0x00007d0de80fc000,0x00007d0de81fc000)]
  0x00007d0d4c00a000 JavaThread "HttpClient-2-Worker-0" daemon [_thread_blocked, id=76505, stack(0x00007d0d5b000000,0x00007d0d5b100000)]
  0x00007d0d4c00c000 JavaThread "HttpClient-2-Worker-1" daemon [_thread_blocked, id=76506, stack(0x00007d0d5af00000,0x00007d0d5b000000)]
  0x00007d0d4c00e800 JavaThread "HttpClient-2-Worker-2" daemon [_thread_blocked, id=76507, stack(0x00007d0d5ae00000,0x00007d0d5af00000)]
  0x00007d0d54004000 JavaThread "HttpClient-1-Worker-0" daemon [_thread_blocked, id=76508, stack(0x00007d0d5ab00000,0x00007d0d5ac00000)]
  0x00007d0d54006800 JavaThread "HttpClient-1-Worker-1" daemon [_thread_blocked, id=76509, stack(0x00007d0d5aa00000,0x00007d0d5ab00000)]
  0x00007d0d54008800 JavaThread "HttpClient-1-Worker-2" daemon [_thread_blocked, id=76510, stack(0x00007d0d5a900000,0x00007d0d5aa00000)]
  0x00007d0e55670800 JavaThread "ForkJoinPool-1-worker-19" daemon [_thread_blocked, id=76511, stack(0x00007d0d5a800000,0x00007d0d5a900000)]
  0x00007d0e5457d800 JavaThread "idle-connection-reaper" daemon [_thread_blocked, id=76512, stack(0x00007d0d5a100000,0x00007d0d5a200000)]
  0x00007d0e568ac800 JavaThread "iceberg-worker-pool-0" daemon [_thread_blocked, id=76513, stack(0x00007d0d5b100000,0x00007d0d5b200000)]
  0x00007d0e568ae000 JavaThread "iceberg-worker-pool-1" daemon [_thread_blocked, id=76514, stack(0x00007d0d58700000,0x00007d0d58800000)]
  0x00007d0e568af800 JavaThread "iceberg-worker-pool-2" daemon [_thread_blocked, id=76515, stack(0x00007d0d58600000,0x00007d0d58700000)]
  0x00007d0e568b1800 JavaThread "iceberg-worker-pool-3" daemon [_thread_blocked, id=76516, stack(0x00007d0d58500000,0x00007d0d58600000)]
  0x00007d0e568b3800 JavaThread "iceberg-worker-pool-4" daemon [_thread_blocked, id=76517, stack(0x00007d0d58400000,0x00007d0d58500000)]
  0x00007d0e568b5000 JavaThread "iceberg-worker-pool-5" daemon [_thread_blocked, id=76518, stack(0x00007d0d58300000,0x00007d0d58400000)]
  0x00007d0e568b7000 JavaThread "iceberg-worker-pool-6" daemon [_thread_blocked, id=76519, stack(0x00007d0d58200000,0x00007d0d58300000)]
  0x00007d0e568b9000 JavaThread "iceberg-worker-pool-7" daemon [_thread_blocked, id=76520, stack(0x00007d0d58100000,0x00007d0d58200000)]
  0x00007d0e568bb000 JavaThread "iceberg-worker-pool-8" daemon [_thread_blocked, id=76521, stack(0x00007d0d58000000,0x00007d0d58100000)]
  0x00007d0e568bd000 JavaThread "iceberg-worker-pool-9" daemon [_thread_blocked, id=76522, stack(0x00007d0d13f00000,0x00007d0d14000000)]
  0x00007d0e568bf000 JavaThread "iceberg-worker-pool-10" daemon [_thread_blocked, id=76523, stack(0x00007d0d13e00000,0x00007d0d13f00000)]
  0x00007d0e568c1000 JavaThread "iceberg-worker-pool-11" daemon [_thread_blocked, id=76524, stack(0x00007d0d13d00000,0x00007d0d13e00000)]
  0x00007d0e568c3000 JavaThread "iceberg-worker-pool-12" daemon [_thread_blocked, id=76525, stack(0x00007d0d13c00000,0x00007d0d13d00000)]
  0x00007d0e568c5000 JavaThread "iceberg-worker-pool-13" daemon [_thread_blocked, id=76526, stack(0x00007d0d13b00000,0x00007d0d13c00000)]
  0x00007d0e568c7000 JavaThread "iceberg-worker-pool-14" daemon [_thread_blocked, id=76527, stack(0x00007d0d13a00000,0x00007d0d13b00000)]
  0x00007d0e568c9000 JavaThread "iceberg-worker-pool-15" daemon [_thread_blocked, id=76528, stack(0x00007d0d13900000,0x00007d0d13a00000)]
  0x00007d0e20039000 JavaThread "Executor task launch worker for task 193.0 in stage 0.0 (TID 193)" daemon [_thread_blocked, id=76532, stack(0x00007d0d12d00000,0x00007d0d12e00000)]
  0x00007d0e20039800 JavaThread "Executor task launch worker for task 184.0 in stage 0.0 (TID 184)" daemon [_thread_blocked, id=76533, stack(0x00007d0e7b900000,0x00007d0e7ba00000)]
  0x00007d0e2003a800 JavaThread "Executor task launch worker for task 187.0 in stage 0.0 (TID 187)" daemon [_thread_blocked, id=76534, stack(0x00007d0d12600000,0x00007d0d12700000)]
  0x00007d0e2003c800 JavaThread "Executor task launch worker for task 148.0 in stage 0.0 (TID 148)" daemon [_thread_blocked, id=76535, stack(0x00007d0d12500000,0x00007d0d12600000)]
  0x00007d0e2003e000 JavaThread "Executor task launch worker for task 191.0 in stage 0.0 (TID 191)" daemon [_thread_blocked, id=76536, stack(0x00007d0d12400000,0x00007d0d12500000)]
  0x00007d0e20040000 JavaThread "Executor task launch worker for task 197.0 in stage 0.0 (TID 197)" daemon [_thread_blocked, id=76537, stack(0x00007d0d12300000,0x00007d0d12400000)]
  0x00007d0e20044000 JavaThread "Executor task launch worker for task 192.0 in stage 0.0 (TID 192)" daemon [_thread_blocked, id=76538, stack(0x00007d0d12200000,0x00007d0d12300000)]
  0x00007d0e20046000 JavaThread "Executor task launch worker for task 188.0 in stage 0.0 (TID 188)" daemon [_thread_blocked, id=76539, stack(0x00007d0d12100000,0x00007d0d12200000)]
  0x00007d0e20047800 JavaThread "Executor task launch worker for task 194.0 in stage 0.0 (TID 194)" daemon [_thread_blocked, id=76540, stack(0x00007d0d12000000,0x00007d0d12100000)]
  0x00007d0e20049800 JavaThread "Executor task launch worker for task 185.0 in stage 0.0 (TID 185)" daemon [_thread_blocked, id=76541, stack(0x00007d0d11f00000,0x00007d0d12000000)]
  0x00007d0e2004b800 JavaThread "Executor task launch worker for task 189.0 in stage 0.0 (TID 189)" daemon [_thread_blocked, id=76542, stack(0x00007d0d11e00000,0x00007d0d11f00000)]
  0x00007d0e2004d800 JavaThread "Executor task launch worker for task 196.0 in stage 0.0 (TID 196)" daemon [_thread_blocked, id=76543, stack(0x00007d0d11d00000,0x00007d0d11e00000)]
  0x00007d0e2004f800 JavaThread "Executor task launch worker for task 195.0 in stage 0.0 (TID 195)" daemon [_thread_blocked, id=76544, stack(0x00007d0d11c00000,0x00007d0d11d00000)]
  0x00007d0e20052000 JavaThread "Executor task launch worker for task 190.0 in stage 0.0 (TID 190)" daemon [_thread_blocked, id=76545, stack(0x00007d0d11b00000,0x00007d0d11c00000)]
  0x00007d0e20054000 JavaThread "Executor task launch worker for task 186.0 in stage 0.0 (TID 186)" daemon [_thread_blocked, id=76546, stack(0x00007d0d11a00000,0x00007d0d11b00000)]
  0x00007d0e20056800 JavaThread "Executor task launch worker for task 182.0 in stage 0.0 (TID 182)" daemon [_thread_blocked, id=76547, stack(0x00007d0d11900000,0x00007d0d11a00000)]
  0x00007d0cd4034800 JavaThread "ForkJoinPool.commonPool-worker-19" daemon [_thread_blocked, id=76548, stack(0x00007d0d11400000,0x00007d0d11500000)]
  0x00007d0cb8133000 JavaThread "ForkJoinPool.commonPool-worker-5" daemon [_thread_blocked, id=76549, stack(0x00007d0d10d00000,0x00007d0d10e00000)]
  0x00007d0e18002000 JavaThread "task-result-getter-0" daemon [_thread_blocked, id=76555, stack(0x00007d0cafdff000,0x00007d0cafeff000)]
  0x00007d0e18005000 JavaThread "task-result-getter-1" daemon [_thread_blocked, id=76556, stack(0x00007d0cafcff000,0x00007d0cafdff000)]
  0x00007d0e18006800 JavaThread "task-result-getter-2" daemon [_thread_blocked, id=76557, stack(0x00007d0cafbff000,0x00007d0cafcff000)]
  0x00007d0e18008800 JavaThread "task-result-getter-3" daemon [_thread_blocked, id=76558, stack(0x00007d0cafaff000,0x00007d0cafbff000)]
  0x0000581a92346000 JavaThread "ForkJoinPool.commonPool-worker-23" daemon [_thread_blocked, id=76559, stack(0x00007d0caf7ff000,0x00007d0caf8ff000)]

Other Threads:
  0x00007d0edc12c800 VMThread "VM Thread" [stack: 0x00007d0ebc0f0000,0x00007d0ebc1f0000] [id=76395]
  0x00007d0edc188000 WatcherThread [stack: 0x00007d0eb5517000,0x00007d0eb5617000] [id=76403]
  0x00007d0edc044000 GCTaskThread "GC Thread#0" [stack: 0x00007d0ee1100000,0x00007d0ee1200000] [id=76390]
  0x00007d0ea8001000 GCTaskThread "GC Thread#1" [stack: 0x00007d0eb5416000,0x00007d0eb5516000] [id=76404]
  0x00007d0ea8002800 GCTaskThread "GC Thread#2" [stack: 0x00007d0eb5100000,0x00007d0eb5200000] [id=76405]
  0x00007d0ea8048000 GCTaskThread "GC Thread#3" [stack: 0x00007d0e7a100000,0x00007d0e7a200000] [id=76422]
  0x00007d0ea8049000 GCTaskThread "GC Thread#4" [stack: 0x00007d0e79fff000,0x00007d0e7a0ff000] [id=76423]
  0x00007d0ea804a800 GCTaskThread "GC Thread#5" [stack: 0x00007d0e79efe000,0x00007d0e79ffe000] [id=76424]
=>0x00007d0ea804d000 GCTaskThread "GC Thread#6" [stack: 0x00007d0de91fe000,0x00007d0de92fe000] [id=76495]
  0x00007d0ea804e800 GCTaskThread "GC Thread#7" [stack: 0x00007d0de90fd000,0x00007d0de91fd000] [id=76496]
  0x00007d0ea86cd000 GCTaskThread "GC Thread#8" [stack: 0x00007d0d100ff000,0x00007d0d101ff000] [id=76550]
  0x00007d0ea8cf0800 GCTaskThread "GC Thread#9" [stack: 0x00007d0cb42f1000,0x00007d0cb43f1000] [id=76551]
  0x00007d0ea8cf2000 GCTaskThread "GC Thread#10" [stack: 0x00007d0cb41f0000,0x00007d0cb42f0000] [id=76552]
  0x00007d0ea8cf3800 GCTaskThread "GC Thread#11" [stack: 0x00007d0cb40ef000,0x00007d0cb41ef000] [id=76553]
  0x00007d0ea8cf5000 GCTaskThread "GC Thread#12" [stack: 0x00007d0caff00000,0x00007d0cb0000000] [id=76554]
  0x00007d0edc060800 ConcurrentGCThread "G1 Main Marker" [stack: 0x00007d0ec409e000,0x00007d0ec419e000] [id=76391]
  0x00007d0edc062000 ConcurrentGCThread "G1 Conc#0" [stack: 0x00007d0ebd900000,0x00007d0ebda00000] [id=76392]
  0x00007d0eb8001000 ConcurrentGCThread "G1 Conc#1" [stack: 0x00007d0eb4b00000,0x00007d0eb4c00000] [id=76406]
  0x00007d0eb8002800 ConcurrentGCThread "G1 Conc#2" [stack: 0x00007d0eb4700000,0x00007d0eb4800000] [id=76407]
  0x00007d0edc0fc800 ConcurrentGCThread "G1 Refine#0" [stack: 0x00007d0ebcaf2000,0x00007d0ebcbf2000] [id=76393]
  0x00007d0edc0fe800 ConcurrentGCThread "G1 Young RemSet Sampling" [stack: 0x00007d0ebc9f1000,0x00007d0ebcaf1000] [id=76394]

Threads with active compile tasks:

VM state:at safepoint (normal execution)

VM Mutex/Monitor currently owned by a thread:  ([mutex/lock_event])
[0x00007d0edc028500] Threads_lock - owner thread: 0x00007d0edc12c800
[0x00007d0edc028ce0] Heap_lock - owner thread: 0x00007d0e2003c800

Heap address: 0x00000000c0000000, size: 1024 MB, Compressed Oops mode: 32-bit
Narrow klass base: 0x0000000800000000, Narrow klass shift: 3
Compressed class space size: 1073741824 Address: 0x0000000840000000

Heap:
 garbage-first heap   total 742400K, used 281455K [0x00000000c0000000, 0x0000000100000000)
  region size 1024K, 9 young (9216K), 3 survivors (3072K)
 Metaspace       used 146266K, capacity 153412K, committed 156972K, reserved 1181696K
  class space    used 20885K, capacity 24387K, committed 25728K, reserved 1048576K
Heap Regions: E=young(eden), S=young(survivor), O=old, HS=humongous(starts), HC=humongous(continues), CS=collection set, F=free, A=archive, TAMS=top-at-mark-start (previous, next)
|   0|0x00000000c0000000, 0x00000000c0100000, 0x00000000c0100000|100%|HS|  |TAMS 0x00000000c0100000, 0x00000000c0100000| Complete 
|   1|0x00000000c0100000, 0x00000000c0200000, 0x00000000c0200000|100%|HS|  |TAMS 0x00000000c0200000, 0x00000000c0200000| Complete 
|   2|0x00000000c0200000, 0x00000000c0300000, 0x00000000c0300000|100%|HC|  |TAMS 0x00000000c0300000, 0x00000000c0300000| Complete 
|   3|0x00000000c0300000, 0x00000000c0400000, 0x00000000c0400000|100%|HC|  |TAMS 0x00000000c0400000, 0x00000000c0400000| Complete 
|   4|0x00000000c0400000, 0x00000000c0500000, 0x00000000c0500000|100%|HS|  |TAMS 0x00000000c0500000, 0x00000000c0500000| Complete 
|   5|0x00000000c0500000, 0x00000000c0600000, 0x00000000c0600000|100%|HS|  |TAMS 0x00000000c0600000, 0x00000000c0600000| Complete 
|   6|0x00000000c0600000, 0x00000000c0700000, 0x00000000c0700000|100%|HS|  |TAMS 0x00000000c0700000, 0x00000000c0700000| Complete 
|   7|0x00000000c0700000, 0x00000000c0800000, 0x00000000c0800000|100%|HS|  |TAMS 0x00000000c0800000, 0x00000000c0800000| Complete 
|   8|0x00000000c0800000, 0x00000000c0900000, 0x00000000c0900000|100%|HC|  |TAMS 0x00000000c0900000, 0x00000000c0900000| Complete 
|   9|0x00000000c0900000, 0x00000000c0a00000, 0x00000000c0a00000|100%| O|  |TAMS 0x00000000c0a00000, 0x00000000c0a00000| Untracked 
|  10|0x00000000c0a00000, 0x00000000c0b00000, 0x00000000c0b00000|100%| O|  |TAMS 0x00000000c0b00000, 0x00000000c0b00000| Untracked 
|  11|0x00000000c0b00000, 0x00000000c0c00000, 0x00000000c0c00000|100%| O|  |TAMS 0x00000000c0c00000, 0x00000000c0c00000| Untracked 
|  12|0x00000000c0c00000, 0x00000000c0d00000, 0x00000000c0d00000|100%| O|  |TAMS 0x00000000c0d00000, 0x00000000c0d00000| Untracked 
|  13|0x00000000c0d00000, 0x00000000c0e00000, 0x00000000c0e00000|100%| O|  |TAMS 0x00000000c0e00000, 0x00000000c0e00000| Untracked 
|  14|0x00000000c0e00000, 0x00000000c0f00000, 0x00000000c0f00000|100%| O|  |TAMS 0x00000000c0f00000, 0x00000000c0f00000| Untracked 
|  15|0x00000000c0f00000, 0x00000000c1000000, 0x00000000c1000000|100%| O|  |TAMS 0x00000000c1000000, 0x00000000c1000000| Untracked 
|  16|0x00000000c1000000, 0x00000000c1100000, 0x00000000c1100000|100%| O|  |TAMS 0x00000000c1100000, 0x00000000c1100000| Untracked 
|  17|0x00000000c1100000, 0x00000000c1200000, 0x00000000c1200000|100%| O|  |TAMS 0x00000000c1200000, 0x00000000c1200000| Untracked 
|  18|0x00000000c1200000, 0x00000000c1300000, 0x00000000c1300000|100%| O|  |TAMS 0x00000000c1300000, 0x00000000c1300000| Untracked 
|  19|0x00000000c1300000, 0x00000000c1400000, 0x00000000c1400000|100%| O|  |TAMS 0x00000000c1400000, 0x00000000c1400000| Untracked 
|  20|0x00000000c1400000, 0x00000000c1500000, 0x00000000c1500000|100%| O|  |TAMS 0x00000000c1500000, 0x00000000c1500000| Untracked 
|  21|0x00000000c1500000, 0x00000000c1600000, 0x00000000c1600000|100%| O|  |TAMS 0x00000000c1600000, 0x00000000c1600000| Untracked 
|  22|0x00000000c1600000, 0x00000000c1700000, 0x00000000c1700000|100%| O|  |TAMS 0x00000000c1700000, 0x00000000c1700000| Untracked 
|  23|0x00000000c1700000, 0x00000000c1800000, 0x00000000c1800000|100%|HS|  |TAMS 0x00000000c1800000, 0x00000000c1800000| Complete 
|  24|0x00000000c1800000, 0x00000000c1900000, 0x00000000c1900000|100%|HC|  |TAMS 0x00000000c1900000, 0x00000000c1900000| Complete 
|  25|0x00000000c1900000, 0x00000000c1a00000, 0x00000000c1a00000|100%|HC|  |TAMS 0x00000000c1a00000, 0x00000000c1a00000| Complete 
|  26|0x00000000c1a00000, 0x00000000c1b00000, 0x00000000c1b00000|100%|HS|  |TAMS 0x00000000c1b00000, 0x00000000c1b00000| Complete 
|  27|0x00000000c1b00000, 0x00000000c1c00000, 0x00000000c1c00000|100%|HC|  |TAMS 0x00000000c1c00000, 0x00000000c1c00000| Complete 
|  28|0x00000000c1c00000, 0x00000000c1d00000, 0x00000000c1d00000|100%|HC|  |TAMS 0x00000000c1d00000, 0x00000000c1d00000| Complete 
|  29|0x00000000c1d00000, 0x00000000c1e00000, 0x00000000c1e00000|100%| O|  |TAMS 0x00000000c1e00000, 0x00000000c1e00000| Untracked 
|  30|0x00000000c1e00000, 0x00000000c1f00000, 0x00000000c1f00000|100%| O|  |TAMS 0x00000000c1f00000, 0x00000000c1f00000| Untracked 
|  31|0x00000000c1f00000, 0x00000000c2000000, 0x00000000c2000000|100%| O|  |TAMS 0x00000000c2000000, 0x00000000c2000000| Untracked 
|  32|0x00000000c2000000, 0x00000000c2100000, 0x00000000c2100000|100%| O|  |TAMS 0x00000000c2100000, 0x00000000c2100000| Untracked 
|  33|0x00000000c2100000, 0x00000000c2200000, 0x00000000c2200000|100%| O|  |TAMS 0x00000000c2200000, 0x00000000c2200000| Untracked 
|  34|0x00000000c2200000, 0x00000000c2300000, 0x00000000c2300000|100%| O|  |TAMS 0x00000000c2300000, 0x00000000c2300000| Untracked 
|  35|0x00000000c2300000, 0x00000000c2400000, 0x00000000c2400000|100%| O|  |TAMS 0x00000000c2400000, 0x00000000c2400000| Untracked 
|  36|0x00000000c2400000, 0x00000000c2500000, 0x00000000c2500000|100%| O|  |TAMS 0x00000000c2500000, 0x00000000c2500000| Untracked 
|  37|0x00000000c2500000, 0x00000000c2600000, 0x00000000c2600000|100%| O|  |TAMS 0x00000000c2600000, 0x00000000c2600000| Untracked 
|  38|0x00000000c2600000, 0x00000000c2700000, 0x00000000c2700000|100%| O|  |TAMS 0x00000000c2700000, 0x00000000c2700000| Untracked 
|  39|0x00000000c2700000, 0x00000000c2800000, 0x00000000c2800000|100%| O|  |TAMS 0x00000000c2800000, 0x00000000c2800000| Untracked 
|  40|0x00000000c2800000, 0x00000000c2900000, 0x00000000c2900000|100%| O|  |TAMS 0x00000000c2900000, 0x00000000c2900000| Untracked 
|  41|0x00000000c2900000, 0x00000000c2a00000, 0x00000000c2a00000|100%| O|  |TAMS 0x00000000c2a00000, 0x00000000c2a00000| Untracked 
|  42|0x00000000c2a00000, 0x00000000c2b00000, 0x00000000c2b00000|100%| O|  |TAMS 0x00000000c2b00000, 0x00000000c2b00000| Untracked 
|  43|0x00000000c2b00000, 0x00000000c2c00000, 0x00000000c2c00000|100%| O|  |TAMS 0x00000000c2c00000, 0x00000000c2c00000| Untracked 
|  44|0x00000000c2c00000, 0x00000000c2d00000, 0x00000000c2d00000|100%| O|  |TAMS 0x00000000c2d00000, 0x00000000c2d00000| Untracked 
|  45|0x00000000c2d00000, 0x00000000c2e00000, 0x00000000c2e00000|100%| O|  |TAMS 0x00000000c2e00000, 0x00000000c2e00000| Untracked 
|  46|0x00000000c2e00000, 0x00000000c2f00000, 0x00000000c2f00000|100%| O|  |TAMS 0x00000000c2f00000, 0x00000000c2f00000| Untracked 
|  47|0x00000000c2f00000, 0x00000000c3000000, 0x00000000c3000000|100%| O|  |TAMS 0x00000000c3000000, 0x00000000c3000000| Untracked 
|  48|0x00000000c3000000, 0x00000000c3100000, 0x00000000c3100000|100%| O|  |TAMS 0x00000000c3100000, 0x00000000c3100000| Untracked 
|  49|0x00000000c3100000, 0x00000000c3200000, 0x00000000c3200000|100%| O|  |TAMS 0x00000000c3200000, 0x00000000c3200000| Untracked 
|  50|0x00000000c3200000, 0x00000000c3300000, 0x00000000c3300000|100%| O|  |TAMS 0x00000000c3300000, 0x00000000c3300000| Untracked 
|  51|0x00000000c3300000, 0x00000000c3400000, 0x00000000c3400000|100%| O|  |TAMS 0x00000000c3400000, 0x00000000c3400000| Untracked 
|  52|0x00000000c3400000, 0x00000000c3500000, 0x00000000c3500000|100%| O|  |TAMS 0x00000000c3500000, 0x00000000c3500000| Untracked 
|  53|0x00000000c3500000, 0x00000000c3600000, 0x00000000c3600000|100%| O|  |TAMS 0x00000000c3600000, 0x00000000c3600000| Untracked 
|  54|0x00000000c3600000, 0x00000000c3700000, 0x00000000c3700000|100%| O|  |TAMS 0x00000000c3700000, 0x00000000c3700000| Untracked 
|  55|0x00000000c3700000, 0x00000000c3800000, 0x00000000c3800000|100%| O|  |TAMS 0x00000000c3800000, 0x00000000c3800000| Untracked 
|  56|0x00000000c3800000, 0x00000000c3900000, 0x00000000c3900000|100%| O|  |TAMS 0x00000000c3900000, 0x00000000c3900000| Untracked 
|  57|0x00000000c3900000, 0x00000000c3a00000, 0x00000000c3a00000|100%| O|  |TAMS 0x00000000c3a00000, 0x00000000c3a00000| Untracked 
|  58|0x00000000c3a00000, 0x00000000c3b00000, 0x00000000c3b00000|100%| O|  |TAMS 0x00000000c3b00000, 0x00000000c3b00000| Untracked 
|  59|0x00000000c3b00000, 0x00000000c3c00000, 0x00000000c3c00000|100%| O|  |TAMS 0x00000000c3c00000, 0x00000000c3c00000| Untracked 
|  60|0x00000000c3c00000, 0x00000000c3d00000, 0x00000000c3d00000|100%| O|  |TAMS 0x00000000c3d00000, 0x00000000c3d00000| Untracked 
|  61|0x00000000c3d00000, 0x00000000c3e00000, 0x00000000c3e00000|100%| O|  |TAMS 0x00000000c3e00000, 0x00000000c3e00000| Untracked 
|  62|0x00000000c3e00000, 0x00000000c3f00000, 0x00000000c3f00000|100%| O|  |TAMS 0x00000000c3f00000, 0x00000000c3f00000| Untracked 
|  63|0x00000000c3f00000, 0x00000000c4000000, 0x00000000c4000000|100%| O|  |TAMS 0x00000000c4000000, 0x00000000c4000000| Untracked 
|  64|0x00000000c4000000, 0x00000000c4100000, 0x00000000c4100000|100%| O|  |TAMS 0x00000000c4100000, 0x00000000c4100000| Untracked 
|  65|0x00000000c4100000, 0x00000000c4200000, 0x00000000c4200000|100%| O|  |TAMS 0x00000000c4200000, 0x00000000c4200000| Untracked 
|  66|0x00000000c4200000, 0x00000000c4300000, 0x00000000c4300000|100%| O|  |TAMS 0x00000000c4300000, 0x00000000c4300000| Untracked 
|  67|0x00000000c4300000, 0x00000000c4400000, 0x00000000c4400000|100%| O|  |TAMS 0x00000000c4400000, 0x00000000c4400000| Untracked 
|  68|0x00000000c4400000, 0x00000000c4500000, 0x00000000c4500000|100%|HS|  |TAMS 0x00000000c4500000, 0x00000000c4500000| Complete 
|  69|0x00000000c4500000, 0x00000000c4600000, 0x00000000c4600000|100%|HC|  |TAMS 0x00000000c4600000, 0x00000000c4600000| Complete 
|  70|0x00000000c4600000, 0x00000000c4700000, 0x00000000c4700000|100%|HC|  |TAMS 0x00000000c4700000, 0x00000000c4700000| Complete 
|  71|0x00000000c4700000, 0x00000000c4800000, 0x00000000c4800000|100%|HS|  |TAMS 0x00000000c4800000, 0x00000000c4800000| Complete 
|  72|0x00000000c4800000, 0x00000000c4900000, 0x00000000c4900000|100%|HC|  |TAMS 0x00000000c4900000, 0x00000000c4900000| Complete 
|  73|0x00000000c4900000, 0x00000000c4a00000, 0x00000000c4a00000|100%|HC|  |TAMS 0x00000000c4a00000, 0x00000000c4a00000| Complete 
|  74|0x00000000c4a00000, 0x00000000c4b00000, 0x00000000c4b00000|100%| O|  |TAMS 0x00000000c4b00000, 0x00000000c4b00000| Untracked 
|  75|0x00000000c4b00000, 0x00000000c4c00000, 0x00000000c4c00000|100%| O|  |TAMS 0x00000000c4c00000, 0x00000000c4c00000| Untracked 
|  76|0x00000000c4c00000, 0x00000000c4d00000, 0x00000000c4d00000|100%| O|  |TAMS 0x00000000c4d00000, 0x00000000c4d00000| Untracked 
|  77|0x00000000c4d00000, 0x00000000c4e00000, 0x00000000c4e00000|100%| O|  |TAMS 0x00000000c4e00000, 0x00000000c4e00000| Untracked 
|  78|0x00000000c4e00000, 0x00000000c4f00000, 0x00000000c4f00000|100%| O|  |TAMS 0x00000000c4f00000, 0x00000000c4f00000| Untracked 
|  79|0x00000000c4f00000, 0x00000000c4f00000, 0x00000000c5000000|  0%| F|  |TAMS 0x00000000c4f00000, 0x00000000c4f00000| Untracked 
|  80|0x00000000c5000000, 0x00000000c5000000, 0x00000000c5100000|  0%| F|  |TAMS 0x00000000c5000000, 0x00000000c5000000| Untracked 
|  81|0x00000000c5100000, 0x00000000c5200000, 0x00000000c5200000|100%| O|  |TAMS 0x00000000c5200000, 0x00000000c5200000| Untracked 
|  82|0x00000000c5200000, 0x00000000c5300000, 0x00000000c5300000|100%| O|  |TAMS 0x00000000c5300000, 0x00000000c5300000| Untracked 
|  83|0x00000000c5300000, 0x00000000c5400000, 0x00000000c5400000|100%| O|  |TAMS 0x00000000c5400000, 0x00000000c5400000| Untracked 
|  84|0x00000000c5400000, 0x00000000c5500000, 0x00000000c5500000|100%| O|  |TAMS 0x00000000c5500000, 0x00000000c5500000| Untracked 
|  85|0x00000000c5500000, 0x00000000c5600000, 0x00000000c5600000|100%| O|  |TAMS 0x00000000c5500000, 0x00000000c5600000| Untracked 
|  86|0x00000000c5600000, 0x00000000c5700000, 0x00000000c5700000|100%| O|  |TAMS 0x00000000c5600000, 0x00000000c5700000| Untracked 
|  87|0x00000000c5700000, 0x00000000c5800000, 0x00000000c5800000|100%| O|  |TAMS 0x00000000c5700000, 0x00000000c5800000| Untracked 
|  88|0x00000000c5800000, 0x00000000c5900000, 0x00000000c5900000|100%| O|  |TAMS 0x00000000c5900000, 0x00000000c5900000| Untracked 
|  89|0x00000000c5900000, 0x00000000c5900000, 0x00000000c5a00000|  0%| F|  |TAMS 0x00000000c5900000, 0x00000000c5900000| Untracked 
|  90|0x00000000c5a00000, 0x00000000c5a00000, 0x00000000c5b00000|  0%| F|  |TAMS 0x00000000c5a00000, 0x00000000c5a00000| Untracked 
|  91|0x00000000c5b00000, 0x00000000c5c00000, 0x00000000c5c00000|100%|HS|  |TAMS 0x00000000c5c00000, 0x00000000c5c00000| Complete 
|  92|0x00000000c5c00000, 0x00000000c5c00000, 0x00000000c5d00000|  0%| F|  |TAMS 0x00000000c5c00000, 0x00000000c5c00000| Untracked 
|  93|0x00000000c5d00000, 0x00000000c5d00000, 0x00000000c5e00000|  0%| F|  |TAMS 0x00000000c5d00000, 0x00000000c5d00000| Untracked 
|  94|0x00000000c5e00000, 0x00000000c5f00000, 0x00000000c5f00000|100%|HS|  |TAMS 0x00000000c5f00000, 0x00000000c5f00000| Complete 
|  95|0x00000000c5f00000, 0x00000000c5f00000, 0x00000000c6000000|  0%| F|  |TAMS 0x00000000c5f00000, 0x00000000c5f00000| Untracked 
|  96|0x00000000c6000000, 0x00000000c6000000, 0x00000000c6100000|  0%| F|  |TAMS 0x00000000c6000000, 0x00000000c6000000| Untracked 
|  97|0x00000000c6100000, 0x00000000c6200000, 0x00000000c6200000|100%|HS|  |TAMS 0x00000000c6100000, 0x00000000c6200000| Complete 
|  98|0x00000000c6200000, 0x00000000c6300000, 0x00000000c6300000|100%| O|  |TAMS 0x00000000c6300000, 0x00000000c6300000| Untracked 
|  99|0x00000000c6300000, 0x00000000c6400000, 0x00000000c6400000|100%|HS|  |TAMS 0x00000000c6300000, 0x00000000c6400000| Complete 
| 100|0x00000000c6400000, 0x00000000c6500000, 0x00000000c6500000|100%| O|  |TAMS 0x00000000c6500000, 0x00000000c6500000| Untracked 
| 101|0x00000000c6500000, 0x00000000c6600000, 0x00000000c6600000|100%|HS|  |TAMS 0x00000000c6500000, 0x00000000c6600000| Complete 
| 102|0x00000000c6600000, 0x00000000c6700000, 0x00000000c6700000|100%| O|  |TAMS 0x00000000c6700000, 0x00000000c6700000| Untracked 
| 103|0x00000000c6700000, 0x00000000c6800000, 0x00000000c6800000|100%|HS|  |TAMS 0x00000000c6800000, 0x00000000c6800000| Complete 
| 104|0x00000000c6800000, 0x00000000c6900000, 0x00000000c6900000|100%| O|  |TAMS 0x00000000c6800000, 0x00000000c6900000| Untracked 
| 105|0x00000000c6900000, 0x00000000c6a00000, 0x00000000c6a00000|100%| O|  |TAMS 0x00000000c6a00000, 0x00000000c6a00000| Untracked 
| 106|0x00000000c6a00000, 0x00000000c6b00000, 0x00000000c6b00000|100%| O|  |TAMS 0x00000000c6b00000, 0x00000000c6b00000| Untracked 
| 107|0x00000000c6b00000, 0x00000000c6c00000, 0x00000000c6c00000|100%| O|  |TAMS 0x00000000c6c00000, 0x00000000c6c00000| Untracked 
| 108|0x00000000c6c00000, 0x00000000c6d00000, 0x00000000c6d00000|100%| O|  |TAMS 0x00000000c6c00000, 0x00000000c6d00000| Untracked 
| 109|0x00000000c6d00000, 0x00000000c6d00000, 0x00000000c6e00000|  0%| F|  |TAMS 0x00000000c6d00000, 0x00000000c6d00000| Untracked 
| 110|0x00000000c6e00000, 0x00000000c6f00000, 0x00000000c6f00000|100%| O|  |TAMS 0x00000000c6e00000, 0x00000000c6f00000| Untracked 
| 111|0x00000000c6f00000, 0x00000000c7000000, 0x00000000c7000000|100%|HS|  |TAMS 0x00000000c7000000, 0x00000000c7000000| Complete 
| 112|0x00000000c7000000, 0x00000000c7100000, 0x00000000c7100000|100%|HS|  |TAMS 0x00000000c7000000, 0x00000000c7100000| Complete 
| 113|0x00000000c7100000, 0x00000000c7200000, 0x00000000c7200000|100%| O|  |TAMS 0x00000000c7200000, 0x00000000c7200000| Untracked 
| 114|0x00000000c7200000, 0x00000000c7200000, 0x00000000c7300000|  0%| F|  |TAMS 0x00000000c7200000, 0x00000000c7200000| Untracked 
| 115|0x00000000c7300000, 0x00000000c7400000, 0x00000000c7400000|100%|HS|  |TAMS 0x00000000c7400000, 0x00000000c7400000| Complete 
| 116|0x00000000c7400000, 0x00000000c7400000, 0x00000000c7500000|  0%| F|  |TAMS 0x00000000c7400000, 0x00000000c7400000| Untracked 
| 117|0x00000000c7500000, 0x00000000c7600000, 0x00000000c7600000|100%|HS|  |TAMS 0x00000000c7500000, 0x00000000c7600000| Complete 
| 118|0x00000000c7600000, 0x00000000c7700000, 0x00000000c7700000|100%| O|  |TAMS 0x00000000c7700000, 0x00000000c7700000| Untracked 
| 119|0x00000000c7700000, 0x00000000c7700000, 0x00000000c7800000|  0%| F|  |TAMS 0x00000000c7700000, 0x00000000c7700000| Untracked 
| 120|0x00000000c7800000, 0x00000000c7900000, 0x00000000c7900000|100%| O|  |TAMS 0x00000000c7900000, 0x00000000c7900000| Untracked 
| 121|0x00000000c7900000, 0x00000000c7a00000, 0x00000000c7a00000|100%| O|  |TAMS 0x00000000c7900000, 0x00000000c7a00000| Untracked 
| 122|0x00000000c7a00000, 0x00000000c7b00000, 0x00000000c7b00000|100%| O|  |TAMS 0x00000000c7a00000, 0x00000000c7b00000| Untracked 
| 123|0x00000000c7b00000, 0x00000000c7c00000, 0x00000000c7c00000|100%|HS|  |TAMS 0x00000000c7b00000, 0x00000000c7c00000| Complete 
| 124|0x00000000c7c00000, 0x00000000c7d00000, 0x00000000c7d00000|100%| O|  |TAMS 0x00000000c7d00000, 0x00000000c7d00000| Untracked 
| 125|0x00000000c7d00000, 0x00000000c7e00000, 0x00000000c7e00000|100%| O|  |TAMS 0x00000000c7e00000, 0x00000000c7e00000| Untracked 
| 126|0x00000000c7e00000, 0x00000000c7f00000, 0x00000000c7f00000|100%| O|  |TAMS 0x00000000c7f00000, 0x00000000c7f00000| Untracked 
| 127|0x00000000c7f00000, 0x00000000c7f00000, 0x00000000c8000000|  0%| F|  |TAMS 0x00000000c7f00000, 0x00000000c7f00000| Untracked 
| 128|0x00000000c8000000, 0x00000000c8100000, 0x00000000c8100000|100%|HS|  |TAMS 0x00000000c8100000, 0x00000000c8100000| Complete 
| 129|0x00000000c8100000, 0x00000000c8200000, 0x00000000c8200000|100%| O|  |TAMS 0x00000000c8200000, 0x00000000c8200000| Untracked 
| 130|0x00000000c8200000, 0x00000000c8300000, 0x00000000c8300000|100%| O|  |TAMS 0x00000000c8300000, 0x00000000c8300000| Untracked 
| 131|0x00000000c8300000, 0x00000000c8400000, 0x00000000c8400000|100%| O|  |TAMS 0x00000000c8400000, 0x00000000c8400000| Untracked 
| 132|0x00000000c8400000, 0x00000000c8500000, 0x00000000c8500000|100%| O|  |TAMS 0x00000000c8500000, 0x00000000c8500000| Untracked 
| 133|0x00000000c8500000, 0x00000000c8600000, 0x00000000c8600000|100%| O|  |TAMS 0x00000000c8600000, 0x00000000c8600000| Untracked 
| 134|0x00000000c8600000, 0x00000000c8700000, 0x00000000c8700000|100%| O|  |TAMS 0x00000000c8700000, 0x00000000c8700000| Untracked 
| 135|0x00000000c8700000, 0x00000000c8800000, 0x00000000c8800000|100%| O|  |TAMS 0x00000000c8800000, 0x00000000c8800000| Untracked 
| 136|0x00000000c8800000, 0x00000000c8900000, 0x00000000c8900000|100%| O|  |TAMS 0x00000000c8900000, 0x00000000c8900000| Untracked 
| 137|0x00000000c8900000, 0x00000000c8a00000, 0x00000000c8a00000|100%| O|  |TAMS 0x00000000c8a00000, 0x00000000c8a00000| Untracked 
| 138|0x00000000c8a00000, 0x00000000c8a00000, 0x00000000c8b00000|  0%| F|  |TAMS 0x00000000c8a00000, 0x00000000c8a00000| Untracked 
| 139|0x00000000c8b00000, 0x00000000c8b00000, 0x00000000c8c00000|  0%| F|  |TAMS 0x00000000c8b00000, 0x00000000c8b00000| Untracked 
| 140|0x00000000c8c00000, 0x00000000c8d00000, 0x00000000c8d00000|100%| O|  |TAMS 0x00000000c8c00000, 0x00000000c8d00000| Untracked 
| 141|0x00000000c8d00000, 0x00000000c8e00000, 0x00000000c8e00000|100%| O|  |TAMS 0x00000000c8d00000, 0x00000000c8e00000| Untracked 
| 142|0x00000000c8e00000, 0x00000000c8f00000, 0x00000000c8f00000|100%|HS|  |TAMS 0x00000000c8e00000, 0x00000000c8f00000| Complete 
| 143|0x00000000c8f00000, 0x00000000c9000000, 0x00000000c9000000|100%|HS|  |TAMS 0x00000000c8f00000, 0x00000000c9000000| Complete 
| 144|0x00000000c9000000, 0x00000000c9100000, 0x00000000c9100000|100%|HC|  |TAMS 0x00000000c9000000, 0x00000000c9100000| Complete 
| 145|0x00000000c9100000, 0x00000000c9200000, 0x00000000c9200000|100%| O|  |TAMS 0x00000000c9100000, 0x00000000c9200000| Untracked 
| 146|0x00000000c9200000, 0x00000000c9300000, 0x00000000c9300000|100%| O|  |TAMS 0x00000000c9200000, 0x00000000c9300000| Untracked 
| 147|0x00000000c9300000, 0x00000000c9400000, 0x00000000c9400000|100%|HS|  |TAMS 0x00000000c9300000, 0x00000000c9400000| Complete 
| 148|0x00000000c9400000, 0x00000000c9500000, 0x00000000c9500000|100%|HC|  |TAMS 0x00000000c9400000, 0x00000000c9500000| Complete 
| 149|0x00000000c9500000, 0x00000000c9600000, 0x00000000c9600000|100%|HS|  |TAMS 0x00000000c9500000, 0x00000000c9600000| Complete 
| 150|0x00000000c9600000, 0x00000000c9700000, 0x00000000c9700000|100%|HS|  |TAMS 0x00000000c9700000, 0x00000000c9700000| Complete 
| 151|0x00000000c9700000, 0x00000000c9800000, 0x00000000c9800000|100%|HS|  |TAMS 0x00000000c9700000, 0x00000000c9800000| Complete 
| 152|0x00000000c9800000, 0x00000000c9900000, 0x00000000c9900000|100%|HS|  |TAMS 0x00000000c9900000, 0x00000000c9900000| Complete 
| 153|0x00000000c9900000, 0x00000000c9a00000, 0x00000000c9a00000|100%|HS|  |TAMS 0x00000000c9900000, 0x00000000c9a00000| Complete 
| 154|0x00000000c9a00000, 0x00000000c9b00000, 0x00000000c9b00000|100%| O|  |TAMS 0x00000000c9b00000, 0x00000000c9b00000| Untracked 
| 155|0x00000000c9b00000, 0x00000000c9b00000, 0x00000000c9c00000|  0%| F|  |TAMS 0x00000000c9b00000, 0x00000000c9b00000| Untracked 
| 156|0x00000000c9c00000, 0x00000000c9c00000, 0x00000000c9d00000|  0%| F|  |TAMS 0x00000000c9c00000, 0x00000000c9c00000| Untracked 
| 157|0x00000000c9d00000, 0x00000000c9e00000, 0x00000000c9e00000|100%| O|  |TAMS 0x00000000c9e00000, 0x00000000c9e00000| Untracked 
| 158|0x00000000c9e00000, 0x00000000c9f00000, 0x00000000c9f00000|100%| O|  |TAMS 0x00000000c9f00000, 0x00000000c9f00000| Untracked 
| 159|0x00000000c9f00000, 0x00000000ca000000, 0x00000000ca000000|100%| O|  |TAMS 0x00000000ca000000, 0x00000000ca000000| Untracked 
| 160|0x00000000ca000000, 0x00000000ca100000, 0x00000000ca100000|100%|HS|  |TAMS 0x00000000ca100000, 0x00000000ca100000| Complete 
| 161|0x00000000ca100000, 0x00000000ca200000, 0x00000000ca200000|100%|HS|  |TAMS 0x00000000ca200000, 0x00000000ca200000| Complete 
| 162|0x00000000ca200000, 0x00000000ca300000, 0x00000000ca300000|100%|HS|  |TAMS 0x00000000ca200000, 0x00000000ca300000| Complete 
| 163|0x00000000ca300000, 0x00000000ca300000, 0x00000000ca400000|  0%| F|  |TAMS 0x00000000ca300000, 0x00000000ca300000| Untracked 
| 164|0x00000000ca400000, 0x00000000ca500000, 0x00000000ca500000|100%| O|  |TAMS 0x00000000ca4bb800, 0x00000000ca500000| Untracked 
| 165|0x00000000ca500000, 0x00000000ca590400, 0x00000000ca600000| 56%| O|  |TAMS 0x00000000ca500000, 0x00000000ca600000| Untracked 
| 166|0x00000000ca600000, 0x00000000ca700000, 0x00000000ca700000|100%|HS|  |TAMS 0x00000000ca600000, 0x00000000ca700000| Complete 
| 167|0x00000000ca700000, 0x00000000ca800000, 0x00000000ca800000|100%|HC|  |TAMS 0x00000000ca700000, 0x00000000ca800000| Complete 
| 168|0x00000000ca800000, 0x00000000ca900000, 0x00000000ca900000|100%|HC|  |TAMS 0x00000000ca800000, 0x00000000ca900000| Complete 
| 169|0x00000000ca900000, 0x00000000caa00000, 0x00000000caa00000|100%|HC|  |TAMS 0x00000000ca900000, 0x00000000caa00000| Complete 
| 170|0x00000000caa00000, 0x00000000cab00000, 0x00000000cab00000|100%|HC|  |TAMS 0x00000000caa00000, 0x00000000cab00000| Complete 
| 171|0x00000000cab00000, 0x00000000cac00000, 0x00000000cac00000|100%|HS|  |TAMS 0x00000000cab00000, 0x00000000cac00000| Complete 
| 172|0x00000000cac00000, 0x00000000cad00000, 0x00000000cad00000|100%| O|  |TAMS 0x00000000cad00000, 0x00000000cad00000| Untracked 
| 173|0x00000000cad00000, 0x00000000cae00000, 0x00000000cae00000|100%|HS|  |TAMS 0x00000000cad00000, 0x00000000cae00000| Complete 
| 174|0x00000000cae00000, 0x00000000caf00000, 0x00000000caf00000|100%|HS|  |TAMS 0x00000000caf00000, 0x00000000caf00000| Complete 
| 175|0x00000000caf00000, 0x00000000cb000000, 0x00000000cb000000|100%|HS|  |TAMS 0x00000000cb000000, 0x00000000cb000000| Complete 
| 176|0x00000000cb000000, 0x00000000cb000000, 0x00000000cb100000|  0%| F|  |TAMS 0x00000000cb000000, 0x00000000cb000000| Untracked 
| 177|0x00000000cb100000, 0x00000000cb200000, 0x00000000cb200000|100%|HS|  |TAMS 0x00000000cb100000, 0x00000000cb200000| Complete 
| 178|0x00000000cb200000, 0x00000000cb300000, 0x00000000cb300000|100%|HC|  |TAMS 0x00000000cb200000, 0x00000000cb300000| Complete 
| 179|0x00000000cb300000, 0x00000000cb300000, 0x00000000cb400000|  0%| F|  |TAMS 0x00000000cb300000, 0x00000000cb300000| Untracked 
| 180|0x00000000cb400000, 0x00000000cb500000, 0x00000000cb500000|100%|HS|  |TAMS 0x00000000cb400000, 0x00000000cb500000| Complete 
| 181|0x00000000cb500000, 0x00000000cb600000, 0x00000000cb600000|100%|HS|  |TAMS 0x00000000cb600000, 0x00000000cb600000| Complete 
| 182|0x00000000cb600000, 0x00000000cb700000, 0x00000000cb700000|100%|HS|  |TAMS 0x00000000cb700000, 0x00000000cb700000| Complete 
| 183|0x00000000cb700000, 0x00000000cb800000, 0x00000000cb800000|100%|HS|  |TAMS 0x00000000cb700000, 0x00000000cb800000| Complete 
| 184|0x00000000cb800000, 0x00000000cb900000, 0x00000000cb900000|100%|HS|  |TAMS 0x00000000cb800000, 0x00000000cb900000| Complete 
| 185|0x00000000cb900000, 0x00000000cba00000, 0x00000000cba00000|100%|HC|  |TAMS 0x00000000cb900000, 0x00000000cba00000| Complete 
| 186|0x00000000cba00000, 0x00000000cbb00000, 0x00000000cbb00000|100%|HC|  |TAMS 0x00000000cba00000, 0x00000000cbb00000| Complete 
| 187|0x00000000cbb00000, 0x00000000cbc00000, 0x00000000cbc00000|100%|HS|  |TAMS 0x00000000cbb00000, 0x00000000cbc00000| Complete 
| 188|0x00000000cbc00000, 0x00000000cbc00000, 0x00000000cbd00000|  0%| F|  |TAMS 0x00000000cbc00000, 0x00000000cbc00000| Untracked 
| 189|0x00000000cbd00000, 0x00000000cbe00000, 0x00000000cbe00000|100%| O|  |TAMS 0x00000000cbe00000, 0x00000000cbe00000| Untracked 
| 190|0x00000000cbe00000, 0x00000000cbe00000, 0x00000000cbf00000|  0%| F|  |TAMS 0x00000000cbe00000, 0x00000000cbe00000| Untracked 
| 191|0x00000000cbf00000, 0x00000000cbf00000, 0x00000000cc000000|  0%| F|  |TAMS 0x00000000cbf00000, 0x00000000cbf00000| Untracked 
| 192|0x00000000cc000000, 0x00000000cc100000, 0x00000000cc100000|100%|HS|  |TAMS 0x00000000cc100000, 0x00000000cc100000| Complete 
| 193|0x00000000cc100000, 0x00000000cc200000, 0x00000000cc200000|100%| O|  |TAMS 0x00000000cc200000, 0x00000000cc200000| Untracked 
| 194|0x00000000cc200000, 0x00000000cc300000, 0x00000000cc300000|100%| O|  |TAMS 0x00000000cc300000, 0x00000000cc300000| Untracked 
| 195|0x00000000cc300000, 0x00000000cc400000, 0x00000000cc400000|100%|HS|  |TAMS 0x00000000cc300000, 0x00000000cc400000| Complete 
| 196|0x00000000cc400000, 0x00000000cc500000, 0x00000000cc500000|100%|HC|  |TAMS 0x00000000cc400000, 0x00000000cc500000| Complete 
| 197|0x00000000cc500000, 0x00000000cc600000, 0x00000000cc600000|100%|HC|  |TAMS 0x00000000cc500000, 0x00000000cc600000| Complete 
| 198|0x00000000cc600000, 0x00000000cc700000, 0x00000000cc700000|100%|HC|  |TAMS 0x00000000cc600000, 0x00000000cc700000| Complete 
| 199|0x00000000cc700000, 0x00000000cc800000, 0x00000000cc800000|100%|HC|  |TAMS 0x00000000cc700000, 0x00000000cc800000| Complete 
| 200|0x00000000cc800000, 0x00000000cc900000, 0x00000000cc900000|100%|HS|  |TAMS 0x00000000cc900000, 0x00000000cc900000| Complete 
| 201|0x00000000cc900000, 0x00000000cca00000, 0x00000000cca00000|100%|HS|  |TAMS 0x00000000cca00000, 0x00000000cca00000| Complete 
| 202|0x00000000cca00000, 0x00000000ccb00000, 0x00000000ccb00000|100%|HS|  |TAMS 0x00000000ccb00000, 0x00000000ccb00000| Complete 
| 203|0x00000000ccb00000, 0x00000000ccb00000, 0x00000000ccc00000|  0%| F|  |TAMS 0x00000000ccb00000, 0x00000000ccb00000| Untracked 
| 204|0x00000000ccc00000, 0x00000000ccc00000, 0x00000000ccd00000|  0%| F|  |TAMS 0x00000000ccc00000, 0x00000000ccc00000| Untracked 
| 205|0x00000000ccd00000, 0x00000000ccd00000, 0x00000000cce00000|  0%| F|  |TAMS 0x00000000ccd00000, 0x00000000ccd00000| Untracked 
| 206|0x00000000cce00000, 0x00000000cce00000, 0x00000000ccf00000|  0%| F|  |TAMS 0x00000000cce00000, 0x00000000cce00000| Untracked 
| 207|0x00000000ccf00000, 0x00000000ccf00000, 0x00000000cd000000|  0%| F|  |TAMS 0x00000000ccf00000, 0x00000000ccf00000| Untracked 
| 208|0x00000000cd000000, 0x00000000cd000000, 0x00000000cd100000|  0%| F|  |TAMS 0x00000000cd000000, 0x00000000cd000000| Untracked 
| 209|0x00000000cd100000, 0x00000000cd200000, 0x00000000cd200000|100%|HS|  |TAMS 0x00000000cd200000, 0x00000000cd200000| Complete 
| 210|0x00000000cd200000, 0x00000000cd300000, 0x00000000cd300000|100%|HS|  |TAMS 0x00000000cd300000, 0x00000000cd300000| Complete 
| 211|0x00000000cd300000, 0x00000000cd300000, 0x00000000cd400000|  0%| F|  |TAMS 0x00000000cd300000, 0x00000000cd300000| Untracked 
| 212|0x00000000cd400000, 0x00000000cd400000, 0x00000000cd500000|  0%| F|  |TAMS 0x00000000cd400000, 0x00000000cd400000| Untracked 
| 213|0x00000000cd500000, 0x00000000cd500000, 0x00000000cd600000|  0%| F|  |TAMS 0x00000000cd500000, 0x00000000cd500000| Untracked 
| 214|0x00000000cd600000, 0x00000000cd700000, 0x00000000cd700000|100%|HS|  |TAMS 0x00000000cd700000, 0x00000000cd700000| Complete 
| 215|0x00000000cd700000, 0x00000000cd700000, 0x00000000cd800000|  0%| F|  |TAMS 0x00000000cd700000, 0x00000000cd700000| Untracked 
| 216|0x00000000cd800000, 0x00000000cd800000, 0x00000000cd900000|  0%| F|  |TAMS 0x00000000cd800000, 0x00000000cd800000| Untracked 
| 217|0x00000000cd900000, 0x00000000cd900000, 0x00000000cda00000|  0%| F|  |TAMS 0x00000000cd900000, 0x00000000cd900000| Untracked 
| 218|0x00000000cda00000, 0x00000000cdb00000, 0x00000000cdb00000|100%|HS|  |TAMS 0x00000000cdb00000, 0x00000000cdb00000| Complete 
| 219|0x00000000cdb00000, 0x00000000cdb00000, 0x00000000cdc00000|  0%| F|  |TAMS 0x00000000cdb00000, 0x00000000cdb00000| Untracked 
| 220|0x00000000cdc00000, 0x00000000cdc00000, 0x00000000cdd00000|  0%| F|  |TAMS 0x00000000cdc00000, 0x00000000cdc00000| Untracked 
| 221|0x00000000cdd00000, 0x00000000cdd00000, 0x00000000cde00000|  0%| F|  |TAMS 0x00000000cdd00000, 0x00000000cdd00000| Untracked 
| 222|0x00000000cde00000, 0x00000000cde00000, 0x00000000cdf00000|  0%| F|  |TAMS 0x00000000cde00000, 0x00000000cde00000| Untracked 
| 223|0x00000000cdf00000, 0x00000000cdf00000, 0x00000000ce000000|  0%| F|  |TAMS 0x00000000cdf00000, 0x00000000cdf00000| Untracked 
| 224|0x00000000ce000000, 0x00000000ce000000, 0x00000000ce100000|  0%| F|  |TAMS 0x00000000ce000000, 0x00000000ce000000| Untracked 
| 225|0x00000000ce100000, 0x00000000ce100000, 0x00000000ce200000|  0%| F|  |TAMS 0x00000000ce100000, 0x00000000ce100000| Untracked 
| 226|0x00000000ce200000, 0x00000000ce200000, 0x00000000ce300000|  0%| F|  |TAMS 0x00000000ce200000, 0x00000000ce200000| Untracked 
| 227|0x00000000ce300000, 0x00000000ce300000, 0x00000000ce400000|  0%| F|  |TAMS 0x00000000ce300000, 0x00000000ce300000| Untracked 
| 228|0x00000000ce400000, 0x00000000ce400000, 0x00000000ce500000|  0%| F|  |TAMS 0x00000000ce400000, 0x00000000ce400000| Untracked 
| 229|0x00000000ce500000, 0x00000000ce500000, 0x00000000ce600000|  0%| F|  |TAMS 0x00000000ce500000, 0x00000000ce500000| Untracked 
| 230|0x00000000ce600000, 0x00000000ce600000, 0x00000000ce700000|  0%| F|  |TAMS 0x00000000ce600000, 0x00000000ce600000| Untracked 
| 231|0x00000000ce700000, 0x00000000ce800000, 0x00000000ce800000|100%|HS|  |TAMS 0x00000000ce800000, 0x00000000ce800000| Complete 
| 232|0x00000000ce800000, 0x00000000ce800000, 0x00000000ce900000|  0%| F|  |TAMS 0x00000000ce800000, 0x00000000ce800000| Untracked 
| 233|0x00000000ce900000, 0x00000000cea00000, 0x00000000cea00000|100%|HS|  |TAMS 0x00000000ce900000, 0x00000000cea00000| Complete 
| 234|0x00000000cea00000, 0x00000000ceb00000, 0x00000000ceb00000|100%|HS|  |TAMS 0x00000000cea00000, 0x00000000ceb00000| Complete 
| 235|0x00000000ceb00000, 0x00000000cec00000, 0x00000000cec00000|100%|HS|  |TAMS 0x00000000ceb00000, 0x00000000cec00000| Complete 
| 236|0x00000000cec00000, 0x00000000ced00000, 0x00000000ced00000|100%|HS|  |TAMS 0x00000000ced00000, 0x00000000ced00000| Complete 
| 237|0x00000000ced00000, 0x00000000cee00000, 0x00000000cee00000|100%|HS|  |TAMS 0x00000000cee00000, 0x00000000cee00000| Complete 
| 238|0x00000000cee00000, 0x00000000cee00000, 0x00000000cef00000|  0%| F|  |TAMS 0x00000000cee00000, 0x00000000cee00000| Untracked 
| 239|0x00000000cef00000, 0x00000000cef00000, 0x00000000cf000000|  0%| F|  |TAMS 0x00000000cef00000, 0x00000000cef00000| Untracked 
| 240|0x00000000cf000000, 0x00000000cf000000, 0x00000000cf100000|  0%| F|  |TAMS 0x00000000cf000000, 0x00000000cf000000| Untracked 
| 241|0x00000000cf100000, 0x00000000cf100000, 0x00000000cf200000|  0%| F|  |TAMS 0x00000000cf100000, 0x00000000cf100000| Untracked 
| 242|0x00000000cf200000, 0x00000000cf200000, 0x00000000cf300000|  0%| F|  |TAMS 0x00000000cf200000, 0x00000000cf200000| Untracked 
| 243|0x00000000cf300000, 0x00000000cf300000, 0x00000000cf400000|  0%| F|  |TAMS 0x00000000cf300000, 0x00000000cf300000| Untracked 
| 244|0x00000000cf400000, 0x00000000cf400000, 0x00000000cf500000|  0%| F|  |TAMS 0x00000000cf400000, 0x00000000cf400000| Untracked 
| 245|0x00000000cf500000, 0x00000000cf500000, 0x00000000cf600000|  0%| F|  |TAMS 0x00000000cf500000, 0x00000000cf500000| Untracked 
| 246|0x00000000cf600000, 0x00000000cf600000, 0x00000000cf700000|  0%| F|  |TAMS 0x00000000cf600000, 0x00000000cf600000| Untracked 
| 247|0x00000000cf700000, 0x00000000cf700000, 0x00000000cf800000|  0%| F|  |TAMS 0x00000000cf700000, 0x00000000cf700000| Untracked 
| 248|0x00000000cf800000, 0x00000000cf800000, 0x00000000cf900000|  0%| F|  |TAMS 0x00000000cf800000, 0x00000000cf800000| Untracked 
| 249|0x00000000cf900000, 0x00000000cf900000, 0x00000000cfa00000|  0%| F|  |TAMS 0x00000000cf900000, 0x00000000cf900000| Untracked 
| 250|0x00000000cfa00000, 0x00000000cfa00000, 0x00000000cfb00000|  0%| F|  |TAMS 0x00000000cfa00000, 0x00000000cfa00000| Untracked 
| 251|0x00000000cfb00000, 0x00000000cfb00000, 0x00000000cfc00000|  0%| F|  |TAMS 0x00000000cfb00000, 0x00000000cfb00000| Untracked 
| 252|0x00000000cfc00000, 0x00000000cfc00000, 0x00000000cfd00000|  0%| F|  |TAMS 0x00000000cfc00000, 0x00000000cfc00000| Untracked 
| 253|0x00000000cfd00000, 0x00000000cfd00000, 0x00000000cfe00000|  0%| F|  |TAMS 0x00000000cfd00000, 0x00000000cfd00000| Untracked 
| 254|0x00000000cfe00000, 0x00000000cfe00000, 0x00000000cff00000|  0%| F|  |TAMS 0x00000000cfe00000, 0x00000000cfe00000| Untracked 
| 255|0x00000000cff00000, 0x00000000cff00000, 0x00000000d0000000|  0%| F|  |TAMS 0x00000000cff00000, 0x00000000cff00000| Untracked 
| 256|0x00000000d0000000, 0x00000000d0000000, 0x00000000d0100000|  0%| F|  |TAMS 0x00000000d0000000, 0x00000000d0000000| Untracked 
| 257|0x00000000d0100000, 0x00000000d0100000, 0x00000000d0200000|  0%| F|  |TAMS 0x00000000d0100000, 0x00000000d0100000| Untracked 
| 258|0x00000000d0200000, 0x00000000d0200000, 0x00000000d0300000|  0%| F|  |TAMS 0x00000000d0200000, 0x00000000d0200000| Untracked 
| 259|0x00000000d0300000, 0x00000000d0300000, 0x00000000d0400000|  0%| F|  |TAMS 0x00000000d0300000, 0x00000000d0300000| Untracked 
| 260|0x00000000d0400000, 0x00000000d0500000, 0x00000000d0500000|100%|HS|  |TAMS 0x00000000d0500000, 0x00000000d0500000| Complete 
| 261|0x00000000d0500000, 0x00000000d0600000, 0x00000000d0600000|100%|HC|  |TAMS 0x00000000d0600000, 0x00000000d0600000| Complete 
| 262|0x00000000d0600000, 0x00000000d0700000, 0x00000000d0700000|100%|HC|  |TAMS 0x00000000d0700000, 0x00000000d0700000| Complete 
| 263|0x00000000d0700000, 0x00000000d0800000, 0x00000000d0800000|100%|HC|  |TAMS 0x00000000d0800000, 0x00000000d0800000| Complete 
| 264|0x00000000d0800000, 0x00000000d0900000, 0x00000000d0900000|100%|HC|  |TAMS 0x00000000d0900000, 0x00000000d0900000| Complete 
| 265|0x00000000d0900000, 0x00000000d0a00000, 0x00000000d0a00000|100%|HC|  |TAMS 0x00000000d0a00000, 0x00000000d0a00000| Complete 
| 266|0x00000000d0a00000, 0x00000000d0b00000, 0x00000000d0b00000|100%|HC|  |TAMS 0x00000000d0b00000, 0x00000000d0b00000| Complete 
| 267|0x00000000d0b00000, 0x00000000d0c00000, 0x00000000d0c00000|100%|HC|  |TAMS 0x00000000d0c00000, 0x00000000d0c00000| Complete 
| 268|0x00000000d0c00000, 0x00000000d0d00000, 0x00000000d0d00000|100%|HC|  |TAMS 0x00000000d0d00000, 0x00000000d0d00000| Complete 
| 269|0x00000000d0d00000, 0x00000000d0e00000, 0x00000000d0e00000|100%|HS|  |TAMS 0x00000000d0e00000, 0x00000000d0e00000| Complete 
| 270|0x00000000d0e00000, 0x00000000d0f00000, 0x00000000d0f00000|100%|HC|  |TAMS 0x00000000d0f00000, 0x00000000d0f00000| Complete 
| 271|0x00000000d0f00000, 0x00000000d1000000, 0x00000000d1000000|100%|HC|  |TAMS 0x00000000d1000000, 0x00000000d1000000| Complete 
| 272|0x00000000d1000000, 0x00000000d1100000, 0x00000000d1100000|100%|HC|  |TAMS 0x00000000d1100000, 0x00000000d1100000| Complete 
| 273|0x00000000d1100000, 0x00000000d1200000, 0x00000000d1200000|100%|HC|  |TAMS 0x00000000d1200000, 0x00000000d1200000| Complete 
| 274|0x00000000d1200000, 0x00000000d1300000, 0x00000000d1300000|100%|HC|  |TAMS 0x00000000d1300000, 0x00000000d1300000| Complete 
| 275|0x00000000d1300000, 0x00000000d1400000, 0x00000000d1400000|100%|HC|  |TAMS 0x00000000d1400000, 0x00000000d1400000| Complete 
| 276|0x00000000d1400000, 0x00000000d1500000, 0x00000000d1500000|100%|HC|  |TAMS 0x00000000d1500000, 0x00000000d1500000| Complete 
| 277|0x00000000d1500000, 0x00000000d1600000, 0x00000000d1600000|100%|HC|  |TAMS 0x00000000d1600000, 0x00000000d1600000| Complete 
| 278|0x00000000d1600000, 0x00000000d1700000, 0x00000000d1700000|100%|HS|  |TAMS 0x00000000d1700000, 0x00000000d1700000| Complete 
| 279|0x00000000d1700000, 0x00000000d1800000, 0x00000000d1800000|100%|HC|  |TAMS 0x00000000d1800000, 0x00000000d1800000| Complete 
| 280|0x00000000d1800000, 0x00000000d1900000, 0x00000000d1900000|100%|HC|  |TAMS 0x00000000d1900000, 0x00000000d1900000| Complete 
| 281|0x00000000d1900000, 0x00000000d1a00000, 0x00000000d1a00000|100%|HC|  |TAMS 0x00000000d1a00000, 0x00000000d1a00000| Complete 
| 282|0x00000000d1a00000, 0x00000000d1b00000, 0x00000000d1b00000|100%|HC|  |TAMS 0x00000000d1b00000, 0x00000000d1b00000| Complete 
| 283|0x00000000d1b00000, 0x00000000d1c00000, 0x00000000d1c00000|100%|HC|  |TAMS 0x00000000d1c00000, 0x00000000d1c00000| Complete 
| 284|0x00000000d1c00000, 0x00000000d1d00000, 0x00000000d1d00000|100%|HC|  |TAMS 0x00000000d1d00000, 0x00000000d1d00000| Complete 
| 285|0x00000000d1d00000, 0x00000000d1e00000, 0x00000000d1e00000|100%|HC|  |TAMS 0x00000000d1e00000, 0x00000000d1e00000| Complete 
| 286|0x00000000d1e00000, 0x00000000d1f00000, 0x00000000d1f00000|100%|HC|  |TAMS 0x00000000d1f00000, 0x00000000d1f00000| Complete 
| 287|0x00000000d1f00000, 0x00000000d1f00000, 0x00000000d2000000|  0%| F|  |TAMS 0x00000000d1f00000, 0x00000000d1f00000| Untracked 
| 288|0x00000000d2000000, 0x00000000d2000000, 0x00000000d2100000|  0%| F|  |TAMS 0x00000000d2000000, 0x00000000d2000000| Untracked 
| 289|0x00000000d2100000, 0x00000000d2100000, 0x00000000d2200000|  0%| F|  |TAMS 0x00000000d2100000, 0x00000000d2100000| Untracked 
| 290|0x00000000d2200000, 0x00000000d2200000, 0x00000000d2300000|  0%| F|  |TAMS 0x00000000d2200000, 0x00000000d2200000| Untracked 
| 291|0x00000000d2300000, 0x00000000d2300000, 0x00000000d2400000|  0%| F|  |TAMS 0x00000000d2300000, 0x00000000d2300000| Untracked 
| 292|0x00000000d2400000, 0x00000000d2400000, 0x00000000d2500000|  0%| F|  |TAMS 0x00000000d2400000, 0x00000000d2400000| Untracked 
| 293|0x00000000d2500000, 0x00000000d2500000, 0x00000000d2600000|  0%| F|  |TAMS 0x00000000d2500000, 0x00000000d2500000| Untracked 
| 294|0x00000000d2600000, 0x00000000d2600000, 0x00000000d2700000|  0%| F|  |TAMS 0x00000000d2600000, 0x00000000d2600000| Untracked 
| 295|0x00000000d2700000, 0x00000000d2700000, 0x00000000d2800000|  0%| F|  |TAMS 0x00000000d2700000, 0x00000000d2700000| Untracked 
| 296|0x00000000d2800000, 0x00000000d2800000, 0x00000000d2900000|  0%| F|  |TAMS 0x00000000d2800000, 0x00000000d2800000| Untracked 
| 297|0x00000000d2900000, 0x00000000d2900000, 0x00000000d2a00000|  0%| F|  |TAMS 0x00000000d2900000, 0x00000000d2900000| Untracked 
| 298|0x00000000d2a00000, 0x00000000d2a00000, 0x00000000d2b00000|  0%| F|  |TAMS 0x00000000d2a00000, 0x00000000d2a00000| Untracked 
| 299|0x00000000d2b00000, 0x00000000d2b00000, 0x00000000d2c00000|  0%| F|  |TAMS 0x00000000d2b00000, 0x00000000d2b00000| Untracked 
| 300|0x00000000d2c00000, 0x00000000d2c00000, 0x00000000d2d00000|  0%| F|  |TAMS 0x00000000d2c00000, 0x00000000d2c00000| Untracked 
| 301|0x00000000d2d00000, 0x00000000d2d00000, 0x00000000d2e00000|  0%| F|  |TAMS 0x00000000d2d00000, 0x00000000d2d00000| Untracked 
| 302|0x00000000d2e00000, 0x00000000d2e00000, 0x00000000d2f00000|  0%| F|  |TAMS 0x00000000d2e00000, 0x00000000d2e00000| Untracked 
| 303|0x00000000d2f00000, 0x00000000d2f00000, 0x00000000d3000000|  0%| F|  |TAMS 0x00000000d2f00000, 0x00000000d2f00000| Untracked 
| 304|0x00000000d3000000, 0x00000000d3000000, 0x00000000d3100000|  0%| F|  |TAMS 0x00000000d3000000, 0x00000000d3000000| Untracked 
| 305|0x00000000d3100000, 0x00000000d3100000, 0x00000000d3200000|  0%| F|  |TAMS 0x00000000d3100000, 0x00000000d3100000| Untracked 
| 306|0x00000000d3200000, 0x00000000d3200000, 0x00000000d3300000|  0%| F|  |TAMS 0x00000000d3200000, 0x00000000d3200000| Untracked 
| 307|0x00000000d3300000, 0x00000000d3300000, 0x00000000d3400000|  0%| F|  |TAMS 0x00000000d3300000, 0x00000000d3300000| Untracked 
| 308|0x00000000d3400000, 0x00000000d3400000, 0x00000000d3500000|  0%| F|  |TAMS 0x00000000d3400000, 0x00000000d3400000| Untracked 
| 309|0x00000000d3500000, 0x00000000d3500000, 0x00000000d3600000|  0%| F|  |TAMS 0x00000000d3500000, 0x00000000d3500000| Untracked 
| 310|0x00000000d3600000, 0x00000000d3600000, 0x00000000d3700000|  0%| F|  |TAMS 0x00000000d3600000, 0x00000000d3600000| Untracked 
| 311|0x00000000d3700000, 0x00000000d3700000, 0x00000000d3800000|  0%| F|  |TAMS 0x00000000d3700000, 0x00000000d3700000| Untracked 
| 312|0x00000000d3800000, 0x00000000d3900000, 0x00000000d3900000|100%| O|  |TAMS 0x00000000d3900000, 0x00000000d3900000| Untracked 
| 313|0x00000000d3900000, 0x00000000d3900000, 0x00000000d3a00000|  0%| F|  |TAMS 0x00000000d3900000, 0x00000000d3900000| Untracked 
| 314|0x00000000d3a00000, 0x00000000d3a00000, 0x00000000d3b00000|  0%| F|  |TAMS 0x00000000d3a00000, 0x00000000d3a00000| Untracked 
| 315|0x00000000d3b00000, 0x00000000d3b00000, 0x00000000d3c00000|  0%| F|  |TAMS 0x00000000d3b00000, 0x00000000d3b00000| Untracked 
| 316|0x00000000d3c00000, 0x00000000d3c00000, 0x00000000d3d00000|  0%| F|  |TAMS 0x00000000d3c00000, 0x00000000d3c00000| Untracked 
| 317|0x00000000d3d00000, 0x00000000d3e00000, 0x00000000d3e00000|100%|HS|  |TAMS 0x00000000d3e00000, 0x00000000d3e00000| Complete 
| 318|0x00000000d3e00000, 0x00000000d3f00000, 0x00000000d3f00000|100%| O|  |TAMS 0x00000000d3f00000, 0x00000000d3f00000| Untracked 
| 319|0x00000000d3f00000, 0x00000000d4000000, 0x00000000d4000000|100%|HS|  |TAMS 0x00000000d4000000, 0x00000000d4000000| Complete 
| 320|0x00000000d4000000, 0x00000000d4100000, 0x00000000d4100000|100%|HS|  |TAMS 0x00000000d4100000, 0x00000000d4100000| Complete 
| 321|0x00000000d4100000, 0x00000000d4100000, 0x00000000d4200000|  0%| F|  |TAMS 0x00000000d4100000, 0x00000000d4100000| Untracked 
| 322|0x00000000d4200000, 0x00000000d4200000, 0x00000000d4300000|  0%| F|  |TAMS 0x00000000d4200000, 0x00000000d4200000| Untracked 
| 323|0x00000000d4300000, 0x00000000d4300000, 0x00000000d4400000|  0%| F|  |TAMS 0x00000000d4300000, 0x00000000d4300000| Untracked 
| 324|0x00000000d4400000, 0x00000000d4500000, 0x00000000d4500000|100%|HS|  |TAMS 0x00000000d4500000, 0x00000000d4500000| Complete 
| 325|0x00000000d4500000, 0x00000000d4600000, 0x00000000d4600000|100%|HC|  |TAMS 0x00000000d4600000, 0x00000000d4600000| Complete 
| 326|0x00000000d4600000, 0x00000000d4700000, 0x00000000d4700000|100%|HC|  |TAMS 0x00000000d4700000, 0x00000000d4700000| Complete 
| 327|0x00000000d4700000, 0x00000000d4800000, 0x00000000d4800000|100%|HC|  |TAMS 0x00000000d4800000, 0x00000000d4800000| Complete 
| 328|0x00000000d4800000, 0x00000000d4900000, 0x00000000d4900000|100%|HC|  |TAMS 0x00000000d4900000, 0x00000000d4900000| Complete 
| 329|0x00000000d4900000, 0x00000000d4a00000, 0x00000000d4a00000|100%|HC|  |TAMS 0x00000000d4a00000, 0x00000000d4a00000| Complete 
| 330|0x00000000d4a00000, 0x00000000d4b00000, 0x00000000d4b00000|100%|HC|  |TAMS 0x00000000d4b00000, 0x00000000d4b00000| Complete 
| 331|0x00000000d4b00000, 0x00000000d4c00000, 0x00000000d4c00000|100%|HC|  |TAMS 0x00000000d4c00000, 0x00000000d4c00000| Complete 
| 332|0x00000000d4c00000, 0x00000000d4d00000, 0x00000000d4d00000|100%|HC|  |TAMS 0x00000000d4d00000, 0x00000000d4d00000| Complete 
| 333|0x00000000d4d00000, 0x00000000d4e00000, 0x00000000d4e00000|100%|HS|  |TAMS 0x00000000d4e00000, 0x00000000d4e00000| Complete 
| 334|0x00000000d4e00000, 0x00000000d4f00000, 0x00000000d4f00000|100%|HC|  |TAMS 0x00000000d4f00000, 0x00000000d4f00000| Complete 
| 335|0x00000000d4f00000, 0x00000000d5000000, 0x00000000d5000000|100%|HC|  |TAMS 0x00000000d5000000, 0x00000000d5000000| Complete 
| 336|0x00000000d5000000, 0x00000000d5100000, 0x00000000d5100000|100%|HC|  |TAMS 0x00000000d5100000, 0x00000000d5100000| Complete 
| 337|0x00000000d5100000, 0x00000000d5200000, 0x00000000d5200000|100%|HC|  |TAMS 0x00000000d5200000, 0x00000000d5200000| Complete 
| 338|0x00000000d5200000, 0x00000000d5300000, 0x00000000d5300000|100%|HC|  |TAMS 0x00000000d5300000, 0x00000000d5300000| Complete 
| 339|0x00000000d5300000, 0x00000000d5400000, 0x00000000d5400000|100%|HC|  |TAMS 0x00000000d5400000, 0x00000000d5400000| Complete 
| 340|0x00000000d5400000, 0x00000000d5500000, 0x00000000d5500000|100%|HC|  |TAMS 0x00000000d5500000, 0x00000000d5500000| Complete 
| 341|0x00000000d5500000, 0x00000000d5600000, 0x00000000d5600000|100%|HC|  |TAMS 0x00000000d5600000, 0x00000000d5600000| Complete 
| 342|0x00000000d5600000, 0x00000000d5700000, 0x00000000d5700000|100%|HS|  |TAMS 0x00000000d5700000, 0x00000000d5700000| Complete 
| 343|0x00000000d5700000, 0x00000000d5800000, 0x00000000d5800000|100%|HC|  |TAMS 0x00000000d5800000, 0x00000000d5800000| Complete 
| 344|0x00000000d5800000, 0x00000000d5900000, 0x00000000d5900000|100%|HC|  |TAMS 0x00000000d5900000, 0x00000000d5900000| Complete 
| 345|0x00000000d5900000, 0x00000000d5a00000, 0x00000000d5a00000|100%|HC|  |TAMS 0x00000000d5a00000, 0x00000000d5a00000| Complete 
| 346|0x00000000d5a00000, 0x00000000d5b00000, 0x00000000d5b00000|100%|HC|  |TAMS 0x00000000d5b00000, 0x00000000d5b00000| Complete 
| 347|0x00000000d5b00000, 0x00000000d5c00000, 0x00000000d5c00000|100%|HC|  |TAMS 0x00000000d5c00000, 0x00000000d5c00000| Complete 
| 348|0x00000000d5c00000, 0x00000000d5d00000, 0x00000000d5d00000|100%|HC|  |TAMS 0x00000000d5d00000, 0x00000000d5d00000| Complete 
| 349|0x00000000d5d00000, 0x00000000d5e00000, 0x00000000d5e00000|100%|HC|  |TAMS 0x00000000d5e00000, 0x00000000d5e00000| Complete 
| 350|0x00000000d5e00000, 0x00000000d5f00000, 0x00000000d5f00000|100%|HC|  |TAMS 0x00000000d5f00000, 0x00000000d5f00000| Complete 
| 351|0x00000000d5f00000, 0x00000000d6000000, 0x00000000d6000000|100%|HS|  |TAMS 0x00000000d6000000, 0x00000000d6000000| Complete 
| 352|0x00000000d6000000, 0x00000000d6100000, 0x00000000d6100000|100%|HC|  |TAMS 0x00000000d6100000, 0x00000000d6100000| Complete 
| 353|0x00000000d6100000, 0x00000000d6100000, 0x00000000d6200000|  0%| F|  |TAMS 0x00000000d6100000, 0x00000000d6100000| Untracked 
| 354|0x00000000d6200000, 0x00000000d6200000, 0x00000000d6300000|  0%| F|  |TAMS 0x00000000d6200000, 0x00000000d6200000| Untracked 
| 355|0x00000000d6300000, 0x00000000d6300000, 0x00000000d6400000|  0%| F|  |TAMS 0x00000000d6300000, 0x00000000d6300000| Untracked 
| 356|0x00000000d6400000, 0x00000000d6400000, 0x00000000d6500000|  0%| F|  |TAMS 0x00000000d6400000, 0x00000000d6400000| Untracked 
| 357|0x00000000d6500000, 0x00000000d6500000, 0x00000000d6600000|  0%| F|  |TAMS 0x00000000d6500000, 0x00000000d6500000| Untracked 
| 358|0x00000000d6600000, 0x00000000d6600000, 0x00000000d6700000|  0%| F|  |TAMS 0x00000000d6600000, 0x00000000d6600000| Untracked 
| 359|0x00000000d6700000, 0x00000000d6798908, 0x00000000d6800000| 59%| E|CS|TAMS 0x00000000d6700000, 0x00000000d6798908| Complete 
| 360|0x00000000d6800000, 0x00000000d6900000, 0x00000000d6900000|100%| E|CS|TAMS 0x00000000d6800000, 0x00000000d6900000| Complete 
| 361|0x00000000d6900000, 0x00000000d6a00000, 0x00000000d6a00000|100%| E|CS|TAMS 0x00000000d6900000, 0x00000000d6a00000| Complete 
| 362|0x00000000d6a00000, 0x00000000d6b00000, 0x00000000d6b00000|100%|HS|  |TAMS 0x00000000d6b00000, 0x00000000d6b00000| Complete 
| 363|0x00000000d6b00000, 0x00000000d6c00000, 0x00000000d6c00000|100%|HS|  |TAMS 0x00000000d6c00000, 0x00000000d6c00000| Complete 
| 364|0x00000000d6c00000, 0x00000000d6d00000, 0x00000000d6d00000|100%|HS|  |TAMS 0x00000000d6d00000, 0x00000000d6d00000| Complete 
| 365|0x00000000d6d00000, 0x00000000d6d00000, 0x00000000d6e00000|  0%| F|  |TAMS 0x00000000d6d00000, 0x00000000d6d00000| Untracked 
| 366|0x00000000d6e00000, 0x00000000d6e00000, 0x00000000d6f00000|  0%| F|  |TAMS 0x00000000d6e00000, 0x00000000d6e00000| Untracked 
| 367|0x00000000d6f00000, 0x00000000d6f00000, 0x00000000d7000000|  0%| F|  |TAMS 0x00000000d6f00000, 0x00000000d6f00000| Untracked 
| 368|0x00000000d7000000, 0x00000000d7000000, 0x00000000d7100000|  0%| F|  |TAMS 0x00000000d7000000, 0x00000000d7000000| Untracked 
| 369|0x00000000d7100000, 0x00000000d7100000, 0x00000000d7200000|  0%| F|  |TAMS 0x00000000d7100000, 0x00000000d7100000| Untracked 
| 370|0x00000000d7200000, 0x00000000d7200000, 0x00000000d7300000|  0%| F|  |TAMS 0x00000000d7200000, 0x00000000d7200000| Untracked 
| 371|0x00000000d7300000, 0x00000000d7300000, 0x00000000d7400000|  0%| F|  |TAMS 0x00000000d7300000, 0x00000000d7300000| Untracked 
| 372|0x00000000d7400000, 0x00000000d7400000, 0x00000000d7500000|  0%| F|  |TAMS 0x00000000d7400000, 0x00000000d7400000| Untracked 
| 373|0x00000000d7500000, 0x00000000d7500000, 0x00000000d7600000|  0%| F|  |TAMS 0x00000000d7500000, 0x00000000d7500000| Untracked 
| 374|0x00000000d7600000, 0x00000000d7600000, 0x00000000d7700000|  0%| F|  |TAMS 0x00000000d7600000, 0x00000000d7600000| Untracked 
| 375|0x00000000d7700000, 0x00000000d7700000, 0x00000000d7800000|  0%| F|  |TAMS 0x00000000d7700000, 0x00000000d7700000| Untracked 
| 376|0x00000000d7800000, 0x00000000d7800000, 0x00000000d7900000|  0%| F|  |TAMS 0x00000000d7800000, 0x00000000d7800000| Untracked 
| 377|0x00000000d7900000, 0x00000000d7900000, 0x00000000d7a00000|  0%| F|  |TAMS 0x00000000d7900000, 0x00000000d7900000| Untracked 
| 378|0x00000000d7a00000, 0x00000000d7a00000, 0x00000000d7b00000|  0%| F|  |TAMS 0x00000000d7a00000, 0x00000000d7a00000| Untracked 
| 379|0x00000000d7b00000, 0x00000000d7b00000, 0x00000000d7c00000|  0%| F|  |TAMS 0x00000000d7b00000, 0x00000000d7b00000| Untracked 
| 380|0x00000000d7c00000, 0x00000000d7c00000, 0x00000000d7d00000|  0%| F|  |TAMS 0x00000000d7c00000, 0x00000000d7c00000| Untracked 
| 381|0x00000000d7d00000, 0x00000000d7e00000, 0x00000000d7e00000|100%| O|  |TAMS 0x00000000d7e00000, 0x00000000d7e00000| Untracked 
| 382|0x00000000d7e00000, 0x00000000d7f00000, 0x00000000d7f00000|100%| O|  |TAMS 0x00000000d7f00000, 0x00000000d7f00000| Untracked 
| 383|0x00000000d7f00000, 0x00000000d8000000, 0x00000000d8000000|100%| O|  |TAMS 0x00000000d8000000, 0x00000000d8000000| Untracked 
| 384|0x00000000d8000000, 0x00000000d8100000, 0x00000000d8100000|100%|HS|  |TAMS 0x00000000d8000000, 0x00000000d8100000| Complete 
| 385|0x00000000d8100000, 0x00000000d8200000, 0x00000000d8200000|100%|HC|  |TAMS 0x00000000d8100000, 0x00000000d8200000| Complete 
| 386|0x00000000d8200000, 0x00000000d8300000, 0x00000000d8300000|100%|HC|  |TAMS 0x00000000d8200000, 0x00000000d8300000| Complete 
| 387|0x00000000d8300000, 0x00000000d8400000, 0x00000000d8400000|100%|HC|  |TAMS 0x00000000d8300000, 0x00000000d8400000| Complete 
| 388|0x00000000d8400000, 0x00000000d8500000, 0x00000000d8500000|100%|HC|  |TAMS 0x00000000d8400000, 0x00000000d8500000| Complete 
| 389|0x00000000d8500000, 0x00000000d8600000, 0x00000000d8600000|100%|HC|  |TAMS 0x00000000d8500000, 0x00000000d8600000| Complete 
| 390|0x00000000d8600000, 0x00000000d8700000, 0x00000000d8700000|100%|HC|  |TAMS 0x00000000d8600000, 0x00000000d8700000| Complete 
| 391|0x00000000d8700000, 0x00000000d8800000, 0x00000000d8800000|100%|HC|  |TAMS 0x00000000d8700000, 0x00000000d8800000| Complete 
| 392|0x00000000d8800000, 0x00000000d8900000, 0x00000000d8900000|100%|HC|  |TAMS 0x00000000d8800000, 0x00000000d8900000| Complete 
| 393|0x00000000d8900000, 0x00000000d8900000, 0x00000000d8a00000|  0%| F|  |TAMS 0x00000000d8900000, 0x00000000d8900000| Untracked 
| 394|0x00000000d8a00000, 0x00000000d8a00000, 0x00000000d8b00000|  0%| F|  |TAMS 0x00000000d8a00000, 0x00000000d8a00000| Untracked 
| 395|0x00000000d8b00000, 0x00000000d8b00000, 0x00000000d8c00000|  0%| F|  |TAMS 0x00000000d8b00000, 0x00000000d8b00000| Untracked 
| 396|0x00000000d8c00000, 0x00000000d8c00000, 0x00000000d8d00000|  0%| F|  |TAMS 0x00000000d8c00000, 0x00000000d8c00000| Untracked 
| 397|0x00000000d8d00000, 0x00000000d8d00000, 0x00000000d8e00000|  0%| F|  |TAMS 0x00000000d8d00000, 0x00000000d8d00000| Untracked 
| 398|0x00000000d8e00000, 0x00000000d8e00000, 0x00000000d8f00000|  0%| F|  |TAMS 0x00000000d8e00000, 0x00000000d8e00000| Untracked 
| 399|0x00000000d8f00000, 0x00000000d8f00000, 0x00000000d9000000|  0%| F|  |TAMS 0x00000000d8f00000, 0x00000000d8f00000| Untracked 
| 400|0x00000000d9000000, 0x00000000d9000000, 0x00000000d9100000|  0%| F|  |TAMS 0x00000000d9000000, 0x00000000d9000000| Untracked 
| 401|0x00000000d9100000, 0x00000000d9100000, 0x00000000d9200000|  0%| F|  |TAMS 0x00000000d9100000, 0x00000000d9100000| Untracked 
| 402|0x00000000d9200000, 0x00000000d9200000, 0x00000000d9300000|  0%| F|  |TAMS 0x00000000d9200000, 0x00000000d9200000| Untracked 
| 403|0x00000000d9300000, 0x00000000d9300000, 0x00000000d9400000|  0%| F|  |TAMS 0x00000000d9300000, 0x00000000d9300000| Untracked 
| 404|0x00000000d9400000, 0x00000000d9400000, 0x00000000d9500000|  0%| F|  |TAMS 0x00000000d9400000, 0x00000000d9400000| Untracked 
| 405|0x00000000d9500000, 0x00000000d9500000, 0x00000000d9600000|  0%| F|  |TAMS 0x00000000d9500000, 0x00000000d9500000| Untracked 
| 406|0x00000000d9600000, 0x00000000d9600000, 0x00000000d9700000|  0%| F|  |TAMS 0x00000000d9600000, 0x00000000d9600000| Untracked 
| 407|0x00000000d9700000, 0x00000000d9700000, 0x00000000d9800000|  0%| F|  |TAMS 0x00000000d9700000, 0x00000000d9700000| Untracked 
| 408|0x00000000d9800000, 0x00000000d9800000, 0x00000000d9900000|  0%| F|  |TAMS 0x00000000d9800000, 0x00000000d9800000| Untracked 
| 409|0x00000000d9900000, 0x00000000d9900000, 0x00000000d9a00000|  0%| F|  |TAMS 0x00000000d9900000, 0x00000000d9900000| Untracked 
| 410|0x00000000d9a00000, 0x00000000d9a00000, 0x00000000d9b00000|  0%| F|  |TAMS 0x00000000d9a00000, 0x00000000d9a00000| Untracked 
| 411|0x00000000d9b00000, 0x00000000d9b00000, 0x00000000d9c00000|  0%| F|  |TAMS 0x00000000d9b00000, 0x00000000d9b00000| Untracked 
| 412|0x00000000d9c00000, 0x00000000d9c00000, 0x00000000d9d00000|  0%| F|  |TAMS 0x00000000d9c00000, 0x00000000d9c00000| Untracked 
| 413|0x00000000d9d00000, 0x00000000d9d00000, 0x00000000d9e00000|  0%| F|  |TAMS 0x00000000d9d00000, 0x00000000d9d00000| Untracked 
| 414|0x00000000d9e00000, 0x00000000d9e00000, 0x00000000d9f00000|  0%| F|  |TAMS 0x00000000d9e00000, 0x00000000d9e00000| Untracked 
| 415|0x00000000d9f00000, 0x00000000d9f00000, 0x00000000da000000|  0%| F|  |TAMS 0x00000000d9f00000, 0x00000000d9f00000| Untracked 
| 416|0x00000000da000000, 0x00000000da000000, 0x00000000da100000|  0%| F|  |TAMS 0x00000000da000000, 0x00000000da000000| Untracked 
| 417|0x00000000da100000, 0x00000000da100000, 0x00000000da200000|  0%| F|  |TAMS 0x00000000da100000, 0x00000000da100000| Untracked 
| 418|0x00000000da200000, 0x00000000da200000, 0x00000000da300000|  0%| F|  |TAMS 0x00000000da200000, 0x00000000da200000| Untracked 
| 419|0x00000000da300000, 0x00000000da300000, 0x00000000da400000|  0%| F|  |TAMS 0x00000000da300000, 0x00000000da300000| Untracked 
| 420|0x00000000da400000, 0x00000000da400000, 0x00000000da500000|  0%| F|  |TAMS 0x00000000da400000, 0x00000000da400000| Untracked 
| 421|0x00000000da500000, 0x00000000da500000, 0x00000000da600000|  0%| F|  |TAMS 0x00000000da500000, 0x00000000da500000| Untracked 
| 422|0x00000000da600000, 0x00000000da600000, 0x00000000da700000|  0%| F|  |TAMS 0x00000000da600000, 0x00000000da600000| Untracked 
| 423|0x00000000da700000, 0x00000000da700000, 0x00000000da800000|  0%| F|  |TAMS 0x00000000da700000, 0x00000000da700000| Untracked 
| 424|0x00000000da800000, 0x00000000da800000, 0x00000000da900000|  0%| F|  |TAMS 0x00000000da800000, 0x00000000da800000| Untracked 
| 425|0x00000000da900000, 0x00000000da900000, 0x00000000daa00000|  0%| F|  |TAMS 0x00000000da900000, 0x00000000da900000| Untracked 
| 426|0x00000000daa00000, 0x00000000daa00000, 0x00000000dab00000|  0%| F|  |TAMS 0x00000000daa00000, 0x00000000daa00000| Untracked 
| 427|0x00000000dab00000, 0x00000000dab00000, 0x00000000dac00000|  0%| F|  |TAMS 0x00000000dab00000, 0x00000000dab00000| Untracked 
| 428|0x00000000dac00000, 0x00000000dac00000, 0x00000000dad00000|  0%| F|  |TAMS 0x00000000dac00000, 0x00000000dac00000| Untracked 
| 429|0x00000000dad00000, 0x00000000dad00000, 0x00000000dae00000|  0%| F|  |TAMS 0x00000000dad00000, 0x00000000dad00000| Untracked 
| 430|0x00000000dae00000, 0x00000000dae00000, 0x00000000daf00000|  0%| F|  |TAMS 0x00000000dae00000, 0x00000000dae00000| Untracked 
| 431|0x00000000daf00000, 0x00000000daf00000, 0x00000000db000000|  0%| F|  |TAMS 0x00000000daf00000, 0x00000000daf00000| Untracked 
| 432|0x00000000db000000, 0x00000000db000000, 0x00000000db100000|  0%| F|  |TAMS 0x00000000db000000, 0x00000000db000000| Untracked 
| 433|0x00000000db100000, 0x00000000db100000, 0x00000000db200000|  0%| F|  |TAMS 0x00000000db100000, 0x00000000db100000| Untracked 
| 434|0x00000000db200000, 0x00000000db200000, 0x00000000db300000|  0%| F|  |TAMS 0x00000000db200000, 0x00000000db200000| Untracked 
| 435|0x00000000db300000, 0x00000000db300000, 0x00000000db400000|  0%| F|  |TAMS 0x00000000db300000, 0x00000000db300000| Untracked 
| 436|0x00000000db400000, 0x00000000db400000, 0x00000000db500000|  0%| F|  |TAMS 0x00000000db400000, 0x00000000db400000| Untracked 
| 437|0x00000000db500000, 0x00000000db500000, 0x00000000db600000|  0%| F|  |TAMS 0x00000000db500000, 0x00000000db500000| Untracked 
| 438|0x00000000db600000, 0x00000000db600000, 0x00000000db700000|  0%| F|  |TAMS 0x00000000db600000, 0x00000000db600000| Untracked 
| 439|0x00000000db700000, 0x00000000db700000, 0x00000000db800000|  0%| F|  |TAMS 0x00000000db700000, 0x00000000db700000| Untracked 
| 440|0x00000000db800000, 0x00000000db800000, 0x00000000db900000|  0%| F|  |TAMS 0x00000000db800000, 0x00000000db800000| Untracked 
| 441|0x00000000db900000, 0x00000000db900000, 0x00000000dba00000|  0%| F|  |TAMS 0x00000000db900000, 0x00000000db900000| Untracked 
| 442|0x00000000dba00000, 0x00000000dba00000, 0x00000000dbb00000|  0%| F|  |TAMS 0x00000000dba00000, 0x00000000dba00000| Untracked 
| 443|0x00000000dbb00000, 0x00000000dbb00000, 0x00000000dbc00000|  0%| F|  |TAMS 0x00000000dbb00000, 0x00000000dbb00000| Untracked 
| 444|0x00000000dbc00000, 0x00000000dbc00000, 0x00000000dbd00000|  0%| F|  |TAMS 0x00000000dbc00000, 0x00000000dbc00000| Untracked 
| 445|0x00000000dbd00000, 0x00000000dbd00000, 0x00000000dbe00000|  0%| F|  |TAMS 0x00000000dbd00000, 0x00000000dbd00000| Untracked 
| 446|0x00000000dbe00000, 0x00000000dbe00000, 0x00000000dbf00000|  0%| F|  |TAMS 0x00000000dbe00000, 0x00000000dbe00000| Untracked 
| 447|0x00000000dbf00000, 0x00000000dbf00000, 0x00000000dc000000|  0%| F|  |TAMS 0x00000000dbf00000, 0x00000000dbf00000| Untracked 
| 448|0x00000000dc000000, 0x00000000dc000000, 0x00000000dc100000|  0%| F|  |TAMS 0x00000000dc000000, 0x00000000dc000000| Untracked 
| 449|0x00000000dc100000, 0x00000000dc100000, 0x00000000dc200000|  0%| F|  |TAMS 0x00000000dc100000, 0x00000000dc100000| Untracked 
| 450|0x00000000dc200000, 0x00000000dc200000, 0x00000000dc300000|  0%| F|  |TAMS 0x00000000dc200000, 0x00000000dc200000| Untracked 
| 451|0x00000000dc300000, 0x00000000dc300000, 0x00000000dc400000|  0%| F|  |TAMS 0x00000000dc300000, 0x00000000dc300000| Untracked 
| 452|0x00000000dc400000, 0x00000000dc400000, 0x00000000dc500000|  0%| F|  |TAMS 0x00000000dc400000, 0x00000000dc400000| Untracked 
| 453|0x00000000dc500000, 0x00000000dc500000, 0x00000000dc600000|  0%| F|  |TAMS 0x00000000dc500000, 0x00000000dc500000| Untracked 
| 454|0x00000000dc600000, 0x00000000dc600000, 0x00000000dc700000|  0%| F|  |TAMS 0x00000000dc600000, 0x00000000dc600000| Untracked 
| 455|0x00000000dc700000, 0x00000000dc700000, 0x00000000dc800000|  0%| F|  |TAMS 0x00000000dc700000, 0x00000000dc700000| Untracked 
| 456|0x00000000dc800000, 0x00000000dc800000, 0x00000000dc900000|  0%| F|  |TAMS 0x00000000dc800000, 0x00000000dc800000| Untracked 
| 457|0x00000000dc900000, 0x00000000dc900000, 0x00000000dca00000|  0%| F|  |TAMS 0x00000000dc900000, 0x00000000dc900000| Untracked 
| 458|0x00000000dca00000, 0x00000000dca00000, 0x00000000dcb00000|  0%| F|  |TAMS 0x00000000dca00000, 0x00000000dca00000| Untracked 
| 459|0x00000000dcb00000, 0x00000000dcb00000, 0x00000000dcc00000|  0%| F|  |TAMS 0x00000000dcb00000, 0x00000000dcb00000| Untracked 
| 460|0x00000000dcc00000, 0x00000000dcc00000, 0x00000000dcd00000|  0%| F|  |TAMS 0x00000000dcc00000, 0x00000000dcc00000| Untracked 
| 461|0x00000000dcd00000, 0x00000000dcd00000, 0x00000000dce00000|  0%| F|  |TAMS 0x00000000dcd00000, 0x00000000dcd00000| Untracked 
| 462|0x00000000dce00000, 0x00000000dce00000, 0x00000000dcf00000|  0%| F|  |TAMS 0x00000000dce00000, 0x00000000dce00000| Untracked 
| 463|0x00000000dcf00000, 0x00000000dcf00000, 0x00000000dd000000|  0%| F|  |TAMS 0x00000000dcf00000, 0x00000000dcf00000| Untracked 
| 464|0x00000000dd000000, 0x00000000dd000000, 0x00000000dd100000|  0%| F|  |TAMS 0x00000000dd000000, 0x00000000dd000000| Untracked 
| 465|0x00000000dd100000, 0x00000000dd100000, 0x00000000dd200000|  0%| F|  |TAMS 0x00000000dd100000, 0x00000000dd100000| Untracked 
| 466|0x00000000dd200000, 0x00000000dd200000, 0x00000000dd300000|  0%| F|  |TAMS 0x00000000dd200000, 0x00000000dd200000| Untracked 
| 467|0x00000000dd300000, 0x00000000dd300000, 0x00000000dd400000|  0%| F|  |TAMS 0x00000000dd300000, 0x00000000dd300000| Untracked 
| 468|0x00000000dd400000, 0x00000000dd400000, 0x00000000dd500000|  0%| F|  |TAMS 0x00000000dd400000, 0x00000000dd400000| Untracked 
| 469|0x00000000dd500000, 0x00000000dd500000, 0x00000000dd600000|  0%| F|  |TAMS 0x00000000dd500000, 0x00000000dd500000| Untracked 
| 470|0x00000000dd600000, 0x00000000dd600000, 0x00000000dd700000|  0%| F|  |TAMS 0x00000000dd600000, 0x00000000dd600000| Untracked 
| 471|0x00000000dd700000, 0x00000000dd700000, 0x00000000dd800000|  0%| F|  |TAMS 0x00000000dd700000, 0x00000000dd700000| Untracked 
| 472|0x00000000dd800000, 0x00000000dd800000, 0x00000000dd900000|  0%| F|  |TAMS 0x00000000dd800000, 0x00000000dd800000| Untracked 
| 473|0x00000000dd900000, 0x00000000dd900000, 0x00000000dda00000|  0%| F|  |TAMS 0x00000000dd900000, 0x00000000dd900000| Untracked 
| 474|0x00000000dda00000, 0x00000000dda00000, 0x00000000ddb00000|  0%| F|  |TAMS 0x00000000dda00000, 0x00000000dda00000| Untracked 
| 475|0x00000000ddb00000, 0x00000000ddb00000, 0x00000000ddc00000|  0%| F|  |TAMS 0x00000000ddb00000, 0x00000000ddb00000| Untracked 
| 476|0x00000000ddc00000, 0x00000000ddc00000, 0x00000000ddd00000|  0%| F|  |TAMS 0x00000000ddc00000, 0x00000000ddc00000| Untracked 
| 477|0x00000000ddd00000, 0x00000000ddd00000, 0x00000000dde00000|  0%| F|  |TAMS 0x00000000ddd00000, 0x00000000ddd00000| Untracked 
| 478|0x00000000dde00000, 0x00000000dde00000, 0x00000000ddf00000|  0%| F|  |TAMS 0x00000000dde00000, 0x00000000dde00000| Untracked 
| 479|0x00000000ddf00000, 0x00000000ddf00000, 0x00000000de000000|  0%| F|  |TAMS 0x00000000ddf00000, 0x00000000ddf00000| Untracked 
| 480|0x00000000de000000, 0x00000000de000000, 0x00000000de100000|  0%| F|  |TAMS 0x00000000de000000, 0x00000000de000000| Untracked 
| 481|0x00000000de100000, 0x00000000de100000, 0x00000000de200000|  0%| F|  |TAMS 0x00000000de100000, 0x00000000de100000| Untracked 
| 482|0x00000000de200000, 0x00000000de200000, 0x00000000de300000|  0%| F|  |TAMS 0x00000000de200000, 0x00000000de200000| Untracked 
| 483|0x00000000de300000, 0x00000000de300000, 0x00000000de400000|  0%| F|  |TAMS 0x00000000de300000, 0x00000000de300000| Untracked 
| 484|0x00000000de400000, 0x00000000de400000, 0x00000000de500000|  0%| F|  |TAMS 0x00000000de400000, 0x00000000de400000| Untracked 
| 485|0x00000000de500000, 0x00000000de500000, 0x00000000de600000|  0%| F|  |TAMS 0x00000000de500000, 0x00000000de500000| Untracked 
| 486|0x00000000de600000, 0x00000000de600000, 0x00000000de700000|  0%| F|  |TAMS 0x00000000de600000, 0x00000000de600000| Untracked 
| 487|0x00000000de700000, 0x00000000de700000, 0x00000000de800000|  0%| F|  |TAMS 0x00000000de700000, 0x00000000de700000| Untracked 
| 488|0x00000000de800000, 0x00000000de800000, 0x00000000de900000|  0%| F|  |TAMS 0x00000000de800000, 0x00000000de800000| Untracked 
| 489|0x00000000de900000, 0x00000000de900000, 0x00000000dea00000|  0%| F|  |TAMS 0x00000000de900000, 0x00000000de900000| Untracked 
| 490|0x00000000dea00000, 0x00000000dea00000, 0x00000000deb00000|  0%| F|  |TAMS 0x00000000dea00000, 0x00000000dea00000| Untracked 
| 491|0x00000000deb00000, 0x00000000deb00000, 0x00000000dec00000|  0%| F|  |TAMS 0x00000000deb00000, 0x00000000deb00000| Untracked 
| 492|0x00000000dec00000, 0x00000000dec00000, 0x00000000ded00000|  0%| F|  |TAMS 0x00000000dec00000, 0x00000000dec00000| Untracked 
| 493|0x00000000ded00000, 0x00000000ded00000, 0x00000000dee00000|  0%| F|  |TAMS 0x00000000ded00000, 0x00000000ded00000| Untracked 
| 494|0x00000000dee00000, 0x00000000dee00000, 0x00000000def00000|  0%| F|  |TAMS 0x00000000dee00000, 0x00000000dee00000| Untracked 
| 495|0x00000000def00000, 0x00000000def00000, 0x00000000df000000|  0%| F|  |TAMS 0x00000000def00000, 0x00000000def00000| Untracked 
| 496|0x00000000df000000, 0x00000000df000000, 0x00000000df100000|  0%| F|  |TAMS 0x00000000df000000, 0x00000000df000000| Untracked 
| 497|0x00000000df100000, 0x00000000df100000, 0x00000000df200000|  0%| F|  |TAMS 0x00000000df100000, 0x00000000df100000| Untracked 
| 498|0x00000000df200000, 0x00000000df200000, 0x00000000df300000|  0%| F|  |TAMS 0x00000000df200000, 0x00000000df200000| Untracked 
| 499|0x00000000df300000, 0x00000000df300000, 0x00000000df400000|  0%| F|  |TAMS 0x00000000df300000, 0x00000000df300000| Untracked 
| 500|0x00000000df400000, 0x00000000df400000, 0x00000000df500000|  0%| F|  |TAMS 0x00000000df400000, 0x00000000df400000| Untracked 
| 501|0x00000000df500000, 0x00000000df500000, 0x00000000df600000|  0%| F|  |TAMS 0x00000000df500000, 0x00000000df500000| Untracked 
| 502|0x00000000df600000, 0x00000000df600000, 0x00000000df700000|  0%| F|  |TAMS 0x00000000df600000, 0x00000000df600000| Untracked 
| 503|0x00000000df700000, 0x00000000df700000, 0x00000000df800000|  0%| F|  |TAMS 0x00000000df700000, 0x00000000df700000| Untracked 
| 504|0x00000000df800000, 0x00000000df800000, 0x00000000df900000|  0%| F|  |TAMS 0x00000000df800000, 0x00000000df800000| Untracked 
| 505|0x00000000df900000, 0x00000000df900000, 0x00000000dfa00000|  0%| F|  |TAMS 0x00000000df900000, 0x00000000df900000| Untracked 
| 506|0x00000000dfa00000, 0x00000000dfa00000, 0x00000000dfb00000|  0%| F|  |TAMS 0x00000000dfa00000, 0x00000000dfa00000| Untracked 
| 507|0x00000000dfb00000, 0x00000000dfb00000, 0x00000000dfc00000|  0%| F|  |TAMS 0x00000000dfb00000, 0x00000000dfb00000| Untracked 
| 508|0x00000000dfc00000, 0x00000000dfc00000, 0x00000000dfd00000|  0%| F|  |TAMS 0x00000000dfc00000, 0x00000000dfc00000| Untracked 
| 509|0x00000000dfd00000, 0x00000000dfd00000, 0x00000000dfe00000|  0%| F|  |TAMS 0x00000000dfd00000, 0x00000000dfd00000| Untracked 
| 510|0x00000000dfe00000, 0x00000000dfe00000, 0x00000000dff00000|  0%| F|  |TAMS 0x00000000dfe00000, 0x00000000dfe00000| Untracked 
| 511|0x00000000dff00000, 0x00000000dff00000, 0x00000000e0000000|  0%| F|  |TAMS 0x00000000dff00000, 0x00000000dff00000| Untracked 
| 512|0x00000000e0000000, 0x00000000e0000000, 0x00000000e0100000|  0%| F|  |TAMS 0x00000000e0000000, 0x00000000e0000000| Untracked 
| 513|0x00000000e0100000, 0x00000000e0100000, 0x00000000e0200000|  0%| F|  |TAMS 0x00000000e0100000, 0x00000000e0100000| Untracked 
| 514|0x00000000e0200000, 0x00000000e0200000, 0x00000000e0300000|  0%| F|  |TAMS 0x00000000e0200000, 0x00000000e0200000| Untracked 
| 515|0x00000000e0300000, 0x00000000e0300000, 0x00000000e0400000|  0%| F|  |TAMS 0x00000000e0300000, 0x00000000e0300000| Untracked 
| 516|0x00000000e0400000, 0x00000000e0400000, 0x00000000e0500000|  0%| F|  |TAMS 0x00000000e0400000, 0x00000000e0400000| Untracked 
| 517|0x00000000e0500000, 0x00000000e0500000, 0x00000000e0600000|  0%| F|  |TAMS 0x00000000e0500000, 0x00000000e0500000| Untracked 
| 518|0x00000000e0600000, 0x00000000e0600000, 0x00000000e0700000|  0%| F|  |TAMS 0x00000000e0600000, 0x00000000e0600000| Untracked 
| 519|0x00000000e0700000, 0x00000000e0700000, 0x00000000e0800000|  0%| F|  |TAMS 0x00000000e0700000, 0x00000000e0700000| Untracked 
| 520|0x00000000e0800000, 0x00000000e0800000, 0x00000000e0900000|  0%| F|  |TAMS 0x00000000e0800000, 0x00000000e0800000| Untracked 
| 521|0x00000000e0900000, 0x00000000e0900000, 0x00000000e0a00000|  0%| F|  |TAMS 0x00000000e0900000, 0x00000000e0900000| Untracked 
| 522|0x00000000e0a00000, 0x00000000e0a00000, 0x00000000e0b00000|  0%| F|  |TAMS 0x00000000e0a00000, 0x00000000e0a00000| Untracked 
| 523|0x00000000e0b00000, 0x00000000e0b00000, 0x00000000e0c00000|  0%| F|  |TAMS 0x00000000e0b00000, 0x00000000e0b00000| Untracked 
| 524|0x00000000e0c00000, 0x00000000e0c00000, 0x00000000e0d00000|  0%| F|  |TAMS 0x00000000e0c00000, 0x00000000e0c00000| Untracked 
| 525|0x00000000e0d00000, 0x00000000e0d00000, 0x00000000e0e00000|  0%| F|  |TAMS 0x00000000e0d00000, 0x00000000e0d00000| Untracked 
| 526|0x00000000e0e00000, 0x00000000e0e00000, 0x00000000e0f00000|  0%| F|  |TAMS 0x00000000e0e00000, 0x00000000e0e00000| Untracked 
| 527|0x00000000e0f00000, 0x00000000e0f00000, 0x00000000e1000000|  0%| F|  |TAMS 0x00000000e0f00000, 0x00000000e0f00000| Untracked 
| 528|0x00000000e1000000, 0x00000000e1000000, 0x00000000e1100000|  0%| F|  |TAMS 0x00000000e1000000, 0x00000000e1000000| Untracked 
| 529|0x00000000e1100000, 0x00000000e1100000, 0x00000000e1200000|  0%| F|  |TAMS 0x00000000e1100000, 0x00000000e1100000| Untracked 
| 530|0x00000000e1200000, 0x00000000e1200000, 0x00000000e1300000|  0%| F|  |TAMS 0x00000000e1200000, 0x00000000e1200000| Untracked 
| 531|0x00000000e1300000, 0x00000000e1300000, 0x00000000e1400000|  0%| F|  |TAMS 0x00000000e1300000, 0x00000000e1300000| Untracked 
| 532|0x00000000e1400000, 0x00000000e1400000, 0x00000000e1500000|  0%| F|  |TAMS 0x00000000e1400000, 0x00000000e1400000| Untracked 
| 533|0x00000000e1500000, 0x00000000e1500000, 0x00000000e1600000|  0%| F|  |TAMS 0x00000000e1500000, 0x00000000e1500000| Untracked 
| 534|0x00000000e1600000, 0x00000000e1600000, 0x00000000e1700000|  0%| F|  |TAMS 0x00000000e1600000, 0x00000000e1600000| Untracked 
| 535|0x00000000e1700000, 0x00000000e1700000, 0x00000000e1800000|  0%| F|  |TAMS 0x00000000e1700000, 0x00000000e1700000| Untracked 
| 536|0x00000000e1800000, 0x00000000e1800000, 0x00000000e1900000|  0%| F|  |TAMS 0x00000000e1800000, 0x00000000e1800000| Untracked 
| 537|0x00000000e1900000, 0x00000000e1900000, 0x00000000e1a00000|  0%| F|  |TAMS 0x00000000e1900000, 0x00000000e1900000| Untracked 
| 538|0x00000000e1a00000, 0x00000000e1a00000, 0x00000000e1b00000|  0%| F|  |TAMS 0x00000000e1a00000, 0x00000000e1a00000| Untracked 
| 539|0x00000000e1b00000, 0x00000000e1b00000, 0x00000000e1c00000|  0%| F|  |TAMS 0x00000000e1b00000, 0x00000000e1b00000| Untracked 
| 540|0x00000000e1c00000, 0x00000000e1c00000, 0x00000000e1d00000|  0%| F|  |TAMS 0x00000000e1c00000, 0x00000000e1c00000| Untracked 
| 541|0x00000000e1d00000, 0x00000000e1d00000, 0x00000000e1e00000|  0%| F|  |TAMS 0x00000000e1d00000, 0x00000000e1d00000| Untracked 
| 542|0x00000000e1e00000, 0x00000000e1e00000, 0x00000000e1f00000|  0%| F|  |TAMS 0x00000000e1e00000, 0x00000000e1e00000| Untracked 
| 543|0x00000000e1f00000, 0x00000000e1f00000, 0x00000000e2000000|  0%| F|  |TAMS 0x00000000e1f00000, 0x00000000e1f00000| Untracked 
| 544|0x00000000e2000000, 0x00000000e2000000, 0x00000000e2100000|  0%| F|  |TAMS 0x00000000e2000000, 0x00000000e2000000| Untracked 
| 545|0x00000000e2100000, 0x00000000e2100000, 0x00000000e2200000|  0%| F|  |TAMS 0x00000000e2100000, 0x00000000e2100000| Untracked 
| 546|0x00000000e2200000, 0x00000000e2200000, 0x00000000e2300000|  0%| F|  |TAMS 0x00000000e2200000, 0x00000000e2200000| Untracked 
| 547|0x00000000e2300000, 0x00000000e2300000, 0x00000000e2400000|  0%| F|  |TAMS 0x00000000e2300000, 0x00000000e2300000| Untracked 
| 548|0x00000000e2400000, 0x00000000e2400000, 0x00000000e2500000|  0%| F|  |TAMS 0x00000000e2400000, 0x00000000e2400000| Untracked 
| 549|0x00000000e2500000, 0x00000000e2500000, 0x00000000e2600000|  0%| F|  |TAMS 0x00000000e2500000, 0x00000000e2500000| Untracked 
| 550|0x00000000e2600000, 0x00000000e2600000, 0x00000000e2700000|  0%| F|  |TAMS 0x00000000e2600000, 0x00000000e2600000| Untracked 
| 551|0x00000000e2700000, 0x00000000e2700000, 0x00000000e2800000|  0%| F|  |TAMS 0x00000000e2700000, 0x00000000e2700000| Untracked 
| 552|0x00000000e2800000, 0x00000000e2800000, 0x00000000e2900000|  0%| F|  |TAMS 0x00000000e2800000, 0x00000000e2800000| Untracked 
| 553|0x00000000e2900000, 0x00000000e2900000, 0x00000000e2a00000|  0%| F|  |TAMS 0x00000000e2900000, 0x00000000e2900000| Untracked 
| 554|0x00000000e2a00000, 0x00000000e2a00000, 0x00000000e2b00000|  0%| F|  |TAMS 0x00000000e2a00000, 0x00000000e2a00000| Untracked 
| 555|0x00000000e2b00000, 0x00000000e2b00000, 0x00000000e2c00000|  0%| F|  |TAMS 0x00000000e2b00000, 0x00000000e2b00000| Untracked 
| 556|0x00000000e2c00000, 0x00000000e2c00000, 0x00000000e2d00000|  0%| F|  |TAMS 0x00000000e2c00000, 0x00000000e2c00000| Untracked 
| 557|0x00000000e2d00000, 0x00000000e2d00000, 0x00000000e2e00000|  0%| F|  |TAMS 0x00000000e2d00000, 0x00000000e2d00000| Untracked 
| 558|0x00000000e2e00000, 0x00000000e2e00000, 0x00000000e2f00000|  0%| F|  |TAMS 0x00000000e2e00000, 0x00000000e2e00000| Untracked 
| 559|0x00000000e2f00000, 0x00000000e2f00000, 0x00000000e3000000|  0%| F|  |TAMS 0x00000000e2f00000, 0x00000000e2f00000| Untracked 
| 560|0x00000000e3000000, 0x00000000e3000000, 0x00000000e3100000|  0%| F|  |TAMS 0x00000000e3000000, 0x00000000e3000000| Untracked 
| 561|0x00000000e3100000, 0x00000000e3100000, 0x00000000e3200000|  0%| F|  |TAMS 0x00000000e3100000, 0x00000000e3100000| Untracked 
| 562|0x00000000e3200000, 0x00000000e3200000, 0x00000000e3300000|  0%| F|  |TAMS 0x00000000e3200000, 0x00000000e3200000| Untracked 
| 563|0x00000000e3300000, 0x00000000e3300000, 0x00000000e3400000|  0%| F|  |TAMS 0x00000000e3300000, 0x00000000e3300000| Untracked 
| 564|0x00000000e3400000, 0x00000000e3400000, 0x00000000e3500000|  0%| F|  |TAMS 0x00000000e3400000, 0x00000000e3400000| Untracked 
| 565|0x00000000e3500000, 0x00000000e3500000, 0x00000000e3600000|  0%| F|  |TAMS 0x00000000e3500000, 0x00000000e3500000| Untracked 
| 566|0x00000000e3600000, 0x00000000e3600000, 0x00000000e3700000|  0%| F|  |TAMS 0x00000000e3600000, 0x00000000e3600000| Untracked 
| 567|0x00000000e3700000, 0x00000000e3700000, 0x00000000e3800000|  0%| F|  |TAMS 0x00000000e3700000, 0x00000000e3700000| Untracked 
| 568|0x00000000e3800000, 0x00000000e3800000, 0x00000000e3900000|  0%| F|  |TAMS 0x00000000e3800000, 0x00000000e3800000| Untracked 
| 569|0x00000000e3900000, 0x00000000e3900000, 0x00000000e3a00000|  0%| F|  |TAMS 0x00000000e3900000, 0x00000000e3900000| Untracked 
| 570|0x00000000e3a00000, 0x00000000e3a00000, 0x00000000e3b00000|  0%| F|  |TAMS 0x00000000e3a00000, 0x00000000e3a00000| Untracked 
| 571|0x00000000e3b00000, 0x00000000e3b00000, 0x00000000e3c00000|  0%| F|  |TAMS 0x00000000e3b00000, 0x00000000e3b00000| Untracked 
| 572|0x00000000e3c00000, 0x00000000e3c00000, 0x00000000e3d00000|  0%| F|  |TAMS 0x00000000e3c00000, 0x00000000e3c00000| Untracked 
| 573|0x00000000e3d00000, 0x00000000e3d00000, 0x00000000e3e00000|  0%| F|  |TAMS 0x00000000e3d00000, 0x00000000e3d00000| Untracked 
| 574|0x00000000e3e00000, 0x00000000e3e00000, 0x00000000e3f00000|  0%| F|  |TAMS 0x00000000e3e00000, 0x00000000e3e00000| Untracked 
| 575|0x00000000e3f00000, 0x00000000e3f00000, 0x00000000e4000000|  0%| F|  |TAMS 0x00000000e3f00000, 0x00000000e3f00000| Untracked 
| 576|0x00000000e4000000, 0x00000000e4000000, 0x00000000e4100000|  0%| F|  |TAMS 0x00000000e4000000, 0x00000000e4000000| Untracked 
| 577|0x00000000e4100000, 0x00000000e4100000, 0x00000000e4200000|  0%| F|  |TAMS 0x00000000e4100000, 0x00000000e4100000| Untracked 
| 578|0x00000000e4200000, 0x00000000e4200000, 0x00000000e4300000|  0%| F|  |TAMS 0x00000000e4200000, 0x00000000e4200000| Untracked 
| 579|0x00000000e4300000, 0x00000000e4300000, 0x00000000e4400000|  0%| F|  |TAMS 0x00000000e4300000, 0x00000000e4300000| Untracked 
| 580|0x00000000e4400000, 0x00000000e4400000, 0x00000000e4500000|  0%| F|  |TAMS 0x00000000e4400000, 0x00000000e4400000| Untracked 
| 581|0x00000000e4500000, 0x00000000e4500000, 0x00000000e4600000|  0%| F|  |TAMS 0x00000000e4500000, 0x00000000e4500000| Untracked 
| 582|0x00000000e4600000, 0x00000000e4600000, 0x00000000e4700000|  0%| F|  |TAMS 0x00000000e4600000, 0x00000000e4600000| Untracked 
| 583|0x00000000e4700000, 0x00000000e4700000, 0x00000000e4800000|  0%| F|  |TAMS 0x00000000e4700000, 0x00000000e4700000| Untracked 
| 584|0x00000000e4800000, 0x00000000e4800000, 0x00000000e4900000|  0%| F|  |TAMS 0x00000000e4800000, 0x00000000e4800000| Untracked 
| 585|0x00000000e4900000, 0x00000000e4900000, 0x00000000e4a00000|  0%| F|  |TAMS 0x00000000e4900000, 0x00000000e4900000| Untracked 
| 586|0x00000000e4a00000, 0x00000000e4a00000, 0x00000000e4b00000|  0%| F|  |TAMS 0x00000000e4a00000, 0x00000000e4a00000| Untracked 
| 587|0x00000000e4b00000, 0x00000000e4b00000, 0x00000000e4c00000|  0%| F|  |TAMS 0x00000000e4b00000, 0x00000000e4b00000| Untracked 
| 588|0x00000000e4c00000, 0x00000000e4c00000, 0x00000000e4d00000|  0%| F|  |TAMS 0x00000000e4c00000, 0x00000000e4c00000| Untracked 
| 589|0x00000000e4d00000, 0x00000000e4d00000, 0x00000000e4e00000|  0%| F|  |TAMS 0x00000000e4d00000, 0x00000000e4d00000| Untracked 
| 590|0x00000000e4e00000, 0x00000000e4e00000, 0x00000000e4f00000|  0%| F|  |TAMS 0x00000000e4e00000, 0x00000000e4e00000| Untracked 
| 591|0x00000000e4f00000, 0x00000000e4f00000, 0x00000000e5000000|  0%| F|  |TAMS 0x00000000e4f00000, 0x00000000e4f00000| Untracked 
| 592|0x00000000e5000000, 0x00000000e5000000, 0x00000000e5100000|  0%| F|  |TAMS 0x00000000e5000000, 0x00000000e5000000| Untracked 
| 593|0x00000000e5100000, 0x00000000e5100000, 0x00000000e5200000|  0%| F|  |TAMS 0x00000000e5100000, 0x00000000e5100000| Untracked 
| 594|0x00000000e5200000, 0x00000000e5200000, 0x00000000e5300000|  0%| F|  |TAMS 0x00000000e5200000, 0x00000000e5200000| Untracked 
| 595|0x00000000e5300000, 0x00000000e5300000, 0x00000000e5400000|  0%| F|  |TAMS 0x00000000e5300000, 0x00000000e5300000| Untracked 
| 596|0x00000000e5400000, 0x00000000e5400000, 0x00000000e5500000|  0%| F|  |TAMS 0x00000000e5400000, 0x00000000e5400000| Untracked 
| 597|0x00000000e5500000, 0x00000000e5500000, 0x00000000e5600000|  0%| F|  |TAMS 0x00000000e5500000, 0x00000000e5500000| Untracked 
| 598|0x00000000e5600000, 0x00000000e5600000, 0x00000000e5700000|  0%| F|  |TAMS 0x00000000e5600000, 0x00000000e5600000| Untracked 
| 599|0x00000000e5700000, 0x00000000e5700000, 0x00000000e5800000|  0%| F|  |TAMS 0x00000000e5700000, 0x00000000e5700000| Untracked 
| 600|0x00000000e5800000, 0x00000000e5800000, 0x00000000e5900000|  0%| F|  |TAMS 0x00000000e5800000, 0x00000000e5800000| Untracked 
| 601|0x00000000e5900000, 0x00000000e5900000, 0x00000000e5a00000|  0%| F|  |TAMS 0x00000000e5900000, 0x00000000e5900000| Untracked 
| 602|0x00000000e5a00000, 0x00000000e5a00000, 0x00000000e5b00000|  0%| F|  |TAMS 0x00000000e5a00000, 0x00000000e5a00000| Untracked 
| 603|0x00000000e5b00000, 0x00000000e5b00000, 0x00000000e5c00000|  0%| F|  |TAMS 0x00000000e5b00000, 0x00000000e5b00000| Untracked 
| 604|0x00000000e5c00000, 0x00000000e5c00000, 0x00000000e5d00000|  0%| F|  |TAMS 0x00000000e5c00000, 0x00000000e5c00000| Untracked 
| 605|0x00000000e5d00000, 0x00000000e5d00000, 0x00000000e5e00000|  0%| F|  |TAMS 0x00000000e5d00000, 0x00000000e5d00000| Untracked 
| 606|0x00000000e5e00000, 0x00000000e5e00000, 0x00000000e5f00000|  0%| F|  |TAMS 0x00000000e5e00000, 0x00000000e5e00000| Untracked 
| 607|0x00000000e5f00000, 0x00000000e5f00000, 0x00000000e6000000|  0%| F|  |TAMS 0x00000000e5f00000, 0x00000000e5f00000| Untracked 
| 608|0x00000000e6000000, 0x00000000e6000000, 0x00000000e6100000|  0%| F|  |TAMS 0x00000000e6000000, 0x00000000e6000000| Untracked 
| 609|0x00000000e6100000, 0x00000000e6100000, 0x00000000e6200000|  0%| F|  |TAMS 0x00000000e6100000, 0x00000000e6100000| Untracked 
| 610|0x00000000e6200000, 0x00000000e6200000, 0x00000000e6300000|  0%| F|  |TAMS 0x00000000e6200000, 0x00000000e6200000| Untracked 
| 611|0x00000000e6300000, 0x00000000e6300000, 0x00000000e6400000|  0%| F|  |TAMS 0x00000000e6300000, 0x00000000e6300000| Untracked 
| 612|0x00000000e6400000, 0x00000000e6400000, 0x00000000e6500000|  0%| F|  |TAMS 0x00000000e6400000, 0x00000000e6400000| Untracked 
| 613|0x00000000e6500000, 0x00000000e6500000, 0x00000000e6600000|  0%| F|  |TAMS 0x00000000e6500000, 0x00000000e6500000| Untracked 
| 614|0x00000000e6600000, 0x00000000e6600000, 0x00000000e6700000|  0%| F|  |TAMS 0x00000000e6600000, 0x00000000e6600000| Untracked 
| 615|0x00000000e6700000, 0x00000000e6700000, 0x00000000e6800000|  0%| F|  |TAMS 0x00000000e6700000, 0x00000000e6700000| Untracked 
| 616|0x00000000e6800000, 0x00000000e6800000, 0x00000000e6900000|  0%| F|  |TAMS 0x00000000e6800000, 0x00000000e6800000| Untracked 
| 617|0x00000000e6900000, 0x00000000e6900000, 0x00000000e6a00000|  0%| F|  |TAMS 0x00000000e6900000, 0x00000000e6900000| Untracked 
| 618|0x00000000e6a00000, 0x00000000e6a00000, 0x00000000e6b00000|  0%| F|  |TAMS 0x00000000e6a00000, 0x00000000e6a00000| Untracked 
| 619|0x00000000e6b00000, 0x00000000e6b00000, 0x00000000e6c00000|  0%| F|  |TAMS 0x00000000e6b00000, 0x00000000e6b00000| Untracked 
| 620|0x00000000e6c00000, 0x00000000e6c00000, 0x00000000e6d00000|  0%| F|  |TAMS 0x00000000e6c00000, 0x00000000e6c00000| Untracked 
| 621|0x00000000e6d00000, 0x00000000e6d00000, 0x00000000e6e00000|  0%| F|  |TAMS 0x00000000e6d00000, 0x00000000e6d00000| Untracked 
| 622|0x00000000e6e00000, 0x00000000e6e00000, 0x00000000e6f00000|  0%| F|  |TAMS 0x00000000e6e00000, 0x00000000e6e00000| Untracked 
| 623|0x00000000e6f00000, 0x00000000e6f00000, 0x00000000e7000000|  0%| F|  |TAMS 0x00000000e6f00000, 0x00000000e6f00000| Untracked 
| 624|0x00000000e7000000, 0x00000000e7000000, 0x00000000e7100000|  0%| F|  |TAMS 0x00000000e7000000, 0x00000000e7000000| Untracked 
| 625|0x00000000e7100000, 0x00000000e7100000, 0x00000000e7200000|  0%| F|  |TAMS 0x00000000e7100000, 0x00000000e7100000| Untracked 
| 626|0x00000000e7200000, 0x00000000e7200000, 0x00000000e7300000|  0%| F|  |TAMS 0x00000000e7200000, 0x00000000e7200000| Untracked 
| 627|0x00000000e7300000, 0x00000000e7300000, 0x00000000e7400000|  0%| F|  |TAMS 0x00000000e7300000, 0x00000000e7300000| Untracked 
| 628|0x00000000e7400000, 0x00000000e7400000, 0x00000000e7500000|  0%| F|  |TAMS 0x00000000e7400000, 0x00000000e7400000| Untracked 
| 629|0x00000000e7500000, 0x00000000e7500000, 0x00000000e7600000|  0%| F|  |TAMS 0x00000000e7500000, 0x00000000e7500000| Untracked 
| 630|0x00000000e7600000, 0x00000000e7600000, 0x00000000e7700000|  0%| F|  |TAMS 0x00000000e7600000, 0x00000000e7600000| Untracked 
| 631|0x00000000e7700000, 0x00000000e7700000, 0x00000000e7800000|  0%| F|  |TAMS 0x00000000e7700000, 0x00000000e7700000| Untracked 
| 632|0x00000000e7800000, 0x00000000e7800000, 0x00000000e7900000|  0%| F|  |TAMS 0x00000000e7800000, 0x00000000e7800000| Untracked 
| 633|0x00000000e7900000, 0x00000000e7900000, 0x00000000e7a00000|  0%| F|  |TAMS 0x00000000e7900000, 0x00000000e7900000| Untracked 
| 634|0x00000000e7a00000, 0x00000000e7a00000, 0x00000000e7b00000|  0%| F|  |TAMS 0x00000000e7a00000, 0x00000000e7a00000| Untracked 
| 635|0x00000000e7b00000, 0x00000000e7b00000, 0x00000000e7c00000|  0%| F|  |TAMS 0x00000000e7b00000, 0x00000000e7b00000| Untracked 
| 636|0x00000000e7c00000, 0x00000000e7c00000, 0x00000000e7d00000|  0%| F|  |TAMS 0x00000000e7c00000, 0x00000000e7c00000| Untracked 
| 637|0x00000000e7d00000, 0x00000000e7d00000, 0x00000000e7e00000|  0%| F|  |TAMS 0x00000000e7d00000, 0x00000000e7d00000| Untracked 
| 638|0x00000000e7e00000, 0x00000000e7e00000, 0x00000000e7f00000|  0%| F|  |TAMS 0x00000000e7e00000, 0x00000000e7e00000| Untracked 
| 639|0x00000000e7f00000, 0x00000000e7f00000, 0x00000000e8000000|  0%| F|  |TAMS 0x00000000e7f00000, 0x00000000e7f00000| Untracked 
| 640|0x00000000e8000000, 0x00000000e8000000, 0x00000000e8100000|  0%| F|  |TAMS 0x00000000e8000000, 0x00000000e8000000| Untracked 
| 641|0x00000000e8100000, 0x00000000e8100000, 0x00000000e8200000|  0%| F|  |TAMS 0x00000000e8100000, 0x00000000e8100000| Untracked 
| 642|0x00000000e8200000, 0x00000000e8200000, 0x00000000e8300000|  0%| F|  |TAMS 0x00000000e8200000, 0x00000000e8200000| Untracked 
| 643|0x00000000e8300000, 0x00000000e8300000, 0x00000000e8400000|  0%| F|  |TAMS 0x00000000e8300000, 0x00000000e8300000| Untracked 
| 644|0x00000000e8400000, 0x00000000e8400000, 0x00000000e8500000|  0%| F|  |TAMS 0x00000000e8400000, 0x00000000e8400000| Untracked 
| 645|0x00000000e8500000, 0x00000000e8500000, 0x00000000e8600000|  0%| F|  |TAMS 0x00000000e8500000, 0x00000000e8500000| Untracked 
| 646|0x00000000e8600000, 0x00000000e8600000, 0x00000000e8700000|  0%| F|  |TAMS 0x00000000e8600000, 0x00000000e8600000| Untracked 
| 647|0x00000000e8700000, 0x00000000e8700000, 0x00000000e8800000|  0%| F|  |TAMS 0x00000000e8700000, 0x00000000e8700000| Untracked 
| 648|0x00000000e8800000, 0x00000000e8800000, 0x00000000e8900000|  0%| F|  |TAMS 0x00000000e8800000, 0x00000000e8800000| Untracked 
| 649|0x00000000e8900000, 0x00000000e8900000, 0x00000000e8a00000|  0%| F|  |TAMS 0x00000000e8900000, 0x00000000e8900000| Untracked 
| 650|0x00000000e8a00000, 0x00000000e8a00000, 0x00000000e8b00000|  0%| F|  |TAMS 0x00000000e8a00000, 0x00000000e8a00000| Untracked 
| 651|0x00000000e8b00000, 0x00000000e8b00000, 0x00000000e8c00000|  0%| F|  |TAMS 0x00000000e8b00000, 0x00000000e8b00000| Untracked 
| 652|0x00000000e8c00000, 0x00000000e8c00000, 0x00000000e8d00000|  0%| F|  |TAMS 0x00000000e8c00000, 0x00000000e8c00000| Untracked 
| 653|0x00000000e8d00000, 0x00000000e8d00000, 0x00000000e8e00000|  0%| F|  |TAMS 0x00000000e8d00000, 0x00000000e8d00000| Untracked 
| 654|0x00000000e8e00000, 0x00000000e8e00000, 0x00000000e8f00000|  0%| F|  |TAMS 0x00000000e8e00000, 0x00000000e8e00000| Untracked 
| 655|0x00000000e8f00000, 0x00000000e8f00000, 0x00000000e9000000|  0%| F|  |TAMS 0x00000000e8f00000, 0x00000000e8f00000| Untracked 
| 656|0x00000000e9000000, 0x00000000e9000000, 0x00000000e9100000|  0%| F|  |TAMS 0x00000000e9000000, 0x00000000e9000000| Untracked 
| 657|0x00000000e9100000, 0x00000000e9100000, 0x00000000e9200000|  0%| F|  |TAMS 0x00000000e9100000, 0x00000000e9100000| Untracked 
| 658|0x00000000e9200000, 0x00000000e9200000, 0x00000000e9300000|  0%| F|  |TAMS 0x00000000e9200000, 0x00000000e9200000| Untracked 
| 659|0x00000000e9300000, 0x00000000e9300000, 0x00000000e9400000|  0%| F|  |TAMS 0x00000000e9300000, 0x00000000e9300000| Untracked 
| 660|0x00000000e9400000, 0x00000000e9400000, 0x00000000e9500000|  0%| F|  |TAMS 0x00000000e9400000, 0x00000000e9400000| Untracked 
| 661|0x00000000e9500000, 0x00000000e9500000, 0x00000000e9600000|  0%| F|  |TAMS 0x00000000e9500000, 0x00000000e9500000| Untracked 
| 662|0x00000000e9600000, 0x00000000e9600000, 0x00000000e9700000|  0%| F|  |TAMS 0x00000000e9600000, 0x00000000e9600000| Untracked 
| 663|0x00000000e9700000, 0x00000000e9700000, 0x00000000e9800000|  0%| F|  |TAMS 0x00000000e9700000, 0x00000000e9700000| Untracked 
| 664|0x00000000e9800000, 0x00000000e9800000, 0x00000000e9900000|  0%| F|  |TAMS 0x00000000e9800000, 0x00000000e9800000| Untracked 
| 665|0x00000000e9900000, 0x00000000e9900000, 0x00000000e9a00000|  0%| F|  |TAMS 0x00000000e9900000, 0x00000000e9900000| Untracked 
| 666|0x00000000e9a00000, 0x00000000e9a00000, 0x00000000e9b00000|  0%| F|  |TAMS 0x00000000e9a00000, 0x00000000e9a00000| Untracked 
| 667|0x00000000e9b00000, 0x00000000e9b00000, 0x00000000e9c00000|  0%| F|  |TAMS 0x00000000e9b00000, 0x00000000e9b00000| Untracked 
| 668|0x00000000e9c00000, 0x00000000e9c00000, 0x00000000e9d00000|  0%| F|  |TAMS 0x00000000e9c00000, 0x00000000e9c00000| Untracked 
| 669|0x00000000e9d00000, 0x00000000e9d00000, 0x00000000e9e00000|  0%| F|  |TAMS 0x00000000e9d00000, 0x00000000e9d00000| Untracked 
| 670|0x00000000e9e00000, 0x00000000e9e00000, 0x00000000e9f00000|  0%| F|  |TAMS 0x00000000e9e00000, 0x00000000e9e00000| Untracked 
| 671|0x00000000e9f00000, 0x00000000e9f00000, 0x00000000ea000000|  0%| F|  |TAMS 0x00000000e9f00000, 0x00000000e9f00000| Untracked 
| 672|0x00000000ea000000, 0x00000000ea000000, 0x00000000ea100000|  0%| F|  |TAMS 0x00000000ea000000, 0x00000000ea000000| Untracked 
| 673|0x00000000ea100000, 0x00000000ea100000, 0x00000000ea200000|  0%| F|  |TAMS 0x00000000ea100000, 0x00000000ea100000| Untracked 
| 674|0x00000000ea200000, 0x00000000ea200000, 0x00000000ea300000|  0%| F|  |TAMS 0x00000000ea200000, 0x00000000ea200000| Untracked 
| 675|0x00000000ea300000, 0x00000000ea300000, 0x00000000ea400000|  0%| F|  |TAMS 0x00000000ea300000, 0x00000000ea300000| Untracked 
| 676|0x00000000ea400000, 0x00000000ea400000, 0x00000000ea500000|  0%| F|  |TAMS 0x00000000ea400000, 0x00000000ea400000| Untracked 
| 677|0x00000000ea500000, 0x00000000ea500000, 0x00000000ea600000|  0%| F|  |TAMS 0x00000000ea500000, 0x00000000ea500000| Untracked 
| 678|0x00000000ea600000, 0x00000000ea600000, 0x00000000ea700000|  0%| F|  |TAMS 0x00000000ea600000, 0x00000000ea600000| Untracked 
| 679|0x00000000ea700000, 0x00000000ea700000, 0x00000000ea800000|  0%| F|  |TAMS 0x00000000ea700000, 0x00000000ea700000| Untracked 
| 680|0x00000000ea800000, 0x00000000ea800000, 0x00000000ea900000|  0%| F|  |TAMS 0x00000000ea800000, 0x00000000ea800000| Untracked 
| 681|0x00000000ea900000, 0x00000000ea900000, 0x00000000eaa00000|  0%| F|  |TAMS 0x00000000ea900000, 0x00000000ea900000| Untracked 
| 682|0x00000000eaa00000, 0x00000000eaa00000, 0x00000000eab00000|  0%| F|  |TAMS 0x00000000eaa00000, 0x00000000eaa00000| Untracked 
| 683|0x00000000eab00000, 0x00000000eab00000, 0x00000000eac00000|  0%| F|  |TAMS 0x00000000eab00000, 0x00000000eab00000| Untracked 
| 684|0x00000000eac00000, 0x00000000eac00000, 0x00000000ead00000|  0%| F|  |TAMS 0x00000000eac00000, 0x00000000eac00000| Untracked 
| 685|0x00000000ead00000, 0x00000000ead00000, 0x00000000eae00000|  0%| F|  |TAMS 0x00000000ead00000, 0x00000000ead00000| Untracked 
| 686|0x00000000eae00000, 0x00000000eae00000, 0x00000000eaf00000|  0%| F|  |TAMS 0x00000000eae00000, 0x00000000eae00000| Untracked 
| 687|0x00000000eaf00000, 0x00000000eaf00000, 0x00000000eb000000|  0%| F|  |TAMS 0x00000000eaf00000, 0x00000000eaf00000| Untracked 
| 688|0x00000000eb000000, 0x00000000eb000000, 0x00000000eb100000|  0%| F|  |TAMS 0x00000000eb000000, 0x00000000eb000000| Untracked 
| 689|0x00000000eb100000, 0x00000000eb100000, 0x00000000eb200000|  0%| F|  |TAMS 0x00000000eb100000, 0x00000000eb100000| Untracked 
| 690|0x00000000eb200000, 0x00000000eb200000, 0x00000000eb300000|  0%| F|  |TAMS 0x00000000eb200000, 0x00000000eb200000| Untracked 
| 691|0x00000000eb300000, 0x00000000eb300000, 0x00000000eb400000|  0%| F|  |TAMS 0x00000000eb300000, 0x00000000eb300000| Untracked 
| 692|0x00000000eb400000, 0x00000000eb400000, 0x00000000eb500000|  0%| F|  |TAMS 0x00000000eb400000, 0x00000000eb400000| Untracked 
| 693|0x00000000eb500000, 0x00000000eb500000, 0x00000000eb600000|  0%| F|  |TAMS 0x00000000eb500000, 0x00000000eb500000| Untracked 
| 694|0x00000000eb600000, 0x00000000eb600000, 0x00000000eb700000|  0%| F|  |TAMS 0x00000000eb600000, 0x00000000eb600000| Untracked 
| 695|0x00000000eb700000, 0x00000000eb700000, 0x00000000eb800000|  0%| F|  |TAMS 0x00000000eb700000, 0x00000000eb700000| Untracked 
| 696|0x00000000eb800000, 0x00000000eb800000, 0x00000000eb900000|  0%| F|  |TAMS 0x00000000eb800000, 0x00000000eb800000| Untracked 
| 697|0x00000000eb900000, 0x00000000eb900000, 0x00000000eba00000|  0%| F|  |TAMS 0x00000000eb900000, 0x00000000eb900000| Untracked 
| 698|0x00000000eba00000, 0x00000000eba00000, 0x00000000ebb00000|  0%| F|  |TAMS 0x00000000eba00000, 0x00000000eba00000| Untracked 
| 699|0x00000000ebb00000, 0x00000000ebb00000, 0x00000000ebc00000|  0%| F|  |TAMS 0x00000000ebb00000, 0x00000000ebb00000| Untracked 
| 700|0x00000000ebc00000, 0x00000000ebc00000, 0x00000000ebd00000|  0%| F|  |TAMS 0x00000000ebc00000, 0x00000000ebc00000| Untracked 
| 701|0x00000000ebd00000, 0x00000000ebd00000, 0x00000000ebe00000|  0%| F|  |TAMS 0x00000000ebd00000, 0x00000000ebd00000| Untracked 
| 702|0x00000000ebe00000, 0x00000000ebe00000, 0x00000000ebf00000|  0%| F|  |TAMS 0x00000000ebe00000, 0x00000000ebe00000| Untracked 
| 703|0x00000000ebf00000, 0x00000000ebf00000, 0x00000000ec000000|  0%| F|  |TAMS 0x00000000ebf00000, 0x00000000ebf00000| Untracked 
| 704|0x00000000ec000000, 0x00000000ec000000, 0x00000000ec100000|  0%| F|  |TAMS 0x00000000ec000000, 0x00000000ec000000| Untracked 
| 705|0x00000000ec100000, 0x00000000ec100000, 0x00000000ec200000|  0%| F|  |TAMS 0x00000000ec100000, 0x00000000ec100000| Untracked 
| 706|0x00000000ec200000, 0x00000000ec200000, 0x00000000ec300000|  0%| F|  |TAMS 0x00000000ec200000, 0x00000000ec200000| Untracked 
| 707|0x00000000ec300000, 0x00000000ec300000, 0x00000000ec400000|  0%| F|  |TAMS 0x00000000ec300000, 0x00000000ec300000| Untracked 
| 708|0x00000000ec400000, 0x00000000ec400000, 0x00000000ec500000|  0%| F|  |TAMS 0x00000000ec400000, 0x00000000ec400000| Untracked 
| 709|0x00000000ec500000, 0x00000000ec500000, 0x00000000ec600000|  0%| F|  |TAMS 0x00000000ec500000, 0x00000000ec500000| Untracked 
| 710|0x00000000ec600000, 0x00000000ec600000, 0x00000000ec700000|  0%| F|  |TAMS 0x00000000ec600000, 0x00000000ec600000| Untracked 
| 711|0x00000000ec700000, 0x00000000ec700000, 0x00000000ec800000|  0%| F|  |TAMS 0x00000000ec700000, 0x00000000ec700000| Untracked 
| 712|0x00000000ec800000, 0x00000000ec800000, 0x00000000ec900000|  0%| F|  |TAMS 0x00000000ec800000, 0x00000000ec800000| Untracked 
| 713|0x00000000ec900000, 0x00000000ec900000, 0x00000000eca00000|  0%| F|  |TAMS 0x00000000ec900000, 0x00000000ec900000| Untracked 
| 714|0x00000000eca00000, 0x00000000eca368f8, 0x00000000ecb00000| 21%| S|  |TAMS 0x00000000eca00000, 0x00000000eca00000| Complete 
| 715|0x00000000ecb00000, 0x00000000ecc00000, 0x00000000ecc00000|100%| S|  |TAMS 0x00000000ecb00000, 0x00000000ecb00000| Complete 
| 716|0x00000000ecc00000, 0x00000000ecd00000, 0x00000000ecd00000|100%| S|  |TAMS 0x00000000ecc00000, 0x00000000ecc00000| Complete 
| 717|0x00000000ecd00000, 0x00000000ece00000, 0x00000000ece00000|100%| E|CS|TAMS 0x00000000ecd00000, 0x00000000ece00000| Complete 
| 718|0x00000000ece00000, 0x00000000ecf00000, 0x00000000ecf00000|100%| E|CS|TAMS 0x00000000ece00000, 0x00000000ecf00000| Complete 
| 719|0x00000000ecf00000, 0x00000000ed000000, 0x00000000ed000000|100%| E|CS|TAMS 0x00000000ecf00000, 0x00000000ed000000| Complete 
| 720|0x00000000ed000000, 0x00000000ed100000, 0x00000000ed100000|100%| E|CS|TAMS 0x00000000ed000000, 0x00000000ed100000| Complete 
| 721|0x00000000ed100000, 0x00000000ed200000, 0x00000000ed200000|100%| E|CS|TAMS 0x00000000ed100000, 0x00000000ed200000| Complete 
| 722|0x00000000ed200000, 0x00000000ed300000, 0x00000000ed300000|100%| E|CS|TAMS 0x00000000ed200000, 0x00000000ed300000| Complete 
|1022|0x00000000ffe00000, 0x00000000ffe47000, 0x00000000fff00000| 27%|OA|  |TAMS 0x00000000ffe47000, 0x00000000ffe47000| Untracked 
|1023|0x00000000fff00000, 0x00000000fff6c000, 0x0000000100000000| 42%|CA|  |TAMS 0x00000000fff6c000, 0x00000000fff6c000| Untracked 

Card table byte_map: [0x00007d0ebfc00000,0x00007d0ebfe00000] _byte_map_base: 0x00007d0ebf600000

Marking Bits (Prev, Next): (CMBitMap*) 0x00007d0edc05b5c0, (CMBitMap*) 0x00007d0edc05b588
 Prev Bits: [0x00007d0ebda00000, 0x00007d0ebea00000)
 Next Bits: [0x00007d0ebea00000, 0x00007d0ebfa00000)

Polling page: 0x00007d0ee32c2000

Metaspace:

Usage:
  Non-class:    126.00 MB capacity,   122.44 MB ( 97%) used,     2.72 MB (  2%) free+waste,   857.56 KB ( <1%) overhead. 
      Class:     23.82 MB capacity,    20.40 MB ( 86%) used,     2.96 MB ( 12%) free+waste,   472.50 KB (  2%) overhead. 
       Both:    149.82 MB capacity,   142.84 MB ( 95%) used,     5.68 MB (  4%) free+waste,     1.30 MB ( <1%) overhead. 

Virtual space:
  Non-class space:      130.00 MB reserved,     128.17 MB ( 99%) committed 
      Class space:        1.00 GB reserved,      25.12 MB (  2%) committed 
             Both:        1.13 GB reserved,     153.29 MB ( 13%) committed 

Chunk freelists:
   Non-Class:  1.98 MB
       Class:  1.28 MB
        Both:  3.26 MB

MaxMetaspaceSize: unlimited
CompressedClassSpaceSize: 1.00 GB
Initial GC threshold: 20.80 MB
Current GC threshold: 255.49 MB
CDS: on

CodeHeap 'non-profiled nmethods': size=233880Kb used=27336Kb max_used=27336Kb free=206543Kb
 bounds [0x00007d0ec533e000, 0x00007d0ec6dfe000, 0x00007d0ed37a4000]
CodeHeap 'non-nmethods': size=11880Kb used=1603Kb max_used=1603Kb free=10276Kb
 bounds [0x00007d0ec47a4000, 0x00007d0ec4a14000, 0x00007d0ec533e000]
 total_blobs=18965 nmethods=17974 adapters=918
 compilation: enabled
              stopped_count=0, restarted_count=0
 full_count=0

Compilation events (20 events):
Event: 32.939 Thread 0x00007d0edc13b000 17974       1       org.apache.iceberg.shaded.io.netty.buffer.PoolSubpage::getNextAvail (21 bytes)
Event: 32.939 Thread 0x00007d0edc13b000 nmethod 17974 0x00007d0ec6ded090 code [0x00007d0ec6ded240, 0x00007d0ec6ded340]
Event: 32.939 Thread 0x00007d0edc13b000 17975       1       org.apache.iceberg.shaded.io.netty.buffer.PoolSubpage::toHandle (36 bytes)
Event: 32.939 Thread 0x00007d0edc13b000 nmethod 17975 0x00007d0ec6ded410 code [0x00007d0ec6ded5c0, 0x00007d0ec6ded6d0]
Event: 32.939 Thread 0x00007d0edc13b000 17976       1       org.apache.iceberg.shaded.io.netty.buffer.PoolChunk::initBufWithSubpage (133 bytes)
Event: 32.939 Thread 0x00007d0edc13b000 nmethod 17976 0x00007d0ec6ded790 code [0x00007d0ec6ded940, 0x00007d0ec6dedac0]
Event: 32.939 Thread 0x00007d0edc13b000 17977       1       org.apache.iceberg.shaded.io.netty.buffer.PoolChunk::bitmapIdx (3 bytes)
Event: 32.939 Thread 0x00007d0edc13b000 nmethod 17977 0x00007d0ec6dedc10 code [0x00007d0ec6deddc0, 0x00007d0ec6dede50]
Event: 32.939 Thread 0x00007d0edc13b000 17978       1       org.apache.iceberg.shaded.io.netty.buffer.PoolSubpage::unlock (8 bytes)
Event: 32.939 Thread 0x00007d0edc13b000 nmethod 17978 0x00007d0ec6dedf10 code [0x00007d0ec6dee0c0, 0x00007d0ec6dee1c0]
Event: 32.939 Thread 0x00007d0edc13b000 17979       1       org.apache.iceberg.shaded.io.netty.buffer.PoolArena::incSmallAllocation (10 bytes)
Event: 32.939 Thread 0x00007d0edc13b000 nmethod 17979 0x00007d0ec6dee290 code [0x00007d0ec6dee440, 0x00007d0ec6dee580]
Event: 32.939 Thread 0x00007d0edc13b000 17980       1       org.apache.iceberg.shaded.io.netty.buffer.PoolSubpage::free (125 bytes)
Event: 32.939 Thread 0x00007d0edc13b000 nmethod 17980 0x00007d0ec6dee690 code [0x00007d0ec6dee860, 0x00007d0ec6deea50]
Event: 32.993 Thread 0x00007d0edc13b000 17981       1       org.apache.iceberg.shaded.org.apache.arrow.vector.BaseFixedWidthVector::reAlloc (192 bytes)
Event: 32.994 Thread 0x00007d0edc13b000 nmethod 17981 0x00007d0ec6deeb90 code [0x00007d0ec6deede0, 0x00007d0ec6def3a0]
Event: 33.058 Thread 0x00007d0edc13b000 17982       1       org.apache.iceberg.shaded.io.netty.buffer.PoolSubpage::addToPool (55 bytes)
Event: 33.058 Thread 0x00007d0edc13b000 nmethod 17982 0x00007d0ec6def790 code [0x00007d0ec6def940, 0x00007d0ec6defb90]
Event: 33.072 Thread 0x00007d0edc13b000 17983       1       org.apache.iceberg.shaded.io.netty.buffer.PoolSubpage::removeFromPool (61 bytes)
Event: 33.073 Thread 0x00007d0edc13b000 nmethod 17983 0x00007d0ec6defc90 code [0x00007d0ec6defe40, 0x00007d0ec6df0050]

GC Heap History (20 events):
Event: 30.327 GC heap after
{Heap after GC invocations=105 (full 0):
 garbage-first heap   total 742400K, used 209849K [0x00000000c0000000, 0x0000000100000000)
  region size 1024K, 4 young (4096K), 4 survivors (4096K)
 Metaspace       used 146242K, capacity 153382K, committed 156972K, reserved 1181696K
  class space    used 20876K, capacity 24374K, committed 25728K, reserved 1048576K
}
Event: 30.952 GC heap before
{Heap before GC invocations=105 (full 0):
 garbage-first heap   total 742400K, used 692153K [0x00000000c0000000, 0x0000000100000000)
  region size 1024K, 364 young (372736K), 4 survivors (4096K)
 Metaspace       used 146244K, capacity 153385K, committed 156972K, reserved 1181696K
  class space    used 20877K, capacity 24375K, committed 25728K, reserved 1048576K
}
Event: 30.960 GC heap after
{Heap after GC invocations=106 (full 0):
 garbage-first heap   total 742400K, used 305484K [0x00000000c0000000, 0x0000000100000000)
  region size 1024K, 28 young (28672K), 28 survivors (28672K)
 Metaspace       used 146244K, capacity 153385K, committed 156972K, reserved 1181696K
  class space    used 20877K, capacity 24375K, committed 25728K, reserved 1048576K
}
Event: 30.973 GC heap before
{Heap before GC invocations=106 (full 0):
 garbage-first heap   total 742400K, used 336204K [0x00000000c0000000, 0x0000000100000000)
  region size 1024K, 60 young (61440K), 28 survivors (28672K)
 Metaspace       used 146244K, capacity 153385K, committed 156972K, reserved 1181696K
  class space    used 20877K, capacity 24375K, committed 25728K, reserved 1048576K
}
Event: 30.982 GC heap after
{Heap after GC invocations=107 (full 0):
 garbage-first heap   total 742400K, used 296077K [0x00000000c0000000, 0x0000000100000000)
  region size 1024K, 9 young (9216K), 9 survivors (9216K)
 Metaspace       used 146244K, capacity 153385K, committed 156972K, reserved 1181696K
  class space    used 20877K, capacity 24375K, committed 25728K, reserved 1048576K
}
Event: 31.558 GC heap before
{Heap before GC invocations=108 (full 0):
 garbage-first heap   total 742400K, used 605325K [0x00000000c0000000, 0x0000000100000000)
  region size 1024K, 302 young (309248K), 9 survivors (9216K)
 Metaspace       used 146241K, capacity 153381K, committed 156972K, reserved 1181696K
  class space    used 20876K, capacity 24373K, committed 25728K, reserved 1048576K
}
Event: 31.566 GC heap after
{Heap after GC invocations=109 (full 0):
 garbage-first heap   total 742400K, used 285652K [0x00000000c0000000, 0x0000000100000000)
  region size 1024K, 28 young (28672K), 28 survivors (28672K)
 Metaspace       used 146241K, capacity 153381K, committed 156972K, reserved 1181696K
  class space    used 20876K, capacity 24373K, committed 25728K, reserved 1048576K
}
Event: 31.570 GC heap before
{Heap before GC invocations=109 (full 0):
 garbage-first heap   total 742400K, used 292820K [0x00000000c0000000, 0x0000000100000000)
  region size 1024K, 36 young (36864K), 28 survivors (28672K)
 Metaspace       used 146241K, capacity 153381K, committed 156972K, reserved 1181696K
  class space    used 20876K, capacity 24373K, committed 25728K, reserved 1048576K
}
Event: 31.576 GC heap after
{Heap after GC invocations=110 (full 0):
 garbage-first heap   total 742400K, used 270778K [0x00000000c0000000, 0x0000000100000000)
  region size 1024K, 5 young (5120K), 5 survivors (5120K)
 Metaspace       used 146241K, capacity 153381K, committed 156972K, reserved 1181696K
  class space    used 20876K, capacity 24373K, committed 25728K, reserved 1048576K
}
Event: 32.119 GC heap before
{Heap before GC invocations=110 (full 0):
 garbage-first heap   total 742400K, used 707002K [0x00000000c0000000, 0x0000000100000000)
  region size 1024K, 315 young (322560K), 5 survivors (5120K)
 Metaspace       used 146241K, capacity 153381K, committed 156972K, reserved 1181696K
  class space    used 20876K, capacity 24373K, committed 25728K, reserved 1048576K
}
Event: 32.125 GC heap after
{Heap after GC invocations=111 (full 0):
 garbage-first heap   total 742400K, used 357907K [0x00000000c0000000, 0x0000000100000000)
  region size 1024K, 17 young (17408K), 17 survivors (17408K)
 Metaspace       used 146241K, capacity 153381K, committed 156972K, reserved 1181696K
  class space    used 20876K, capacity 24373K, committed 25728K, reserved 1048576K
}
Event: 32.127 GC heap before
{Heap before GC invocations=111 (full 0):
 garbage-first heap   total 742400K, used 359955K [0x00000000c0000000, 0x0000000100000000)
  region size 1024K, 21 young (21504K), 17 survivors (17408K)
 Metaspace       used 146241K, capacity 153381K, committed 156972K, reserved 1181696K
  class space    used 20876K, capacity 24373K, committed 25728K, reserved 1048576K
}
Event: 32.134 GC heap after
{Heap after GC invocations=112 (full 0):
 garbage-first heap   total 742400K, used 355358K [0x00000000c0000000, 0x0000000100000000)
  region size 1024K, 17 young (17408K), 17 survivors (17408K)
 Metaspace       used 146241K, capacity 153381K, committed 156972K, reserved 1181696K
  class space    used 20876K, capacity 24373K, committed 25728K, reserved 1048576K
}
Event: 32.612 GC heap before
{Heap before GC invocations=113 (full 0):
 garbage-first heap   total 742400K, used 613406K [0x00000000c0000000, 0x0000000100000000)
  region size 1024K, 269 young (275456K), 17 survivors (17408K)
 Metaspace       used 146264K, capacity 153412K, committed 156972K, reserved 1181696K
  class space    used 20885K, capacity 24387K, committed 25728K, reserved 1048576K
}
Event: 32.618 GC heap after
{Heap after GC invocations=114 (full 0):
 garbage-first heap   total 742400K, used 277205K [0x00000000c0000000, 0x0000000100000000)
  region size 1024K, 12 young (12288K), 12 survivors (12288K)
 Metaspace       used 146264K, capacity 153412K, committed 156972K, reserved 1181696K
  class space    used 20885K, capacity 24387K, committed 25728K, reserved 1048576K
}
Event: 32.631 GC heap before
{Heap before GC invocations=114 (full 0):
 garbage-first heap   total 742400K, used 300757K [0x00000000c0000000, 0x0000000100000000)
  region size 1024K, 36 young (36864K), 12 survivors (12288K)
 Metaspace       used 146264K, capacity 153412K, committed 156972K, reserved 1181696K
  class space    used 20885K, capacity 24387K, committed 25728K, reserved 1048576K
}
Event: 32.636 GC heap after
{Heap after GC invocations=115 (full 0):
 garbage-first heap   total 742400K, used 257293K [0x00000000c0000000, 0x0000000100000000)
  region size 1024K, 5 young (5120K), 5 survivors (5120K)
 Metaspace       used 146264K, capacity 153412K, committed 156972K, reserved 1181696K
  class space    used 20885K, capacity 24387K, committed 25728K, reserved 1048576K
}
Event: 33.104 GC heap before
{Heap before GC invocations=115 (full 0):
 garbage-first heap   total 742400K, used 675085K [0x00000000c0000000, 0x0000000100000000)
  region size 1024K, 346 young (354304K), 5 survivors (5120K)
 Metaspace       used 146266K, capacity 153412K, committed 156972K, reserved 1181696K
  class space    used 20885K, capacity 24387K, committed 25728K, reserved 1048576K
}
Event: 33.107 GC heap after
{Heap after GC invocations=116 (full 0):
 garbage-first heap   total 742400K, used 275311K [0x00000000c0000000, 0x0000000100000000)
  region size 1024K, 3 young (3072K), 3 survivors (3072K)
 Metaspace       used 146266K, capacity 153412K, committed 156972K, reserved 1181696K
  class space    used 20885K, capacity 24387K, committed 25728K, reserved 1048576K
}
Event: 33.110 GC heap before
{Heap before GC invocations=116 (full 0):
 garbage-first heap   total 742400K, used 280431K [0x00000000c0000000, 0x0000000100000000)
  region size 1024K, 9 young (9216K), 3 survivors (3072K)
 Metaspace       used 146266K, capacity 153412K, committed 156972K, reserved 1181696K
  class space    used 20885K, capacity 24387K, committed 25728K, reserved 1048576K
}

Deoptimization events (14 events):
Event: 1.737 Thread 0x00007d0edc02a800 DEOPT PACKING pc=0x00007d0ec53586a4 sp=0x00007d0ee2cecd10
Event: 1.737 Thread 0x00007d0edc02a800 DEOPT UNPACKING pc=0x00007d0ec47ee64a sp=0x00007d0ee2cec1f8 mode 0
Event: 1.793 Thread 0x00007d0edc02a800 DEOPT PACKING pc=0x00007d0ec56726f4 sp=0x00007d0ee2cea120
Event: 1.793 Thread 0x00007d0edc02a800 DEOPT UNPACKING pc=0x00007d0ec47ee64a sp=0x00007d0ee2ce9670 mode 0
Event: 15.317 Thread 0x00007d0e5c009000 DEOPT PACKING pc=0x00007d0ec5af07ec sp=0x00007d0e7a2f9550
Event: 15.317 Thread 0x00007d0e5c009000 DEOPT UNPACKING pc=0x00007d0ec47ee64a sp=0x00007d0e7a2f8ae8 mode 0
Event: 15.910 Thread 0x00007d0e5c009000 DEOPT PACKING pc=0x00007d0ec56244a5 sp=0x00007d0e7a2f9b00
Event: 15.910 Thread 0x00007d0e5c009000 DEOPT UNPACKING pc=0x00007d0ec47ee64a sp=0x00007d0e7a2f9028 mode 3
Event: 18.259 Thread 0x00007d0e5c009000 DEOPT PACKING pc=0x00007d0ec5b3526c sp=0x00007d0e7a2f7960
Event: 18.259 Thread 0x00007d0e5c009000 DEOPT UNPACKING pc=0x00007d0ec47ee64a sp=0x00007d0e7a2f6ef8 mode 0
Event: 18.562 Thread 0x00007d0e568c1000 DEOPT PACKING pc=0x00007d0ec59b0a40 sp=0x00007d0d13dfe260
Event: 18.562 Thread 0x00007d0e568bb000 DEOPT PACKING pc=0x00007d0ec59b0a40 sp=0x00007d0d580fe260
Event: 18.562 Thread 0x00007d0e568c1000 DEOPT UNPACKING pc=0x00007d0ec47ee64a sp=0x00007d0d13dfd818 mode 3
Event: 18.562 Thread 0x00007d0e568bb000 DEOPT UNPACKING pc=0x00007d0ec47ee64a sp=0x00007d0d580fd818 mode 3

Classes redefined (0 events):
No events

Internal exceptions (20 events):
Event: 25.824 Thread 0x00007d0e2004b800 Exception <a 'java/lang/NoSuchMethodError'{0x00000000e1b30618}: <clinit>> (0x00000000e1b30618) thrown at [./src/hotspot/share/prims/jni.cpp, line 1372]
Event: 25.824 Thread 0x00007d0e2003e000 Exception <a 'java/lang/NoSuchMethodError'{0x00000000e1bfa508}: <clinit>> (0x00000000e1bfa508) thrown at [./src/hotspot/share/prims/jni.cpp, line 1372]
Event: 25.824 Thread 0x00007d0e2004f800 Exception <a 'java/lang/NoSuchMethodError'{0x00000000e1b00b30}: <clinit>> (0x00000000e1b00b30) thrown at [./src/hotspot/share/prims/jni.cpp, line 1372]
Event: 25.824 Thread 0x00007d0e20044000 Exception <a 'java/lang/NoSuchMethodError'{0x00000000e1b16ca0}: <clinit>> (0x00000000e1b16ca0) thrown at [./src/hotspot/share/prims/jni.cpp, line 1372]
Event: 25.847 Thread 0x00007d0e20049800 Exception <a 'java/lang/NoSuchMethodError'{0x00000000e1ae1a48}: <clinit>> (0x00000000e1ae1a48) thrown at [./src/hotspot/share/prims/jni.cpp, line 1372]
Event: 25.847 Thread 0x00007d0e20039800 Exception <a 'java/lang/NoSuchMethodError'{0x00000000e1aef2a0}: <clinit>> (0x00000000e1aef2a0) thrown at [./src/hotspot/share/prims/jni.cpp, line 1372]
Event: 25.847 Thread 0x00007d0e2003c800 Exception <a 'java/lang/NoSuchMethodError'{0x00000000e1a6dde0}: <clinit>> (0x00000000e1a6dde0) thrown at [./src/hotspot/share/prims/jni.cpp, line 1372]
Event: 25.847 Thread 0x00007d0e20056800 Exception <a 'java/lang/NoSuchMethodError'{0x00000000e1917700}: <clinit>> (0x00000000e1917700) thrown at [./src/hotspot/share/prims/jni.cpp, line 1372]
Event: 25.847 Thread 0x00007d0e2003e000 Exception <a 'java/lang/NoSuchMethodError'{0x00000000e1914490}: <clinit>> (0x00000000e1914490) thrown at [./src/hotspot/share/prims/jni.cpp, line 1372]
Event: 25.847 Thread 0x00007d0e20044000 Exception <a 'java/lang/NoSuchMethodError'{0x00000000e1afa7e8}: <clinit>> (0x00000000e1afa7e8) thrown at [./src/hotspot/share/prims/jni.cpp, line 1372]
Event: 25.847 Thread 0x00007d0e2004f800 Exception <a 'java/lang/NoSuchMethodError'{0x00000000e1aab868}: <clinit>> (0x00000000e1aab868) thrown at [./src/hotspot/share/prims/jni.cpp, line 1372]
Event: 25.847 Thread 0x00007d0e20040000 Exception <a 'java/lang/NoSuchMethodError'{0x00000000e19240d8}: <clinit>> (0x00000000e19240d8) thrown at [./src/hotspot/share/prims/jni.cpp, line 1372]
Event: 25.949 Thread 0x00007d0e54d93000 Exception <a 'java/lang/NoSuchMethodError'{0x00000000df288008}: 'java.lang.Object java.lang.invoke.DirectMethodHandle$Holder.invokeSpecial(java.lang.Object, java.lang.Object, java.lang.Object, int, long)'> (0x00000000df288008) thrown at [./src/hotspot/share/interpreter/linkResolver.cpp, line 773]
Event: 25.951 Thread 0x00007d0e54d93000 Exception <a 'java/lang/NoSuchMethodError'{0x00000000df291708}: 'java.lang.Object java.lang.invoke.DirectMethodHandle$Holder.invokeStatic(java.lang.Object, long, long, java.lang.Object)'> (0x00000000df291708) thrown at [./src/hotspot/share/interpreter/linkResolver.cpp, line 773]
Event: 32.375 Thread 0x00007d0e548b6000 Exception <a 'java/lang/NoSuchMethodError'{0x00000000e2943758}: 'java.lang.Object java.lang.invoke.DirectMethodHandle$Holder.invokeStatic(java.lang.Object, java.lang.Object, java.lang.Object, java.lang.Object, int, java.lang.Object, java.lang.Object, java.lang.Object)'> (0x00000000e2943758) thrown at [./src/hotspot/share/interpreter/linkResolver.cpp, line 773]
Event: 32.775 Thread 0x00007d0e20046000 Exception <a 'java/net/SocketException'{0x00000000ea103130}: Socket closed> (0x00000000ea103130) thrown at [./src/hotspot/share/prims/jni.cpp, line 638]
Event: 32.857 Thread 0x00007d0e2003c800 Exception <a 'java/net/SocketException'{0x00000000e9481800}: Socket closed> (0x00000000e9481800) thrown at [./src/hotspot/share/prims/jni.cpp, line 638]
Event: 32.875 Thread 0x00007d0e2003c800 Exception <a 'java/net/SocketException'{0x00000000e949d640}: Socket closed> (0x00000000e949d640) thrown at [./src/hotspot/share/prims/jni.cpp, line 638]
Event: 32.937 Thread 0x00007d0e20049800 Exception <a 'java/net/SocketException'{0x00000000e6601410}: Socket closed> (0x00000000e6601410) thrown at [./src/hotspot/share/prims/jni.cpp, line 638]
Event: 32.950 Thread 0x00007d0e20049800 Exception <a 'java/net/SocketException'{0x00000000e661d250}: Socket closed> (0x00000000e661d250) thrown at [./src/hotspot/share/prims/jni.cpp, line 638]

Events (20 events):
Event: 32.376 loading class scala/runtime/Nothing$ done
Event: 32.376 loading class scala/Function1
Event: 32.376 loading class scala/Function1 done
Event: 32.377 loading class org/apache/spark/scheduler/TaskSetManager
Event: 32.377 loading class org/apache/spark/scheduler/TaskSetManager done
Event: 32.377 loading class org/apache/spark/scheduler/TaskSetExcludelist
Event: 32.377 loading class org/apache/spark/scheduler/TaskSetExcludelist done
Event: 32.377 loading class org/apache/spark/scheduler/TaskSetManager
Event: 32.377 loading class org/apache/spark/scheduler/TaskSetManager done
Event: 32.377 loading class org/apache/spark/scheduler/TaskSchedulerImpl
Event: 32.377 loading class org/apache/spark/scheduler/TaskSchedulerImpl done
Event: 32.377 loading class org/apache/spark/scheduler/TaskSchedulerImpl
Event: 32.377 loading class org/apache/spark/scheduler/TaskSchedulerImpl done
Event: 32.612 Executing VM operation: G1CollectForAllocation
Event: 32.618 Executing VM operation: G1CollectForAllocation done
Event: 32.630 Executing VM operation: G1CollectForAllocation
Event: 32.636 Executing VM operation: G1CollectForAllocation done
Event: 33.103 Executing VM operation: G1CollectForAllocation
Event: 33.107 Executing VM operation: G1CollectForAllocation done
Event: 33.109 Executing VM operation: G1CollectForAllocation


Dynamic libraries:
c0000000-ed300000 rw-p 00000000 00:00 0 
ed300000-ffe00000 ---p 00000000 00:00 0 
ffe00000-ffe47000 rw-p 00b0e000 08:30 217812                             /opt/java/openjdk/lib/server/classes.jsa
ffe47000-fff00000 rw-p 00000000 00:00 0 
fff00000-fff6c000 rw-p 00aa2000 08:30 217812                             /opt/java/openjdk/lib/server/classes.jsa
fff6c000-100000000 rw-p 00000000 00:00 0 
800000000-800002000 rwxp 00001000 08:30 217812                           /opt/java/openjdk/lib/server/classes.jsa
800002000-8003cc000 rw-p 00003000 08:30 217812                           /opt/java/openjdk/lib/server/classes.jsa
8003cc000-800aa0000 r--p 003cd000 08:30 217812                           /opt/java/openjdk/lib/server/classes.jsa
800aa0000-800aa1000 rw-p 00aa1000 08:30 217812                           /opt/java/openjdk/lib/server/classes.jsa
840000000-841920000 rw-p 00000000 00:00 0 
841920000-880000000 ---p 00000000 00:00 0 
581a77800000-581a77801000 r-xp 00000000 08:30 216781                     /opt/java/openjdk/bin/java
581a77a01000-581a77a02000 r--p 00001000 08:30 216781                     /opt/java/openjdk/bin/java
581a77a02000-581a77a03000 rw-p 00002000 08:30 216781                     /opt/java/openjdk/bin/java
581a92325000-581a92367000 rw-p 00000000 00:00 0                          [heap]
7d0caf58e000-7d0caf7ff000 rw-p 00000000 00:00 0 
7d0caf7ff000-7d0caf803000 ---p 00000000 00:00 0 
7d0caf803000-7d0caf93f000 rw-p 00000000 00:00 0 
7d0caf93f000-7d0cafaff000 ---p 00000000 00:00 0 
7d0cafaff000-7d0cafb03000 ---p 00000000 00:00 0 
7d0cafb03000-7d0cafbff000 rw-p 00000000 00:00 0 
7d0cafbff000-7d0cafc03000 ---p 00000000 00:00 0 
7d0cafc03000-7d0cafcff000 rw-p 00000000 00:00 0 
7d0cafcff000-7d0cafd03000 ---p 00000000 00:00 0 
7d0cafd03000-7d0cafdff000 rw-p 00000000 00:00 0 
7d0cafdff000-7d0cafe03000 ---p 00000000 00:00 0 
7d0cafe03000-7d0cafeff000 rw-p 00000000 00:00 0 
7d0cafeff000-7d0caff00000 ---p 00000000 00:00 0 
7d0caff00000-7d0cb0000000 rw-p 00000000 00:00 0 
7d0cb0000000-7d0cb02b9000 rw-p 00000000 00:00 0 
7d0cb02b9000-7d0cb4000000 ---p 00000000 00:00 0 
7d0cb40ee000-7d0cb40ef000 ---p 00000000 00:00 0 
7d0cb40ef000-7d0cb41ef000 rw-p 00000000 00:00 0 
7d0cb41ef000-7d0cb41f0000 ---p 00000000 00:00 0 
7d0cb41f0000-7d0cb42f0000 rw-p 00000000 00:00 0 
7d0cb42f0000-7d0cb42f1000 ---p 00000000 00:00 0 
7d0cb42f1000-7d0cb8000000 rw-p 00000000 00:00 0 
7d0cb8000000-7d0cb83ba000 rw-p 00000000 00:00 0 
7d0cb83ba000-7d0cbc000000 ---p 00000000 00:00 0 
7d0cbc000000-7d0cbc2ae000 rw-p 00000000 00:00 0 
7d0cbc2ae000-7d0cc0000000 ---p 00000000 00:00 0 
7d0cc0000000-7d0cc02b2000 rw-p 00000000 00:00 0 
7d0cc02b2000-7d0cc4000000 ---p 00000000 00:00 0 
7d0cc4000000-7d0cc42e4000 rw-p 00000000 00:00 0 
7d0cc42e4000-7d0cc8000000 ---p 00000000 00:00 0 
7d0cc8000000-7d0cc8317000 rw-p 00000000 00:00 0 
7d0cc8317000-7d0ccc000000 ---p 00000000 00:00 0 
7d0ccc000000-7d0ccc2be000 rw-p 00000000 00:00 0 
7d0ccc2be000-7d0cd0000000 ---p 00000000 00:00 0 
7d0cd0000000-7d0cd02e3000 rw-p 00000000 00:00 0 
7d0cd02e3000-7d0cd4000000 ---p 00000000 00:00 0 
7d0cd4000000-7d0cd42c1000 rw-p 00000000 00:00 0 
7d0cd42c1000-7d0cd8000000 ---p 00000000 00:00 0 
7d0cd8000000-7d0cd82b2000 rw-p 00000000 00:00 0 
7d0cd82b2000-7d0cdc000000 ---p 00000000 00:00 0 
7d0cdc000000-7d0cdc2a7000 rw-p 00000000 00:00 0 
7d0cdc2a7000-7d0ce0000000 ---p 00000000 00:00 0 
7d0ce0000000-7d0ce02b8000 rw-p 00000000 00:00 0 
7d0ce02b8000-7d0ce4000000 ---p 00000000 00:00 0 
7d0ce4000000-7d0ce42d9000 rw-p 00000000 00:00 0 
7d0ce42d9000-7d0ce8000000 ---p 00000000 00:00 0 
7d0ce8000000-7d0ce82cb000 rw-p 00000000 00:00 0 
7d0ce82cb000-7d0cec000000 ---p 00000000 00:00 0 
7d0cec000000-7d0cec2ba000 rw-p 00000000 00:00 0 
7d0cec2ba000-7d0cf0000000 ---p 00000000 00:00 0 
7d0cf0000000-7d0cf0049000 rw-p 00000000 00:00 0 
7d0cf0049000-7d0cf4000000 ---p 00000000 00:00 0 
7d0cf4000000-7d0cf403e000 rw-p 00000000 00:00 0 
7d0cf403e000-7d0cf8000000 ---p 00000000 00:00 0 
7d0cf8000000-7d0cf804a000 rw-p 00000000 00:00 0 
7d0cf804a000-7d0cfc000000 ---p 00000000 00:00 0 
7d0cfc000000-7d0cfc045000 rw-p 00000000 00:00 0 
7d0cfc045000-7d0d00000000 ---p 00000000 00:00 0 
7d0d00000000-7d0d0004a000 rw-p 00000000 00:00 0 
7d0d0004a000-7d0d04000000 ---p 00000000 00:00 0 
7d0d04000000-7d0d04050000 rw-p 00000000 00:00 0 
7d0d04050000-7d0d08000000 ---p 00000000 00:00 0 
7d0d08000000-7d0d08041000 rw-p 00000000 00:00 0 
7d0d08041000-7d0d0c000000 ---p 00000000 00:00 0 
7d0d0c000000-7d0d0c055000 rw-p 00000000 00:00 0 
7d0d0c055000-7d0d10000000 ---p 00000000 00:00 0 
7d0d100fe000-7d0d100ff000 ---p 00000000 00:00 0 
7d0d100ff000-7d0d107c0000 rw-p 00000000 00:00 0 
7d0d107c0000-7d0d10a00000 rw-p 00000000 00:00 0 
7d0d10a00000-7d0d10aea000 r-xp 00000000 08:30 422808                     /tmp/libzstd-jni-1.5.5-45960720999451700398.so (deleted)
7d0d10aea000-7d0d10ce9000 ---p 000ea000 08:30 422808                     /tmp/libzstd-jni-1.5.5-45960720999451700398.so (deleted)
7d0d10ce9000-7d0d10cea000 rw-p 000e9000 08:30 422808                     /tmp/libzstd-jni-1.5.5-45960720999451700398.so (deleted)
7d0d10d00000-7d0d10d04000 ---p 00000000 00:00 0 
7d0d10d04000-7d0d10fc0000 rw-p 00000000 00:00 0 
7d0d10fc0000-7d0d111c0000 rw-p 00000000 00:00 0 
7d0d111c0000-7d0d11400000 rw-p 00000000 00:00 0 
7d0d11400000-7d0d11404000 ---p 00000000 00:00 0 
7d0d11404000-7d0d116c0000 rw-p 00000000 00:00 0 
7d0d116c0000-7d0d11900000 rw-p 00000000 00:00 0 
7d0d11900000-7d0d11904000 ---p 00000000 00:00 0 
7d0d11904000-7d0d11a00000 rw-p 00000000 00:00 0 
7d0d11a00000-7d0d11a04000 ---p 00000000 00:00 0 
7d0d11a04000-7d0d11b00000 rw-p 00000000 00:00 0 
7d0d11b00000-7d0d11b04000 ---p 00000000 00:00 0 
7d0d11b04000-7d0d11c00000 rw-p 00000000 00:00 0 
7d0d11c00000-7d0d11c04000 ---p 00000000 00:00 0 
7d0d11c04000-7d0d11d00000 rw-p 00000000 00:00 0 
7d0d11d00000-7d0d11d04000 ---p 00000000 00:00 0 
7d0d11d04000-7d0d11e00000 rw-p 00000000 00:00 0 
7d0d11e00000-7d0d11e04000 ---p 00000000 00:00 0 
7d0d11e04000-7d0d11f00000 rw-p 00000000 00:00 0 
7d0d11f00000-7d0d11f04000 ---p 00000000 00:00 0 
7d0d11f04000-7d0d12000000 rw-p 00000000 00:00 0 
7d0d12000000-7d0d12004000 ---p 00000000 00:00 0 
7d0d12004000-7d0d12100000 rw-p 00000000 00:00 0 
7d0d12100000-7d0d12104000 ---p 00000000 00:00 0 
7d0d12104000-7d0d12200000 rw-p 00000000 00:00 0 
7d0d12200000-7d0d12204000 ---p 00000000 00:00 0 
7d0d12204000-7d0d12300000 rw-p 00000000 00:00 0 
7d0d12300000-7d0d12304000 ---p 00000000 00:00 0 
7d0d12304000-7d0d12400000 rw-p 00000000 00:00 0 
7d0d12400000-7d0d12404000 ---p 00000000 00:00 0 
7d0d12404000-7d0d12500000 rw-p 00000000 00:00 0 
7d0d12500000-7d0d12504000 ---p 00000000 00:00 0 
7d0d12504000-7d0d12600000 rw-p 00000000 00:00 0 
7d0d12600000-7d0d12604000 ---p 00000000 00:00 0 
7d0d12604000-7d0d128c0000 rw-p 00000000 00:00 0 
7d0d128c0000-7d0d12ac0000 rw-p 00000000 00:00 0 
7d0d12ac0000-7d0d12d00000 rw-p 00000000 00:00 0 
7d0d12d00000-7d0d12d04000 ---p 00000000 00:00 0 
7d0d12d04000-7d0d12fc0000 rw-p 00000000 00:00 0 
7d0d12fc0000-7d0d13200000 rw-p 00000000 00:00 0 
7d0d13200000-7d0d13224000 r-xp 00000000 08:30 422741                     /tmp/liblz4-java-4332005647629849120.so
7d0d13224000-7d0d13423000 ---p 00024000 08:30 422741                     /tmp/liblz4-java-4332005647629849120.so
7d0d13423000-7d0d13424000 rw-p 00023000 08:30 422741                     /tmp/liblz4-java-4332005647629849120.so
7d0d13500000-7d0d136c0000 rw-p 00000000 00:00 0 
7d0d136c0000-7d0d13900000 rw-p 00000000 00:00 0 
7d0d13900000-7d0d13904000 ---p 00000000 00:00 0 
7d0d13904000-7d0d13a00000 rw-p 00000000 00:00 0 
7d0d13a00000-7d0d13a04000 ---p 00000000 00:00 0 
7d0d13a04000-7d0d13b00000 rw-p 00000000 00:00 0 
7d0d13b00000-7d0d13b04000 ---p 00000000 00:00 0 
7d0d13b04000-7d0d13c00000 rw-p 00000000 00:00 0 
7d0d13c00000-7d0d13c04000 ---p 00000000 00:00 0 
7d0d13c04000-7d0d13d00000 rw-p 00000000 00:00 0 
7d0d13d00000-7d0d13d04000 ---p 00000000 00:00 0 
7d0d13d04000-7d0d13e00000 rw-p 00000000 00:00 0 
7d0d13e00000-7d0d13e04000 ---p 00000000 00:00 0 
7d0d13e04000-7d0d13f00000 rw-p 00000000 00:00 0 
7d0d13f00000-7d0d13f04000 ---p 00000000 00:00 0 
7d0d13f04000-7d0d14000000 rw-p 00000000 00:00 0 
7d0d14000000-7d0d14045000 rw-p 00000000 00:00 0 
7d0d14045000-7d0d18000000 ---p 00000000 00:00 0 
7d0d18000000-7d0d1804b000 rw-p 00000000 00:00 0 
7d0d1804b000-7d0d1c000000 ---p 00000000 00:00 0 
7d0d1c000000-7d0d1c057000 rw-p 00000000 00:00 0 
7d0d1c057000-7d0d20000000 ---p 00000000 00:00 0 
7d0d20000000-7d0d20040000 rw-p 00000000 00:00 0 
7d0d20040000-7d0d24000000 ---p 00000000 00:00 0 
7d0d24000000-7d0d24056000 rw-p 00000000 00:00 0 
7d0d24056000-7d0d28000000 ---p 00000000 00:00 0 
7d0d28000000-7d0d28041000 rw-p 00000000 00:00 0 
7d0d28041000-7d0d2c000000 ---p 00000000 00:00 0 
7d0d2c000000-7d0d2c021000 rw-p 00000000 00:00 0 
7d0d2c021000-7d0d30000000 ---p 00000000 00:00 0 
7d0d30000000-7d0d30049000 rw-p 00000000 00:00 0 
7d0d30049000-7d0d34000000 ---p 00000000 00:00 0 
7d0d34000000-7d0d34021000 rw-p 00000000 00:00 0 
7d0d34021000-7d0d38000000 ---p 00000000 00:00 0 
7d0d38000000-7d0d38059000 rw-p 00000000 00:00 0 
7d0d38059000-7d0d3c000000 ---p 00000000 00:00 0 
7d0d3c000000-7d0d3c021000 rw-p 00000000 00:00 0 
7d0d3c021000-7d0d40000000 ---p 00000000 00:00 0 
7d0d40000000-7d0d40021000 rw-p 00000000 00:00 0 
7d0d40021000-7d0d44000000 ---p 00000000 00:00 0 
7d0d44000000-7d0d44021000 rw-p 00000000 00:00 0 
7d0d44021000-7d0d48000000 ---p 00000000 00:00 0 
7d0d48000000-7d0d48021000 rw-p 00000000 00:00 0 
7d0d48021000-7d0d4c000000 ---p 00000000 00:00 0 
7d0d4c000000-7d0d4c063000 rw-p 00000000 00:00 0 
7d0d4c063000-7d0d50000000 ---p 00000000 00:00 0 
7d0d50000000-7d0d50021000 rw-p 00000000 00:00 0 
7d0d50021000-7d0d54000000 ---p 00000000 00:00 0 
7d0d54000000-7d0d54021000 rw-p 00000000 00:00 0 
7d0d54021000-7d0d58000000 ---p 00000000 00:00 0 
7d0d58000000-7d0d58004000 ---p 00000000 00:00 0 
7d0d58004000-7d0d58100000 rw-p 00000000 00:00 0 
7d0d58100000-7d0d58104000 ---p 00000000 00:00 0 
7d0d58104000-7d0d58200000 rw-p 00000000 00:00 0 
7d0d58200000-7d0d58204000 ---p 00000000 00:00 0 
7d0d58204000-7d0d58300000 rw-p 00000000 00:00 0 
7d0d58300000-7d0d58304000 ---p 00000000 00:00 0 
7d0d58304000-7d0d58400000 rw-p 00000000 00:00 0 
7d0d58400000-7d0d58404000 ---p 00000000 00:00 0 
7d0d58404000-7d0d58500000 rw-p 00000000 00:00 0 
7d0d58500000-7d0d58504000 ---p 00000000 00:00 0 
7d0d58504000-7d0d58600000 rw-p 00000000 00:00 0 
7d0d58600000-7d0d58604000 ---p 00000000 00:00 0 
7d0d58604000-7d0d58700000 rw-p 00000000 00:00 0 
7d0d58700000-7d0d58704000 ---p 00000000 00:00 0 
7d0d58704000-7d0d58800000 rw-p 00000000 00:00 0 
7d0d58800000-7d0d58842000 r-xp 00000000 08:30 422685                     /tmp/snappy-1.1.10-8a434beb-0fb8-497b-aac8-66a2fc3e301f-libsnappyjava.so
7d0d58842000-7d0d58a41000 ---p 00042000 08:30 422685                     /tmp/snappy-1.1.10-8a434beb-0fb8-497b-aac8-66a2fc3e301f-libsnappyjava.so
7d0d58a41000-7d0d58a44000 rw-p 00041000 08:30 422685                     /tmp/snappy-1.1.10-8a434beb-0fb8-497b-aac8-66a2fc3e301f-libsnappyjava.so
7d0d58a44000-7d0d58a56000 rw-p 00000000 00:00 0 
7d0d58b00000-7d0d58cc0000 rw-p 00000000 00:00 0 
7d0d58cc0000-7d0d58ec0000 rw-p 00000000 00:00 0 
7d0d58ec0000-7d0d590c0000 rw-p 00000000 00:00 0 
7d0d590c0000-7d0d592c0000 rw-p 00000000 00:00 0 
7d0d592c0000-7d0d594c0000 rw-p 00000000 00:00 0 
7d0d594c0000-7d0d596c0000 rw-p 00000000 00:00 0 
7d0d596c0000-7d0d598c0000 rw-p 00000000 00:00 0 
7d0d598c0000-7d0d59add000 rw-p 00000000 00:00 0 
7d0d59add000-7d0d59cc0000 rw-p 00000000 00:00 0 
7d0d59cc0000-7d0d59ec0000 rw-p 00000000 00:00 0 
7d0d59ec0000-7d0d5a100000 rw-p 00000000 00:00 0 
7d0d5a100000-7d0d5a104000 ---p 00000000 00:00 0 
7d0d5a104000-7d0d5a3c0000 rw-p 00000000 00:00 0 
7d0d5a3c0000-7d0d5a5c0000 rw-p 00000000 00:00 0 
7d0d5a5c0000-7d0d5a800000 rw-p 00000000 00:00 0 
7d0d5a800000-7d0d5a804000 ---p 00000000 00:00 0 
7d0d5a804000-7d0d5a900000 rw-p 00000000 00:00 0 
7d0d5a900000-7d0d5a904000 ---p 00000000 00:00 0 
7d0d5a904000-7d0d5aa00000 rw-p 00000000 00:00 0 
7d0d5aa00000-7d0d5aa04000 ---p 00000000 00:00 0 
7d0d5aa04000-7d0d5ab00000 rw-p 00000000 00:00 0 
7d0d5ab00000-7d0d5ab04000 ---p 00000000 00:00 0 
7d0d5ab04000-7d0d5ae00000 rw-p 00000000 00:00 0 
7d0d5ae00000-7d0d5ae04000 ---p 00000000 00:00 0 
7d0d5ae04000-7d0d5af00000 rw-p 00000000 00:00 0 
7d0d5af00000-7d0d5af04000 ---p 00000000 00:00 0 
7d0d5af04000-7d0d5b000000 rw-p 00000000 00:00 0 
7d0d5b000000-7d0d5b004000 ---p 00000000 00:00 0 
7d0d5b004000-7d0d5b100000 rw-p 00000000 00:00 0 
7d0d5b100000-7d0d5b104000 ---p 00000000 00:00 0 
7d0d5b104000-7d0d5b3c0000 rw-p 00000000 00:00 0 
7d0d5b3c0000-7d0d5b5c0000 rw-p 00000000 00:00 0 
7d0d5b5c0000-7d0d5b7c0000 rw-p 00000000 00:00 0 
7d0d5b7c0000-7d0d5b9c0000 rw-p 00000000 00:00 0 
7d0d5b9c0000-7d0d5bbc0000 rw-p 00000000 00:00 0 
7d0d5bbc0000-7d0d5bdc0000 rw-p 00000000 00:00 0 
7d0d5bdc0000-7d0d5c000000 rw-p 00000000 00:00 0 
7d0d5c000000-7d0d5c021000 rw-p 00000000 00:00 0 
7d0d5c021000-7d0d60000000 ---p 00000000 00:00 0 
7d0d60000000-7d0d60021000 rw-p 00000000 00:00 0 
7d0d60021000-7d0d64000000 ---p 00000000 00:00 0 
7d0d64000000-7d0d64021000 rw-p 00000000 00:00 0 
7d0d64021000-7d0d68000000 ---p 00000000 00:00 0 
7d0d68000000-7d0d6809e000 rw-p 00000000 00:00 0 
7d0d6809e000-7d0d6c000000 ---p 00000000 00:00 0 
7d0d6c000000-7d0d6c021000 rw-p 00000000 00:00 0 
7d0d6c021000-7d0d70000000 ---p 00000000 00:00 0 
7d0d70000000-7d0d70021000 rw-p 00000000 00:00 0 
7d0d70021000-7d0d74000000 ---p 00000000 00:00 0 
7d0d74000000-7d0d74021000 rw-p 00000000 00:00 0 
7d0d74021000-7d0d78000000 ---p 00000000 00:00 0 
7d0d78000000-7d0d78175000 rw-p 00000000 00:00 0 
7d0d78175000-7d0d7c000000 ---p 00000000 00:00 0 
7d0d7c000000-7d0d7c028000 rw-p 00000000 00:00 0 
7d0d7c028000-7d0d80000000 ---p 00000000 00:00 0 
7d0d80000000-7d0d80021000 rw-p 00000000 00:00 0 
7d0d80021000-7d0d84000000 ---p 00000000 00:00 0 
7d0d84000000-7d0d84021000 rw-p 00000000 00:00 0 
7d0d84021000-7d0d88000000 ---p 00000000 00:00 0 
7d0d88000000-7d0d88021000 rw-p 00000000 00:00 0 
7d0d88021000-7d0d8c000000 ---p 00000000 00:00 0 
7d0d8c000000-7d0d8c078000 rw-p 00000000 00:00 0 
7d0d8c078000-7d0d90000000 ---p 00000000 00:00 0 
7d0d90000000-7d0d90021000 rw-p 00000000 00:00 0 
7d0d90021000-7d0d94000000 ---p 00000000 00:00 0 
7d0d94000000-7d0d94021000 rw-p 00000000 00:00 0 
7d0d94021000-7d0d98000000 ---p 00000000 00:00 0 
7d0d98000000-7d0d98021000 rw-p 00000000 00:00 0 
7d0d98021000-7d0d9c000000 ---p 00000000 00:00 0 
7d0d9c000000-7d0d9c021000 rw-p 00000000 00:00 0 
7d0d9c021000-7d0da0000000 ---p 00000000 00:00 0 
7d0da0000000-7d0da0021000 rw-p 00000000 00:00 0 
7d0da0021000-7d0da4000000 ---p 00000000 00:00 0 
7d0da4000000-7d0da4021000 rw-p 00000000 00:00 0 
7d0da4021000-7d0da8000000 ---p 00000000 00:00 0 
7d0da8000000-7d0da8021000 rw-p 00000000 00:00 0 
7d0da8021000-7d0dac000000 ---p 00000000 00:00 0 
7d0dac000000-7d0dac021000 rw-p 00000000 00:00 0 
7d0dac021000-7d0db0000000 ---p 00000000 00:00 0 
7d0db0000000-7d0db0021000 rw-p 00000000 00:00 0 
7d0db0021000-7d0db4000000 ---p 00000000 00:00 0 
7d0db4000000-7d0db4021000 rw-p 00000000 00:00 0 
7d0db4021000-7d0db8000000 ---p 00000000 00:00 0 
7d0db8000000-7d0db8021000 rw-p 00000000 00:00 0 
7d0db8021000-7d0dbc000000 ---p 00000000 00:00 0 
7d0dbc000000-7d0dbc021000 rw-p 00000000 00:00 0 
7d0dbc021000-7d0dc0000000 ---p 00000000 00:00 0 
7d0dc0000000-7d0dc0021000 rw-p 00000000 00:00 0 
7d0dc0021000-7d0dc4000000 ---p 00000000 00:00 0 
7d0dc4000000-7d0dc4021000 rw-p 00000000 00:00 0 
7d0dc4021000-7d0dc8000000 ---p 00000000 00:00 0 
7d0dc8000000-7d0dc8021000 rw-p 00000000 00:00 0 
7d0dc8021000-7d0dcc000000 ---p 00000000 00:00 0 
7d0dcc000000-7d0dcc021000 rw-p 00000000 00:00 0 
7d0dcc021000-7d0dd0000000 ---p 00000000 00:00 0 
7d0dd0000000-7d0dd0021000 rw-p 00000000 00:00 0 
7d0dd0021000-7d0dd4000000 ---p 00000000 00:00 0 
7d0dd4000000-7d0dd4021000 rw-p 00000000 00:00 0 
7d0dd4021000-7d0dd8000000 ---p 00000000 00:00 0 
7d0dd8000000-7d0dd8021000 rw-p 00000000 00:00 0 
7d0dd8021000-7d0ddc000000 ---p 00000000 00:00 0 
7d0ddc000000-7d0ddc021000 rw-p 00000000 00:00 0 
7d0ddc021000-7d0de0000000 ---p 00000000 00:00 0 
7d0de0000000-7d0de0021000 rw-p 00000000 00:00 0 
7d0de0021000-7d0de4000000 ---p 00000000 00:00 0 
7d0de4000000-7d0de4021000 rw-p 00000000 00:00 0 
7d0de4021000-7d0de8000000 ---p 00000000 00:00 0 
7d0de80fc000-7d0de8100000 ---p 00000000 00:00 0 
7d0de8100000-7d0de83bc000 rw-p 00000000 00:00 0 
7d0de83bc000-7d0de85bc000 rw-p 00000000 00:00 0 
7d0de85bc000-7d0de87e7000 rw-p 00000000 00:00 0 
7d0de87e7000-7d0de87fc000 ---p 00000000 00:00 0 
7d0de87fc000-7d0de89bc000 rw-p 00000000 00:00 0 
7d0de89bc000-7d0de8bfc000 rw-p 00000000 00:00 0 
7d0de8bfc000-7d0de8c00000 ---p 00000000 00:00 0 
7d0de8c00000-7d0de8cfc000 rw-p 00000000 00:00 0 
7d0de8cfc000-7d0de8d00000 ---p 00000000 00:00 0 
7d0de8d00000-7d0de8dfc000 rw-p 00000000 00:00 0 
7d0de8dfc000-7d0de8e00000 ---p 00000000 00:00 0 
7d0de8e00000-7d0de8efc000 rw-p 00000000 00:00 0 
7d0de8efc000-7d0de8f00000 ---p 00000000 00:00 0 
7d0de8f00000-7d0de8ffc000 rw-p 00000000 00:00 0 
7d0de8ffc000-7d0de9000000 ---p 00000000 00:00 0 
7d0de9000000-7d0de90fc000 rw-p 00000000 00:00 0 
7d0de90fc000-7d0de90fd000 ---p 00000000 00:00 0 
7d0de90fd000-7d0de91fd000 rw-p 00000000 00:00 0 
7d0de91fd000-7d0de91fe000 ---p 00000000 00:00 0 
7d0de91fe000-7d0de94be000 rw-p 00000000 00:00 0 
7d0de94be000-7d0de96fe000 rw-p 00000000 00:00 0 
7d0de96fe000-7d0de9702000 ---p 00000000 00:00 0 
7d0de9702000-7d0dea000000 rw-p 00000000 00:00 0 
7d0dea000000-7d0dea004000 ---p 00000000 00:00 0 
7d0dea004000-7d0dea100000 rw-p 00000000 00:00 0 
7d0dea100000-7d0dea104000 ---p 00000000 00:00 0 
7d0dea104000-7d0dea200000 rw-p 00000000 00:00 0 
7d0dea200000-7d0dea204000 ---p 00000000 00:00 0 
7d0dea204000-7d0dea300000 rw-p 00000000 00:00 0 
7d0dea300000-7d0dea304000 ---p 00000000 00:00 0 
7d0dea304000-7d0dea400000 rw-p 00000000 00:00 0 
7d0dea400000-7d0dea404000 ---p 00000000 00:00 0 
7d0dea404000-7d0dea500000 rw-p 00000000 00:00 0 
7d0dea500000-7d0dea504000 ---p 00000000 00:00 0 
7d0dea504000-7d0dea800000 rw-p 00000000 00:00 0 
7d0dea800000-7d0dea804000 ---p 00000000 00:00 0 
7d0dea804000-7d0dea900000 rw-p 00000000 00:00 0 
7d0dea900000-7d0dea904000 ---p 00000000 00:00 0 
7d0dea904000-7d0deaa00000 rw-p 00000000 00:00 0 
7d0deaa00000-7d0deaa04000 ---p 00000000 00:00 0 
7d0deaa04000-7d0deab00000 rw-p 00000000 00:00 0 
7d0deab00000-7d0deab04000 ---p 00000000 00:00 0 
7d0deab04000-7d0deac00000 rw-p 00000000 00:00 0 
7d0deac00000-7d0deac04000 ---p 00000000 00:00 0 
7d0deac04000-7d0dead00000 rw-p 00000000 00:00 0 
7d0dead00000-7d0dead04000 ---p 00000000 00:00 0 
7d0dead04000-7d0deae00000 rw-p 00000000 00:00 0 
7d0deae00000-7d0deae04000 ---p 00000000 00:00 0 
7d0deae04000-7d0deaf00000 rw-p 00000000 00:00 0 
7d0deaf00000-7d0deaf04000 ---p 00000000 00:00 0 
7d0deaf04000-7d0deb000000 rw-p 00000000 00:00 0 
7d0deb000000-7d0deb004000 ---p 00000000 00:00 0 
7d0deb004000-7d0deb100000 rw-p 00000000 00:00 0 
7d0deb100000-7d0deb104000 ---p 00000000 00:00 0 
7d0deb104000-7d0deb200000 rw-p 00000000 00:00 0 
7d0deb200000-7d0deb204000 ---p 00000000 00:00 0 
7d0deb204000-7d0deb300000 rw-p 00000000 00:00 0 
7d0deb300000-7d0deb304000 ---p 00000000 00:00 0 
7d0deb304000-7d0deb400000 rw-p 00000000 00:00 0 
7d0deb400000-7d0deb404000 ---p 00000000 00:00 0 
7d0deb404000-7d0deb500000 rw-p 00000000 00:00 0 
7d0deb500000-7d0deb504000 ---p 00000000 00:00 0 
7d0deb504000-7d0deb600000 rw-p 00000000 00:00 0 
7d0deb600000-7d0deb604000 ---p 00000000 00:00 0 
7d0deb604000-7d0deb700000 rw-p 00000000 00:00 0 
7d0deb700000-7d0deb704000 ---p 00000000 00:00 0 
7d0deb704000-7d0deba00000 rw-p 00000000 00:00 0 
7d0deba00000-7d0deba04000 ---p 00000000 00:00 0 
7d0deba04000-7d0debb00000 rw-p 00000000 00:00 0 
7d0debb00000-7d0debb04000 ---p 00000000 00:00 0 
7d0debb04000-7d0debe00000 rw-p 00000000 00:00 0 
7d0debe00000-7d0debe04000 ---p 00000000 00:00 0 
7d0debe04000-7d0debf00000 rw-p 00000000 00:00 0 
7d0debf00000-7d0debf04000 ---p 00000000 00:00 0 
7d0debf04000-7d0dec000000 rw-p 00000000 00:00 0 
7d0dec000000-7d0dec021000 rw-p 00000000 00:00 0 
7d0dec021000-7d0df0000000 ---p 00000000 00:00 0 
7d0df0000000-7d0df0021000 rw-p 00000000 00:00 0 
7d0df0021000-7d0df4000000 ---p 00000000 00:00 0 
7d0df4000000-7d0df4021000 rw-p 00000000 00:00 0 
7d0df4021000-7d0df8000000 ---p 00000000 00:00 0 
7d0df8000000-7d0df8021000 rw-p 00000000 00:00 0 
7d0df8021000-7d0dfc000000 ---p 00000000 00:00 0 
7d0dfc000000-7d0dfc021000 rw-p 00000000 00:00 0 
7d0dfc021000-7d0e00000000 ---p 00000000 00:00 0 
7d0e00000000-7d0e00021000 rw-p 00000000 00:00 0 
7d0e00021000-7d0e04000000 ---p 00000000 00:00 0 
7d0e04000000-7d0e04021000 rw-p 00000000 00:00 0 
7d0e04021000-7d0e08000000 ---p 00000000 00:00 0 
7d0e08000000-7d0e08021000 rw-p 00000000 00:00 0 
7d0e08021000-7d0e0c000000 ---p 00000000 00:00 0 
7d0e0c000000-7d0e0c021000 rw-p 00000000 00:00 0 
7d0e0c021000-7d0e10000000 ---p 00000000 00:00 0 
7d0e10000000-7d0e10021000 rw-p 00000000 00:00 0 
7d0e10021000-7d0e14000000 ---p 00000000 00:00 0 
7d0e14000000-7d0e14021000 rw-p 00000000 00:00 0 
7d0e14021000-7d0e18000000 ---p 00000000 00:00 0 
7d0e18000000-7d0e18021000 rw-p 00000000 00:00 0 
7d0e18021000-7d0e1c000000 ---p 00000000 00:00 0 
7d0e1c000000-7d0e1c021000 rw-p 00000000 00:00 0 
7d0e1c021000-7d0e20000000 ---p 00000000 00:00 0 
7d0e20000000-7d0e2005b000 rw-p 00000000 00:00 0 
7d0e2005b000-7d0e24000000 ---p 00000000 00:00 0 
7d0e24000000-7d0e24021000 rw-p 00000000 00:00 0 
7d0e24021000-7d0e28000000 ---p 00000000 00:00 0 
7d0e28000000-7d0e28021000 rw-p 00000000 00:00 0 
7d0e28021000-7d0e2c000000 ---p 00000000 00:00 0 
7d0e2c000000-7d0e2c021000 rw-p 00000000 00:00 0 
7d0e2c021000-7d0e30000000 ---p 00000000 00:00 0 
7d0e30000000-7d0e30021000 rw-p 00000000 00:00 0 
7d0e30021000-7d0e34000000 ---p 00000000 00:00 0 
7d0e34000000-7d0e34021000 rw-p 00000000 00:00 0 
7d0e34021000-7d0e38000000 ---p 00000000 00:00 0 
7d0e38000000-7d0e38021000 rw-p 00000000 00:00 0 
7d0e38021000-7d0e3c000000 ---p 00000000 00:00 0 
7d0e3c000000-7d0e3c021000 rw-p 00000000 00:00 0 
7d0e3c021000-7d0e40000000 ---p 00000000 00:00 0 
7d0e40000000-7d0e40021000 rw-p 00000000 00:00 0 
7d0e40021000-7d0e44000000 ---p 00000000 00:00 0 
7d0e44000000-7d0e44021000 rw-p 00000000 00:00 0 
7d0e44021000-7d0e48000000 ---p 00000000 00:00 0 
7d0e48000000-7d0e48021000 rw-p 00000000 00:00 0 
7d0e48021000-7d0e4c000000 ---p 00000000 00:00 0 
7d0e4c000000-7d0e4c021000 rw-p 00000000 00:00 0 
7d0e4c021000-7d0e50000000 ---p 00000000 00:00 0 
7d0e50000000-7d0e50021000 rw-p 00000000 00:00 0 
7d0e50021000-7d0e54000000 ---p 00000000 00:00 0 
7d0e54000000-7d0e568ce000 rw-p 00000000 00:00 0 
7d0e568ce000-7d0e58000000 ---p 00000000 00:00 0 
7d0e58000000-7d0e5802b000 rw-p 00000000 00:00 0 
7d0e5802b000-7d0e5c000000 ---p 00000000 00:00 0 
7d0e5c000000-7d0e5c021000 rw-p 00000000 00:00 0 
7d0e5c021000-7d0e60000000 ---p 00000000 00:00 0 
7d0e60000000-7d0e60021000 rw-p 00000000 00:00 0 
7d0e60021000-7d0e64000000 ---p 00000000 00:00 0 
7d0e64000000-7d0e64021000 rw-p 00000000 00:00 0 
7d0e64021000-7d0e68000000 ---p 00000000 00:00 0 
7d0e68000000-7d0e68021000 rw-p 00000000 00:00 0 
7d0e68021000-7d0e6c000000 ---p 00000000 00:00 0 
7d0e6c000000-7d0e6c08f000 rw-p 00000000 00:00 0 
7d0e6c08f000-7d0e70000000 ---p 00000000 00:00 0 
7d0e70000000-7d0e702c9000 rw-p 00000000 00:00 0 
7d0e702c9000-7d0e74000000 ---p 00000000 00:00 0 
7d0e74000000-7d0e74079000 rw-p 00000000 00:00 0 
7d0e74079000-7d0e78000000 ---p 00000000 00:00 0 
7d0e780fd000-7d0e78101000 ---p 00000000 00:00 0 
7d0e78101000-7d0e781fd000 rw-p 00000000 00:00 0 
7d0e781fd000-7d0e78201000 ---p 00000000 00:00 0 
7d0e78201000-7d0e782fd000 rw-p 00000000 00:00 0 
7d0e782fd000-7d0e78301000 ---p 00000000 00:00 0 
7d0e78301000-7d0e783fd000 rw-p 00000000 00:00 0 
7d0e783fd000-7d0e78401000 ---p 00000000 00:00 0 
7d0e78401000-7d0e784fd000 rw-p 00000000 00:00 0 
7d0e784fd000-7d0e78501000 ---p 00000000 00:00 0 
7d0e78501000-7d0e785fd000 rw-p 00000000 00:00 0 
7d0e785fd000-7d0e78601000 ---p 00000000 00:00 0 
7d0e78601000-7d0e786fd000 rw-p 00000000 00:00 0 
7d0e786fd000-7d0e78701000 ---p 00000000 00:00 0 
7d0e78701000-7d0e787fd000 rw-p 00000000 00:00 0 
7d0e787fd000-7d0e78801000 ---p 00000000 00:00 0 
7d0e78801000-7d0e788fd000 rw-p 00000000 00:00 0 
7d0e788fd000-7d0e78901000 ---p 00000000 00:00 0 
7d0e78901000-7d0e789fd000 rw-p 00000000 00:00 0 
7d0e789fd000-7d0e78a01000 ---p 00000000 00:00 0 
7d0e78a01000-7d0e78afd000 rw-p 00000000 00:00 0 
7d0e78afd000-7d0e78b01000 ---p 00000000 00:00 0 
7d0e78b01000-7d0e78bfd000 rw-p 00000000 00:00 0 
7d0e78bfd000-7d0e78c01000 ---p 00000000 00:00 0 
7d0e78c01000-7d0e78cfd000 rw-p 00000000 00:00 0 
7d0e78cfd000-7d0e78d01000 ---p 00000000 00:00 0 
7d0e78d01000-7d0e78dfd000 rw-p 00000000 00:00 0 
7d0e78dfd000-7d0e78e01000 ---p 00000000 00:00 0 
7d0e78e01000-7d0e78efd000 rw-p 00000000 00:00 0 
7d0e78efd000-7d0e78f01000 ---p 00000000 00:00 0 
7d0e78f01000-7d0e78ffd000 rw-p 00000000 00:00 0 
7d0e78ffd000-7d0e79001000 ---p 00000000 00:00 0 
7d0e79001000-7d0e790fd000 rw-p 00000000 00:00 0 
7d0e790fd000-7d0e79101000 ---p 00000000 00:00 0 
7d0e79101000-7d0e791fd000 rw-p 00000000 00:00 0 
7d0e791fd000-7d0e79201000 ---p 00000000 00:00 0 
7d0e79201000-7d0e792fd000 rw-p 00000000 00:00 0 
7d0e792fd000-7d0e79301000 ---p 00000000 00:00 0 
7d0e79301000-7d0e793fd000 rw-p 00000000 00:00 0 
7d0e793fd000-7d0e79401000 ---p 00000000 00:00 0 
7d0e79401000-7d0e794fd000 rw-p 00000000 00:00 0 
7d0e794fd000-7d0e79501000 ---p 00000000 00:00 0 
7d0e79501000-7d0e795fd000 rw-p 00000000 00:00 0 
7d0e795fd000-7d0e79601000 ---p 00000000 00:00 0 
7d0e79601000-7d0e796fd000 rw-p 00000000 00:00 0 
7d0e796fd000-7d0e79701000 ---p 00000000 00:00 0 
7d0e79701000-7d0e797fd000 rw-p 00000000 00:00 0 
7d0e797fd000-7d0e79801000 ---p 00000000 00:00 0 
7d0e79801000-7d0e79abd000 rw-p 00000000 00:00 0 
7d0e79abd000-7d0e79cbd000 rw-p 00000000 00:00 0 
7d0e79cbd000-7d0e79efd000 rw-p 00000000 00:00 0 
7d0e79efd000-7d0e79efe000 ---p 00000000 00:00 0 
7d0e79efe000-7d0e79ffe000 rw-p 00000000 00:00 0 
7d0e79ffe000-7d0e79fff000 ---p 00000000 00:00 0 
7d0e79fff000-7d0e7a0ff000 rw-p 00000000 00:00 0 
7d0e7a0ff000-7d0e7a100000 ---p 00000000 00:00 0 
7d0e7a100000-7d0e7a200000 rw-p 00000000 00:00 0 
7d0e7a200000-7d0e7a204000 ---p 00000000 00:00 0 
7d0e7a204000-7d0e7a300000 rw-p 00000000 00:00 0 
7d0e7a300000-7d0e7a304000 ---p 00000000 00:00 0 
7d0e7a304000-7d0e7a600000 rw-p 00000000 00:00 0 
7d0e7a600000-7d0e7a601000 r-xp 00000000 08:30 217742                     /opt/java/openjdk/lib/libjaas.so
7d0e7a601000-7d0e7a800000 ---p 00001000 08:30 217742                     /opt/java/openjdk/lib/libjaas.so
7d0e7a800000-7d0e7a801000 r--p 00000000 08:30 217742                     /opt/java/openjdk/lib/libjaas.so
7d0e7a801000-7d0e7a802000 rw-p 00001000 08:30 217742                     /opt/java/openjdk/lib/libjaas.so
7d0e7a900000-7d0e7a904000 ---p 00000000 00:00 0 
7d0e7a904000-7d0e7abc0000 rw-p 00000000 00:00 0 
7d0e7abc0000-7d0e7adc0000 rw-p 00000000 00:00 0 
7d0e7adc0000-7d0e7b000000 rw-p 00000000 00:00 0 
7d0e7b000000-7d0e7b002000 r-xp 00000000 08:30 217725                     /opt/java/openjdk/lib/libextnet.so
7d0e7b002000-7d0e7b201000 ---p 00002000 08:30 217725                     /opt/java/openjdk/lib/libextnet.so
7d0e7b201000-7d0e7b202000 r--p 00001000 08:30 217725                     /opt/java/openjdk/lib/libextnet.so
7d0e7b202000-7d0e7b203000 rw-p 00002000 08:30 217725                     /opt/java/openjdk/lib/libextnet.so
7d0e7b300000-7d0e7b304000 ---p 00000000 00:00 0 
7d0e7b304000-7d0e7b600000 rw-p 00000000 00:00 0 
7d0e7b600000-7d0e7b640000 r-xp 00000000 08:30 217776                     /opt/java/openjdk/lib/libsunec.so
7d0e7b640000-7d0e7b840000 ---p 00040000 08:30 217776                     /opt/java/openjdk/lib/libsunec.so
7d0e7b840000-7d0e7b845000 r--p 00040000 08:30 217776                     /opt/java/openjdk/lib/libsunec.so
7d0e7b845000-7d0e7b847000 rw-p 00045000 08:30 217776                     /opt/java/openjdk/lib/libsunec.so
7d0e7b900000-7d0e7b904000 ---p 00000000 00:00 0 
7d0e7b904000-7d0e7bbc0000 rw-p 00000000 00:00 0 
7d0e7bbc0000-7d0e7bddf000 rw-p 00000000 00:00 0 
7d0e7bddf000-7d0e7c000000 rw-p 00000000 00:00 0 
7d0e7c000000-7d0e7c02b000 rw-p 00000000 00:00 0 
7d0e7c02b000-7d0e80000000 ---p 00000000 00:00 0 
7d0e80000000-7d0e8006f000 rw-p 00000000 00:00 0 
7d0e8006f000-7d0e84000000 ---p 00000000 00:00 0 
7d0e84000000-7d0e84021000 rw-p 00000000 00:00 0 
7d0e84021000-7d0e88000000 ---p 00000000 00:00 0 
7d0e88000000-7d0e88021000 rw-p 00000000 00:00 0 
7d0e88021000-7d0e8c000000 ---p 00000000 00:00 0 
7d0e8c000000-7d0e8c7a4000 rw-p 00000000 00:00 0 
7d0e8c7a4000-7d0e90000000 ---p 00000000 00:00 0 
7d0e90000000-7d0e90021000 rw-p 00000000 00:00 0 
7d0e90021000-7d0e94000000 ---p 00000000 00:00 0 
7d0e94000000-7d0e94021000 rw-p 00000000 00:00 0 
7d0e94021000-7d0e98000000 ---p 00000000 00:00 0 
7d0e98000000-7d0e98021000 rw-p 00000000 00:00 0 
7d0e98021000-7d0e9c000000 ---p 00000000 00:00 0 
7d0e9c000000-7d0e9c021000 rw-p 00000000 00:00 0 
7d0e9c021000-7d0ea0000000 ---p 00000000 00:00 0 
7d0ea0000000-7d0ea0021000 rw-p 00000000 00:00 0 
7d0ea0021000-7d0ea4000000 ---p 00000000 00:00 0 
7d0ea4000000-7d0ea4021000 rw-p 00000000 00:00 0 
7d0ea4021000-7d0ea8000000 ---p 00000000 00:00 0 
7d0ea8000000-7d0ea8d8f000 rw-p 00000000 00:00 0 
7d0ea8d8f000-7d0eac000000 ---p 00000000 00:00 0 
7d0eac000000-7d0eac021000 rw-p 00000000 00:00 0 
7d0eac021000-7d0eb0000000 ---p 00000000 00:00 0 
7d0eb0000000-7d0eb008b000 rw-p 00000000 00:00 0 
7d0eb008b000-7d0eb4000000 ---p 00000000 00:00 0 
7d0eb4000000-7d0eb41c0000 rw-p 00000000 00:00 0 
7d0eb41c0000-7d0eb4400000 rw-p 00000000 00:00 0 
7d0eb4400000-7d0eb4405000 r-xp 00000000 08:30 217760                     /opt/java/openjdk/lib/libmanagement_ext.so
7d0eb4405000-7d0eb4605000 ---p 00005000 08:30 217760                     /opt/java/openjdk/lib/libmanagement_ext.so
7d0eb4605000-7d0eb4606000 r--p 00005000 08:30 217760                     /opt/java/openjdk/lib/libmanagement_ext.so
7d0eb4606000-7d0eb4607000 rw-p 00006000 08:30 217760                     /opt/java/openjdk/lib/libmanagement_ext.so
7d0eb46ff000-7d0eb4700000 ---p 00000000 00:00 0 
7d0eb4700000-7d0eb4800000 rw-p 00000000 00:00 0 
7d0eb4800000-7d0eb4804000 r-xp 00000000 08:30 217758                     /opt/java/openjdk/lib/libmanagement.so
7d0eb4804000-7d0eb4a03000 ---p 00004000 08:30 217758                     /opt/java/openjdk/lib/libmanagement.so
7d0eb4a03000-7d0eb4a04000 r--p 00003000 08:30 217758                     /opt/java/openjdk/lib/libmanagement.so
7d0eb4a04000-7d0eb4a05000 rw-p 00004000 08:30 217758                     /opt/java/openjdk/lib/libmanagement.so
7d0eb4aff000-7d0eb4b00000 ---p 00000000 00:00 0 
7d0eb4b00000-7d0eb4e00000 rw-p 00000000 00:00 0 
7d0eb4e00000-7d0eb4e15000 r-xp 00000000 08:30 217766                     /opt/java/openjdk/lib/libnet.so
7d0eb4e15000-7d0eb5014000 ---p 00015000 08:30 217766                     /opt/java/openjdk/lib/libnet.so
7d0eb5014000-7d0eb5015000 r--p 00014000 08:30 217766                     /opt/java/openjdk/lib/libnet.so
7d0eb5015000-7d0eb5016000 rw-p 00015000 08:30 217766                     /opt/java/openjdk/lib/libnet.so
7d0eb50ff000-7d0eb5100000 ---p 00000000 00:00 0 
7d0eb5100000-7d0eb5200000 rw-p 00000000 00:00 0 
7d0eb5200000-7d0eb5210000 r-xp 00000000 08:30 217767                     /opt/java/openjdk/lib/libnio.so
7d0eb5210000-7d0eb540f000 ---p 00010000 08:30 217767                     /opt/java/openjdk/lib/libnio.so
7d0eb540f000-7d0eb5410000 r--p 0000f000 08:30 217767                     /opt/java/openjdk/lib/libnio.so
7d0eb5410000-7d0eb5411000 rw-p 00010000 08:30 217767                     /opt/java/openjdk/lib/libnio.so
7d0eb5415000-7d0eb5416000 ---p 00000000 00:00 0 
7d0eb5416000-7d0eb5516000 rw-p 00000000 00:00 0 
7d0eb5516000-7d0eb5517000 ---p 00000000 00:00 0 
7d0eb5517000-7d0eb5617000 rw-p 00000000 00:00 0 
7d0eb5617000-7d0eb561b000 ---p 00000000 00:00 0 
7d0eb561b000-7d0eb5717000 rw-p 00000000 00:00 0 
7d0eb5717000-7d0eb571b000 ---p 00000000 00:00 0 
7d0eb571b000-7d0eb5817000 rw-p 00000000 00:00 0 
7d0eb5817000-7d0eb581b000 ---p 00000000 00:00 0 
7d0eb581b000-7d0eb5917000 rw-p 00000000 00:00 0 
7d0eb5917000-7d0eb591b000 ---p 00000000 00:00 0 
7d0eb591b000-7d0eb5a17000 rw-p 00000000 00:00 0 
7d0eb5a17000-7d0eb5a1b000 ---p 00000000 00:00 0 
7d0eb5a1b000-7d0eb5b17000 rw-p 00000000 00:00 0 
7d0eb5b17000-7d0eb5e00000 r--p 00000000 08:30 204020                     /usr/lib/locale/locale-archive
7d0eb5e00000-7d0eb5e04000 ---p 00000000 00:00 0 
7d0eb5e04000-7d0eb5f00000 rw-p 00000000 00:00 0 
7d0eb5f00000-7d0eb5f04000 ---p 00000000 00:00 0 
7d0eb5f04000-7d0eb8000000 rw-p 00000000 00:00 0 
7d0eb8000000-7d0eb8021000 rw-p 00000000 00:00 0 
7d0eb8021000-7d0ebc000000 ---p 00000000 00:00 0 
7d0ebc0ef000-7d0ebc0f0000 ---p 00000000 00:00 0 
7d0ebc0f0000-7d0ebc9f0000 rw-p 00000000 00:00 0 
7d0ebc9f0000-7d0ebc9f1000 ---p 00000000 00:00 0 
7d0ebc9f1000-7d0ebcaf1000 rw-p 00000000 00:00 0 
7d0ebcaf1000-7d0ebcaf2000 ---p 00000000 00:00 0 
7d0ebcaf2000-7d0ebd8ff000 rw-p 00000000 00:00 0 
7d0ebd8ff000-7d0ebd900000 ---p 00000000 00:00 0 
7d0ebd900000-7d0ebe54c000 rw-p 00000000 00:00 0 
7d0ebe54c000-7d0ebe9f8000 ---p 00000000 00:00 0 
7d0ebe9f8000-7d0ebf54c000 rw-p 00000000 00:00 0 
7d0ebf54c000-7d0ebf9f8000 ---p 00000000 00:00 0 
7d0ebf9f8000-7d0ebfb6a000 rw-p 00000000 00:00 0 
7d0ebfb6a000-7d0ebfbff000 ---p 00000000 00:00 0 
7d0ebfbff000-7d0ebfd6a000 rw-p 00000000 00:00 0 
7d0ebfd6a000-7d0ebfdff000 ---p 00000000 00:00 0 
7d0ebfdff000-7d0ebff6a000 rw-p 00000000 00:00 0 
7d0ebff6a000-7d0ebffff000 ---p 00000000 00:00 0 
7d0ebffff000-7d0ec0000000 rw-p 00000000 00:00 0 
7d0ec0000000-7d0ec0052000 rw-p 00000000 00:00 0 
7d0ec0052000-7d0ec4000000 ---p 00000000 00:00 0 
7d0ec409d000-7d0ec409e000 ---p 00000000 00:00 0 
7d0ec409e000-7d0ec47a4000 rw-p 00000000 00:00 0 
7d0ec47a4000-7d0ec4a14000 rwxp 00000000 00:00 0 
7d0ec4a14000-7d0ec533e000 ---p 00000000 00:00 0 
7d0ec533e000-7d0ec6dfe000 rwxp 00000000 00:00 0 
7d0ec6dfe000-7d0ed37a4000 ---p 00000000 00:00 0 
7d0ed37a4000-7d0edc000000 r--s 00000000 08:30 217784                     /opt/java/openjdk/lib/modules
7d0edc000000-7d0ededf2000 rw-p 00000000 00:00 0 
7d0ededf2000-7d0ee0000000 ---p 00000000 00:00 0 
7d0ee00fb000-7d0ee0600000 rw-p 00000000 00:00 0 
7d0ee0600000-7d0ee061b000 r-xp 00000000 08:30 217783                     /opt/java/openjdk/lib/libzip.so
7d0ee061b000-7d0ee081a000 ---p 0001b000 08:30 217783                     /opt/java/openjdk/lib/libzip.so
7d0ee081a000-7d0ee081b000 r--p 0001a000 08:30 217783                     /opt/java/openjdk/lib/libzip.so
7d0ee081b000-7d0ee081c000 rw-p 0001b000 08:30 217783                     /opt/java/openjdk/lib/libzip.so
7d0ee08ff000-7d0ee0a00000 rw-p 00000000 00:00 0 
7d0ee0a00000-7d0ee0a1b000 r-xp 00000000 08:30 217748                     /opt/java/openjdk/lib/libjimage.so
7d0ee0a1b000-7d0ee0c1a000 ---p 0001b000 08:30 217748                     /opt/java/openjdk/lib/libjimage.so
7d0ee0c1a000-7d0ee0c1c000 r--p 0001a000 08:30 217748                     /opt/java/openjdk/lib/libjimage.so
7d0ee0c1c000-7d0ee0c1d000 rw-p 0001c000 08:30 217748                     /opt/java/openjdk/lib/libjimage.so
7d0ee0c2b000-7d0ee0c2f000 ---p 00000000 00:00 0 
7d0ee0c2f000-7d0ee0e00000 rw-p 00000000 00:00 0 
7d0ee0e00000-7d0ee0e29000 r-xp 00000000 08:30 217743                     /opt/java/openjdk/lib/libjava.so
7d0ee0e29000-7d0ee1028000 ---p 00029000 08:30 217743                     /opt/java/openjdk/lib/libjava.so
7d0ee1028000-7d0ee1029000 r--p 00028000 08:30 217743                     /opt/java/openjdk/lib/libjava.so
7d0ee1029000-7d0ee102a000 rw-p 00029000 08:30 217743                     /opt/java/openjdk/lib/libjava.so
7d0ee102a000-7d0ee102b000 rw-p 00000000 00:00 0 
7d0ee1039000-7d0ee103d000 ---p 00000000 00:00 0 
7d0ee103d000-7d0ee10ff000 rw-p 00000000 00:00 0 
7d0ee10ff000-7d0ee1100000 ---p 00000000 00:00 0 
7d0ee1100000-7d0ee1200000 rw-p 00000000 00:00 0 
7d0ee1200000-7d0ee120d000 r-xp 00000000 08:30 217782                     /opt/java/openjdk/lib/libverify.so
7d0ee120d000-7d0ee140c000 ---p 0000d000 08:30 217782                     /opt/java/openjdk/lib/libverify.so
7d0ee140c000-7d0ee140e000 r--p 0000c000 08:30 217782                     /opt/java/openjdk/lib/libverify.so
7d0ee140e000-7d0ee140f000 rw-p 0000e000 08:30 217782                     /opt/java/openjdk/lib/libverify.so
7d0ee1416000-7d0ee146d000 rw-p 00000000 00:00 0 
7d0ee146d000-7d0ee1600000 ---p 00000000 00:00 0 
7d0ee1600000-7d0ee2882000 r-xp 00000000 08:30 217819                     /opt/java/openjdk/lib/server/libjvm.so
7d0ee2882000-7d0ee2a81000 ---p 01282000 08:30 217819                     /opt/java/openjdk/lib/server/libjvm.so
7d0ee2a81000-7d0ee2b47000 r--p 01281000 08:30 217819                     /opt/java/openjdk/lib/server/libjvm.so
7d0ee2b47000-7d0ee2b82000 rw-p 01347000 08:30 217819                     /opt/java/openjdk/lib/server/libjvm.so
7d0ee2b82000-7d0ee2bda000 rw-p 00000000 00:00 0 
7d0ee2bf0000-7d0ee2bf4000 ---p 00000000 00:00 0 
7d0ee2bf4000-7d0ee2cf0000 rw-p 00000000 00:00 0 
7d0ee2cf0000-7d0ee2cfe000 r--p 00000000 08:30 201057                     /usr/lib/x86_64-linux-gnu/libm.so.6
7d0ee2cfe000-7d0ee2d7a000 r-xp 0000e000 08:30 201057                     /usr/lib/x86_64-linux-gnu/libm.so.6
7d0ee2d7a000-7d0ee2dd5000 r--p 0008a000 08:30 201057                     /usr/lib/x86_64-linux-gnu/libm.so.6
7d0ee2dd5000-7d0ee2dd6000 r--p 000e4000 08:30 201057                     /usr/lib/x86_64-linux-gnu/libm.so.6
7d0ee2dd6000-7d0ee2dd7000 rw-p 000e5000 08:30 201057                     /usr/lib/x86_64-linux-gnu/libm.so.6
7d0ee2dd7000-7d0ee2dff000 r--p 00000000 08:30 201005                     /usr/lib/x86_64-linux-gnu/libc.so.6
7d0ee2dff000-7d0ee2f94000 r-xp 00028000 08:30 201005                     /usr/lib/x86_64-linux-gnu/libc.so.6
7d0ee2f94000-7d0ee2fec000 r--p 001bd000 08:30 201005                     /usr/lib/x86_64-linux-gnu/libc.so.6
7d0ee2fec000-7d0ee2fed000 ---p 00215000 08:30 201005                     /usr/lib/x86_64-linux-gnu/libc.so.6
7d0ee2fed000-7d0ee2ff1000 r--p 00215000 08:30 201005                     /usr/lib/x86_64-linux-gnu/libc.so.6
7d0ee2ff1000-7d0ee2ff3000 rw-p 00219000 08:30 201005                     /usr/lib/x86_64-linux-gnu/libc.so.6
7d0ee2ff3000-7d0ee3000000 rw-p 00000000 00:00 0 
7d0ee3000000-7d0ee301a000 r-xp 00000000 08:30 217710                     /opt/java/openjdk/lib/jli/libjli.so
7d0ee301a000-7d0ee321a000 ---p 0001a000 08:30 217710                     /opt/java/openjdk/lib/jli/libjli.so
7d0ee321a000-7d0ee321b000 r--p 0001a000 08:30 217710                     /opt/java/openjdk/lib/jli/libjli.so
7d0ee321b000-7d0ee321c000 rw-p 0001b000 08:30 217710                     /opt/java/openjdk/lib/jli/libjli.so
7d0ee3223000-7d0ee322a000 r--s 00000000 08:30 200973                     /usr/lib/x86_64-linux-gnu/gconv/gconv-modules.cache
7d0ee322a000-7d0ee3292000 rw-p 00000000 00:00 0 
7d0ee3292000-7d0ee32a5000 ---p 00000000 00:00 0 
7d0ee32a5000-7d0ee32ad000 rw-s 00000000 08:30 421353                     /tmp/hsperfdata_spark/76361
7d0ee32ad000-7d0ee32ae000 r--p 00000000 08:30 201102                     /usr/lib/x86_64-linux-gnu/librt.so.1
7d0ee32ae000-7d0ee32af000 r-xp 00001000 08:30 201102                     /usr/lib/x86_64-linux-gnu/librt.so.1
7d0ee32af000-7d0ee32b0000 r--p 00002000 08:30 201102                     /usr/lib/x86_64-linux-gnu/librt.so.1
7d0ee32b0000-7d0ee32b1000 r--p 00002000 08:30 201102                     /usr/lib/x86_64-linux-gnu/librt.so.1
7d0ee32b1000-7d0ee32b2000 rw-p 00003000 08:30 201102                     /usr/lib/x86_64-linux-gnu/librt.so.1
7d0ee32b2000-7d0ee32b4000 rw-p 00000000 00:00 0 
7d0ee32b4000-7d0ee32b5000 r--p 00000000 08:30 201019                     /usr/lib/x86_64-linux-gnu/libdl.so.2
7d0ee32b5000-7d0ee32b6000 r-xp 00001000 08:30 201019                     /usr/lib/x86_64-linux-gnu/libdl.so.2
7d0ee32b6000-7d0ee32b7000 r--p 00002000 08:30 201019                     /usr/lib/x86_64-linux-gnu/libdl.so.2
7d0ee32b7000-7d0ee32b8000 r--p 00002000 08:30 201019                     /usr/lib/x86_64-linux-gnu/libdl.so.2
7d0ee32b8000-7d0ee32b9000 rw-p 00003000 08:30 201019                     /usr/lib/x86_64-linux-gnu/libdl.so.2
7d0ee32b9000-7d0ee32ba000 r--p 00000000 08:30 201100                     /usr/lib/x86_64-linux-gnu/libpthread.so.0
7d0ee32ba000-7d0ee32bb000 r-xp 00001000 08:30 201100                     /usr/lib/x86_64-linux-gnu/libpthread.so.0
7d0ee32bb000-7d0ee32bc000 r--p 00002000 08:30 201100                     /usr/lib/x86_64-linux-gnu/libpthread.so.0
7d0ee32bc000-7d0ee32bd000 r--p 00002000 08:30 201100                     /usr/lib/x86_64-linux-gnu/libpthread.so.0
7d0ee32bd000-7d0ee32be000 rw-p 00003000 08:30 201100                     /usr/lib/x86_64-linux-gnu/libpthread.so.0
7d0ee32c2000-7d0ee32c3000 ---p 00000000 00:00 0 
7d0ee32c3000-7d0ee32c4000 r--p 00000000 00:00 0 
7d0ee32c4000-7d0ee32c6000 rw-p 00000000 00:00 0 
7d0ee32c6000-7d0ee32c8000 r--p 00000000 08:30 200987                     /usr/lib/x86_64-linux-gnu/ld-linux-x86-64.so.2
7d0ee32c8000-7d0ee32f2000 r-xp 00002000 08:30 200987                     /usr/lib/x86_64-linux-gnu/ld-linux-x86-64.so.2
7d0ee32f2000-7d0ee32fd000 r--p 0002c000 08:30 200987                     /usr/lib/x86_64-linux-gnu/ld-linux-x86-64.so.2
7d0ee32fe000-7d0ee3300000 r--p 00037000 08:30 200987                     /usr/lib/x86_64-linux-gnu/ld-linux-x86-64.so.2
7d0ee3300000-7d0ee3302000 rw-p 00039000 08:30 200987                     /usr/lib/x86_64-linux-gnu/ld-linux-x86-64.so.2
7ffd2ef8d000-7ffd2efae000 rw-p 00000000 00:00 0                          [stack]
7ffd2eff9000-7ffd2effd000 r--p 00000000 00:00 0                          [vvar]
7ffd2effd000-7ffd2efff000 r-xp 00000000 00:00 0                          [vdso]


VM Arguments:
jvm_args: -Xmx1g -XX:TieredStopAtLevel=1 -XX:+IgnoreUnrecognizedVMOptions --add-opens=java.base/java.lang=ALL-UNNAMED --add-opens=java.base/java.lang.invoke=ALL-UNNAMED --add-opens=java.base/java.lang.reflect=ALL-UNNAMED --add-opens=java.base/java.io=ALL-UNNAMED --add-opens=java.base/java.net=ALL-UNNAMED --add-opens=java.base/java.nio=ALL-UNNAMED --add-opens=java.base/java.util=ALL-UNNAMED --add-opens=java.base/java.util.concurrent=ALL-UNNAMED --add-opens=java.base/java.util.concurrent.atomic=ALL-UNNAMED --add-opens=java.base/jdk.internal.ref=ALL-UNNAMED --add-opens=java.base/sun.nio.ch=ALL-UNNAMED --add-opens=java.base/sun.nio.cs=ALL-UNNAMED --add-opens=java.base/sun.security.action=ALL-UNNAMED --add-opens=java.base/sun.util.calendar=ALL-UNNAMED --add-opens=java.security.jgss/sun.security.krb5=ALL-UNNAMED -Djdk.reflect.useDirectMethodHandle=false 
java_command: org.apache.spark.deploy.SparkSubmit --conf spark.jars.ivy=/tmp/.ivy2 --conf spark.driver.extraJavaOptions=-XX:TieredStopAtLevel=1 --packages org.apache.iceberg:iceberg-spark-runtime-3.5_2.12:1.5.0,org.projectnessie.nessie-integrations:nessie-spark-extensions-3.5_2.12:0.77.1,org.apache.iceberg:iceberg-aws-bundle:1.5.0 /opt/spark/work-dir/complex_transforms/05_iceberg_transforms.py
java_class_path (initial): /opt/spark/conf:/opt/spark/jars/kubernetes-model-core-6.7.2.jar:/opt/spark/jars/scala-reflect-2.12.18.jar:/opt/spark/jars/libthrift-0.12.0.jar:/opt/spark/jars/jersey-hk2-2.47.jar:/opt/spark/jars/spark-common-utils_2.12-3.5.9.jar:/opt/spark/jars/kubernetes-model-events-6.7.2.jar:/opt/spark/jars/kubernetes-model-autoscaling-6.7.2.jar:/opt/spark/jars/log4j-1.2-api-2.20.0.jar:/opt/spark/jars/netty-codec-http2-4.1.96.Final.jar:/opt/spark/jars/arrow-memory-core-12.0.1.jar:/opt/spark/jars/stax-api-1.0.1.jar:/opt/spark/jars/spark-catalyst_2.12-3.5.9.jar:/opt/spark/jars/guava-14.0.1.jar:/opt/spark/jars/kubernetes-client-api-6.7.2.jar:/opt/spark/jars/osgi-resource-locator-1.0.3.jar:/opt/spark/jars/netty-handler-4.1.96.Final.jar:/opt/spark/jars/mesos-1.4.3-shaded-protobuf.jar:/opt/spark/jars/httpcore-4.4.16.jar:/opt/spark/jars/compress-lzf-1.1.2.jar:/opt/spark/jars/jsr305-3.0.0.jar:/opt/spark/jars/hive-storage-api-2.8.1.jar:/opt/spark/jars/ivy-2.5.3.jar:/opt/spark/jars/javolution-5.5.1.jar:/opt/spark/jars/netty-codec-socks-4.1.96.Final.jar:/opt/spark/jars/spark-sql-api_2.12-3.5.9.jar:/opt/spark/jars/netty-handler-proxy-4.1.96.Final.jar:/opt/spark/jars/audience-annotations-0.5.0.jar:/opt/spark/jars/kubernetes-client-6.7.2.jar:/opt/spark/jars/jakarta.inject-2.6.1.jar:/opt/spark/jars/aopalliance-repackaged-2.6.1.jar:/opt/spark/jars/commons-compiler-3.1.9.jar:/opt/spark/jars/netty-all-4.1.96.Final.jar:/opt/spark/jars/netty-transport-4.1.96.Final.jar:/opt/spark/jars/commons-logging-1.1.3.jar:/opt/spark/jars/zstd-jni-1.5.5-4.jar:/opt/spark/jars/xz-1.9.jar:/opt/spark/jars/lz4-java-1.8.0.jar:/opt/spark/jars/kubernetes-model-common-6.7.2.jar:/opt/spark/jars/curator-recipes-2.13.0.jar:/opt/spark/jars/jackson-databind-2.15.2.jar:/opt/spark/jars/kubernetes-model-node-6.7.2.jar:/opt/spark/jars/curator-framework-2.13.0.jar:/opt/spark/jars/shims-0.9.45.jar:/opt/spark/jars/jackson-dataformat-yaml-2.15.2.jar:/opt/spark/jars/jakarta.servlet-api-4.0.3.jar:/opt/spark/
Launcher Type: SUN_STANDARD

[Global flags]
     intx CICompilerCount                          = 12                                        {product} {ergonomic}
     uint ConcGCThreads                            = 3                                         {product} {ergonomic}
     uint G1ConcRefinementThreads                  = 13                                        {product} {ergonomic}
   size_t G1HeapRegionSize                         = 1048576                                   {product} {ergonomic}
    uintx GCDrainStackTargetSize                   = 64                                        {product} {ergonomic}
     bool IgnoreUnrecognizedVMOptions              = true                                      {product} {command line}
   size_t InitialHeapSize                          = 130023424                                 {product} {ergonomic}
   size_t MarkStackSize                            = 4194304                                   {product} {ergonomic}
   size_t MaxHeapSize                              = 1073741824                                {product} {command line}
   size_t MaxNewSize                               = 643825664                                 {product} {ergonomic}
   size_t MinHeapDeltaBytes                        = 1048576                                   {product} {ergonomic}
    uintx NonNMethodCodeHeapSize                   = 12163472                               {pd product} {ergonomic}
    uintx NonProfiledCodeHeapSize                  = 239494768                              {pd product} {ergonomic}
    uintx ProfiledCodeHeapSize                     = 0                                      {pd product} {ergonomic}
    uintx ReservedCodeCacheSize                    = 251658240                              {pd product} {ergonomic}
     bool SegmentedCodeCache                       = true                                      {product} {ergonomic}
     intx TieredStopAtLevel                        = 1                                         {product} {command line}
     bool UseCompressedClassPointers               = true                                 {lp64_product} {ergonomic}
     bool UseCompressedOops                        = true                                 {lp64_product} {ergonomic}
     bool UseG1GC                                  = true                                      {product} {ergonomic}

Logging:
Log output configuration:
 #0: stdout all=warning uptime,level,tags
 #1: stderr all=off uptime,level,tags

Environment Variables:
JAVA_HOME=/opt/java/openjdk
PATH=/opt/java/openjdk/bin:/usr/local/sbin:/usr/local/bin:/usr/sbin:/usr/bin:/sbin:/bin
LANG=en_US.UTF-8
LC_ALL=en_US.UTF-8

Signal Handlers:
SIGSEGV: [libjvm.so+0xf51250], sa_mask[0]=11111111011111111101111111111110, sa_flags=SA_RESTART|SA_SIGINFO
SIGBUS: [libjvm.so+0xf51250], sa_mask[0]=11111111011111111101111111111110, sa_flags=SA_RESTART|SA_SIGINFO
SIGFPE: [libjvm.so+0xf51250], sa_mask[0]=11111111011111111101111111111110, sa_flags=SA_RESTART|SA_SIGINFO
SIGPIPE: [libjvm.so+0xc72f40], sa_mask[0]=11111111011111111101111111111110, sa_flags=SA_RESTART|SA_SIGINFO
SIGXFSZ: [libjvm.so+0xc72f40], sa_mask[0]=11111111011111111101111111111110, sa_flags=SA_RESTART|SA_SIGINFO
SIGILL: [libjvm.so+0xf51250], sa_mask[0]=11111111011111111101111111111110, sa_flags=SA_RESTART|SA_SIGINFO
SIGUSR2: [libjvm.so+0xc72de0], sa_mask[0]=00000000000000000000000000000000, sa_flags=SA_RESTART|SA_SIGINFO
SIGHUP: [libjvm.so+0xc73370], sa_mask[0]=11111111011111111101111111111110, sa_flags=SA_RESTART|SA_SIGINFO
SIGINT: [libjvm.so+0xc73370], sa_mask[0]=11111111011111111101111111111110, sa_flags=SA_RESTART|SA_SIGINFO
SIGTERM: [libjvm.so+0xc73370], sa_mask[0]=11111111011111111101111111111110, sa_flags=SA_RESTART|SA_SIGINFO
SIGQUIT: [libjvm.so+0xc73370], sa_mask[0]=11111111011111111101111111111110, sa_flags=SA_RESTART|SA_SIGINFO


---------------  S Y S T E M  ---------------

OS:DISTRIB_ID=Ubuntu
DISTRIB_RELEASE=22.04
DISTRIB_CODENAME=jammy
DISTRIB_DESCRIPTION="Ubuntu 22.04.5 LTS"
uname:Linux 6.6.114.1-microsoft-standard-WSL2 #1 SMP PREEMPT_DYNAMIC Mon Dec  1 20:46:23 UTC 2025 x86_64
OS uptime: 0 days 2:07 hours
libc:glibc 2.35 NPTL 2.35 
rlimit (soft/hard): STACK 8192k/infinity , CORE 0k/infinity , NPROC infinity/infinity , NOFILE 1048576/1048576 , AS infinity/infinity , CPU infinity/infinity , DATA infinity/infinity , FSIZE infinity/infinity , MEMLOCK infinity/infinity
load average:13.79 11.57 6.96

/proc/meminfo:
MemTotal:        8036432 kB
MemFree:           85096 kB
MemAvailable:    1413148 kB
Buffers:            4184 kB
Cached:          1408900 kB
SwapCached:        14368 kB
Active:          2325348 kB
Inactive:        5113168 kB
Active(anon):    1366032 kB
Inactive(anon):  4662924 kB
Active(file):     959316 kB
Inactive(file):   450244 kB
Unevictable:           0 kB
Mlocked:               0 kB
SwapTotal:       2097152 kB
SwapFree:            368 kB
Dirty:            115420 kB
Writeback:           256 kB
AnonPages:       6010848 kB
Mapped:           120280 kB
Shmem:              3296 kB
KReclaimable:     114700 kB
Slab:             216096 kB
SReclaimable:     114700 kB
SUnreclaim:       101396 kB
KernelStack:       21792 kB
PageTables:        29180 kB
SecPageTables:         0 kB
NFS_Unstable:          0 kB
Bounce:                0 kB
WritebackTmp:          0 kB
CommitLimit:     6115368 kB
Committed_AS:   11313452 kB
VmallocTotal:   34359738367 kB
VmallocUsed:       47580 kB
VmallocChunk:          0 kB
Percpu:             6464 kB
HardwareCorrupted:     0 kB
AnonHugePages:         0 kB
ShmemHugePages:        0 kB
ShmemPmdMapped:        0 kB
FileHugePages:         0 kB
FilePmdMapped:         0 kB
Unaccepted:            0 kB
HugePages_Total:       0
HugePages_Free:        0
HugePages_Rsvd:        0
HugePages_Surp:        0
Hugepagesize:       2048 kB
Hugetlb:               0 kB
DirectMap4k:       84992 kB
DirectMap2M:     5062656 kB
DirectMap1G:    12582912 kB

/sys/kernel/mm/transparent_hugepage/enabled:
always [madvise] never
/sys/kernel/mm/transparent_hugepage/defrag (defrag/compaction efforts parameter):
always defer defer+madvise [madvise] never

Process Memory:
Virtual Size: 11331320K (peak: 12467828K)
Resident Set Size: 1198152K (peak: 1198152K) (anon: 1167996K, file: 30156K, shmem: 0K)
Swapped out: 0K

[error occurred during error reporting (printing OS information), id 0xb, SIGSEGV (0xb) at pc=0x00007d0ee2e77d98]

CPU:total 16 (initial active 16) (16 cores per cpu, 2 threads per core) family 25 model 68 stepping 1 microcode 0xffffffff, cmov, cx8, fxsr, mmx, sse, sse2, sse3, ssse3, sse4.1, sse4.2, popcnt, avx, avx2, aes, clmul, erms, mmxext, 3dnowpref, lzcnt, sse4a, ht, tsc, tscinvbit, tscinv, bmi1, bmi2, adx, sha, fma
CPU Model and flags from /proc/cpuinfo:
model name	: AMD Ryzen 7 7435HS
flags		: fpu vme de pse tsc msr pae mce cx8 apic sep mtrr pge mca cmov pat pse36 clflush mmx fxsr sse sse2 ht syscall nx mmxext fxsr_opt pdpe1gb rdtscp lm constant_tsc rep_good nopl tsc_reliable nonstop_tsc cpuid extd_apicid tsc_known_freq pni pclmulqdq ssse3 fma cx16 sse4_1 sse4_2 movbe popcnt aes xsave avx f16c rdrand hypervisor lahf_lm cmp_legacy svm cr8_legacy abm sse4a misalignsse 3dnowprefetch osvw topoext perfctr_core ssbd ibrs ibpb stibp vmmcall fsgsbase bmi1 avx2 smep bmi2 erms invpcid rdseed adx smap clflushopt clwb sha_ni xsaveopt xsavec xgetbv1 xsaves clzero xsaveerptr arat npt nrip_save tsc_scale vmcb_clean flushbyasid decodeassists pausefilter pfthreshold v_vmsave_vmload umip vaes vpclmulqdq rdpid fsrm
Online cpus:
0-15
Offline cpus:

BIOS frequency limitation:
<Not Available>
Frequency switch latency (ns):
<Not Available>
Available cpu frequencies:
<Not Available>
Current governor:
<Not Available>
Core performance/turbo boost:
<Not Available>

Memory: 4k page, physical 8036432k(85096k free), swap 2097152k(368k free)

vm_info: OpenJDK 64-Bit Server VM (11.0.31+11) for linux-amd64 JRE (11.0.31+11), built on Apr 25 2026 12:54:35 by "" with gcc 7.5.0

END.
