#
# A fatal error has been detected by the Java Runtime Environment:
#
#  Internal Error (signature.cpp:53), pid=76117, tid=76338
#  fatal error: expecting (
#
# JRE version: OpenJDK Runtime Environment Temurin-11.0.31+11 (11.0.31+11) (build 11.0.31+11)
# Java VM: OpenJDK 64-Bit Server VM Temurin-11.0.31+11 (11.0.31+11, mixed mode, sharing, tiered, compressed oops, g1 gc, linux-amd64)
# Core dump will be written. Default location: Core dumps may be processed with "/wsl-capture-crash %t %E %p %s" (or dumping to /opt/spark/work-dir/core.76117)
#
# If you would like to submit a bug report, please visit:
#   https://github.com/adoptium/adoptium-support/issues
#

---------------  S U M M A R Y ------------

Command Line: -Xmx1g -XX:TieredStopAtLevel=1 -XX:+IgnoreUnrecognizedVMOptions --add-opens=java.base/java.lang=ALL-UNNAMED --add-opens=java.base/java.lang.invoke=ALL-UNNAMED --add-opens=java.base/java.lang.reflect=ALL-UNNAMED --add-opens=java.base/java.io=ALL-UNNAMED --add-opens=java.base/java.net=ALL-UNNAMED --add-opens=java.base/java.nio=ALL-UNNAMED --add-opens=java.base/java.util=ALL-UNNAMED --add-opens=java.base/java.util.concurrent=ALL-UNNAMED --add-opens=java.base/java.util.concurrent.atomic=ALL-UNNAMED --add-opens=java.base/jdk.internal.ref=ALL-UNNAMED --add-opens=java.base/sun.nio.ch=ALL-UNNAMED --add-opens=java.base/sun.nio.cs=ALL-UNNAMED --add-opens=java.base/sun.security.action=ALL-UNNAMED --add-opens=java.base/sun.util.calendar=ALL-UNNAMED --add-opens=java.security.jgss/sun.security.krb5=ALL-UNNAMED -Djdk.reflect.useDirectMethodHandle=false org.apache.spark.deploy.SparkSubmit --conf spark.jars.ivy=/tmp/.ivy2 --conf spark.driver.extraJavaOptions=-XX:TieredStopAtLevel=1 --packages org.apache.iceberg:iceberg-spark-runtime-3.5_2.12:1.5.0,org.projectnessie.nessie-integrations:nessie-spark-extensions-3.5_2.12:0.77.1,software.amazon.awssdk:bundle:2.20.18,software.amazon.awssdk:url-connection-client:2.20.18 /opt/spark/work-dir/complex_transforms/05_iceberg_transforms.py

Host: AMD Ryzen 7 7435HS, 16 cores, 7G, Ubuntu 22.04.5 LTS
Time: Thu Oct  1 16:40:46 2026 UTC elapsed time: 30.029981 seconds (0d 0h 0m 30s)

---------------  T H R E A D  ---------------

Current thread (0x0000786138073800):  JavaThread "Executor task launch worker for task 188.0 in stage 0.0 (TID 188)" daemon [_thread_in_vm, id=76338, stack(0x0000786016d00000,0x0000786016e00000)]

Stack: [0x0000786016d00000,0x0000786016e00000],  sp=0x0000786016dfbec0,  free space=1007k
Native frames: (J=compiled Java code, A=aot compiled Java code, j=interpreted, Vv=VM code, C=native code)
V  [libjvm.so+0xf4f61a]  VMError::report_and_die(int, char const*, char const*, __va_list_tag*, Thread*, unsigned char*, void*, void*, char const*, int, unsigned long)+0x1ca
V  [libjvm.so+0x6d847f]  report_fatal(VMErrorType, char const*, int, char const*, ...)+0x10f
V  [libjvm.so+0xe1ed18]  SignatureIterator::iterate_parameters()+0x58
V  [libjvm.so+0x7a0943]  frame::interpreter_callee_receiver_addr(Symbol*)+0x43
V  [libjvm.so+0x8d8393]  InterpreterRuntime::resolve_invoke(JavaThread*, Bytecodes::Code)+0x1b3
V  [libjvm.so+0x8d94f5]  InterpreterRuntime::resolve_from_cache(JavaThread*, Bytecodes::Code)+0x165
j  org.apache.iceberg.shaded.io.netty.buffer.PoolArena.tcacheAllocateSmall+179
J 15323 c1 org.apache.iceberg.shaded.io.netty.buffer.PoolArena.allocate (90 bytes) @ 0x00007861e2a4cc24 [0x00007861e2a4cb00+0x0000000000000124]
J 14512 c1 org.apache.iceberg.shaded.io.netty.buffer.PooledByteBufAllocatorL$InnerAllocator.newDirectBufferL(II)Lorg/apache/iceberg/shaded/io/netty/buffer/UnsafeDirectLittleEndian; (197 bytes) @ 0x00007861e292b314 [0x00007861e292af20+0x00000000000003f4]
J 15309 c1 org.apache.iceberg.shaded.io.netty.buffer.PooledByteBufAllocatorL.allocate(J)Lorg/apache/iceberg/shaded/io/netty/buffer/UnsafeDirectLittleEndian; (47 bytes) @ 0x00007861e2a2a514 [0x00007861e2a2a480+0x0000000000000094]
J 15319 c1 org.apache.iceberg.shaded.org.apache.arrow.memory.NettyAllocationManager.<init>(Lorg/apache/iceberg/shaded/org/apache/arrow/memory/BufferAllocator;JI)V (75 bytes) @ 0x00007861e2a4bcf4 [0x00007861e2a4bc00+0x00000000000000f4]
J 14521 c1 org.apache.iceberg.shaded.org.apache.arrow.memory.NettyAllocationManager$1.create(Lorg/apache/iceberg/shaded/org/apache/arrow/memory/BufferAllocator;J)Lorg/apache/iceberg/shaded/org/apache/arrow/memory/AllocationManager; (10 bytes) @ 0x00007861e2931b14 [0x00007861e2931a40+0x00000000000000d4]
J 15308 c1 org.apache.iceberg.shaded.org.apache.arrow.memory.BaseAllocator.bufferWithoutReservation(JLorg/apache/iceberg/shaded/org/apache/arrow/memory/BufferManager;)Lorg/apache/iceberg/shaded/org/apache/arrow/memory/ArrowBuf; (58 bytes) @ 0x00007861e2a29f24 [0x00007861e2a29e80+0x00000000000000a4]
J 14519 c1 org.apache.iceberg.shaded.org.apache.arrow.memory.BaseAllocator.buffer(JLorg/apache/iceberg/shaded/org/apache/arrow/memory/BufferManager;)Lorg/apache/iceberg/shaded/org/apache/arrow/memory/ArrowBuf; (188 bytes) @ 0x00007861e293069c [0x00007861e2930320+0x000000000000037c]
J 15300 c1 org.apache.iceberg.shaded.org.apache.arrow.memory.BaseAllocator.buffer(J)Lorg/apache/iceberg/shaded/org/apache/arrow/memory/ArrowBuf; (11 bytes) @ 0x00007861e2a27df4 [0x00007861e2a27d60+0x0000000000000094]
j  org.apache.iceberg.shaded.org.apache.arrow.vector.BaseVariableWidthVector.reallocDataBuffer(J)V+42
J 13966 c1 org.apache.iceberg.shaded.org.apache.arrow.vector.BaseVariableWidthVector.handleSafe(II)V (64 bytes) @ 0x00007861e287f294 [0x00007861e287f0e0+0x00000000000001b4]
J 13968 c1 org.apache.iceberg.shaded.org.apache.arrow.vector.BaseVariableWidthVector.setValueLengthSafe(II)V (57 bytes) @ 0x00007861e287e95c [0x00007861e287e8e0+0x000000000000007c]
J 13961 c1 org.apache.iceberg.arrow.vectorized.parquet.VectorizedParquetDefinitionLevelReader$VarWidthReader.nextVal(Lorg/apache/iceberg/shaded/org/apache/arrow/vector/FieldVector;ILorg/apache/iceberg/parquet/ValuesAsBytesReader;I[B)V (70 bytes) @ 0x00007861e287bcdc [0x00007861e287bbc0+0x000000000000011c]
J 15543 c1 org.apache.iceberg.arrow.vectorized.parquet.VectorizedParquetDefinitionLevelReader$BaseReader.nextBatch(Lorg/apache/iceberg/shaded/org/apache/arrow/vector/FieldVector;IIILorg/apache/iceberg/arrow/vectorized/NullabilityHolder;Lorg/apache/iceberg/parquet/ValuesAsBytesReader;)V (298 bytes) @ 0x00007861e2a6b794 [0x00007861e2a6b340+0x0000000000000454]
J 17665 c1 org.apache.iceberg.arrow.vectorized.parquet.VectorizedPageIterator$VarWidthTypePageReader.nextVal(Lorg/apache/iceberg/shaded/org/apache/arrow/vector/FieldVector;IIILorg/apache/iceberg/arrow/vectorized/NullabilityHolder;)V (28 bytes) @ 0x00007861e2dc2c34 [0x00007861e2dc2ae0+0x0000000000000154]
J 16632 c1 org.apache.iceberg.arrow.vectorized.parquet.VectorizedPageIterator$BasePageReader.nextBatch(Lorg/apache/iceberg/shaded/org/apache/arrow/vector/FieldVector;IIILorg/apache/iceberg/arrow/vectorized/NullabilityHolder;)I (100 bytes) @ 0x00007861e2c377c4 [0x00007861e2c376e0+0x00000000000000e4]
J 17664 c1 org.apache.iceberg.arrow.vectorized.parquet.VectorizedColumnIterator$VarWidthTypeBatchReader.nextBatchOf(Lorg/apache/iceberg/shaded/org/apache/arrow/vector/FieldVector;IIILorg/apache/iceberg/arrow/vectorized/NullabilityHolder;)I (21 bytes) @ 0x00007861e2dc2684 [0x00007861e2dc2560+0x0000000000000124]
J 15583 c1 org.apache.iceberg.arrow.vectorized.parquet.VectorizedColumnIterator$BatchReader.nextBatch(Lorg/apache/iceberg/shaded/org/apache/arrow/vector/FieldVector;ILorg/apache/iceberg/arrow/vectorized/NullabilityHolder;)V (83 bytes) @ 0x00007861e2a794dc [0x00007861e2a793e0+0x00000000000000fc]
J 15600 c1 org.apache.iceberg.arrow.vectorized.VectorizedArrowReader.read(Lorg/apache/iceberg/arrow/vectorized/VectorHolder;I)Lorg/apache/iceberg/arrow/vectorized/VectorHolder; (496 bytes) @ 0x00007861e2a8e194 [0x00007861e2a8dd40+0x0000000000000454]
J 16888 c1 org.apache.iceberg.spark.data.vectorized.ColumnarBatchReader$ColumnBatchLoader.readDataToColumnVectors()[Lorg/apache/spark/sql/vectorized/ColumnVector; (144 bytes) @ 0x00007861e2c944ac [0x00007861e2c94300+0x00000000000001ac]
J 17249 c1 org.apache.iceberg.spark.data.vectorized.ColumnarBatchReader$ColumnBatchLoader.loadDataToColumnBatch()Lorg/apache/spark/sql/vectorized/ColumnarBatch; (90 bytes) @ 0x00007861e2d2567c [0x00007861e2d25600+0x000000000000007c]
J 17217 c1 org.apache.iceberg.spark.data.vectorized.ColumnarBatchReader.read(Ljava/lang/Object;I)Ljava/lang/Object; (10 bytes) @ 0x00007861e2d1ae9c [0x00007861e2d1ad60+0x000000000000013c]
J 17726 c1 org.apache.iceberg.parquet.VectorizedParquetReader$FileIterator.next()Ljava/lang/Object; (109 bytes) @ 0x00007861e2ddc974 [0x00007861e2ddc880+0x00000000000000f4]
J 16736 c1 org.apache.iceberg.spark.source.BaseReader.next()Z (156 bytes) @ 0x00007861e2c5952c [0x00007861e2c59320+0x000000000000020c]
J 15548 c1 org.apache.spark.sql.execution.datasources.v2.PartitionIterator.hasNext()Z (43 bytes) @ 0x00007861e2a70bd4 [0x00007861e2a70b40+0x0000000000000094]
J 15885 c1 org.apache.spark.sql.execution.datasources.v2.MetricsIterator.hasNext()Z (20 bytes) @ 0x00007861e2b048cc [0x00007861e2b04860+0x000000000000006c]
J 15726 c1 org.apache.spark.sql.execution.datasources.v2.DataSourceRDD$$anon$1.hasNext()Z (28 bytes) @ 0x00007861e2abee7c [0x00007861e2abed80+0x00000000000000fc]
J 16735 c1 org.apache.spark.InterruptibleIterator.hasNext()Z (17 bytes) @ 0x00007861e2c5b264 [0x00007861e2c5b1e0+0x0000000000000084]
J 5045 c1 scala.collection.Iterator$$anon$10.hasNext()Z (10 bytes) @ 0x00007861e1b03824 [0x00007861e1b037c0+0x0000000000000064]
J 16734 c1 org.apache.spark.sql.catalyst.expressions.GeneratedClass$GeneratedIteratorForCodegenStage1.columnartorow_nextBatch_0$(Lorg/apache/spark/sql/catalyst/expressions/GeneratedClass$GeneratedIteratorForCodegenStage1;)V (158 bytes) @ 0x00007861e2c59f3c [0x00007861e2c59f00+0x000000000000003c]
J 15546 c1 org.apache.spark.sql.catalyst.expressions.GeneratedClass$GeneratedIteratorForCodegenStage1.hashAgg_doAggregateWithKeys_0$(Lorg/apache/spark/sql/catalyst/expressions/GeneratedClass$GeneratedIteratorForCodegenStage1;)V (413 bytes) @ 0x00007861e2a6efe4 [0x00007861e2a6e9a0+0x0000000000000644]
J 14854 c1 org.apache.spark.sql.catalyst.expressions.GeneratedClass$GeneratedIteratorForCodegenStage1.processNext()V (249 bytes) @ 0x00007861e298ba9c [0x00007861e298b640+0x000000000000045c]
J 14846 c1 org.apache.spark.sql.execution.WholeStageCodegenEvaluatorFactory$WholeStageCodegenPartitionEvaluator$$anon$1.hasNext()Z (37 bytes) @ 0x00007861e29949f4 [0x00007861e2994960+0x0000000000000094]
J 5045 c1 scala.collection.Iterator$$anon$10.hasNext()Z (10 bytes) @ 0x00007861e1b03824 [0x00007861e1b037c0+0x0000000000000064]
J 17636 c1 org.apache.spark.shuffle.sort.BypassMergeSortShuffleWriter.write(Lscala/collection/Iterator;)V (504 bytes) @ 0x00007861e2db038c [0x00007861e2db02e0+0x00000000000000ac]
j  org.apache.spark.shuffle.ShuffleWriteProcessor.write(Lorg/apache/spark/rdd/RDD;Lorg/apache/spark/ShuffleDependency;JLorg/apache/spark/TaskContext;Lorg/apache/spark/Partition;)Lorg/apache/spark/scheduler/MapStatus;+46
j  org.apache.spark.scheduler.ShuffleMapTask.runTask(Lorg/apache/spark/TaskContext;)Lorg/apache/spark/scheduler/MapStatus;+189
j  org.apache.spark.scheduler.ShuffleMapTask.runTask(Lorg/apache/spark/TaskContext;)Ljava/lang/Object;+2
j  org.apache.spark.TaskContext.runTaskWithListeners(Lorg/apache/spark/scheduler/Task;)Ljava/lang/Object;+2
j  org.apache.spark.scheduler.Task.run(JILorg/apache/spark/metrics/MetricsSystem;ILscala/collection/immutable/Map;Lscala/Option;)Ljava/lang/Object;+254
j  org.apache.spark.executor.Executor$TaskRunner.$anonfun$run$4(Lorg/apache/spark/executor/Executor$TaskRunner;Lscala/runtime/BooleanRef;)Ljava/lang/Object;+43
j  org.apache.spark.executor.Executor$TaskRunner$$Lambda$3862.apply()Ljava/lang/Object;+8
J 14934 c1 org.apache.spark.util.SparkErrorUtils.tryWithSafeFinally(Lscala/Function0;Lscala/Function0;)Ljava/lang/Object; (211 bytes) @ 0x00007861e29b310c [0x00007861e29b30a0+0x000000000000006c]
J 14935 c1 org.apache.spark.util.Utils$.tryWithSafeFinally(Lscala/Function0;Lscala/Function0;)Ljava/lang/Object; (7 bytes) @ 0x00007861e29b3914 [0x00007861e29b38c0+0x0000000000000054]
j  org.apache.spark.executor.Executor$TaskRunner.run()V+560
j  java.util.concurrent.ThreadPoolExecutor.runWorker(Ljava/util/concurrent/ThreadPoolExecutor$Worker;)V+92 java.base@11.0.31
j  java.util.concurrent.ThreadPoolExecutor$Worker.run()V+5 java.base@11.0.31
j  java.lang.Thread.run()V+11 java.base@11.0.31
v  ~StubRoutines::call_stub
V  [libjvm.so+0x8e2bdb]  JavaCalls::call_helper(JavaValue*, methodHandle const&, JavaCallArguments*, Thread*)+0x39b
V  [libjvm.so+0x8e0b9d]  JavaCalls::call_virtual(JavaValue*, Handle, Klass*, Symbol*, Symbol*, Thread*)+0x1ed
V  [libjvm.so+0x98f58c]  thread_entry(JavaThread*, Thread*)+0x6c
V  [libjvm.so+0xee364a]  JavaThread::thread_main_inner()+0x1ba
V  [libjvm.so+0xee028f]  Thread::call_run()+0x14f
V  [libjvm.so+0xc7e016]  thread_native_entry(Thread*)+0xe6

Java frames: (J=compiled Java code, j=interpreted, Vv=VM code)
j  org.apache.iceberg.shaded.io.netty.buffer.PoolArena.tcacheAllocateSmall+179
J 15323 c1 org.apache.iceberg.shaded.io.netty.buffer.PoolArena.allocate (90 bytes) @ 0x00007861e2a4cc24 [0x00007861e2a4cb00+0x0000000000000124]
J 14512 c1 org.apache.iceberg.shaded.io.netty.buffer.PooledByteBufAllocatorL$InnerAllocator.newDirectBufferL(II)Lorg/apache/iceberg/shaded/io/netty/buffer/UnsafeDirectLittleEndian; (197 bytes) @ 0x00007861e292b314 [0x00007861e292af20+0x00000000000003f4]
J 15309 c1 org.apache.iceberg.shaded.io.netty.buffer.PooledByteBufAllocatorL.allocate(J)Lorg/apache/iceberg/shaded/io/netty/buffer/UnsafeDirectLittleEndian; (47 bytes) @ 0x00007861e2a2a514 [0x00007861e2a2a480+0x0000000000000094]
J 15319 c1 org.apache.iceberg.shaded.org.apache.arrow.memory.NettyAllocationManager.<init>(Lorg/apache/iceberg/shaded/org/apache/arrow/memory/BufferAllocator;JI)V (75 bytes) @ 0x00007861e2a4bcf4 [0x00007861e2a4bc00+0x00000000000000f4]
J 14521 c1 org.apache.iceberg.shaded.org.apache.arrow.memory.NettyAllocationManager$1.create(Lorg/apache/iceberg/shaded/org/apache/arrow/memory/BufferAllocator;J)Lorg/apache/iceberg/shaded/org/apache/arrow/memory/AllocationManager; (10 bytes) @ 0x00007861e2931b14 [0x00007861e2931a40+0x00000000000000d4]
J 15308 c1 org.apache.iceberg.shaded.org.apache.arrow.memory.BaseAllocator.bufferWithoutReservation(JLorg/apache/iceberg/shaded/org/apache/arrow/memory/BufferManager;)Lorg/apache/iceberg/shaded/org/apache/arrow/memory/ArrowBuf; (58 bytes) @ 0x00007861e2a29f24 [0x00007861e2a29e80+0x00000000000000a4]
J 14519 c1 org.apache.iceberg.shaded.org.apache.arrow.memory.BaseAllocator.buffer(JLorg/apache/iceberg/shaded/org/apache/arrow/memory/BufferManager;)Lorg/apache/iceberg/shaded/org/apache/arrow/memory/ArrowBuf; (188 bytes) @ 0x00007861e293069c [0x00007861e2930320+0x000000000000037c]
J 15300 c1 org.apache.iceberg.shaded.org.apache.arrow.memory.BaseAllocator.buffer(J)Lorg/apache/iceberg/shaded/org/apache/arrow/memory/ArrowBuf; (11 bytes) @ 0x00007861e2a27df4 [0x00007861e2a27d60+0x0000000000000094]
j  org.apache.iceberg.shaded.org.apache.arrow.vector.BaseVariableWidthVector.reallocDataBuffer(J)V+42
J 13966 c1 org.apache.iceberg.shaded.org.apache.arrow.vector.BaseVariableWidthVector.handleSafe(II)V (64 bytes) @ 0x00007861e287f294 [0x00007861e287f0e0+0x00000000000001b4]
J 13968 c1 org.apache.iceberg.shaded.org.apache.arrow.vector.BaseVariableWidthVector.setValueLengthSafe(II)V (57 bytes) @ 0x00007861e287e95c [0x00007861e287e8e0+0x000000000000007c]
J 13961 c1 org.apache.iceberg.arrow.vectorized.parquet.VectorizedParquetDefinitionLevelReader$VarWidthReader.nextVal(Lorg/apache/iceberg/shaded/org/apache/arrow/vector/FieldVector;ILorg/apache/iceberg/parquet/ValuesAsBytesReader;I[B)V (70 bytes) @ 0x00007861e287bcdc [0x00007861e287bbc0+0x000000000000011c]
J 15543 c1 org.apache.iceberg.arrow.vectorized.parquet.VectorizedParquetDefinitionLevelReader$BaseReader.nextBatch(Lorg/apache/iceberg/shaded/org/apache/arrow/vector/FieldVector;IIILorg/apache/iceberg/arrow/vectorized/NullabilityHolder;Lorg/apache/iceberg/parquet/ValuesAsBytesReader;)V (298 bytes) @ 0x00007861e2a6b794 [0x00007861e2a6b340+0x0000000000000454]
J 17665 c1 org.apache.iceberg.arrow.vectorized.parquet.VectorizedPageIterator$VarWidthTypePageReader.nextVal(Lorg/apache/iceberg/shaded/org/apache/arrow/vector/FieldVector;IIILorg/apache/iceberg/arrow/vectorized/NullabilityHolder;)V (28 bytes) @ 0x00007861e2dc2c34 [0x00007861e2dc2ae0+0x0000000000000154]
J 16632 c1 org.apache.iceberg.arrow.vectorized.parquet.VectorizedPageIterator$BasePageReader.nextBatch(Lorg/apache/iceberg/shaded/org/apache/arrow/vector/FieldVector;IIILorg/apache/iceberg/arrow/vectorized/NullabilityHolder;)I (100 bytes) @ 0x00007861e2c377c4 [0x00007861e2c376e0+0x00000000000000e4]
J 17664 c1 org.apache.iceberg.arrow.vectorized.parquet.VectorizedColumnIterator$VarWidthTypeBatchReader.nextBatchOf(Lorg/apache/iceberg/shaded/org/apache/arrow/vector/FieldVector;IIILorg/apache/iceberg/arrow/vectorized/NullabilityHolder;)I (21 bytes) @ 0x00007861e2dc2684 [0x00007861e2dc2560+0x0000000000000124]
J 15583 c1 org.apache.iceberg.arrow.vectorized.parquet.VectorizedColumnIterator$BatchReader.nextBatch(Lorg/apache/iceberg/shaded/org/apache/arrow/vector/FieldVector;ILorg/apache/iceberg/arrow/vectorized/NullabilityHolder;)V (83 bytes) @ 0x00007861e2a794dc [0x00007861e2a793e0+0x00000000000000fc]
J 15600 c1 org.apache.iceberg.arrow.vectorized.VectorizedArrowReader.read(Lorg/apache/iceberg/arrow/vectorized/VectorHolder;I)Lorg/apache/iceberg/arrow/vectorized/VectorHolder; (496 bytes) @ 0x00007861e2a8e194 [0x00007861e2a8dd40+0x0000000000000454]
J 16888 c1 org.apache.iceberg.spark.data.vectorized.ColumnarBatchReader$ColumnBatchLoader.readDataToColumnVectors()[Lorg/apache/spark/sql/vectorized/ColumnVector; (144 bytes) @ 0x00007861e2c944ac [0x00007861e2c94300+0x00000000000001ac]
J 17249 c1 org.apache.iceberg.spark.data.vectorized.ColumnarBatchReader$ColumnBatchLoader.loadDataToColumnBatch()Lorg/apache/spark/sql/vectorized/ColumnarBatch; (90 bytes) @ 0x00007861e2d2567c [0x00007861e2d25600+0x000000000000007c]
J 17217 c1 org.apache.iceberg.spark.data.vectorized.ColumnarBatchReader.read(Ljava/lang/Object;I)Ljava/lang/Object; (10 bytes) @ 0x00007861e2d1ae9c [0x00007861e2d1ad60+0x000000000000013c]
J 17726 c1 org.apache.iceberg.parquet.VectorizedParquetReader$FileIterator.next()Ljava/lang/Object; (109 bytes) @ 0x00007861e2ddc974 [0x00007861e2ddc880+0x00000000000000f4]
J 16736 c1 org.apache.iceberg.spark.source.BaseReader.next()Z (156 bytes) @ 0x00007861e2c5952c [0x00007861e2c59320+0x000000000000020c]
J 15548 c1 org.apache.spark.sql.execution.datasources.v2.PartitionIterator.hasNext()Z (43 bytes) @ 0x00007861e2a70bd4 [0x00007861e2a70b40+0x0000000000000094]
J 15885 c1 org.apache.spark.sql.execution.datasources.v2.MetricsIterator.hasNext()Z (20 bytes) @ 0x00007861e2b048cc [0x00007861e2b04860+0x000000000000006c]
J 15726 c1 org.apache.spark.sql.execution.datasources.v2.DataSourceRDD$$anon$1.hasNext()Z (28 bytes) @ 0x00007861e2abee7c [0x00007861e2abed80+0x00000000000000fc]
J 16735 c1 org.apache.spark.InterruptibleIterator.hasNext()Z (17 bytes) @ 0x00007861e2c5b264 [0x00007861e2c5b1e0+0x0000000000000084]
J 5045 c1 scala.collection.Iterator$$anon$10.hasNext()Z (10 bytes) @ 0x00007861e1b03824 [0x00007861e1b037c0+0x0000000000000064]
J 16734 c1 org.apache.spark.sql.catalyst.expressions.GeneratedClass$GeneratedIteratorForCodegenStage1.columnartorow_nextBatch_0$(Lorg/apache/spark/sql/catalyst/expressions/GeneratedClass$GeneratedIteratorForCodegenStage1;)V (158 bytes) @ 0x00007861e2c59f3c [0x00007861e2c59f00+0x000000000000003c]
J 15546 c1 org.apache.spark.sql.catalyst.expressions.GeneratedClass$GeneratedIteratorForCodegenStage1.hashAgg_doAggregateWithKeys_0$(Lorg/apache/spark/sql/catalyst/expressions/GeneratedClass$GeneratedIteratorForCodegenStage1;)V (413 bytes) @ 0x00007861e2a6efe4 [0x00007861e2a6e9a0+0x0000000000000644]
J 14854 c1 org.apache.spark.sql.catalyst.expressions.GeneratedClass$GeneratedIteratorForCodegenStage1.processNext()V (249 bytes) @ 0x00007861e298ba9c [0x00007861e298b640+0x000000000000045c]
J 14846 c1 org.apache.spark.sql.execution.WholeStageCodegenEvaluatorFactory$WholeStageCodegenPartitionEvaluator$$anon$1.hasNext()Z (37 bytes) @ 0x00007861e29949f4 [0x00007861e2994960+0x0000000000000094]
J 5045 c1 scala.collection.Iterator$$anon$10.hasNext()Z (10 bytes) @ 0x00007861e1b03824 [0x00007861e1b037c0+0x0000000000000064]
J 17636 c1 org.apache.spark.shuffle.sort.BypassMergeSortShuffleWriter.write(Lscala/collection/Iterator;)V (504 bytes) @ 0x00007861e2db038c [0x00007861e2db02e0+0x00000000000000ac]
j  org.apache.spark.shuffle.ShuffleWriteProcessor.write(Lorg/apache/spark/rdd/RDD;Lorg/apache/spark/ShuffleDependency;JLorg/apache/spark/TaskContext;Lorg/apache/spark/Partition;)Lorg/apache/spark/scheduler/MapStatus;+46
j  org.apache.spark.scheduler.ShuffleMapTask.runTask(Lorg/apache/spark/TaskContext;)Lorg/apache/spark/scheduler/MapStatus;+189
j  org.apache.spark.scheduler.ShuffleMapTask.runTask(Lorg/apache/spark/TaskContext;)Ljava/lang/Object;+2
j  org.apache.spark.TaskContext.runTaskWithListeners(Lorg/apache/spark/scheduler/Task;)Ljava/lang/Object;+2
j  org.apache.spark.scheduler.Task.run(JILorg/apache/spark/metrics/MetricsSystem;ILscala/collection/immutable/Map;Lscala/Option;)Ljava/lang/Object;+254
j  org.apache.spark.executor.Executor$TaskRunner.$anonfun$run$4(Lorg/apache/spark/executor/Executor$TaskRunner;Lscala/runtime/BooleanRef;)Ljava/lang/Object;+43
j  org.apache.spark.executor.Executor$TaskRunner$$Lambda$3862.apply()Ljava/lang/Object;+8
J 14934 c1 org.apache.spark.util.SparkErrorUtils.tryWithSafeFinally(Lscala/Function0;Lscala/Function0;)Ljava/lang/Object; (211 bytes) @ 0x00007861e29b310c [0x00007861e29b30a0+0x000000000000006c]
J 14935 c1 org.apache.spark.util.Utils$.tryWithSafeFinally(Lscala/Function0;Lscala/Function0;)Ljava/lang/Object; (7 bytes) @ 0x00007861e29b3914 [0x00007861e29b38c0+0x0000000000000054]
j  org.apache.spark.executor.Executor$TaskRunner.run()V+560
j  java.util.concurrent.ThreadPoolExecutor.runWorker(Ljava/util/concurrent/ThreadPoolExecutor$Worker;)V+92 java.base@11.0.31
j  java.util.concurrent.ThreadPoolExecutor$Worker.run()V+5 java.base@11.0.31
j  java.lang.Thread.run()V+11 java.base@11.0.31
v  ~StubRoutines::call_stub

---------------  P R O C E S S  ---------------

Threads class SMR info:
_java_thread_list=0x000059b5ba921a00, length=118, elements={
0x00007861f802a800, 0x00007861f812f000, 0x00007861f8131800, 0x00007861f8137000,
0x00007861f8139000, 0x00007861f813b000, 0x00007861f813d000, 0x00007861f817c000,
0x00007861fada3800, 0x00007861faeb4800, 0x00007861faf16800, 0x00007861faf1c800,
0x0000786180007000, 0x000078617c338000, 0x000078617c33d000, 0x000078617c33e800,
0x000078617c340000, 0x000078617c342000, 0x000078617c344000, 0x000078617c346000,
0x000078617c348000, 0x000078617c34a000, 0x000078617c34c000, 0x000078617c34e000,
0x000078617c350000, 0x000078617c352000, 0x000078617c354000, 0x000078617c356000,
0x000078617c358000, 0x000078617c35a000, 0x000078617c392000, 0x000078617c3a0800,
0x000078617c3a2800, 0x000078617c3a7800, 0x000078617c3a9000, 0x000078617c3ab000,
0x000078617c3ad000, 0x000078617c3af000, 0x000078617c425000, 0x000078617c480000,
0x000078617c484000, 0x0000786180009800, 0x000078617c58d000, 0x000078617c58e800,
0x000078617c590800, 0x000078617c592000, 0x000078617c594000, 0x000078617c596000,
0x000078617c598000, 0x000078617c59a000, 0x000078617c5d2000, 0x000078617c5ec800,
0x000078617c615000, 0x000078617c61b800, 0x00007860b8002800, 0x00007860bc009800,
0x000078617c621000, 0x000078617c622800, 0x000078617c65a800, 0x000078617c662000,
0x000078617c672000, 0x000078617c676000, 0x000078617c6af800, 0x000078616c006800,
0x000078617c6c5000, 0x000078617c814000, 0x000078617c816800, 0x000078617c820800,
0x000078617c823000, 0x0000786080038800, 0x000078617da71800, 0x0000786070009800,
0x000078607000c000, 0x000078607000e800, 0x000078607c002000, 0x000078607c004000,
0x000078607c006800, 0x000078605c002000, 0x000078617ddb4000, 0x000078617d373000,
0x000078617d53f800, 0x000078617d540800, 0x000078617d542800, 0x000078617d544000,
0x000078617d546000, 0x000078617e736800, 0x000078617e738800, 0x000078617e73a800,
0x000078617e73c800, 0x000078617c8bc000, 0x000078617c8be000, 0x000078617c8c0000,
0x000078617c8c2000, 0x000078617d0d3800, 0x000078617d0d5800, 0x0000786138060000,
0x0000786138061000, 0x0000786138063000, 0x0000786138065000, 0x0000786138067000,
0x000078613806d800, 0x000078613806f000, 0x0000786138071800, 0x0000786138073800,
0x0000786138075800, 0x0000786138077800, 0x0000786138079800, 0x000078613807c000,
0x000078613807e000, 0x0000786138080800, 0x0000786138082800, 0x0000785fe402d000,
0x0000786130002000, 0x0000786130003800, 0x0000786160002800, 0x0000786164001000,
0x0000785fd8052800, 0x000059b5ba920000
}

Java Threads: ( => current thread )
  0x00007861f802a800 JavaThread "main" [_thread_blocked, id=76145, stack(0x00007861ff6d7000,0x00007861ff7d7000)]
  0x00007861f812f000 JavaThread "Reference Handler" daemon [_thread_blocked, id=76152, stack(0x00007861d29f3000,0x00007861d2af3000)]
  0x00007861f8131800 JavaThread "Finalizer" daemon [_thread_blocked, id=76153, stack(0x00007861d28f3000,0x00007861d29f3000)]
  0x00007861f8137000 JavaThread "Signal Dispatcher" daemon [_thread_blocked, id=76154, stack(0x00007861d250a000,0x00007861d260a000)]
  0x00007861f8139000 JavaThread "Service Thread" daemon [_thread_blocked, id=76155, stack(0x00007861d240a000,0x00007861d250a000)]
  0x00007861f813b000 JavaThread "C1 CompilerThread0" daemon [_thread_blocked, id=76156, stack(0x00007861d230a000,0x00007861d240a000)]
  0x00007861f813d000 JavaThread "Sweeper thread" daemon [_thread_blocked, id=76157, stack(0x00007861d220a000,0x00007861d230a000)]
  0x00007861f817c000 JavaThread "Common-Cleaner" daemon [_thread_blocked, id=76158, stack(0x00007861d210a000,0x00007861d220a000)]
  0x00007861fada3800 JavaThread "process reaper (pid 76170)" daemon [_thread_in_native, id=76165, stack(0x00007861fde15000,0x00007861fde37000)]
  0x00007861faeb4800 JavaThread "org.apache.hadoop.fs.FileSystem$Statistics$StatisticsDataReferenceCleaner" daemon [_thread_blocked, id=76167, stack(0x00007861d0100000,0x00007861d0200000)]
  0x00007861faf16800 JavaThread "Thread-3" [_thread_in_native, id=76168, stack(0x00007861d0000000,0x00007861d0100000)]
  0x00007861faf1c800 JavaThread "redirect output" daemon [_thread_in_native, id=76171, stack(0x0000786187f00000,0x0000786188000000)]
  0x0000786180007000 JavaThread "Thread-5" [_thread_blocked, id=76173, stack(0x0000786187900000,0x0000786187a00000)]
  0x000078617c338000 JavaThread "rpc-boss-3-1" daemon [_thread_in_native, id=76177, stack(0x0000786186bfd000,0x0000786186cfd000)]
  0x000078617c33d000 JavaThread "dispatcher-event-loop-0" daemon [_thread_blocked, id=76178, stack(0x0000786186afd000,0x0000786186bfd000)]
  0x000078617c33e800 JavaThread "dispatcher-event-loop-1" daemon [_thread_blocked, id=76179, stack(0x00007861869fd000,0x0000786186afd000)]
  0x000078617c340000 JavaThread "dispatcher-event-loop-2" daemon [_thread_blocked, id=76180, stack(0x00007861868fd000,0x00007861869fd000)]
  0x000078617c342000 JavaThread "dispatcher-event-loop-3" daemon [_thread_blocked, id=76181, stack(0x00007861867fd000,0x00007861868fd000)]
  0x000078617c344000 JavaThread "dispatcher-event-loop-4" daemon [_thread_blocked, id=76182, stack(0x00007861866fd000,0x00007861867fd000)]
  0x000078617c346000 JavaThread "dispatcher-event-loop-5" daemon [_thread_blocked, id=76183, stack(0x00007861865fd000,0x00007861866fd000)]
  0x000078617c348000 JavaThread "dispatcher-event-loop-6" daemon [_thread_blocked, id=76184, stack(0x00007861864fd000,0x00007861865fd000)]
  0x000078617c34a000 JavaThread "dispatcher-event-loop-7" daemon [_thread_blocked, id=76185, stack(0x00007861863fd000,0x00007861864fd000)]
  0x000078617c34c000 JavaThread "dispatcher-event-loop-8" daemon [_thread_blocked, id=76186, stack(0x00007861862fd000,0x00007861863fd000)]
  0x000078617c34e000 JavaThread "dispatcher-event-loop-9" daemon [_thread_blocked, id=76187, stack(0x00007861861fd000,0x00007861862fd000)]
  0x000078617c350000 JavaThread "dispatcher-event-loop-10" daemon [_thread_blocked, id=76188, stack(0x00007861860fd000,0x00007861861fd000)]
  0x000078617c352000 JavaThread "dispatcher-event-loop-11" daemon [_thread_blocked, id=76189, stack(0x0000786185ffd000,0x00007861860fd000)]
  0x000078617c354000 JavaThread "dispatcher-event-loop-12" daemon [_thread_blocked, id=76190, stack(0x0000786185efd000,0x0000786185ffd000)]
  0x000078617c356000 JavaThread "dispatcher-event-loop-13" daemon [_thread_blocked, id=76191, stack(0x0000786185dfd000,0x0000786185efd000)]
  0x000078617c358000 JavaThread "dispatcher-event-loop-14" daemon [_thread_blocked, id=76192, stack(0x0000786185cfd000,0x0000786185dfd000)]
  0x000078617c35a000 JavaThread "dispatcher-event-loop-15" daemon [_thread_blocked, id=76193, stack(0x0000786185bfd000,0x0000786185cfd000)]
  0x000078617c392000 JavaThread "map-output-dispatcher-0" daemon [_thread_blocked, id=76194, stack(0x0000786185afd000,0x0000786185bfd000)]
  0x000078617c3a0800 JavaThread "map-output-dispatcher-1" daemon [_thread_blocked, id=76195, stack(0x00007861859fd000,0x0000786185afd000)]
  0x000078617c3a2800 JavaThread "map-output-dispatcher-2" daemon [_thread_blocked, id=76196, stack(0x00007861858fd000,0x00007861859fd000)]
  0x000078617c3a7800 JavaThread "map-output-dispatcher-3" daemon [_thread_blocked, id=76197, stack(0x00007861857fd000,0x00007861858fd000)]
  0x000078617c3a9000 JavaThread "map-output-dispatcher-4" daemon [_thread_blocked, id=76198, stack(0x00007861856fd000,0x00007861857fd000)]
  0x000078617c3ab000 JavaThread "map-output-dispatcher-5" daemon [_thread_blocked, id=76199, stack(0x00007861855fd000,0x00007861856fd000)]
  0x000078617c3ad000 JavaThread "map-output-dispatcher-6" daemon [_thread_blocked, id=76200, stack(0x00007861854fd000,0x00007861855fd000)]
  0x000078617c3af000 JavaThread "map-output-dispatcher-7" daemon [_thread_blocked, id=76201, stack(0x00007861853fd000,0x00007861854fd000)]
  0x000078617c425000 JavaThread "dispatcher-BlockManagerMaster" daemon [_thread_blocked, id=76202, stack(0x00007861850fd000,0x00007861851fd000)]
  0x000078617c480000 JavaThread "dispatcher-BlockManagerEndpoint1" daemon [_thread_blocked, id=76203, stack(0x0000786184ffd000,0x00007861850fd000)]
  0x000078617c484000 JavaThread "RemoteBlock-temp-file-clean-thread" daemon [_thread_blocked, id=76204, stack(0x0000786184efd000,0x0000786184ffd000)]
  0x0000786180009800 JavaThread "Thread-7" [_thread_in_native, id=76205, stack(0x0000786184dfd000,0x0000786184efd000)]
  0x000078617c58d000 JavaThread "SparkUI-59" daemon [_thread_in_native, id=76208, stack(0x00007861848fb000,0x00007861849fb000)]
  0x000078617c58e800 JavaThread "SparkUI-60" daemon [_thread_in_native, id=76209, stack(0x00007861847fb000,0x00007861848fb000)]
  0x000078617c590800 JavaThread "SparkUI-61" daemon [_thread_in_native, id=76210, stack(0x00007861846fb000,0x00007861847fb000)]
  0x000078617c592000 JavaThread "SparkUI-62" daemon [_thread_in_native, id=76211, stack(0x00007861845fb000,0x00007861846fb000)]
  0x000078617c594000 JavaThread "SparkUI-63" daemon [_thread_in_native, id=76212, stack(0x00007861844fb000,0x00007861845fb000)]
  0x000078617c596000 JavaThread "SparkUI-64" daemon [_thread_in_native, id=76213, stack(0x00007861843fb000,0x00007861844fb000)]
  0x000078617c598000 JavaThread "SparkUI-65" daemon [_thread_in_native, id=76214, stack(0x00007861842fb000,0x00007861843fb000)]
  0x000078617c59a000 JavaThread "SparkUI-66" daemon [_thread_in_native, id=76215, stack(0x00007861841fb000,0x00007861842fb000)]
  0x000078617c5d2000 JavaThread "SparkUI-67-acceptor-0@28b18076-ServerConnector@26767b10{HTTP/1.1, (http/1.1)}{0.0.0.0:4042}" daemon [_thread_in_native, id=76216, stack(0x00007861840fb000,0x00007861841fb000)]
  0x000078617c5ec800 JavaThread "SparkUI-68-acceptor-1@19d63ee2-ServerConnector@26767b10{HTTP/1.1, (http/1.1)}{0.0.0.0:4042}" daemon [_thread_blocked, id=76217, stack(0x00007860cfd00000,0x00007860cfe00000)]
  0x000078617c615000 JavaThread "process reaper" daemon [_thread_blocked, id=76219, stack(0x00007861fda5c000,0x00007861fda7e000)]
  0x000078617c61b800 JavaThread "dispatcher-HeartbeatReceiver" daemon [_thread_blocked, id=76241, stack(0x00007860cfc00000,0x00007860cfd00000)]
  0x00007860b8002800 JavaThread "heartbeat-receiver-event-loop-thread" daemon [_thread_blocked, id=76242, stack(0x00007860cfb00000,0x00007860cfc00000)]
  0x00007860bc009800 JavaThread "netty-rpc-env-timeout" daemon [_thread_blocked, id=76243, stack(0x00007860cfa00000,0x00007860cfb00000)]
  0x000078617c621000 JavaThread "task-starvation-timer" daemon [_thread_blocked, id=76244, stack(0x00007860cf900000,0x00007860cfa00000)]
  0x000078617c622800 JavaThread "task-abort-timer" daemon [_thread_blocked, id=76245, stack(0x00007860cf800000,0x00007860cf900000)]
  0x000078617c65a800 JavaThread "dag-scheduler-event-loop" daemon [_thread_blocked, id=76246, stack(0x00007860cf700000,0x00007860cf800000)]
  0x000078617c662000 JavaThread "driver-heartbeater" daemon [_thread_blocked, id=76247, stack(0x00007860cf600000,0x00007860cf700000)]
  0x000078617c672000 JavaThread "executor-kill-mark-cleanup" daemon [_thread_blocked, id=76248, stack(0x00007860cf500000,0x00007860cf600000)]
  0x000078617c676000 JavaThread "executor-heartbeater" daemon [_thread_blocked, id=76249, stack(0x00007860cf400000,0x00007860cf500000)]
  0x000078617c6af800 JavaThread "files-client-5-1" daemon [_thread_in_native, id=76272, stack(0x00007860cf300000,0x00007860cf400000)]
  0x000078616c006800 JavaThread "rpc-server-4-1" daemon [_thread_in_native, id=76273, stack(0x00007860cf000000,0x00007860cf100000)]
  0x000078617c6c5000 JavaThread "shuffle-boss-7-1" daemon [_thread_in_native, id=76296, stack(0x00007860ce6fe000,0x00007860ce7fe000)]
  0x000078617c814000 JavaThread "Spark Context Cleaner" daemon [_thread_blocked, id=76297, stack(0x00007860ce1fe000,0x00007860ce2fe000)]
  0x000078617c816800 JavaThread "context-cleaner-periodic-gc" daemon [_thread_blocked, id=76298, stack(0x00007860ce0fe000,0x00007860ce1fe000)]
  0x000078617c820800 JavaThread "spark-listener-group-appStatus" daemon [_thread_blocked, id=76299, stack(0x00007860cdffe000,0x00007860ce0fe000)]
  0x000078617c823000 JavaThread "spark-listener-group-executorManagement" daemon [_thread_blocked, id=76300, stack(0x00007860cdefe000,0x00007860cdffe000)]
  0x0000786080038800 JavaThread "element-tracking-store-worker" daemon [_thread_blocked, id=76301, stack(0x00007860cddfe000,0x00007860cdefe000)]
  0x000078617da71800 JavaThread "HttpClient-1-SelectorManager" daemon [_thread_in_native, id=76303, stack(0x00007860cc6fe000,0x00007860cc7fe000)]
  0x0000786070009800 JavaThread "HttpClient-2-Worker-0" daemon [_thread_blocked, id=76305, stack(0x0000786077e00000,0x0000786077f00000)]
  0x000078607000c000 JavaThread "HttpClient-2-Worker-1" daemon [_thread_blocked, id=76306, stack(0x0000786077d00000,0x0000786077e00000)]
  0x000078607000e800 JavaThread "HttpClient-2-Worker-2" daemon [_thread_blocked, id=76307, stack(0x0000786077c00000,0x0000786077d00000)]
  0x000078607c002000 JavaThread "HttpClient-1-Worker-0" daemon [_thread_blocked, id=76308, stack(0x0000786077b00000,0x0000786077c00000)]
  0x000078607c004000 JavaThread "HttpClient-1-Worker-1" daemon [_thread_blocked, id=76309, stack(0x0000786077a00000,0x0000786077b00000)]
  0x000078607c006800 JavaThread "HttpClient-1-Worker-2" daemon [_thread_blocked, id=76310, stack(0x0000786077900000,0x0000786077a00000)]
  0x000078605c002000 JavaThread "ForkJoinPool-1-worker-19" daemon [_thread_blocked, id=76311, stack(0x0000786077600000,0x0000786077700000)]
  0x000078617ddb4000 JavaThread "idle-connection-reaper" daemon [_thread_blocked, id=76312, stack(0x0000786077100000,0x0000786077200000)]
  0x000078617d373000 JavaThread "iceberg-worker-pool-0" daemon [_thread_blocked, id=76314, stack(0x0000786077f00000,0x0000786078000000)]
  0x000078617d53f800 JavaThread "iceberg-worker-pool-1" daemon [_thread_blocked, id=76315, stack(0x0000786075500000,0x0000786075600000)]
  0x000078617d540800 JavaThread "iceberg-worker-pool-2" daemon [_thread_blocked, id=76316, stack(0x0000786075400000,0x0000786075500000)]
  0x000078617d542800 JavaThread "iceberg-worker-pool-3" daemon [_thread_blocked, id=76317, stack(0x0000786075300000,0x0000786075400000)]
  0x000078617d544000 JavaThread "iceberg-worker-pool-4" daemon [_thread_blocked, id=76318, stack(0x0000786075200000,0x0000786075300000)]
  0x000078617d546000 JavaThread "iceberg-worker-pool-5" daemon [_thread_blocked, id=76319, stack(0x0000786075100000,0x0000786075200000)]
  0x000078617e736800 JavaThread "iceberg-worker-pool-6" daemon [_thread_blocked, id=76320, stack(0x0000786075000000,0x0000786075100000)]
  0x000078617e738800 JavaThread "iceberg-worker-pool-7" daemon [_thread_blocked, id=76321, stack(0x0000786074f00000,0x0000786075000000)]
  0x000078617e73a800 JavaThread "iceberg-worker-pool-8" daemon [_thread_blocked, id=76322, stack(0x0000786074e00000,0x0000786074f00000)]
  0x000078617e73c800 JavaThread "iceberg-worker-pool-9" daemon [_thread_blocked, id=76323, stack(0x0000786074d00000,0x0000786074e00000)]
  0x000078617c8bc000 JavaThread "iceberg-worker-pool-10" daemon [_thread_blocked, id=76324, stack(0x0000786074c00000,0x0000786074d00000)]
  0x000078617c8be000 JavaThread "iceberg-worker-pool-11" daemon [_thread_blocked, id=76325, stack(0x0000786074b00000,0x0000786074c00000)]
  0x000078617c8c0000 JavaThread "iceberg-worker-pool-12" daemon [_thread_blocked, id=76326, stack(0x0000786074a00000,0x0000786074b00000)]
  0x000078617c8c2000 JavaThread "iceberg-worker-pool-13" daemon [_thread_blocked, id=76327, stack(0x0000786074900000,0x0000786074a00000)]
  0x000078617d0d3800 JavaThread "iceberg-worker-pool-14" daemon [_thread_blocked, id=76328, stack(0x0000786074800000,0x0000786074900000)]
  0x000078617d0d5800 JavaThread "iceberg-worker-pool-15" daemon [_thread_blocked, id=76329, stack(0x0000786074700000,0x0000786074800000)]
  0x0000786138060000 JavaThread "Executor task launch worker for task 196.0 in stage 0.0 (TID 196)" daemon [_thread_blocked, id=76330, stack(0x0000786074000000,0x0000786074100000)]
  0x0000786138061000 JavaThread "Executor task launch worker for task 195.0 in stage 0.0 (TID 195)" daemon [_thread_blocked, id=76331, stack(0x0000786017f00000,0x0000786018000000)]
  0x0000786138063000 JavaThread "Executor task launch worker for task 197.0 in stage 0.0 (TID 197)" daemon [_thread_blocked, id=76332, stack(0x0000786017300000,0x0000786017400000)]
  0x0000786138065000 JavaThread "Executor task launch worker for task 186.0 in stage 0.0 (TID 186)" daemon [_thread_blocked, id=76333, stack(0x0000786017200000,0x0000786017300000)]
  0x0000786138067000 JavaThread "Executor task launch worker for task 148.0 in stage 0.0 (TID 148)" daemon [_thread_in_vm, id=76334, stack(0x0000786017100000,0x0000786017200000)]
  0x000078613806d800 JavaThread "Executor task launch worker for task 191.0 in stage 0.0 (TID 191)" daemon [_thread_blocked, id=76335, stack(0x0000786017000000,0x0000786017100000)]
  0x000078613806f000 JavaThread "Executor task launch worker for task 190.0 in stage 0.0 (TID 190)" daemon [_thread_blocked, id=76336, stack(0x0000786016f00000,0x0000786017000000)]
  0x0000786138071800 JavaThread "Executor task launch worker for task 187.0 in stage 0.0 (TID 187)" daemon [_thread_blocked, id=76337, stack(0x0000786016e00000,0x0000786016f00000)]
=>0x0000786138073800 JavaThread "Executor task launch worker for task 188.0 in stage 0.0 (TID 188)" daemon [_thread_in_vm, id=76338, stack(0x0000786016d00000,0x0000786016e00000)]
  0x0000786138075800 JavaThread "Executor task launch worker for task 185.0 in stage 0.0 (TID 185)" daemon [_thread_in_vm, id=76339, stack(0x0000786016c00000,0x0000786016d00000)]
  0x0000786138077800 JavaThread "Executor task launch worker for task 189.0 in stage 0.0 (TID 189)" daemon [_thread_blocked, id=76340, stack(0x0000786016b00000,0x0000786016c00000)]
  0x0000786138079800 JavaThread "Executor task launch worker for task 192.0 in stage 0.0 (TID 192)" daemon [_thread_blocked, id=76341, stack(0x0000786016a00000,0x0000786016b00000)]
  0x000078613807c000 JavaThread "Executor task launch worker for task 183.0 in stage 0.0 (TID 183)" daemon [_thread_blocked, id=76342, stack(0x0000786016900000,0x0000786016a00000)]
  0x000078613807e000 JavaThread "Executor task launch worker for task 194.0 in stage 0.0 (TID 194)" daemon [_thread_blocked, id=76343, stack(0x0000786016800000,0x0000786016900000)]
  0x0000786138080800 JavaThread "Executor task launch worker for task 184.0 in stage 0.0 (TID 184)" daemon [_thread_blocked, id=76344, stack(0x0000786016700000,0x0000786016800000)]
  0x0000786138082800 JavaThread "Executor task launch worker for task 193.0 in stage 0.0 (TID 193)" daemon [_thread_blocked, id=76345, stack(0x0000786016600000,0x0000786016700000)]
  0x0000785fe402d000 JavaThread "ForkJoinPool.commonPool-worker-19" daemon [_thread_blocked, id=76346, stack(0x0000786016100000,0x0000786016200000)]
  0x0000786130002000 JavaThread "task-result-getter-0" daemon [_thread_blocked, id=76352, stack(0x00007860157ff000,0x00007860158ff000)]
  0x0000786130003800 JavaThread "task-result-getter-1" daemon [_thread_blocked, id=76353, stack(0x00007860158ff000,0x00007860159ff000)]
  0x0000786160002800 JavaThread "task-result-getter-2" daemon [_thread_blocked, id=76354, stack(0x00007860142fd000,0x00007860143fd000)]
  0x0000786164001000 JavaThread "task-result-getter-3" daemon [_thread_blocked, id=76355, stack(0x00007860141fd000,0x00007860142fd000)]
  0x0000785fd8052800 JavaThread "ForkJoinPool.commonPool-worker-5" daemon [_thread_blocked, id=76357, stack(0x0000785fd0af3000,0x0000785fd0bf3000)]
  0x000059b5ba920000 JavaThread "ForkJoinPool.commonPool-worker-23" daemon [_thread_blocked, id=76360, stack(0x0000785fd07f1000,0x0000785fd08f1000)]

Other Threads:
  0x00007861f812c800 VMThread "VM Thread" [stack: 0x00007861d2af4000,0x00007861d2bf4000] [id=76151]
  0x00007861f8180000 WatcherThread [stack: 0x00007861d200a000,0x00007861d210a000] [id=76159]
  0x00007861f8044000 GCTaskThread "GC Thread#0" [stack: 0x00007861fdb00000,0x00007861fdc00000] [id=76146]
  0x00007861c4001000 GCTaskThread "GC Thread#1" [stack: 0x00007861d1f09000,0x00007861d2009000] [id=76160]
  0x00007861c4002800 GCTaskThread "GC Thread#2" [stack: 0x00007861d1b00000,0x00007861d1c00000] [id=76161]
  0x00007861c400b000 GCTaskThread "GC Thread#3" [stack: 0x0000786187500000,0x0000786187600000] [id=76174]
  0x00007861c400c800 GCTaskThread "GC Thread#4" [stack: 0x00007861873ff000,0x00007861874ff000] [id=76175]
  0x00007861c400e000 GCTaskThread "GC Thread#5" [stack: 0x00007861872fe000,0x00007861873fe000] [id=76176]
  0x00007861c4010800 GCTaskThread "GC Thread#6" [stack: 0x0000786184afd000,0x0000786184bfd000] [id=76206]
  0x00007861c4012000 GCTaskThread "GC Thread#7" [stack: 0x00007861849fc000,0x0000786184afc000] [id=76207]
  0x00007861c4e64000 GCTaskThread "GC Thread#8" [stack: 0x0000786015c00000,0x0000786015d00000] [id=76347]
  0x00007861c4260800 GCTaskThread "GC Thread#9" [stack: 0x00007860156ff000,0x00007860157ff000] [id=76351]
  0x00007861c4e6a000 GCTaskThread "GC Thread#10" [stack: 0x00007860140fd000,0x00007860141fd000] [id=76356]
  0x00007861c4e97800 GCTaskThread "GC Thread#11" [stack: 0x0000785fd09f3000,0x0000785fd0af3000] [id=76358]
  0x00007861c4eb1000 GCTaskThread "GC Thread#12" [stack: 0x0000785fd08f2000,0x0000785fd09f2000] [id=76359]
  0x00007861f8060800 ConcurrentGCThread "G1 Main Marker" [stack: 0x00007861e04a4000,0x00007861e05a4000] [id=76147]
  0x00007861f8062000 ConcurrentGCThread "G1 Conc#0" [stack: 0x00007861e03a3000,0x00007861e04a3000] [id=76148]
  0x00007861d4001000 ConcurrentGCThread "G1 Conc#1" [stack: 0x00007861d1500000,0x00007861d1600000] [id=76162]
  0x00007861d4002800 ConcurrentGCThread "G1 Conc#2" [stack: 0x00007861d1100000,0x00007861d1200000] [id=76163]
  0x00007861f80fc800 ConcurrentGCThread "G1 Refine#0" [stack: 0x00007861d34f6000,0x00007861d35f6000] [id=76149]
  0x00007861f80fe800 ConcurrentGCThread "G1 Young RemSet Sampling" [stack: 0x00007861d33f5000,0x00007861d34f5000] [id=76150]

Threads with active compile tasks:

VM state:not at safepoint (normal execution)

VM Mutex/Monitor currently owned by a thread: None

Heap address: 0x00000000c0000000, size: 1024 MB, Compressed Oops mode: 32-bit
Narrow klass base: 0x0000000800000000, Narrow klass shift: 3
Compressed class space size: 1073741824 Address: 0x0000000840000000

Heap:
 garbage-first heap   total 579584K, used 358802K [0x00000000c0000000, 0x0000000100000000)
  region size 1024K, 17 young (17408K), 2 survivors (2048K)
 Metaspace       used 143869K, capacity 150912K, committed 154236K, reserved 1177600K
  class space    used 20529K, capacity 23998K, committed 25292K, reserved 1048576K
Heap Regions: E=young(eden), S=young(survivor), O=old, HS=humongous(starts), HC=humongous(continues), CS=collection set, F=free, A=archive, TAMS=top-at-mark-start (previous, next)
|   0|0x00000000c0000000, 0x00000000c0100000, 0x00000000c0100000|100%|HS|  |TAMS 0x00000000c0100000, 0x00000000c0000000| Complete 
|   1|0x00000000c0100000, 0x00000000c0200000, 0x00000000c0200000|100%|HS|  |TAMS 0x00000000c0200000, 0x00000000c0100000| Complete 
|   2|0x00000000c0200000, 0x00000000c0300000, 0x00000000c0300000|100%|HC|  |TAMS 0x00000000c0300000, 0x00000000c0200000| Complete 
|   3|0x00000000c0300000, 0x00000000c0400000, 0x00000000c0400000|100%|HC|  |TAMS 0x00000000c0400000, 0x00000000c0300000| Complete 
|   4|0x00000000c0400000, 0x00000000c0500000, 0x00000000c0500000|100%|HS|  |TAMS 0x00000000c0500000, 0x00000000c0400000| Complete 
|   5|0x00000000c0500000, 0x00000000c0600000, 0x00000000c0600000|100%|HS|  |TAMS 0x00000000c0600000, 0x00000000c0500000| Complete 
|   6|0x00000000c0600000, 0x00000000c0700000, 0x00000000c0700000|100%|HS|  |TAMS 0x00000000c0700000, 0x00000000c0600000| Complete 
|   7|0x00000000c0700000, 0x00000000c0800000, 0x00000000c0800000|100%|HS|  |TAMS 0x00000000c0800000, 0x00000000c0700000| Complete 
|   8|0x00000000c0800000, 0x00000000c0900000, 0x00000000c0900000|100%|HC|  |TAMS 0x00000000c0900000, 0x00000000c0800000| Complete 
|   9|0x00000000c0900000, 0x00000000c0a00000, 0x00000000c0a00000|100%| O|  |TAMS 0x00000000c0a00000, 0x00000000c0900000| Complete 
|  10|0x00000000c0a00000, 0x00000000c0b00000, 0x00000000c0b00000|100%| O|  |TAMS 0x00000000c0b00000, 0x00000000c0a00000| Untracked 
|  11|0x00000000c0b00000, 0x00000000c0c00000, 0x00000000c0c00000|100%| O|  |TAMS 0x00000000c0c00000, 0x00000000c0b00000| Untracked 
|  12|0x00000000c0c00000, 0x00000000c0d00000, 0x00000000c0d00000|100%| O|  |TAMS 0x00000000c0d00000, 0x00000000c0c00000| Untracked 
|  13|0x00000000c0d00000, 0x00000000c0e00000, 0x00000000c0e00000|100%| O|  |TAMS 0x00000000c0e00000, 0x00000000c0d00000| Untracked 
|  14|0x00000000c0e00000, 0x00000000c0f00000, 0x00000000c0f00000|100%| O|  |TAMS 0x00000000c0f00000, 0x00000000c0e00000| Untracked 
|  15|0x00000000c0f00000, 0x00000000c1000000, 0x00000000c1000000|100%| O|  |TAMS 0x00000000c1000000, 0x00000000c0f00000| Untracked 
|  16|0x00000000c1000000, 0x00000000c1100000, 0x00000000c1100000|100%| O|  |TAMS 0x00000000c1100000, 0x00000000c1000000| Untracked 
|  17|0x00000000c1100000, 0x00000000c1200000, 0x00000000c1200000|100%| O|  |TAMS 0x00000000c1200000, 0x00000000c1100000| Untracked 
|  18|0x00000000c1200000, 0x00000000c1300000, 0x00000000c1300000|100%| O|  |TAMS 0x00000000c1300000, 0x00000000c1200000| Untracked 
|  19|0x00000000c1300000, 0x00000000c1400000, 0x00000000c1400000|100%| O|  |TAMS 0x00000000c1400000, 0x00000000c1300000| Untracked 
|  20|0x00000000c1400000, 0x00000000c1500000, 0x00000000c1500000|100%| O|  |TAMS 0x00000000c1500000, 0x00000000c1400000| Untracked 
|  21|0x00000000c1500000, 0x00000000c1600000, 0x00000000c1600000|100%| O|  |TAMS 0x00000000c1600000, 0x00000000c1500000| Untracked 
|  22|0x00000000c1600000, 0x00000000c1700000, 0x00000000c1700000|100%| O|  |TAMS 0x00000000c1700000, 0x00000000c1600000| Untracked 
|  23|0x00000000c1700000, 0x00000000c1800000, 0x00000000c1800000|100%| O|  |TAMS 0x00000000c1800000, 0x00000000c1700000| Untracked 
|  24|0x00000000c1800000, 0x00000000c1900000, 0x00000000c1900000|100%| O|  |TAMS 0x00000000c1900000, 0x00000000c1800000| Untracked 
|  25|0x00000000c1900000, 0x00000000c1a00000, 0x00000000c1a00000|100%|HS|  |TAMS 0x00000000c1a00000, 0x00000000c1900000| Complete 
|  26|0x00000000c1a00000, 0x00000000c1b00000, 0x00000000c1b00000|100%|HC|  |TAMS 0x00000000c1b00000, 0x00000000c1a00000| Complete 
|  27|0x00000000c1b00000, 0x00000000c1c00000, 0x00000000c1c00000|100%|HC|  |TAMS 0x00000000c1c00000, 0x00000000c1b00000| Complete 
|  28|0x00000000c1c00000, 0x00000000c1d00000, 0x00000000c1d00000|100%|HS|  |TAMS 0x00000000c1d00000, 0x00000000c1c00000| Complete 
|  29|0x00000000c1d00000, 0x00000000c1e00000, 0x00000000c1e00000|100%|HC|  |TAMS 0x00000000c1e00000, 0x00000000c1d00000| Complete 
|  30|0x00000000c1e00000, 0x00000000c1f00000, 0x00000000c1f00000|100%|HC|  |TAMS 0x00000000c1f00000, 0x00000000c1e00000| Complete 
|  31|0x00000000c1f00000, 0x00000000c2000000, 0x00000000c2000000|100%|HC|  |TAMS 0x00000000c2000000, 0x00000000c1f00000| Complete 
|  32|0x00000000c2000000, 0x00000000c2100000, 0x00000000c2100000|100%|HC|  |TAMS 0x00000000c2100000, 0x00000000c2000000| Complete 
|  33|0x00000000c2100000, 0x00000000c2200000, 0x00000000c2200000|100%|HC|  |TAMS 0x00000000c2200000, 0x00000000c2100000| Complete 
|  34|0x00000000c2200000, 0x00000000c2300000, 0x00000000c2300000|100%|HC|  |TAMS 0x00000000c2300000, 0x00000000c2200000| Complete 
|  35|0x00000000c2300000, 0x00000000c2400000, 0x00000000c2400000|100%|HC|  |TAMS 0x00000000c2400000, 0x00000000c2300000| Complete 
|  36|0x00000000c2400000, 0x00000000c2500000, 0x00000000c2500000|100%|HC|  |TAMS 0x00000000c2500000, 0x00000000c2400000| Complete 
|  37|0x00000000c2500000, 0x00000000c2600000, 0x00000000c2600000|100%|HC|  |TAMS 0x00000000c2600000, 0x00000000c2500000| Complete 
|  38|0x00000000c2600000, 0x00000000c2700000, 0x00000000c2700000|100%|HC|  |TAMS 0x00000000c2700000, 0x00000000c2600000| Complete 
|  39|0x00000000c2700000, 0x00000000c2800000, 0x00000000c2800000|100%|HC|  |TAMS 0x00000000c2800000, 0x00000000c2700000| Complete 
|  40|0x00000000c2800000, 0x00000000c2900000, 0x00000000c2900000|100%|HC|  |TAMS 0x00000000c2900000, 0x00000000c2800000| Complete 
|  41|0x00000000c2900000, 0x00000000c2a00000, 0x00000000c2a00000|100%|HC|  |TAMS 0x00000000c2a00000, 0x00000000c2900000| Complete 
|  42|0x00000000c2a00000, 0x00000000c2b00000, 0x00000000c2b00000|100%|HC|  |TAMS 0x00000000c2b00000, 0x00000000c2a00000| Complete 
|  43|0x00000000c2b00000, 0x00000000c2c00000, 0x00000000c2c00000|100%|HC|  |TAMS 0x00000000c2c00000, 0x00000000c2b00000| Complete 
|  44|0x00000000c2c00000, 0x00000000c2d00000, 0x00000000c2d00000|100%|HC|  |TAMS 0x00000000c2d00000, 0x00000000c2c00000| Complete 
|  45|0x00000000c2d00000, 0x00000000c2e00000, 0x00000000c2e00000|100%|HC|  |TAMS 0x00000000c2e00000, 0x00000000c2d00000| Complete 
|  46|0x00000000c2e00000, 0x00000000c2f00000, 0x00000000c2f00000|100%|HC|  |TAMS 0x00000000c2f00000, 0x00000000c2e00000| Complete 
|  47|0x00000000c2f00000, 0x00000000c3000000, 0x00000000c3000000|100%|HC|  |TAMS 0x00000000c3000000, 0x00000000c2f00000| Complete 
|  48|0x00000000c3000000, 0x00000000c3100000, 0x00000000c3100000|100%|HC|  |TAMS 0x00000000c3100000, 0x00000000c3000000| Complete 
|  49|0x00000000c3100000, 0x00000000c3200000, 0x00000000c3200000|100%|HC|  |TAMS 0x00000000c3200000, 0x00000000c3100000| Complete 
|  50|0x00000000c3200000, 0x00000000c3300000, 0x00000000c3300000|100%|HC|  |TAMS 0x00000000c3300000, 0x00000000c3200000| Complete 
|  51|0x00000000c3300000, 0x00000000c3400000, 0x00000000c3400000|100%|HC|  |TAMS 0x00000000c3400000, 0x00000000c3300000| Complete 
|  52|0x00000000c3400000, 0x00000000c3500000, 0x00000000c3500000|100%|HC|  |TAMS 0x00000000c3500000, 0x00000000c3400000| Complete 
|  53|0x00000000c3500000, 0x00000000c3600000, 0x00000000c3600000|100%|HC|  |TAMS 0x00000000c3600000, 0x00000000c3500000| Complete 
|  54|0x00000000c3600000, 0x00000000c3700000, 0x00000000c3700000|100%|HC|  |TAMS 0x00000000c3700000, 0x00000000c3600000| Complete 
|  55|0x00000000c3700000, 0x00000000c3800000, 0x00000000c3800000|100%|HC|  |TAMS 0x00000000c3800000, 0x00000000c3700000| Complete 
|  56|0x00000000c3800000, 0x00000000c3900000, 0x00000000c3900000|100%|HC|  |TAMS 0x00000000c3900000, 0x00000000c3800000| Complete 
|  57|0x00000000c3900000, 0x00000000c3a00000, 0x00000000c3a00000|100%|HC|  |TAMS 0x00000000c3a00000, 0x00000000c3900000| Complete 
|  58|0x00000000c3a00000, 0x00000000c3b00000, 0x00000000c3b00000|100%|HC|  |TAMS 0x00000000c3b00000, 0x00000000c3a00000| Complete 
|  59|0x00000000c3b00000, 0x00000000c3c00000, 0x00000000c3c00000|100%|HC|  |TAMS 0x00000000c3c00000, 0x00000000c3b00000| Complete 
|  60|0x00000000c3c00000, 0x00000000c3d00000, 0x00000000c3d00000|100%|HC|  |TAMS 0x00000000c3d00000, 0x00000000c3c00000| Complete 
|  61|0x00000000c3d00000, 0x00000000c3e00000, 0x00000000c3e00000|100%|HC|  |TAMS 0x00000000c3e00000, 0x00000000c3d00000| Complete 
|  62|0x00000000c3e00000, 0x00000000c3f00000, 0x00000000c3f00000|100%|HC|  |TAMS 0x00000000c3f00000, 0x00000000c3e00000| Complete 
|  63|0x00000000c3f00000, 0x00000000c4000000, 0x00000000c4000000|100%|HC|  |TAMS 0x00000000c4000000, 0x00000000c3f00000| Complete 
|  64|0x00000000c4000000, 0x00000000c4100000, 0x00000000c4100000|100%| O|  |TAMS 0x00000000c4100000, 0x00000000c4000000| Untracked 
|  65|0x00000000c4100000, 0x00000000c4200000, 0x00000000c4200000|100%| O|  |TAMS 0x00000000c4200000, 0x00000000c4100000| Complete 
|  66|0x00000000c4200000, 0x00000000c4300000, 0x00000000c4300000|100%|HS|  |TAMS 0x00000000c4300000, 0x00000000c4200000| Complete 
|  67|0x00000000c4300000, 0x00000000c4400000, 0x00000000c4400000|100%|HC|  |TAMS 0x00000000c4400000, 0x00000000c4300000| Complete 
|  68|0x00000000c4400000, 0x00000000c4500000, 0x00000000c4500000|100%|HC|  |TAMS 0x00000000c4500000, 0x00000000c4400000| Complete 
|  69|0x00000000c4500000, 0x00000000c4600000, 0x00000000c4600000|100%|HC|  |TAMS 0x00000000c4600000, 0x00000000c4500000| Complete 
|  70|0x00000000c4600000, 0x00000000c4700000, 0x00000000c4700000|100%|HS|  |TAMS 0x00000000c4700000, 0x00000000c4600000| Complete 
|  71|0x00000000c4700000, 0x00000000c4800000, 0x00000000c4800000|100%| O|  |TAMS 0x00000000c4800000, 0x00000000c4700000| Complete 
|  72|0x00000000c4800000, 0x00000000c4900000, 0x00000000c4900000|100%| O|  |TAMS 0x00000000c4900000, 0x00000000c4800000| Untracked 
|  73|0x00000000c4900000, 0x00000000c4a00000, 0x00000000c4a00000|100%| O|  |TAMS 0x00000000c4a00000, 0x00000000c4900000| Complete 
|  74|0x00000000c4a00000, 0x00000000c4b00000, 0x00000000c4b00000|100%| O|  |TAMS 0x00000000c4b00000, 0x00000000c4a00000| Untracked 
|  75|0x00000000c4b00000, 0x00000000c4c00000, 0x00000000c4c00000|100%| O|  |TAMS 0x00000000c4c00000, 0x00000000c4b00000| Complete 
|  76|0x00000000c4c00000, 0x00000000c4d00000, 0x00000000c4d00000|100%| O|  |TAMS 0x00000000c4d00000, 0x00000000c4c00000| Untracked 
|  77|0x00000000c4d00000, 0x00000000c4e00000, 0x00000000c4e00000|100%| O|  |TAMS 0x00000000c4e00000, 0x00000000c4d00000| Untracked 
|  78|0x00000000c4e00000, 0x00000000c4f00000, 0x00000000c4f00000|100%| O|  |TAMS 0x00000000c4f00000, 0x00000000c4e00000| Untracked 
|  79|0x00000000c4f00000, 0x00000000c5000000, 0x00000000c5000000|100%| O|  |TAMS 0x00000000c5000000, 0x00000000c4f00000| Untracked 
|  80|0x00000000c5000000, 0x00000000c5100000, 0x00000000c5100000|100%| O|  |TAMS 0x00000000c5100000, 0x00000000c5000000| Untracked 
|  81|0x00000000c5100000, 0x00000000c5200000, 0x00000000c5200000|100%| O|  |TAMS 0x00000000c5200000, 0x00000000c5100000| Untracked 
|  82|0x00000000c5200000, 0x00000000c5300000, 0x00000000c5300000|100%| O|  |TAMS 0x00000000c5300000, 0x00000000c5200000| Complete 
|  83|0x00000000c5300000, 0x00000000c5400000, 0x00000000c5400000|100%| O|  |TAMS 0x00000000c5400000, 0x00000000c5300000| Untracked 
|  84|0x00000000c5400000, 0x00000000c5500000, 0x00000000c5500000|100%| O|  |TAMS 0x00000000c5500000, 0x00000000c5400000| Untracked 
|  85|0x00000000c5500000, 0x00000000c5600000, 0x00000000c5600000|100%| O|  |TAMS 0x00000000c5600000, 0x00000000c5500000| Untracked 
|  86|0x00000000c5600000, 0x00000000c5700000, 0x00000000c5700000|100%| O|  |TAMS 0x00000000c5700000, 0x00000000c5600000| Untracked 
|  87|0x00000000c5700000, 0x00000000c5800000, 0x00000000c5800000|100%| O|  |TAMS 0x00000000c5800000, 0x00000000c5700000| Untracked 
|  88|0x00000000c5800000, 0x00000000c5900000, 0x00000000c5900000|100%| O|  |TAMS 0x00000000c5900000, 0x00000000c5800000| Untracked 
|  89|0x00000000c5900000, 0x00000000c5a00000, 0x00000000c5a00000|100%| O|  |TAMS 0x00000000c5a00000, 0x00000000c5900000| Untracked 
|  90|0x00000000c5a00000, 0x00000000c5b00000, 0x00000000c5b00000|100%| O|  |TAMS 0x00000000c5b00000, 0x00000000c5a00000| Untracked 
|  91|0x00000000c5b00000, 0x00000000c5c00000, 0x00000000c5c00000|100%| O|  |TAMS 0x00000000c5c00000, 0x00000000c5b00000| Untracked 
|  92|0x00000000c5c00000, 0x00000000c5d00000, 0x00000000c5d00000|100%| O|  |TAMS 0x00000000c5d00000, 0x00000000c5c00000| Untracked 
|  93|0x00000000c5d00000, 0x00000000c5e00000, 0x00000000c5e00000|100%| O|  |TAMS 0x00000000c5e00000, 0x00000000c5d00000| Untracked 
|  94|0x00000000c5e00000, 0x00000000c5f00000, 0x00000000c5f00000|100%| O|  |TAMS 0x00000000c5f00000, 0x00000000c5e00000| Untracked 
|  95|0x00000000c5f00000, 0x00000000c6000000, 0x00000000c6000000|100%| O|  |TAMS 0x00000000c6000000, 0x00000000c5f00000| Untracked 
|  96|0x00000000c6000000, 0x00000000c6100000, 0x00000000c6100000|100%| O|  |TAMS 0x00000000c6100000, 0x00000000c6000000| Untracked 
|  97|0x00000000c6100000, 0x00000000c6200000, 0x00000000c6200000|100%| O|  |TAMS 0x00000000c6200000, 0x00000000c6100000| Complete 
|  98|0x00000000c6200000, 0x00000000c6300000, 0x00000000c6300000|100%| O|  |TAMS 0x00000000c6300000, 0x00000000c6200000| Untracked 
|  99|0x00000000c6300000, 0x00000000c6400000, 0x00000000c6400000|100%| O|  |TAMS 0x00000000c6400000, 0x00000000c6300000| Untracked 
| 100|0x00000000c6400000, 0x00000000c6500000, 0x00000000c6500000|100%| O|  |TAMS 0x00000000c6500000, 0x00000000c6400000| Complete 
| 101|0x00000000c6500000, 0x00000000c6600000, 0x00000000c6600000|100%| O|  |TAMS 0x00000000c6600000, 0x00000000c6500000| Untracked 
| 102|0x00000000c6600000, 0x00000000c6700000, 0x00000000c6700000|100%| O|  |TAMS 0x00000000c6700000, 0x00000000c6600000| Untracked 
| 103|0x00000000c6700000, 0x00000000c6800000, 0x00000000c6800000|100%| O|  |TAMS 0x00000000c6800000, 0x00000000c6700000| Untracked 
| 104|0x00000000c6800000, 0x00000000c6900000, 0x00000000c6900000|100%| O|  |TAMS 0x00000000c6900000, 0x00000000c6800000| Complete 
| 105|0x00000000c6900000, 0x00000000c6a00000, 0x00000000c6a00000|100%| O|  |TAMS 0x00000000c6a00000, 0x00000000c6900000| Complete 
| 106|0x00000000c6a00000, 0x00000000c6b00000, 0x00000000c6b00000|100%| O|  |TAMS 0x00000000c6b00000, 0x00000000c6a00000| Complete 
| 107|0x00000000c6b00000, 0x00000000c6c00000, 0x00000000c6c00000|100%| O|  |TAMS 0x00000000c6c00000, 0x00000000c6b00000| Complete 
| 108|0x00000000c6c00000, 0x00000000c6d00000, 0x00000000c6d00000|100%| O|  |TAMS 0x00000000c6d00000, 0x00000000c6c00000| Untracked 
| 109|0x00000000c6d00000, 0x00000000c6e00000, 0x00000000c6e00000|100%| O|  |TAMS 0x00000000c6e00000, 0x00000000c6d00000| Complete 
| 110|0x00000000c6e00000, 0x00000000c6f00000, 0x00000000c6f00000|100%|HS|  |TAMS 0x00000000c6f00000, 0x00000000c6e00000| Complete 
| 111|0x00000000c6f00000, 0x00000000c7000000, 0x00000000c7000000|100%|HC|  |TAMS 0x00000000c7000000, 0x00000000c6f00000| Complete 
| 112|0x00000000c7000000, 0x00000000c7100000, 0x00000000c7100000|100%|HC|  |TAMS 0x00000000c7100000, 0x00000000c7000000| Complete 
| 113|0x00000000c7100000, 0x00000000c7200000, 0x00000000c7200000|100%|HS|  |TAMS 0x00000000c7200000, 0x00000000c7100000| Complete 
| 114|0x00000000c7200000, 0x00000000c7300000, 0x00000000c7300000|100%|HC|  |TAMS 0x00000000c7300000, 0x00000000c7200000| Complete 
| 115|0x00000000c7300000, 0x00000000c7400000, 0x00000000c7400000|100%|HC|  |TAMS 0x00000000c7400000, 0x00000000c7300000| Complete 
| 116|0x00000000c7400000, 0x00000000c7500000, 0x00000000c7500000|100%|HC|  |TAMS 0x00000000c7500000, 0x00000000c7400000| Complete 
| 117|0x00000000c7500000, 0x00000000c7600000, 0x00000000c7600000|100%|HC|  |TAMS 0x00000000c7600000, 0x00000000c7500000| Complete 
| 118|0x00000000c7600000, 0x00000000c7700000, 0x00000000c7700000|100%|HC|  |TAMS 0x00000000c7700000, 0x00000000c7600000| Complete 
| 119|0x00000000c7700000, 0x00000000c7800000, 0x00000000c7800000|100%|HC|  |TAMS 0x00000000c7800000, 0x00000000c7700000| Complete 
| 120|0x00000000c7800000, 0x00000000c7900000, 0x00000000c7900000|100%|HC|  |TAMS 0x00000000c7900000, 0x00000000c7800000| Complete 
| 121|0x00000000c7900000, 0x00000000c7a00000, 0x00000000c7a00000|100%|HC|  |TAMS 0x00000000c7a00000, 0x00000000c7900000| Complete 
| 122|0x00000000c7a00000, 0x00000000c7b00000, 0x00000000c7b00000|100%|HC|  |TAMS 0x00000000c7b00000, 0x00000000c7a00000| Complete 
| 123|0x00000000c7b00000, 0x00000000c7c00000, 0x00000000c7c00000|100%|HC|  |TAMS 0x00000000c7c00000, 0x00000000c7b00000| Complete 
| 124|0x00000000c7c00000, 0x00000000c7d00000, 0x00000000c7d00000|100%|HC|  |TAMS 0x00000000c7d00000, 0x00000000c7c00000| Complete 
| 125|0x00000000c7d00000, 0x00000000c7e00000, 0x00000000c7e00000|100%|HC|  |TAMS 0x00000000c7e00000, 0x00000000c7d00000| Complete 
| 126|0x00000000c7e00000, 0x00000000c7f00000, 0x00000000c7f00000|100%|HC|  |TAMS 0x00000000c7f00000, 0x00000000c7e00000| Complete 
| 127|0x00000000c7f00000, 0x00000000c8000000, 0x00000000c8000000|100%|HC|  |TAMS 0x00000000c8000000, 0x00000000c7f00000| Complete 
| 128|0x00000000c8000000, 0x00000000c8100000, 0x00000000c8100000|100%|HC|  |TAMS 0x00000000c8100000, 0x00000000c8000000| Complete 
| 129|0x00000000c8100000, 0x00000000c8200000, 0x00000000c8200000|100%|HC|  |TAMS 0x00000000c8200000, 0x00000000c8100000| Complete 
| 130|0x00000000c8200000, 0x00000000c8300000, 0x00000000c8300000|100%|HC|  |TAMS 0x00000000c8300000, 0x00000000c8200000| Complete 
| 131|0x00000000c8300000, 0x00000000c8400000, 0x00000000c8400000|100%|HC|  |TAMS 0x00000000c8400000, 0x00000000c8300000| Complete 
| 132|0x00000000c8400000, 0x00000000c8500000, 0x00000000c8500000|100%|HC|  |TAMS 0x00000000c8500000, 0x00000000c8400000| Complete 
| 133|0x00000000c8500000, 0x00000000c8600000, 0x00000000c8600000|100%|HC|  |TAMS 0x00000000c8600000, 0x00000000c8500000| Complete 
| 134|0x00000000c8600000, 0x00000000c8700000, 0x00000000c8700000|100%|HC|  |TAMS 0x00000000c8700000, 0x00000000c8600000| Complete 
| 135|0x00000000c8700000, 0x00000000c8800000, 0x00000000c8800000|100%|HC|  |TAMS 0x00000000c8800000, 0x00000000c8700000| Complete 
| 136|0x00000000c8800000, 0x00000000c8900000, 0x00000000c8900000|100%|HC|  |TAMS 0x00000000c8900000, 0x00000000c8800000| Complete 
| 137|0x00000000c8900000, 0x00000000c8a00000, 0x00000000c8a00000|100%|HC|  |TAMS 0x00000000c8a00000, 0x00000000c8900000| Complete 
| 138|0x00000000c8a00000, 0x00000000c8b00000, 0x00000000c8b00000|100%|HC|  |TAMS 0x00000000c8b00000, 0x00000000c8a00000| Complete 
| 139|0x00000000c8b00000, 0x00000000c8c00000, 0x00000000c8c00000|100%|HC|  |TAMS 0x00000000c8c00000, 0x00000000c8b00000| Complete 
| 140|0x00000000c8c00000, 0x00000000c8d00000, 0x00000000c8d00000|100%|HC|  |TAMS 0x00000000c8d00000, 0x00000000c8c00000| Complete 
| 141|0x00000000c8d00000, 0x00000000c8e00000, 0x00000000c8e00000|100%|HC|  |TAMS 0x00000000c8e00000, 0x00000000c8d00000| Complete 
| 142|0x00000000c8e00000, 0x00000000c8f00000, 0x00000000c8f00000|100%|HC|  |TAMS 0x00000000c8f00000, 0x00000000c8e00000| Complete 
| 143|0x00000000c8f00000, 0x00000000c9000000, 0x00000000c9000000|100%|HC|  |TAMS 0x00000000c9000000, 0x00000000c8f00000| Complete 
| 144|0x00000000c9000000, 0x00000000c9100000, 0x00000000c9100000|100%|HC|  |TAMS 0x00000000c9100000, 0x00000000c9000000| Complete 
| 145|0x00000000c9100000, 0x00000000c9200000, 0x00000000c9200000|100%|HC|  |TAMS 0x00000000c9200000, 0x00000000c9100000| Complete 
| 146|0x00000000c9200000, 0x00000000c9300000, 0x00000000c9300000|100%|HC|  |TAMS 0x00000000c9300000, 0x00000000c9200000| Complete 
| 147|0x00000000c9300000, 0x00000000c9400000, 0x00000000c9400000|100%|HC|  |TAMS 0x00000000c9400000, 0x00000000c9300000| Complete 
| 148|0x00000000c9400000, 0x00000000c9500000, 0x00000000c9500000|100%|HC|  |TAMS 0x00000000c9500000, 0x00000000c9400000| Complete 
| 149|0x00000000c9500000, 0x00000000c9600000, 0x00000000c9600000|100%|HS|  |TAMS 0x00000000c9600000, 0x00000000c9500000| Complete 
| 150|0x00000000c9600000, 0x00000000c9700000, 0x00000000c9700000|100%|HC|  |TAMS 0x00000000c9700000, 0x00000000c9600000| Complete 
| 151|0x00000000c9700000, 0x00000000c9800000, 0x00000000c9800000|100%|HC|  |TAMS 0x00000000c9800000, 0x00000000c9700000| Complete 
| 152|0x00000000c9800000, 0x00000000c9900000, 0x00000000c9900000|100%|HC|  |TAMS 0x00000000c9900000, 0x00000000c9800000| Complete 
| 153|0x00000000c9900000, 0x00000000c9a00000, 0x00000000c9a00000|100%|HS|  |TAMS 0x00000000c9a00000, 0x00000000c9900000| Complete 
| 154|0x00000000c9a00000, 0x00000000c9b00000, 0x00000000c9b00000|100%|HS|  |TAMS 0x00000000c9b00000, 0x00000000c9a00000| Complete 
| 155|0x00000000c9b00000, 0x00000000c9c00000, 0x00000000c9c00000|100%|HS|  |TAMS 0x00000000c9c00000, 0x00000000c9b00000| Complete 
| 156|0x00000000c9c00000, 0x00000000c9d00000, 0x00000000c9d00000|100%|HS|  |TAMS 0x00000000c9d00000, 0x00000000c9c00000| Complete 
| 157|0x00000000c9d00000, 0x00000000c9e00000, 0x00000000c9e00000|100%|HS|  |TAMS 0x00000000c9d00000, 0x00000000c9d00000| Complete 
| 158|0x00000000c9e00000, 0x00000000c9f00000, 0x00000000c9f00000|100%|HS|  |TAMS 0x00000000c9e00000, 0x00000000c9e00000| Complete 
| 159|0x00000000c9f00000, 0x00000000ca000000, 0x00000000ca000000|100%|HC|  |TAMS 0x00000000c9f00000, 0x00000000c9f00000| Complete 
| 160|0x00000000ca000000, 0x00000000ca100000, 0x00000000ca100000|100%|HS|  |TAMS 0x00000000ca100000, 0x00000000ca000000| Complete 
| 161|0x00000000ca100000, 0x00000000ca200000, 0x00000000ca200000|100%|HS|  |TAMS 0x00000000ca100000, 0x00000000ca100000| Complete 
| 162|0x00000000ca200000, 0x00000000ca300000, 0x00000000ca300000|100%|HS|  |TAMS 0x00000000ca200000, 0x00000000ca200000| Complete 
| 163|0x00000000ca300000, 0x00000000ca400000, 0x00000000ca400000|100%|HC|  |TAMS 0x00000000ca300000, 0x00000000ca300000| Complete 
| 164|0x00000000ca400000, 0x00000000ca500000, 0x00000000ca500000|100%|HS|  |TAMS 0x00000000ca400000, 0x00000000ca400000| Complete 
| 165|0x00000000ca500000, 0x00000000ca600000, 0x00000000ca600000|100%|HC|  |TAMS 0x00000000ca500000, 0x00000000ca500000| Complete 
| 166|0x00000000ca600000, 0x00000000ca700000, 0x00000000ca700000|100%| O|  |TAMS 0x00000000ca700000, 0x00000000ca600000| Complete 
| 167|0x00000000ca700000, 0x00000000ca800000, 0x00000000ca800000|100%| O|  |TAMS 0x00000000ca800000, 0x00000000ca700000| Complete 
| 168|0x00000000ca800000, 0x00000000ca900000, 0x00000000ca900000|100%|HS|  |TAMS 0x00000000ca800000, 0x00000000ca800000| Complete 
| 169|0x00000000ca900000, 0x00000000caa00000, 0x00000000caa00000|100%|HS|  |TAMS 0x00000000ca900000, 0x00000000ca900000| Complete 
| 170|0x00000000caa00000, 0x00000000cab00000, 0x00000000cab00000|100%| O|  |TAMS 0x00000000cab00000, 0x00000000caa00000| Complete 
| 171|0x00000000cab00000, 0x00000000cac00000, 0x00000000cac00000|100%|HS|  |TAMS 0x00000000cac00000, 0x00000000cab00000| Complete 
| 172|0x00000000cac00000, 0x00000000cad00000, 0x00000000cad00000|100%| O|  |TAMS 0x00000000cad00000, 0x00000000cac00000| Complete 
| 173|0x00000000cad00000, 0x00000000cae00000, 0x00000000cae00000|100%| O|  |TAMS 0x00000000cae00000, 0x00000000cad00000| Complete 
| 174|0x00000000cae00000, 0x00000000caf00000, 0x00000000caf00000|100%| O|  |TAMS 0x00000000caf00000, 0x00000000cae00000| Complete 
| 175|0x00000000caf00000, 0x00000000cb000000, 0x00000000cb000000|100%| O|  |TAMS 0x00000000cb000000, 0x00000000caf00000| Complete 
| 176|0x00000000cb000000, 0x00000000cb100000, 0x00000000cb100000|100%| O|  |TAMS 0x00000000cb100000, 0x00000000cb000000| Complete 
| 177|0x00000000cb100000, 0x00000000cb100000, 0x00000000cb200000|  0%| F|  |TAMS 0x00000000cb100000, 0x00000000cb100000| Untracked 
| 178|0x00000000cb200000, 0x00000000cb200000, 0x00000000cb300000|  0%| F|  |TAMS 0x00000000cb200000, 0x00000000cb200000| Untracked 
| 179|0x00000000cb300000, 0x00000000cb400000, 0x00000000cb400000|100%| O|  |TAMS 0x00000000cb400000, 0x00000000cb300000| Complete 
| 180|0x00000000cb400000, 0x00000000cb500000, 0x00000000cb500000|100%| O|  |TAMS 0x00000000cb500000, 0x00000000cb400000| Complete 
| 181|0x00000000cb500000, 0x00000000cb600000, 0x00000000cb600000|100%|HS|  |TAMS 0x00000000cb500000, 0x00000000cb500000| Complete 
| 182|0x00000000cb600000, 0x00000000cb700000, 0x00000000cb700000|100%|HC|  |TAMS 0x00000000cb600000, 0x00000000cb600000| Complete 
| 183|0x00000000cb700000, 0x00000000cb800000, 0x00000000cb800000|100%| O|  |TAMS 0x00000000cb800000, 0x00000000cb700000| Complete 
| 184|0x00000000cb800000, 0x00000000cb900000, 0x00000000cb900000|100%| O|  |TAMS 0x00000000cb900000, 0x00000000cb800000| Complete 
| 185|0x00000000cb900000, 0x00000000cba00000, 0x00000000cba00000|100%| O|  |TAMS 0x00000000cba00000, 0x00000000cb900000| Complete 
| 186|0x00000000cba00000, 0x00000000cbb00000, 0x00000000cbb00000|100%| O|  |TAMS 0x00000000cbb00000, 0x00000000cba00000| Complete 
| 187|0x00000000cbb00000, 0x00000000cbc00000, 0x00000000cbc00000|100%| O|  |TAMS 0x00000000cbc00000, 0x00000000cbb00000| Complete 
| 188|0x00000000cbc00000, 0x00000000cbc00000, 0x00000000cbd00000|  0%| F|  |TAMS 0x00000000cbc00000, 0x00000000cbc00000| Untracked 
| 189|0x00000000cbd00000, 0x00000000cbe00000, 0x00000000cbe00000|100%| O|  |TAMS 0x00000000cbe00000, 0x00000000cbd00000| Complete 
| 190|0x00000000cbe00000, 0x00000000cbf00000, 0x00000000cbf00000|100%| O|  |TAMS 0x00000000cbf00000, 0x00000000cbe00000| Complete 
| 191|0x00000000cbf00000, 0x00000000cbf00000, 0x00000000cc000000|  0%| F|  |TAMS 0x00000000cbf00000, 0x00000000cbf00000| Untracked 
| 192|0x00000000cc000000, 0x00000000cc000000, 0x00000000cc100000|  0%| F|  |TAMS 0x00000000cc000000, 0x00000000cc000000| Untracked 
| 193|0x00000000cc100000, 0x00000000cc100000, 0x00000000cc200000|  0%| F|  |TAMS 0x00000000cc100000, 0x00000000cc100000| Untracked 
| 194|0x00000000cc200000, 0x00000000cc200000, 0x00000000cc300000|  0%| F|  |TAMS 0x00000000cc200000, 0x00000000cc200000| Untracked 
| 195|0x00000000cc300000, 0x00000000cc400000, 0x00000000cc400000|100%|HS|  |TAMS 0x00000000cc400000, 0x00000000cc300000| Complete 
| 196|0x00000000cc400000, 0x00000000cc500000, 0x00000000cc500000|100%|HS|  |TAMS 0x00000000cc400000, 0x00000000cc400000| Complete 
| 197|0x00000000cc500000, 0x00000000cc600000, 0x00000000cc600000|100%|HC|  |TAMS 0x00000000cc500000, 0x00000000cc500000| Complete 
| 198|0x00000000cc600000, 0x00000000cc700000, 0x00000000cc700000|100%|HC|  |TAMS 0x00000000cc600000, 0x00000000cc600000| Complete 
| 199|0x00000000cc700000, 0x00000000cc800000, 0x00000000cc800000|100%|HC|  |TAMS 0x00000000cc700000, 0x00000000cc700000| Complete 
| 200|0x00000000cc800000, 0x00000000cc900000, 0x00000000cc900000|100%|HC|  |TAMS 0x00000000cc800000, 0x00000000cc800000| Complete 
| 201|0x00000000cc900000, 0x00000000cc900000, 0x00000000cca00000|  0%| F|  |TAMS 0x00000000cc900000, 0x00000000cc900000| Untracked 
| 202|0x00000000cca00000, 0x00000000ccb00000, 0x00000000ccb00000|100%| O|  |TAMS 0x00000000ccb00000, 0x00000000cca00000| Complete 
| 203|0x00000000ccb00000, 0x00000000ccc00000, 0x00000000ccc00000|100%| O|  |TAMS 0x00000000ccc00000, 0x00000000ccb00000| Complete 
| 204|0x00000000ccc00000, 0x00000000ccd00000, 0x00000000ccd00000|100%| O|  |TAMS 0x00000000ccd00000, 0x00000000ccc00000| Complete 
| 205|0x00000000ccd00000, 0x00000000cce00000, 0x00000000cce00000|100%| O|  |TAMS 0x00000000cce00000, 0x00000000ccd00000| Complete 
| 206|0x00000000cce00000, 0x00000000ccf00000, 0x00000000ccf00000|100%| O|  |TAMS 0x00000000ccf00000, 0x00000000cce00000| Complete 
| 207|0x00000000ccf00000, 0x00000000cd000000, 0x00000000cd000000|100%| O|  |TAMS 0x00000000cd000000, 0x00000000ccf00000| Complete 
| 208|0x00000000cd000000, 0x00000000cd100000, 0x00000000cd100000|100%| O|  |TAMS 0x00000000cd100000, 0x00000000cd000000| Complete 
| 209|0x00000000cd100000, 0x00000000cd200000, 0x00000000cd200000|100%| O|  |TAMS 0x00000000cd200000, 0x00000000cd100000| Complete 
| 210|0x00000000cd200000, 0x00000000cd300000, 0x00000000cd300000|100%| O|  |TAMS 0x00000000cd300000, 0x00000000cd200000| Complete 
| 211|0x00000000cd300000, 0x00000000cd400000, 0x00000000cd400000|100%| O|  |TAMS 0x00000000cd400000, 0x00000000cd300000| Complete 
| 212|0x00000000cd400000, 0x00000000cd500000, 0x00000000cd500000|100%| O|  |TAMS 0x00000000cd500000, 0x00000000cd400000| Complete 
| 213|0x00000000cd500000, 0x00000000cd600000, 0x00000000cd600000|100%| O|  |TAMS 0x00000000cd600000, 0x00000000cd500000| Complete 
| 214|0x00000000cd600000, 0x00000000cd700000, 0x00000000cd700000|100%| O|  |TAMS 0x00000000cd700000, 0x00000000cd600000| Complete 
| 215|0x00000000cd700000, 0x00000000cd800000, 0x00000000cd800000|100%| O|  |TAMS 0x00000000cd800000, 0x00000000cd700000| Complete 
| 216|0x00000000cd800000, 0x00000000cd900000, 0x00000000cd900000|100%| O|  |TAMS 0x00000000cd900000, 0x00000000cd800000| Complete 
| 217|0x00000000cd900000, 0x00000000cda00000, 0x00000000cda00000|100%| O|  |TAMS 0x00000000cda00000, 0x00000000cd900000| Complete 
| 218|0x00000000cda00000, 0x00000000cda00000, 0x00000000cdb00000|  0%| F|  |TAMS 0x00000000cda00000, 0x00000000cda00000| Untracked 
| 219|0x00000000cdb00000, 0x00000000cdc00000, 0x00000000cdc00000|100%| O|  |TAMS 0x00000000cdc00000, 0x00000000cdb00000| Complete 
| 220|0x00000000cdc00000, 0x00000000cdd00000, 0x00000000cdd00000|100%| O|  |TAMS 0x00000000cdd00000, 0x00000000cdc00000| Complete 
| 221|0x00000000cdd00000, 0x00000000cdd00000, 0x00000000cde00000|  0%| F|  |TAMS 0x00000000cdd00000, 0x00000000cdd00000| Untracked 
| 222|0x00000000cde00000, 0x00000000cde00000, 0x00000000cdf00000|  0%| F|  |TAMS 0x00000000cde00000, 0x00000000cde00000| Untracked 
| 223|0x00000000cdf00000, 0x00000000ce000000, 0x00000000ce000000|100%| O|  |TAMS 0x00000000ce000000, 0x00000000cdf00000| Complete 
| 224|0x00000000ce000000, 0x00000000ce100000, 0x00000000ce100000|100%| O|  |TAMS 0x00000000ce100000, 0x00000000ce000000| Complete 
| 225|0x00000000ce100000, 0x00000000ce200000, 0x00000000ce200000|100%| O|  |TAMS 0x00000000ce200000, 0x00000000ce100000| Complete 
| 226|0x00000000ce200000, 0x00000000ce300000, 0x00000000ce300000|100%| O|  |TAMS 0x00000000ce300000, 0x00000000ce200000| Complete 
| 227|0x00000000ce300000, 0x00000000ce400000, 0x00000000ce400000|100%| O|  |TAMS 0x00000000ce400000, 0x00000000ce300000| Complete 
| 228|0x00000000ce400000, 0x00000000ce500000, 0x00000000ce500000|100%| O|  |TAMS 0x00000000ce500000, 0x00000000ce400000| Complete 
| 229|0x00000000ce500000, 0x00000000ce600000, 0x00000000ce600000|100%| O|  |TAMS 0x00000000ce600000, 0x00000000ce500000| Complete 
| 230|0x00000000ce600000, 0x00000000ce700000, 0x00000000ce700000|100%| O|  |TAMS 0x00000000ce700000, 0x00000000ce600000| Complete 
| 231|0x00000000ce700000, 0x00000000ce800000, 0x00000000ce800000|100%| O|  |TAMS 0x00000000ce800000, 0x00000000ce700000| Complete 
| 232|0x00000000ce800000, 0x00000000ce900000, 0x00000000ce900000|100%| O|  |TAMS 0x00000000ce900000, 0x00000000ce800000| Complete 
| 233|0x00000000ce900000, 0x00000000cea00000, 0x00000000cea00000|100%| O|  |TAMS 0x00000000cea00000, 0x00000000ce900000| Complete 
| 234|0x00000000cea00000, 0x00000000ceb00000, 0x00000000ceb00000|100%|HS|  |TAMS 0x00000000ceb00000, 0x00000000cea00000| Complete 
| 235|0x00000000ceb00000, 0x00000000cec00000, 0x00000000cec00000|100%|HS|  |TAMS 0x00000000cec00000, 0x00000000ceb00000| Complete 
| 236|0x00000000cec00000, 0x00000000ced00000, 0x00000000ced00000|100%| O|  |TAMS 0x00000000ced00000, 0x00000000cec00000| Complete 
| 237|0x00000000ced00000, 0x00000000cee00000, 0x00000000cee00000|100%| O|  |TAMS 0x00000000cee00000, 0x00000000ced00000| Complete 
| 238|0x00000000cee00000, 0x00000000cef00000, 0x00000000cef00000|100%| O|  |TAMS 0x00000000cef00000, 0x00000000cee00000| Complete 
| 239|0x00000000cef00000, 0x00000000cf000000, 0x00000000cf000000|100%| O|  |TAMS 0x00000000cf000000, 0x00000000cef00000| Complete 
| 240|0x00000000cf000000, 0x00000000cf100000, 0x00000000cf100000|100%| O|  |TAMS 0x00000000cf100000, 0x00000000cf000000| Complete 
| 241|0x00000000cf100000, 0x00000000cf200000, 0x00000000cf200000|100%| O|  |TAMS 0x00000000cf200000, 0x00000000cf100000| Complete 
| 242|0x00000000cf200000, 0x00000000cf300000, 0x00000000cf300000|100%| O|  |TAMS 0x00000000cf300000, 0x00000000cf200000| Complete 
| 243|0x00000000cf300000, 0x00000000cf300000, 0x00000000cf400000|  0%| F|  |TAMS 0x00000000cf300000, 0x00000000cf300000| Untracked 
| 244|0x00000000cf400000, 0x00000000cf400000, 0x00000000cf500000|  0%| F|  |TAMS 0x00000000cf400000, 0x00000000cf400000| Untracked 
| 245|0x00000000cf500000, 0x00000000cf600000, 0x00000000cf600000|100%| O|  |TAMS 0x00000000cf600000, 0x00000000cf500000| Complete 
| 246|0x00000000cf600000, 0x00000000cf61f600, 0x00000000cf700000| 12%| O|  |TAMS 0x00000000cf61f600, 0x00000000cf600000| Untracked 
| 247|0x00000000cf700000, 0x00000000cf800000, 0x00000000cf800000|100%| O|  |TAMS 0x00000000cf800000, 0x00000000cf700000| Complete 
| 248|0x00000000cf800000, 0x00000000cf900000, 0x00000000cf900000|100%| O|  |TAMS 0x00000000cf900000, 0x00000000cf800000| Complete 
| 249|0x00000000cf900000, 0x00000000cf900000, 0x00000000cfa00000|  0%| F|  |TAMS 0x00000000cf900000, 0x00000000cf900000| Untracked 
| 250|0x00000000cfa00000, 0x00000000cfb00000, 0x00000000cfb00000|100%| O|  |TAMS 0x00000000cfb00000, 0x00000000cfa00000| Complete 
| 251|0x00000000cfb00000, 0x00000000cfc00000, 0x00000000cfc00000|100%| O|  |TAMS 0x00000000cfc00000, 0x00000000cfb00000| Complete 
| 252|0x00000000cfc00000, 0x00000000cfd00000, 0x00000000cfd00000|100%| O|  |TAMS 0x00000000cfd00000, 0x00000000cfc00000| Complete 
| 253|0x00000000cfd00000, 0x00000000cfd00000, 0x00000000cfe00000|  0%| F|  |TAMS 0x00000000cfd00000, 0x00000000cfd00000| Untracked 
| 254|0x00000000cfe00000, 0x00000000cff00000, 0x00000000cff00000|100%|HS|  |TAMS 0x00000000cff00000, 0x00000000cfe00000| Complete 
| 255|0x00000000cff00000, 0x00000000d0000000, 0x00000000d0000000|100%|HS|  |TAMS 0x00000000cff00000, 0x00000000cff00000| Complete 
| 256|0x00000000d0000000, 0x00000000d0100000, 0x00000000d0100000|100%|HC|  |TAMS 0x00000000d0000000, 0x00000000d0000000| Complete 
| 257|0x00000000d0100000, 0x00000000d0200000, 0x00000000d0200000|100%|HC|  |TAMS 0x00000000d0100000, 0x00000000d0100000| Complete 
| 258|0x00000000d0200000, 0x00000000d0300000, 0x00000000d0300000|100%|HC|  |TAMS 0x00000000d0200000, 0x00000000d0200000| Complete 
| 259|0x00000000d0300000, 0x00000000d0400000, 0x00000000d0400000|100%|HC|  |TAMS 0x00000000d0300000, 0x00000000d0300000| Complete 
| 260|0x00000000d0400000, 0x00000000d0400000, 0x00000000d0500000|  0%| F|  |TAMS 0x00000000d0400000, 0x00000000d0400000| Untracked 
| 261|0x00000000d0500000, 0x00000000d0500000, 0x00000000d0600000|  0%| F|  |TAMS 0x00000000d0500000, 0x00000000d0500000| Untracked 
| 262|0x00000000d0600000, 0x00000000d0600000, 0x00000000d0700000|  0%| F|  |TAMS 0x00000000d0600000, 0x00000000d0600000| Untracked 
| 263|0x00000000d0700000, 0x00000000d0700000, 0x00000000d0800000|  0%| F|  |TAMS 0x00000000d0700000, 0x00000000d0700000| Untracked 
| 264|0x00000000d0800000, 0x00000000d0800000, 0x00000000d0900000|  0%| F|  |TAMS 0x00000000d0800000, 0x00000000d0800000| Untracked 
| 265|0x00000000d0900000, 0x00000000d0900000, 0x00000000d0a00000|  0%| F|  |TAMS 0x00000000d0900000, 0x00000000d0900000| Untracked 
| 266|0x00000000d0a00000, 0x00000000d0a00000, 0x00000000d0b00000|  0%| F|  |TAMS 0x00000000d0a00000, 0x00000000d0a00000| Untracked 
| 267|0x00000000d0b00000, 0x00000000d0c00000, 0x00000000d0c00000|100%| O|  |TAMS 0x00000000d0c00000, 0x00000000d0b00000| Complete 
| 268|0x00000000d0c00000, 0x00000000d0c00000, 0x00000000d0d00000|  0%| F|  |TAMS 0x00000000d0c00000, 0x00000000d0c00000| Untracked 
| 269|0x00000000d0d00000, 0x00000000d0d00000, 0x00000000d0e00000|  0%| F|  |TAMS 0x00000000d0d00000, 0x00000000d0d00000| Untracked 
| 270|0x00000000d0e00000, 0x00000000d0e00000, 0x00000000d0f00000|  0%| F|  |TAMS 0x00000000d0e00000, 0x00000000d0e00000| Untracked 
| 271|0x00000000d0f00000, 0x00000000d0f00000, 0x00000000d1000000|  0%| F|  |TAMS 0x00000000d0f00000, 0x00000000d0f00000| Untracked 
| 272|0x00000000d1000000, 0x00000000d1000000, 0x00000000d1100000|  0%| F|  |TAMS 0x00000000d1000000, 0x00000000d1000000| Untracked 
| 273|0x00000000d1100000, 0x00000000d1100000, 0x00000000d1200000|  0%| F|  |TAMS 0x00000000d1100000, 0x00000000d1100000| Untracked 
| 274|0x00000000d1200000, 0x00000000d1200000, 0x00000000d1300000|  0%| F|  |TAMS 0x00000000d1200000, 0x00000000d1200000| Untracked 
| 275|0x00000000d1300000, 0x00000000d1300000, 0x00000000d1400000|  0%| F|  |TAMS 0x00000000d1300000, 0x00000000d1300000| Untracked 
| 276|0x00000000d1400000, 0x00000000d1400000, 0x00000000d1500000|  0%| F|  |TAMS 0x00000000d1400000, 0x00000000d1400000| Untracked 
| 277|0x00000000d1500000, 0x00000000d1500000, 0x00000000d1600000|  0%| F|  |TAMS 0x00000000d1500000, 0x00000000d1500000| Untracked 
| 278|0x00000000d1600000, 0x00000000d1600000, 0x00000000d1700000|  0%| F|  |TAMS 0x00000000d1600000, 0x00000000d1600000| Untracked 
| 279|0x00000000d1700000, 0x00000000d1700000, 0x00000000d1800000|  0%| F|  |TAMS 0x00000000d1700000, 0x00000000d1700000| Untracked 
| 280|0x00000000d1800000, 0x00000000d1800000, 0x00000000d1900000|  0%| F|  |TAMS 0x00000000d1800000, 0x00000000d1800000| Untracked 
| 281|0x00000000d1900000, 0x00000000d1a00000, 0x00000000d1a00000|100%| O|  |TAMS 0x00000000d1a00000, 0x00000000d1900000| Complete 
| 282|0x00000000d1a00000, 0x00000000d1a00000, 0x00000000d1b00000|  0%| F|  |TAMS 0x00000000d1a00000, 0x00000000d1a00000| Untracked 
| 283|0x00000000d1b00000, 0x00000000d1b00000, 0x00000000d1c00000|  0%| F|  |TAMS 0x00000000d1b00000, 0x00000000d1b00000| Untracked 
| 284|0x00000000d1c00000, 0x00000000d1c00000, 0x00000000d1d00000|  0%| F|  |TAMS 0x00000000d1c00000, 0x00000000d1c00000| Untracked 
| 285|0x00000000d1d00000, 0x00000000d1d00000, 0x00000000d1e00000|  0%| F|  |TAMS 0x00000000d1d00000, 0x00000000d1d00000| Untracked 
| 286|0x00000000d1e00000, 0x00000000d1e00000, 0x00000000d1f00000|  0%| F|  |TAMS 0x00000000d1e00000, 0x00000000d1e00000| Untracked 
| 287|0x00000000d1f00000, 0x00000000d1f00000, 0x00000000d2000000|  0%| F|  |TAMS 0x00000000d1f00000, 0x00000000d1f00000| Untracked 
| 288|0x00000000d2000000, 0x00000000d2000000, 0x00000000d2100000|  0%| F|  |TAMS 0x00000000d2000000, 0x00000000d2000000| Untracked 
| 289|0x00000000d2100000, 0x00000000d2200000, 0x00000000d2200000|100%| O|  |TAMS 0x00000000d2200000, 0x00000000d2100000| Complete 
| 290|0x00000000d2200000, 0x00000000d2300000, 0x00000000d2300000|100%| O|  |TAMS 0x00000000d2300000, 0x00000000d2200000| Complete 
| 291|0x00000000d2300000, 0x00000000d2400000, 0x00000000d2400000|100%| O|  |TAMS 0x00000000d2400000, 0x00000000d2300000| Complete 
| 292|0x00000000d2400000, 0x00000000d2400000, 0x00000000d2500000|  0%| F|  |TAMS 0x00000000d2400000, 0x00000000d2400000| Untracked 
| 293|0x00000000d2500000, 0x00000000d2500000, 0x00000000d2600000|  0%| F|  |TAMS 0x00000000d2500000, 0x00000000d2500000| Untracked 
| 294|0x00000000d2600000, 0x00000000d2600000, 0x00000000d2700000|  0%| F|  |TAMS 0x00000000d2600000, 0x00000000d2600000| Untracked 
| 295|0x00000000d2700000, 0x00000000d2700000, 0x00000000d2800000|  0%| F|  |TAMS 0x00000000d2700000, 0x00000000d2700000| Untracked 
| 296|0x00000000d2800000, 0x00000000d2800000, 0x00000000d2900000|  0%| F|  |TAMS 0x00000000d2800000, 0x00000000d2800000| Untracked 
| 297|0x00000000d2900000, 0x00000000d2900000, 0x00000000d2a00000|  0%| F|  |TAMS 0x00000000d2900000, 0x00000000d2900000| Untracked 
| 298|0x00000000d2a00000, 0x00000000d2b00000, 0x00000000d2b00000|100%| O|  |TAMS 0x00000000d2b00000, 0x00000000d2a00000| Complete 
| 299|0x00000000d2b00000, 0x00000000d2c00000, 0x00000000d2c00000|100%| O|  |TAMS 0x00000000d2c00000, 0x00000000d2b00000| Complete 
| 300|0x00000000d2c00000, 0x00000000d2d00000, 0x00000000d2d00000|100%|HS|  |TAMS 0x00000000d2d00000, 0x00000000d2c00000| Complete 
| 301|0x00000000d2d00000, 0x00000000d2e00000, 0x00000000d2e00000|100%|HS|  |TAMS 0x00000000d2e00000, 0x00000000d2d00000| Complete 
| 302|0x00000000d2e00000, 0x00000000d2f00000, 0x00000000d2f00000|100%|HS|  |TAMS 0x00000000d2f00000, 0x00000000d2e00000| Complete 
| 303|0x00000000d2f00000, 0x00000000d3000000, 0x00000000d3000000|100%| O|  |TAMS 0x00000000d3000000, 0x00000000d2f00000| Complete 
| 304|0x00000000d3000000, 0x00000000d3000000, 0x00000000d3100000|  0%| F|  |TAMS 0x00000000d3000000, 0x00000000d3000000| Untracked 
| 305|0x00000000d3100000, 0x00000000d3100000, 0x00000000d3200000|  0%| F|  |TAMS 0x00000000d3100000, 0x00000000d3100000| Untracked 
| 306|0x00000000d3200000, 0x00000000d3200000, 0x00000000d3300000|  0%| F|  |TAMS 0x00000000d3200000, 0x00000000d3200000| Untracked 
| 307|0x00000000d3300000, 0x00000000d3400000, 0x00000000d3400000|100%|HS|  |TAMS 0x00000000d3400000, 0x00000000d3300000| Complete 
| 308|0x00000000d3400000, 0x00000000d3500000, 0x00000000d3500000|100%|HS|  |TAMS 0x00000000d3500000, 0x00000000d3400000| Complete 
| 309|0x00000000d3500000, 0x00000000d3600000, 0x00000000d3600000|100%|HS|  |TAMS 0x00000000d3600000, 0x00000000d3500000| Complete 
| 310|0x00000000d3600000, 0x00000000d3600000, 0x00000000d3700000|  0%| F|  |TAMS 0x00000000d3600000, 0x00000000d3600000| Untracked 
| 311|0x00000000d3700000, 0x00000000d3800000, 0x00000000d3800000|100%|HS|  |TAMS 0x00000000d3800000, 0x00000000d3700000| Complete 
| 312|0x00000000d3800000, 0x00000000d3900000, 0x00000000d3900000|100%|HC|  |TAMS 0x00000000d3900000, 0x00000000d3800000| Complete 
| 313|0x00000000d3900000, 0x00000000d3a00000, 0x00000000d3a00000|100%|HC|  |TAMS 0x00000000d3a00000, 0x00000000d3900000| Complete 
| 314|0x00000000d3a00000, 0x00000000d3b00000, 0x00000000d3b00000|100%|HC|  |TAMS 0x00000000d3b00000, 0x00000000d3a00000| Complete 
| 315|0x00000000d3b00000, 0x00000000d3c00000, 0x00000000d3c00000|100%|HC|  |TAMS 0x00000000d3c00000, 0x00000000d3b00000| Complete 
| 316|0x00000000d3c00000, 0x00000000d3d00000, 0x00000000d3d00000|100%|HC|  |TAMS 0x00000000d3d00000, 0x00000000d3c00000| Complete 
| 317|0x00000000d3d00000, 0x00000000d3e00000, 0x00000000d3e00000|100%|HC|  |TAMS 0x00000000d3e00000, 0x00000000d3d00000| Complete 
| 318|0x00000000d3e00000, 0x00000000d3f00000, 0x00000000d3f00000|100%|HC|  |TAMS 0x00000000d3f00000, 0x00000000d3e00000| Complete 
| 319|0x00000000d3f00000, 0x00000000d4000000, 0x00000000d4000000|100%|HC|  |TAMS 0x00000000d4000000, 0x00000000d3f00000| Complete 
| 320|0x00000000d4000000, 0x00000000d4100000, 0x00000000d4100000|100%|HS|  |TAMS 0x00000000d4100000, 0x00000000d4000000| Complete 
| 321|0x00000000d4100000, 0x00000000d4200000, 0x00000000d4200000|100%|HC|  |TAMS 0x00000000d4200000, 0x00000000d4100000| Complete 
| 322|0x00000000d4200000, 0x00000000d4300000, 0x00000000d4300000|100%|HC|  |TAMS 0x00000000d4300000, 0x00000000d4200000| Complete 
| 323|0x00000000d4300000, 0x00000000d4400000, 0x00000000d4400000|100%|HC|  |TAMS 0x00000000d4400000, 0x00000000d4300000| Complete 
| 324|0x00000000d4400000, 0x00000000d4500000, 0x00000000d4500000|100%|HC|  |TAMS 0x00000000d4500000, 0x00000000d4400000| Complete 
| 325|0x00000000d4500000, 0x00000000d4600000, 0x00000000d4600000|100%|HC|  |TAMS 0x00000000d4600000, 0x00000000d4500000| Complete 
| 326|0x00000000d4600000, 0x00000000d4700000, 0x00000000d4700000|100%|HC|  |TAMS 0x00000000d4700000, 0x00000000d4600000| Complete 
| 327|0x00000000d4700000, 0x00000000d4800000, 0x00000000d4800000|100%|HC|  |TAMS 0x00000000d4800000, 0x00000000d4700000| Complete 
| 328|0x00000000d4800000, 0x00000000d4900000, 0x00000000d4900000|100%|HC|  |TAMS 0x00000000d4900000, 0x00000000d4800000| Complete 
| 329|0x00000000d4900000, 0x00000000d4a00000, 0x00000000d4a00000|100%|HS|  |TAMS 0x00000000d4a00000, 0x00000000d4900000| Complete 
| 330|0x00000000d4a00000, 0x00000000d4b00000, 0x00000000d4b00000|100%|HC|  |TAMS 0x00000000d4b00000, 0x00000000d4a00000| Complete 
| 331|0x00000000d4b00000, 0x00000000d4b00000, 0x00000000d4c00000|  0%| F|  |TAMS 0x00000000d4b00000, 0x00000000d4b00000| Untracked 
| 332|0x00000000d4c00000, 0x00000000d4c00000, 0x00000000d4d00000|  0%| F|  |TAMS 0x00000000d4c00000, 0x00000000d4c00000| Untracked 
| 333|0x00000000d4d00000, 0x00000000d4d00000, 0x00000000d4e00000|  0%| F|  |TAMS 0x00000000d4d00000, 0x00000000d4d00000| Untracked 
| 334|0x00000000d4e00000, 0x00000000d4f00000, 0x00000000d4f00000|100%|HS|  |TAMS 0x00000000d4f00000, 0x00000000d4e00000| Complete 
| 335|0x00000000d4f00000, 0x00000000d5000000, 0x00000000d5000000|100%|HC|  |TAMS 0x00000000d5000000, 0x00000000d4f00000| Complete 
| 336|0x00000000d5000000, 0x00000000d5100000, 0x00000000d5100000|100%|HC|  |TAMS 0x00000000d5100000, 0x00000000d5000000| Complete 
| 337|0x00000000d5100000, 0x00000000d5200000, 0x00000000d5200000|100%|HC|  |TAMS 0x00000000d5200000, 0x00000000d5100000| Complete 
| 338|0x00000000d5200000, 0x00000000d5300000, 0x00000000d5300000|100%|HC|  |TAMS 0x00000000d5300000, 0x00000000d5200000| Complete 
| 339|0x00000000d5300000, 0x00000000d5400000, 0x00000000d5400000|100%|HC|  |TAMS 0x00000000d5400000, 0x00000000d5300000| Complete 
| 340|0x00000000d5400000, 0x00000000d5500000, 0x00000000d5500000|100%|HC|  |TAMS 0x00000000d5500000, 0x00000000d5400000| Complete 
| 341|0x00000000d5500000, 0x00000000d5600000, 0x00000000d5600000|100%|HC|  |TAMS 0x00000000d5600000, 0x00000000d5500000| Complete 
| 342|0x00000000d5600000, 0x00000000d5700000, 0x00000000d5700000|100%|HC|  |TAMS 0x00000000d5700000, 0x00000000d5600000| Complete 
| 343|0x00000000d5700000, 0x00000000d5800000, 0x00000000d5800000|100%|HS|  |TAMS 0x00000000d5800000, 0x00000000d5700000| Complete 
| 344|0x00000000d5800000, 0x00000000d5900000, 0x00000000d5900000|100%|HC|  |TAMS 0x00000000d5900000, 0x00000000d5800000| Complete 
| 345|0x00000000d5900000, 0x00000000d5a00000, 0x00000000d5a00000|100%|HC|  |TAMS 0x00000000d5a00000, 0x00000000d5900000| Complete 
| 346|0x00000000d5a00000, 0x00000000d5b00000, 0x00000000d5b00000|100%|HC|  |TAMS 0x00000000d5b00000, 0x00000000d5a00000| Complete 
| 347|0x00000000d5b00000, 0x00000000d5c00000, 0x00000000d5c00000|100%|HC|  |TAMS 0x00000000d5c00000, 0x00000000d5b00000| Complete 
| 348|0x00000000d5c00000, 0x00000000d5d00000, 0x00000000d5d00000|100%|HC|  |TAMS 0x00000000d5d00000, 0x00000000d5c00000| Complete 
| 349|0x00000000d5d00000, 0x00000000d5e00000, 0x00000000d5e00000|100%|HC|  |TAMS 0x00000000d5e00000, 0x00000000d5d00000| Complete 
| 350|0x00000000d5e00000, 0x00000000d5f00000, 0x00000000d5f00000|100%|HC|  |TAMS 0x00000000d5f00000, 0x00000000d5e00000| Complete 
| 351|0x00000000d5f00000, 0x00000000d6000000, 0x00000000d6000000|100%|HC|  |TAMS 0x00000000d6000000, 0x00000000d5f00000| Complete 
| 352|0x00000000d6000000, 0x00000000d6100000, 0x00000000d6100000|100%|HS|  |TAMS 0x00000000d6100000, 0x00000000d6000000| Complete 
| 353|0x00000000d6100000, 0x00000000d6200000, 0x00000000d6200000|100%|HC|  |TAMS 0x00000000d6200000, 0x00000000d6100000| Complete 
| 354|0x00000000d6200000, 0x00000000d6300000, 0x00000000d6300000|100%|HC|  |TAMS 0x00000000d6300000, 0x00000000d6200000| Complete 
| 355|0x00000000d6300000, 0x00000000d6400000, 0x00000000d6400000|100%|HC|  |TAMS 0x00000000d6400000, 0x00000000d6300000| Complete 
| 356|0x00000000d6400000, 0x00000000d6500000, 0x00000000d6500000|100%|HC|  |TAMS 0x00000000d6500000, 0x00000000d6400000| Complete 
| 357|0x00000000d6500000, 0x00000000d6600000, 0x00000000d6600000|100%|HC|  |TAMS 0x00000000d6600000, 0x00000000d6500000| Complete 
| 358|0x00000000d6600000, 0x00000000d6700000, 0x00000000d6700000|100%|HC|  |TAMS 0x00000000d6700000, 0x00000000d6600000| Complete 
| 359|0x00000000d6700000, 0x00000000d6800000, 0x00000000d6800000|100%|HC|  |TAMS 0x00000000d6800000, 0x00000000d6700000| Complete 
| 360|0x00000000d6800000, 0x00000000d6900000, 0x00000000d6900000|100%|HC|  |TAMS 0x00000000d6900000, 0x00000000d6800000| Complete 
| 361|0x00000000d6900000, 0x00000000d6a00000, 0x00000000d6a00000|100%|HS|  |TAMS 0x00000000d6a00000, 0x00000000d6900000| Complete 
| 362|0x00000000d6a00000, 0x00000000d6b00000, 0x00000000d6b00000|100%|HC|  |TAMS 0x00000000d6b00000, 0x00000000d6a00000| Complete 
| 363|0x00000000d6b00000, 0x00000000d6c00000, 0x00000000d6c00000|100%|HC|  |TAMS 0x00000000d6c00000, 0x00000000d6b00000| Complete 
| 364|0x00000000d6c00000, 0x00000000d6d00000, 0x00000000d6d00000|100%|HC|  |TAMS 0x00000000d6d00000, 0x00000000d6c00000| Complete 
| 365|0x00000000d6d00000, 0x00000000d6e00000, 0x00000000d6e00000|100%|HC|  |TAMS 0x00000000d6e00000, 0x00000000d6d00000| Complete 
| 366|0x00000000d6e00000, 0x00000000d6f00000, 0x00000000d6f00000|100%|HC|  |TAMS 0x00000000d6f00000, 0x00000000d6e00000| Complete 
| 367|0x00000000d6f00000, 0x00000000d7000000, 0x00000000d7000000|100%|HC|  |TAMS 0x00000000d7000000, 0x00000000d6f00000| Complete 
| 368|0x00000000d7000000, 0x00000000d7100000, 0x00000000d7100000|100%|HC|  |TAMS 0x00000000d7100000, 0x00000000d7000000| Complete 
| 369|0x00000000d7100000, 0x00000000d7200000, 0x00000000d7200000|100%|HC|  |TAMS 0x00000000d7200000, 0x00000000d7100000| Complete 
| 370|0x00000000d7200000, 0x00000000d7200000, 0x00000000d7300000|  0%| F|  |TAMS 0x00000000d7200000, 0x00000000d7200000| Untracked 
| 371|0x00000000d7300000, 0x00000000d7300000, 0x00000000d7400000|  0%| F|  |TAMS 0x00000000d7300000, 0x00000000d7300000| Untracked 
| 372|0x00000000d7400000, 0x00000000d7400000, 0x00000000d7500000|  0%| F|  |TAMS 0x00000000d7400000, 0x00000000d7400000| Untracked 
| 373|0x00000000d7500000, 0x00000000d7500000, 0x00000000d7600000|  0%| F|  |TAMS 0x00000000d7500000, 0x00000000d7500000| Untracked 
| 374|0x00000000d7600000, 0x00000000d7600000, 0x00000000d7700000|  0%| F|  |TAMS 0x00000000d7600000, 0x00000000d7600000| Untracked 
| 375|0x00000000d7700000, 0x00000000d7700000, 0x00000000d7800000|  0%| F|  |TAMS 0x00000000d7700000, 0x00000000d7700000| Untracked 
| 376|0x00000000d7800000, 0x00000000d7800000, 0x00000000d7900000|  0%| F|  |TAMS 0x00000000d7800000, 0x00000000d7800000| Untracked 
| 377|0x00000000d7900000, 0x00000000d7900000, 0x00000000d7a00000|  0%| F|  |TAMS 0x00000000d7900000, 0x00000000d7900000| Untracked 
| 378|0x00000000d7a00000, 0x00000000d7a00000, 0x00000000d7b00000|  0%| F|  |TAMS 0x00000000d7a00000, 0x00000000d7a00000| Untracked 
| 379|0x00000000d7b00000, 0x00000000d7b00000, 0x00000000d7c00000|  0%| F|  |TAMS 0x00000000d7b00000, 0x00000000d7b00000| Untracked 
| 380|0x00000000d7c00000, 0x00000000d7c00000, 0x00000000d7d00000|  0%| F|  |TAMS 0x00000000d7c00000, 0x00000000d7c00000| Untracked 
| 381|0x00000000d7d00000, 0x00000000d7d00000, 0x00000000d7e00000|  0%| F|  |TAMS 0x00000000d7d00000, 0x00000000d7d00000| Untracked 
| 382|0x00000000d7e00000, 0x00000000d7f00000, 0x00000000d7f00000|100%|HS|  |TAMS 0x00000000d7f00000, 0x00000000d7e00000| Complete 
| 383|0x00000000d7f00000, 0x00000000d8000000, 0x00000000d8000000|100%|HC|  |TAMS 0x00000000d8000000, 0x00000000d7f00000| Complete 
| 384|0x00000000d8000000, 0x00000000d8100000, 0x00000000d8100000|100%|HC|  |TAMS 0x00000000d8100000, 0x00000000d8000000| Complete 
| 385|0x00000000d8100000, 0x00000000d8200000, 0x00000000d8200000|100%|HC|  |TAMS 0x00000000d8200000, 0x00000000d8100000| Complete 
| 386|0x00000000d8200000, 0x00000000d8300000, 0x00000000d8300000|100%|HC|  |TAMS 0x00000000d8300000, 0x00000000d8200000| Complete 
| 387|0x00000000d8300000, 0x00000000d8400000, 0x00000000d8400000|100%|HC|  |TAMS 0x00000000d8400000, 0x00000000d8300000| Complete 
| 388|0x00000000d8400000, 0x00000000d8500000, 0x00000000d8500000|100%|HC|  |TAMS 0x00000000d8500000, 0x00000000d8400000| Complete 
| 389|0x00000000d8500000, 0x00000000d8600000, 0x00000000d8600000|100%|HC|  |TAMS 0x00000000d8600000, 0x00000000d8500000| Complete 
| 390|0x00000000d8600000, 0x00000000d8700000, 0x00000000d8700000|100%|HC|  |TAMS 0x00000000d8700000, 0x00000000d8600000| Complete 
| 391|0x00000000d8700000, 0x00000000d8800000, 0x00000000d8800000|100%|HS|  |TAMS 0x00000000d8800000, 0x00000000d8700000| Complete 
| 392|0x00000000d8800000, 0x00000000d8900000, 0x00000000d8900000|100%|HC|  |TAMS 0x00000000d8900000, 0x00000000d8800000| Complete 
| 393|0x00000000d8900000, 0x00000000d8a00000, 0x00000000d8a00000|100%|HC|  |TAMS 0x00000000d8a00000, 0x00000000d8900000| Complete 
| 394|0x00000000d8a00000, 0x00000000d8b00000, 0x00000000d8b00000|100%|HS|  |TAMS 0x00000000d8b00000, 0x00000000d8a00000| Complete 
| 395|0x00000000d8b00000, 0x00000000d8c00000, 0x00000000d8c00000|100%|HS|  |TAMS 0x00000000d8c00000, 0x00000000d8b00000| Complete 
| 396|0x00000000d8c00000, 0x00000000d8d00000, 0x00000000d8d00000|100%| O|  |TAMS 0x00000000d8d00000, 0x00000000d8c00000| Complete 
| 397|0x00000000d8d00000, 0x00000000d8d00000, 0x00000000d8e00000|  0%| F|  |TAMS 0x00000000d8d00000, 0x00000000d8d00000| Untracked 
| 398|0x00000000d8e00000, 0x00000000d8e00000, 0x00000000d8f00000|  0%| F|  |TAMS 0x00000000d8e00000, 0x00000000d8e00000| Untracked 
| 399|0x00000000d8f00000, 0x00000000d8f00000, 0x00000000d9000000|  0%| F|  |TAMS 0x00000000d8f00000, 0x00000000d8f00000| Untracked 
| 400|0x00000000d9000000, 0x00000000d9000000, 0x00000000d9100000|  0%| F|  |TAMS 0x00000000d9000000, 0x00000000d9000000| Untracked 
| 401|0x00000000d9100000, 0x00000000d9100000, 0x00000000d9200000|  0%| F|  |TAMS 0x00000000d9100000, 0x00000000d9100000| Untracked 
| 402|0x00000000d9200000, 0x00000000d9200000, 0x00000000d9300000|  0%| F|  |TAMS 0x00000000d9200000, 0x00000000d9200000| Untracked 
| 403|0x00000000d9300000, 0x00000000d9300000, 0x00000000d9400000|  0%| F|  |TAMS 0x00000000d9300000, 0x00000000d9300000| Untracked 
| 404|0x00000000d9400000, 0x00000000d9400000, 0x00000000d9500000|  0%| F|  |TAMS 0x00000000d9400000, 0x00000000d9400000| Untracked 
| 405|0x00000000d9500000, 0x00000000d9500000, 0x00000000d9600000|  0%| F|  |TAMS 0x00000000d9500000, 0x00000000d9500000| Untracked 
| 406|0x00000000d9600000, 0x00000000d9600000, 0x00000000d9700000|  0%| F|  |TAMS 0x00000000d9600000, 0x00000000d9600000| Untracked 
| 407|0x00000000d9700000, 0x00000000d9700000, 0x00000000d9800000|  0%| F|  |TAMS 0x00000000d9700000, 0x00000000d9700000| Untracked 
| 408|0x00000000d9800000, 0x00000000d9800000, 0x00000000d9900000|  0%| F|  |TAMS 0x00000000d9800000, 0x00000000d9800000| Untracked 
| 409|0x00000000d9900000, 0x00000000d9900000, 0x00000000d9a00000|  0%| F|  |TAMS 0x00000000d9900000, 0x00000000d9900000| Untracked 
| 410|0x00000000d9a00000, 0x00000000d9a00000, 0x00000000d9b00000|  0%| F|  |TAMS 0x00000000d9a00000, 0x00000000d9a00000| Untracked 
| 411|0x00000000d9b00000, 0x00000000d9b00000, 0x00000000d9c00000|  0%| F|  |TAMS 0x00000000d9b00000, 0x00000000d9b00000| Untracked 
| 412|0x00000000d9c00000, 0x00000000d9c00000, 0x00000000d9d00000|  0%| F|  |TAMS 0x00000000d9c00000, 0x00000000d9c00000| Untracked 
| 413|0x00000000d9d00000, 0x00000000d9d00000, 0x00000000d9e00000|  0%| F|  |TAMS 0x00000000d9d00000, 0x00000000d9d00000| Untracked 
| 414|0x00000000d9e00000, 0x00000000d9e00000, 0x00000000d9f00000|  0%| F|  |TAMS 0x00000000d9e00000, 0x00000000d9e00000| Untracked 
| 415|0x00000000d9f00000, 0x00000000d9f00000, 0x00000000da000000|  0%| F|  |TAMS 0x00000000d9f00000, 0x00000000d9f00000| Untracked 
| 416|0x00000000da000000, 0x00000000da000000, 0x00000000da100000|  0%| F|  |TAMS 0x00000000da000000, 0x00000000da000000| Untracked 
| 417|0x00000000da100000, 0x00000000da100000, 0x00000000da200000|  0%| F|  |TAMS 0x00000000da100000, 0x00000000da100000| Untracked 
| 418|0x00000000da200000, 0x00000000da200000, 0x00000000da300000|  0%| F|  |TAMS 0x00000000da200000, 0x00000000da200000| Untracked 
| 419|0x00000000da300000, 0x00000000da300000, 0x00000000da400000|  0%| F|  |TAMS 0x00000000da300000, 0x00000000da300000| Untracked 
| 420|0x00000000da400000, 0x00000000da400000, 0x00000000da500000|  0%| F|  |TAMS 0x00000000da400000, 0x00000000da400000| Untracked 
| 421|0x00000000da500000, 0x00000000da500000, 0x00000000da600000|  0%| F|  |TAMS 0x00000000da500000, 0x00000000da500000| Untracked 
| 422|0x00000000da600000, 0x00000000da600000, 0x00000000da700000|  0%| F|  |TAMS 0x00000000da600000, 0x00000000da600000| Untracked 
| 423|0x00000000da700000, 0x00000000da700000, 0x00000000da800000|  0%| F|  |TAMS 0x00000000da700000, 0x00000000da700000| Untracked 
| 424|0x00000000da800000, 0x00000000da800000, 0x00000000da900000|  0%| F|  |TAMS 0x00000000da800000, 0x00000000da800000| Untracked 
| 425|0x00000000da900000, 0x00000000da900000, 0x00000000daa00000|  0%| F|  |TAMS 0x00000000da900000, 0x00000000da900000| Untracked 
| 426|0x00000000daa00000, 0x00000000daa00000, 0x00000000dab00000|  0%| F|  |TAMS 0x00000000daa00000, 0x00000000daa00000| Untracked 
| 427|0x00000000dab00000, 0x00000000dab00000, 0x00000000dac00000|  0%| F|  |TAMS 0x00000000dab00000, 0x00000000dab00000| Untracked 
| 428|0x00000000dac00000, 0x00000000dac00000, 0x00000000dad00000|  0%| F|  |TAMS 0x00000000dac00000, 0x00000000dac00000| Untracked 
| 429|0x00000000dad00000, 0x00000000dad00000, 0x00000000dae00000|  0%| F|  |TAMS 0x00000000dad00000, 0x00000000dad00000| Untracked 
| 430|0x00000000dae00000, 0x00000000dae00000, 0x00000000daf00000|  0%| F|  |TAMS 0x00000000dae00000, 0x00000000dae00000| Untracked 
| 431|0x00000000daf00000, 0x00000000daf00000, 0x00000000db000000|  0%| F|  |TAMS 0x00000000daf00000, 0x00000000daf00000| Untracked 
| 432|0x00000000db000000, 0x00000000db000000, 0x00000000db100000|  0%| F|  |TAMS 0x00000000db000000, 0x00000000db000000| Untracked 
| 433|0x00000000db100000, 0x00000000db100000, 0x00000000db200000|  0%| F|  |TAMS 0x00000000db100000, 0x00000000db100000| Untracked 
| 434|0x00000000db200000, 0x00000000db200000, 0x00000000db300000|  0%| F|  |TAMS 0x00000000db200000, 0x00000000db200000| Untracked 
| 435|0x00000000db300000, 0x00000000db300000, 0x00000000db400000|  0%| F|  |TAMS 0x00000000db300000, 0x00000000db300000| Untracked 
| 436|0x00000000db400000, 0x00000000db400000, 0x00000000db500000|  0%| F|  |TAMS 0x00000000db400000, 0x00000000db400000| Untracked 
| 437|0x00000000db500000, 0x00000000db500000, 0x00000000db600000|  0%| F|  |TAMS 0x00000000db500000, 0x00000000db500000| Untracked 
| 438|0x00000000db600000, 0x00000000db700000, 0x00000000db700000|100%| O|  |TAMS 0x00000000db700000, 0x00000000db600000| Complete 
| 439|0x00000000db700000, 0x00000000db700000, 0x00000000db800000|  0%| F|  |TAMS 0x00000000db700000, 0x00000000db700000| Untracked 
| 440|0x00000000db800000, 0x00000000db800000, 0x00000000db900000|  0%| F|  |TAMS 0x00000000db800000, 0x00000000db800000| Untracked 
| 441|0x00000000db900000, 0x00000000db900000, 0x00000000dba00000|  0%| F|  |TAMS 0x00000000db900000, 0x00000000db900000| Untracked 
| 442|0x00000000dba00000, 0x00000000dba00000, 0x00000000dbb00000|  0%| F|  |TAMS 0x00000000dba00000, 0x00000000dba00000| Untracked 
| 443|0x00000000dbb00000, 0x00000000dbb00000, 0x00000000dbc00000|  0%| F|  |TAMS 0x00000000dbb00000, 0x00000000dbb00000| Untracked 
| 444|0x00000000dbc00000, 0x00000000dbc00000, 0x00000000dbd00000|  0%| F|  |TAMS 0x00000000dbc00000, 0x00000000dbc00000| Untracked 
| 445|0x00000000dbd00000, 0x00000000dbd00000, 0x00000000dbe00000|  0%| F|  |TAMS 0x00000000dbd00000, 0x00000000dbd00000| Untracked 
| 446|0x00000000dbe00000, 0x00000000dbe00000, 0x00000000dbf00000|  0%| F|  |TAMS 0x00000000dbe00000, 0x00000000dbe00000| Untracked 
| 447|0x00000000dbf00000, 0x00000000dbf00000, 0x00000000dc000000|  0%| F|  |TAMS 0x00000000dbf00000, 0x00000000dbf00000| Untracked 
| 448|0x00000000dc000000, 0x00000000dc000000, 0x00000000dc100000|  0%| F|  |TAMS 0x00000000dc000000, 0x00000000dc000000| Untracked 
| 449|0x00000000dc100000, 0x00000000dc100000, 0x00000000dc200000|  0%| F|  |TAMS 0x00000000dc100000, 0x00000000dc100000| Untracked 
| 450|0x00000000dc200000, 0x00000000dc200000, 0x00000000dc300000|  0%| F|  |TAMS 0x00000000dc200000, 0x00000000dc200000| Untracked 
| 451|0x00000000dc300000, 0x00000000dc300000, 0x00000000dc400000|  0%| F|  |TAMS 0x00000000dc300000, 0x00000000dc300000| Untracked 
| 452|0x00000000dc400000, 0x00000000dc400000, 0x00000000dc500000|  0%| F|  |TAMS 0x00000000dc400000, 0x00000000dc400000| Untracked 
| 453|0x00000000dc500000, 0x00000000dc600000, 0x00000000dc600000|100%| O|  |TAMS 0x00000000dc600000, 0x00000000dc500000| Complete 
| 454|0x00000000dc600000, 0x00000000dc700000, 0x00000000dc700000|100%| O|  |TAMS 0x00000000dc700000, 0x00000000dc600000| Complete 
| 455|0x00000000dc700000, 0x00000000dc800000, 0x00000000dc800000|100%| O|  |TAMS 0x00000000dc800000, 0x00000000dc700000| Complete 
| 456|0x00000000dc800000, 0x00000000dc900000, 0x00000000dc900000|100%| O|  |TAMS 0x00000000dc900000, 0x00000000dc800000| Complete 
| 457|0x00000000dc900000, 0x00000000dc900000, 0x00000000dca00000|  0%| F|  |TAMS 0x00000000dc900000, 0x00000000dc900000| Untracked 
| 458|0x00000000dca00000, 0x00000000dca00000, 0x00000000dcb00000|  0%| F|  |TAMS 0x00000000dca00000, 0x00000000dca00000| Untracked 
| 459|0x00000000dcb00000, 0x00000000dcb00000, 0x00000000dcc00000|  0%| F|  |TAMS 0x00000000dcb00000, 0x00000000dcb00000| Untracked 
| 460|0x00000000dcc00000, 0x00000000dcc00000, 0x00000000dcd00000|  0%| F|  |TAMS 0x00000000dcc00000, 0x00000000dcc00000| Untracked 
| 461|0x00000000dcd00000, 0x00000000dcd00000, 0x00000000dce00000|  0%| F|  |TAMS 0x00000000dcd00000, 0x00000000dcd00000| Untracked 
| 462|0x00000000dce00000, 0x00000000dce00000, 0x00000000dcf00000|  0%| F|  |TAMS 0x00000000dce00000, 0x00000000dce00000| Untracked 
| 463|0x00000000dcf00000, 0x00000000dcf00000, 0x00000000dd000000|  0%| F|  |TAMS 0x00000000dcf00000, 0x00000000dcf00000| Untracked 
| 464|0x00000000dd000000, 0x00000000dd000000, 0x00000000dd100000|  0%| F|  |TAMS 0x00000000dd000000, 0x00000000dd000000| Untracked 
| 465|0x00000000dd100000, 0x00000000dd100000, 0x00000000dd200000|  0%| F|  |TAMS 0x00000000dd100000, 0x00000000dd100000| Untracked 
| 466|0x00000000dd200000, 0x00000000dd200000, 0x00000000dd300000|  0%| F|  |TAMS 0x00000000dd200000, 0x00000000dd200000| Untracked 
| 467|0x00000000dd300000, 0x00000000dd300000, 0x00000000dd400000|  0%| F|  |TAMS 0x00000000dd300000, 0x00000000dd300000| Untracked 
| 468|0x00000000dd400000, 0x00000000dd400000, 0x00000000dd500000|  0%| F|  |TAMS 0x00000000dd400000, 0x00000000dd400000| Untracked 
| 469|0x00000000dd500000, 0x00000000dd500000, 0x00000000dd600000|  0%| F|  |TAMS 0x00000000dd500000, 0x00000000dd500000| Untracked 
| 470|0x00000000dd600000, 0x00000000dd600000, 0x00000000dd700000|  0%| F|  |TAMS 0x00000000dd600000, 0x00000000dd600000| Untracked 
| 471|0x00000000dd700000, 0x00000000dd700000, 0x00000000dd800000|  0%| F|  |TAMS 0x00000000dd700000, 0x00000000dd700000| Untracked 
| 472|0x00000000dd800000, 0x00000000dd800000, 0x00000000dd900000|  0%| F|  |TAMS 0x00000000dd800000, 0x00000000dd800000| Untracked 
| 473|0x00000000dd900000, 0x00000000dd900000, 0x00000000dda00000|  0%| F|  |TAMS 0x00000000dd900000, 0x00000000dd900000| Untracked 
| 474|0x00000000dda00000, 0x00000000dda00000, 0x00000000ddb00000|  0%| F|  |TAMS 0x00000000dda00000, 0x00000000dda00000| Untracked 
| 475|0x00000000ddb00000, 0x00000000ddb00000, 0x00000000ddc00000|  0%| F|  |TAMS 0x00000000ddb00000, 0x00000000ddb00000| Untracked 
| 476|0x00000000ddc00000, 0x00000000ddc00000, 0x00000000ddd00000|  0%| F|  |TAMS 0x00000000ddc00000, 0x00000000ddc00000| Untracked 
| 477|0x00000000ddd00000, 0x00000000ddd00000, 0x00000000dde00000|  0%| F|  |TAMS 0x00000000ddd00000, 0x00000000ddd00000| Untracked 
| 478|0x00000000dde00000, 0x00000000dde00000, 0x00000000ddf00000|  0%| F|  |TAMS 0x00000000dde00000, 0x00000000dde00000| Untracked 
| 479|0x00000000ddf00000, 0x00000000ddf00000, 0x00000000de000000|  0%| F|  |TAMS 0x00000000ddf00000, 0x00000000ddf00000| Untracked 
| 480|0x00000000de000000, 0x00000000de000000, 0x00000000de100000|  0%| F|  |TAMS 0x00000000de000000, 0x00000000de000000| Untracked 
| 481|0x00000000de100000, 0x00000000de100000, 0x00000000de200000|  0%| F|  |TAMS 0x00000000de100000, 0x00000000de100000| Untracked 
| 482|0x00000000de200000, 0x00000000de200000, 0x00000000de300000|  0%| F|  |TAMS 0x00000000de200000, 0x00000000de200000| Untracked 
| 483|0x00000000de300000, 0x00000000de300000, 0x00000000de400000|  0%| F|  |TAMS 0x00000000de300000, 0x00000000de300000| Untracked 
| 484|0x00000000de400000, 0x00000000de400000, 0x00000000de500000|  0%| F|  |TAMS 0x00000000de400000, 0x00000000de400000| Untracked 
| 485|0x00000000de500000, 0x00000000de500000, 0x00000000de600000|  0%| F|  |TAMS 0x00000000de500000, 0x00000000de500000| Untracked 
| 486|0x00000000de600000, 0x00000000de600000, 0x00000000de700000|  0%| F|  |TAMS 0x00000000de600000, 0x00000000de600000| Untracked 
| 487|0x00000000de700000, 0x00000000de700000, 0x00000000de800000|  0%| F|  |TAMS 0x00000000de700000, 0x00000000de700000| Untracked 
| 488|0x00000000de800000, 0x00000000de800000, 0x00000000de900000|  0%| F|  |TAMS 0x00000000de800000, 0x00000000de800000| Untracked 
| 489|0x00000000de900000, 0x00000000de900000, 0x00000000dea00000|  0%| F|  |TAMS 0x00000000de900000, 0x00000000de900000| Untracked 
| 490|0x00000000dea00000, 0x00000000dea00000, 0x00000000deb00000|  0%| F|  |TAMS 0x00000000dea00000, 0x00000000dea00000| Untracked 
| 491|0x00000000deb00000, 0x00000000deb00000, 0x00000000dec00000|  0%| F|  |TAMS 0x00000000deb00000, 0x00000000deb00000| Untracked 
| 492|0x00000000dec00000, 0x00000000dec00000, 0x00000000ded00000|  0%| F|  |TAMS 0x00000000dec00000, 0x00000000dec00000| Untracked 
| 493|0x00000000ded00000, 0x00000000ded00000, 0x00000000dee00000|  0%| F|  |TAMS 0x00000000ded00000, 0x00000000ded00000| Untracked 
| 494|0x00000000dee00000, 0x00000000dee00000, 0x00000000def00000|  0%| F|  |TAMS 0x00000000dee00000, 0x00000000dee00000| Untracked 
| 495|0x00000000def00000, 0x00000000def00000, 0x00000000df000000|  0%| F|  |TAMS 0x00000000def00000, 0x00000000def00000| Untracked 
| 496|0x00000000df000000, 0x00000000df000000, 0x00000000df100000|  0%| F|  |TAMS 0x00000000df000000, 0x00000000df000000| Untracked 
| 497|0x00000000df100000, 0x00000000df100000, 0x00000000df200000|  0%| F|  |TAMS 0x00000000df100000, 0x00000000df100000| Untracked 
| 498|0x00000000df200000, 0x00000000df200000, 0x00000000df300000|  0%| F|  |TAMS 0x00000000df200000, 0x00000000df200000| Untracked 
| 499|0x00000000df300000, 0x00000000df3925e0, 0x00000000df400000| 57%| S|CS|TAMS 0x00000000df300000, 0x00000000df300000| Complete 
| 500|0x00000000df400000, 0x00000000df500000, 0x00000000df500000|100%| S|CS|TAMS 0x00000000df400000, 0x00000000df400000| Complete 
| 501|0x00000000df500000, 0x00000000df500000, 0x00000000df600000|  0%| F|  |TAMS 0x00000000df500000, 0x00000000df500000| Untracked 
| 502|0x00000000df600000, 0x00000000df600000, 0x00000000df700000|  0%| F|  |TAMS 0x00000000df600000, 0x00000000df600000| Untracked 
| 503|0x00000000df700000, 0x00000000df700000, 0x00000000df800000|  0%| F|  |TAMS 0x00000000df700000, 0x00000000df700000| Untracked 
| 504|0x00000000df800000, 0x00000000df800000, 0x00000000df900000|  0%| F|  |TAMS 0x00000000df800000, 0x00000000df800000| Untracked 
| 505|0x00000000df900000, 0x00000000df900000, 0x00000000dfa00000|  0%| F|  |TAMS 0x00000000df900000, 0x00000000df900000| Untracked 
| 506|0x00000000dfa00000, 0x00000000dfa00000, 0x00000000dfb00000|  0%| F|  |TAMS 0x00000000dfa00000, 0x00000000dfa00000| Untracked 
| 507|0x00000000dfb00000, 0x00000000dfb00000, 0x00000000dfc00000|  0%| F|  |TAMS 0x00000000dfb00000, 0x00000000dfb00000| Untracked 
| 508|0x00000000dfc00000, 0x00000000dfc00000, 0x00000000dfd00000|  0%| F|  |TAMS 0x00000000dfc00000, 0x00000000dfc00000| Untracked 
| 509|0x00000000dfd00000, 0x00000000dfd00000, 0x00000000dfe00000|  0%| F|  |TAMS 0x00000000dfd00000, 0x00000000dfd00000| Untracked 
| 510|0x00000000dfe00000, 0x00000000dfe00000, 0x00000000dff00000|  0%| F|  |TAMS 0x00000000dfe00000, 0x00000000dfe00000| Untracked 
| 511|0x00000000dff00000, 0x00000000dff00000, 0x00000000e0000000|  0%| F|  |TAMS 0x00000000dff00000, 0x00000000dff00000| Untracked 
| 512|0x00000000e0000000, 0x00000000e0000000, 0x00000000e0100000|  0%| F|  |TAMS 0x00000000e0000000, 0x00000000e0000000| Untracked 
| 513|0x00000000e0100000, 0x00000000e0100000, 0x00000000e0200000|  0%| F|  |TAMS 0x00000000e0100000, 0x00000000e0100000| Untracked 
| 514|0x00000000e0200000, 0x00000000e0200000, 0x00000000e0300000|  0%| F|  |TAMS 0x00000000e0200000, 0x00000000e0200000| Untracked 
| 515|0x00000000e0300000, 0x00000000e0300000, 0x00000000e0400000|  0%| F|  |TAMS 0x00000000e0300000, 0x00000000e0300000| Untracked 
| 516|0x00000000e0400000, 0x00000000e0400000, 0x00000000e0500000|  0%| F|  |TAMS 0x00000000e0400000, 0x00000000e0400000| Untracked 
| 517|0x00000000e0500000, 0x00000000e0500000, 0x00000000e0600000|  0%| F|  |TAMS 0x00000000e0500000, 0x00000000e0500000| Untracked 
| 518|0x00000000e0600000, 0x00000000e0600000, 0x00000000e0700000|  0%| F|  |TAMS 0x00000000e0600000, 0x00000000e0600000| Untracked 
| 519|0x00000000e0700000, 0x00000000e0700000, 0x00000000e0800000|  0%| F|  |TAMS 0x00000000e0700000, 0x00000000e0700000| Untracked 
| 520|0x00000000e0800000, 0x00000000e0800000, 0x00000000e0900000|  0%| F|  |TAMS 0x00000000e0800000, 0x00000000e0800000| Untracked 
| 521|0x00000000e0900000, 0x00000000e0900000, 0x00000000e0a00000|  0%| F|  |TAMS 0x00000000e0900000, 0x00000000e0900000| Untracked 
| 522|0x00000000e0a00000, 0x00000000e0a00000, 0x00000000e0b00000|  0%| F|  |TAMS 0x00000000e0a00000, 0x00000000e0a00000| Untracked 
| 523|0x00000000e0b00000, 0x00000000e0b00000, 0x00000000e0c00000|  0%| F|  |TAMS 0x00000000e0b00000, 0x00000000e0b00000| Untracked 
| 524|0x00000000e0c00000, 0x00000000e0c00000, 0x00000000e0d00000|  0%| F|  |TAMS 0x00000000e0c00000, 0x00000000e0c00000| Untracked 
| 525|0x00000000e0d00000, 0x00000000e0d00000, 0x00000000e0e00000|  0%| F|  |TAMS 0x00000000e0d00000, 0x00000000e0d00000| Untracked 
| 526|0x00000000e0e00000, 0x00000000e0e00000, 0x00000000e0f00000|  0%| F|  |TAMS 0x00000000e0e00000, 0x00000000e0e00000| Untracked 
| 527|0x00000000e0f00000, 0x00000000e0f00000, 0x00000000e1000000|  0%| F|  |TAMS 0x00000000e0f00000, 0x00000000e0f00000| Untracked 
| 528|0x00000000e1000000, 0x00000000e1000000, 0x00000000e1100000|  0%| F|  |TAMS 0x00000000e1000000, 0x00000000e1000000| Untracked 
| 529|0x00000000e1100000, 0x00000000e1100000, 0x00000000e1200000|  0%| F|  |TAMS 0x00000000e1100000, 0x00000000e1100000| Untracked 
| 530|0x00000000e1200000, 0x00000000e1200000, 0x00000000e1300000|  0%| F|  |TAMS 0x00000000e1200000, 0x00000000e1200000| Untracked 
| 531|0x00000000e1300000, 0x00000000e1300000, 0x00000000e1400000|  0%| F|  |TAMS 0x00000000e1300000, 0x00000000e1300000| Untracked 
| 532|0x00000000e1400000, 0x00000000e1400000, 0x00000000e1500000|  0%| F|  |TAMS 0x00000000e1400000, 0x00000000e1400000| Untracked 
| 533|0x00000000e1500000, 0x00000000e1500000, 0x00000000e1600000|  0%| F|  |TAMS 0x00000000e1500000, 0x00000000e1500000| Untracked 
| 534|0x00000000e1600000, 0x00000000e1600000, 0x00000000e1700000|  0%| F|  |TAMS 0x00000000e1600000, 0x00000000e1600000| Untracked 
| 535|0x00000000e1700000, 0x00000000e1700000, 0x00000000e1800000|  0%| F|  |TAMS 0x00000000e1700000, 0x00000000e1700000| Untracked 
| 536|0x00000000e1800000, 0x00000000e1800000, 0x00000000e1900000|  0%| F|  |TAMS 0x00000000e1800000, 0x00000000e1800000| Untracked 
| 537|0x00000000e1900000, 0x00000000e1900000, 0x00000000e1a00000|  0%| F|  |TAMS 0x00000000e1900000, 0x00000000e1900000| Untracked 
| 538|0x00000000e1a00000, 0x00000000e1a00000, 0x00000000e1b00000|  0%| F|  |TAMS 0x00000000e1a00000, 0x00000000e1a00000| Untracked 
| 539|0x00000000e1b00000, 0x00000000e1b00000, 0x00000000e1c00000|  0%| F|  |TAMS 0x00000000e1b00000, 0x00000000e1b00000| Untracked 
| 540|0x00000000e1c00000, 0x00000000e1c00000, 0x00000000e1d00000|  0%| F|  |TAMS 0x00000000e1c00000, 0x00000000e1c00000| Untracked 
| 541|0x00000000e1d00000, 0x00000000e1d00000, 0x00000000e1e00000|  0%| F|  |TAMS 0x00000000e1d00000, 0x00000000e1d00000| Untracked 
| 542|0x00000000e1e00000, 0x00000000e1e00000, 0x00000000e1f00000|  0%| F|  |TAMS 0x00000000e1e00000, 0x00000000e1e00000| Untracked 
| 543|0x00000000e1f00000, 0x00000000e1f00000, 0x00000000e2000000|  0%| F|  |TAMS 0x00000000e1f00000, 0x00000000e1f00000| Untracked 
| 544|0x00000000e2000000, 0x00000000e2000000, 0x00000000e2100000|  0%| F|  |TAMS 0x00000000e2000000, 0x00000000e2000000| Untracked 
| 545|0x00000000e2100000, 0x00000000e2100000, 0x00000000e2200000|  0%| F|  |TAMS 0x00000000e2100000, 0x00000000e2100000| Untracked 
| 546|0x00000000e2200000, 0x00000000e2200000, 0x00000000e2300000|  0%| F|  |TAMS 0x00000000e2200000, 0x00000000e2200000| Untracked 
| 547|0x00000000e2300000, 0x00000000e2300000, 0x00000000e2400000|  0%| F|  |TAMS 0x00000000e2300000, 0x00000000e2300000| Untracked 
| 548|0x00000000e2400000, 0x00000000e2400800, 0x00000000e2500000|  0%| E|  |TAMS 0x00000000e2400000, 0x00000000e2400000| Complete 
| 549|0x00000000e2500000, 0x00000000e2600000, 0x00000000e2600000|100%| E|CS|TAMS 0x00000000e2500000, 0x00000000e2500000| Complete 
| 550|0x00000000e2600000, 0x00000000e2700000, 0x00000000e2700000|100%| E|CS|TAMS 0x00000000e2600000, 0x00000000e2600000| Complete 
| 551|0x00000000e2700000, 0x00000000e2800000, 0x00000000e2800000|100%| E|CS|TAMS 0x00000000e2700000, 0x00000000e2700000| Complete 
| 552|0x00000000e2800000, 0x00000000e2900000, 0x00000000e2900000|100%| E|CS|TAMS 0x00000000e2800000, 0x00000000e2800000| Complete 
| 553|0x00000000e2900000, 0x00000000e2a00000, 0x00000000e2a00000|100%| E|CS|TAMS 0x00000000e2900000, 0x00000000e2900000| Complete 
| 554|0x00000000e2a00000, 0x00000000e2b00000, 0x00000000e2b00000|100%| E|CS|TAMS 0x00000000e2a00000, 0x00000000e2a00000| Complete 
| 555|0x00000000e2b00000, 0x00000000e2c00000, 0x00000000e2c00000|100%| E|CS|TAMS 0x00000000e2b00000, 0x00000000e2b00000| Complete 
| 556|0x00000000e2c00000, 0x00000000e2d00000, 0x00000000e2d00000|100%| E|CS|TAMS 0x00000000e2c00000, 0x00000000e2c00000| Complete 
| 557|0x00000000e2d00000, 0x00000000e2e00000, 0x00000000e2e00000|100%| E|CS|TAMS 0x00000000e2d00000, 0x00000000e2d00000| Complete 
| 558|0x00000000e2e00000, 0x00000000e2f00000, 0x00000000e2f00000|100%| E|CS|TAMS 0x00000000e2e00000, 0x00000000e2e00000| Complete 
| 559|0x00000000e2f00000, 0x00000000e3000000, 0x00000000e3000000|100%| E|CS|TAMS 0x00000000e2f00000, 0x00000000e2f00000| Complete 
| 560|0x00000000e3000000, 0x00000000e3100000, 0x00000000e3100000|100%| E|CS|TAMS 0x00000000e3000000, 0x00000000e3000000| Complete 
| 561|0x00000000e3100000, 0x00000000e3200000, 0x00000000e3200000|100%| E|CS|TAMS 0x00000000e3100000, 0x00000000e3100000| Complete 
| 562|0x00000000e3200000, 0x00000000e3300000, 0x00000000e3300000|100%| E|CS|TAMS 0x00000000e3200000, 0x00000000e3200000| Complete 
| 563|0x00000000e3300000, 0x00000000e3400000, 0x00000000e3400000|100%| E|CS|TAMS 0x00000000e3300000, 0x00000000e3300000| Complete 
|1022|0x00000000ffe00000, 0x00000000ffe47000, 0x00000000fff00000| 27%|OA|  |TAMS 0x00000000ffe47000, 0x00000000ffe00000| Untracked 
|1023|0x00000000fff00000, 0x00000000fff6c000, 0x0000000100000000| 42%|CA|  |TAMS 0x00000000fff6c000, 0x00000000fff00000| Untracked 

Card table byte_map: [0x00007861fc0f5000,0x00007861fc2f5000] _byte_map_base: 0x00007861fbaf5000

Marking Bits (Prev, Next): (CMBitMap*) 0x00007861f805b5e8, (CMBitMap*) 0x00007861f805b620
 Prev Bits: [0x00007861db000000, 0x00007861dc000000)
 Next Bits: [0x00007861da000000, 0x00007861db000000)

Polling page: 0x00007861ffda5000

Metaspace:

Usage:
  Non-class:    123.94 MB capacity,   120.45 MB ( 97%) used,     2.66 MB (  2%) free+waste,   847.69 KB ( <1%) overhead. 
      Class:     23.44 MB capacity,    20.05 MB ( 86%) used,     2.93 MB ( 13%) free+waste,   467.56 KB (  2%) overhead. 
       Both:    147.38 MB capacity,   140.50 MB ( 95%) used,     5.59 MB (  4%) free+waste,     1.28 MB ( <1%) overhead. 

Virtual space:
  Non-class space:      126.00 MB reserved,     125.92 MB (>99%) committed 
      Class space:        1.00 GB reserved,      24.70 MB (  2%) committed 
             Both:        1.12 GB reserved,     150.62 MB ( 13%) committed 

Chunk freelists:
   Non-Class:  1.79 MB
       Class:  1.16 MB
        Both:  2.95 MB

MaxMetaspaceSize: unlimited
CompressedClassSpaceSize: 1.00 GB
Initial GC threshold: 20.80 MB
Current GC threshold: 251.04 MB
CDS: on

CodeHeap 'non-profiled nmethods': size=233880Kb used=28276Kb max_used=28276Kb free=205603Kb
 bounds [0x00007861e133e000, 0x00007861e2ede000, 0x00007861ef7a4000]
CodeHeap 'non-nmethods': size=11880Kb used=1591Kb max_used=1591Kb free=10288Kb
 bounds [0x00007861e07a4000, 0x00007861e0a14000, 0x00007861e133e000]
 total_blobs=19376 nmethods=18400 adapters=903
 compilation: enabled
              stopped_count=0, restarted_count=0
 full_count=0

Compilation events (20 events):
Event: 29.774 Thread 0x00007861f813b000 18440       1       org.apache.spark.scheduler.DirectTaskResult::<init> (25 bytes)
Event: 29.774 Thread 0x00007861f813b000 nmethod 18440 0x00007861e2ed6e10 code [0x00007861e2ed6fc0, 0x00007861e2ed71b0]
Event: 29.774 Thread 0x00007861f813b000 18441       1       org.apache.spark.scheduler.CompressedMapStatus::<init> (20 bytes)
Event: 29.774 Thread 0x00007861f813b000 nmethod 18441 0x00007861e2ed7210 code [0x00007861e2ed73c0, 0x00007861e2ed7530]
Event: 29.774 Thread 0x00007861f813b000 18442       1       org.apache.spark.scheduler.DirectTaskResult::value (64 bytes)
Event: 29.775 Thread 0x00007861f813b000 nmethod 18442 0x00007861e2ed7590 code [0x00007861e2ed77a0, 0x00007861e2ed7ae0]
Event: 29.775 Thread 0x00007861f813b000 18444       1       org.apache.spark.scheduler.SparkListenerTaskEnd::equals (233 bytes)
Event: 29.776 Thread 0x00007861f813b000 nmethod 18444 0x00007861e2ed7d10 code [0x00007861e2ed7ee0, 0x00007861e2ed8290]
Event: 29.776 Thread 0x00007861f813b000 18445   !   1       org.apache.spark.ShuffleStatus::withWriteLock (34 bytes)
Event: 29.776 Thread 0x00007861f813b000 nmethod 18445 0x00007861e2ed8410 code [0x00007861e2ed8620, 0x00007861e2ed8880]
Event: 29.776 Thread 0x00007861f813b000 18446       1       org.apache.spark.executor.TaskMetrics::withExternalAccums (12 bytes)
Event: 29.777 Thread 0x00007861f813b000 nmethod 18446 0x00007861e2ed8b10 code [0x00007861e2ed8d40, 0x00007861e2ed9170]
Event: 29.777 Thread 0x00007861f813b000 18447       1       org.apache.spark.executor.TaskMetrics$$Lambda$4726/0x000000084171d840::get$Lambda (10 bytes)
Event: 29.778 Thread 0x00007861f813b000 nmethod 18447 0x00007861e2ed9510 code [0x00007861e2ed96c0, 0x00007861e2ed9850]
Event: 29.778 Thread 0x00007861f813b000 18448       1       org.apache.spark.util.io.ChunkedByteBufferOutputStream$$Lambda$3218/0x00000008412e9840::apply (13 bytes)
Event: 29.779 Thread 0x00007861f813b000 nmethod 18448 0x00007861e2ed9910 code [0x00007861e2ed9ae0, 0x00007861e2ed9df0]
Event: 29.779 Thread 0x00007861f813b000 18449       1       org.apache.spark.util.io.ChunkedByteBufferOutputStream::$anonfun$toChunkedByteBuffer$3$adapted (10 bytes)
Event: 29.779 Thread 0x00007861f813b000 nmethod 18449 0x00007861e2eda010 code [0x00007861e2eda1e0, 0x00007861e2eda490]
Event: 30.000 Thread 0x00007861f813b000 18450       1       org.apache.iceberg.shaded.org.apache.parquet.bytes.MultiBufferInputStream::read (140 bytes)
Event: 30.001 Thread 0x00007861f813b000 nmethod 18450 0x00007861e2eda690 code [0x00007861e2eda8c0, 0x00007861e2edaeb0]

GC Heap History (20 events):
Event: 28.957 GC heap before
{Heap before GC invocations=178 (full 0):
 garbage-first heap   total 575488K, used 458530K [0x00000000c0000000, 0x0000000100000000)
  region size 1024K, 142 young (145408K), 1 survivors (1024K)
 Metaspace       used 143845K, capacity 150881K, committed 154236K, reserved 1177600K
  class space    used 20520K, capacity 23984K, committed 25292K, reserved 1048576K
}
Event: 28.964 GC heap after
{Heap after GC invocations=179 (full 0):
 garbage-first heap   total 575488K, used 328306K [0x00000000c0000000, 0x0000000100000000)
  region size 1024K, 18 young (18432K), 18 survivors (18432K)
 Metaspace       used 143845K, capacity 150881K, committed 154236K, reserved 1177600K
  class space    used 20520K, capacity 23984K, committed 25292K, reserved 1048576K
}
Event: 28.968 GC heap before
{Heap before GC invocations=179 (full 0):
 garbage-first heap   total 575488K, used 339570K [0x00000000c0000000, 0x0000000100000000)
  region size 1024K, 28 young (28672K), 18 survivors (18432K)
 Metaspace       used 143845K, capacity 150881K, committed 154236K, reserved 1177600K
  class space    used 20520K, capacity 23984K, committed 25292K, reserved 1048576K
}
Event: 28.974 GC heap after
{Heap after GC invocations=180 (full 0):
 garbage-first heap   total 575488K, used 322689K [0x00000000c0000000, 0x0000000100000000)
  region size 1024K, 4 young (4096K), 4 survivors (4096K)
 Metaspace       used 143845K, capacity 150881K, committed 154236K, reserved 1177600K
  class space    used 20520K, capacity 23984K, committed 25292K, reserved 1048576K
}
Event: 29.240 GC heap before
{Heap before GC invocations=180 (full 0):
 garbage-first heap   total 575488K, used 557184K [0x00000000c0000000, 0x0000000100000000)
  region size 1024K, 145 young (148480K), 4 survivors (4096K)
 Metaspace       used 143845K, capacity 150881K, committed 154236K, reserved 1177600K
  class space    used 20520K, capacity 23984K, committed 25292K, reserved 1048576K
}
Event: 29.248 GC heap after
{Heap after GC invocations=181 (full 0):
 garbage-first heap   total 579584K, used 409855K [0x00000000c0000000, 0x0000000100000000)
  region size 1024K, 19 young (19456K), 19 survivors (19456K)
 Metaspace       used 143845K, capacity 150881K, committed 154236K, reserved 1177600K
  class space    used 20520K, capacity 23984K, committed 25292K, reserved 1048576K
}
Event: 29.265 GC heap before
{Heap before GC invocations=181 (full 0):
 garbage-first heap   total 579584K, used 418047K [0x00000000c0000000, 0x0000000100000000)
  region size 1024K, 28 young (28672K), 19 survivors (19456K)
 Metaspace       used 143845K, capacity 150881K, committed 154236K, reserved 1177600K
  class space    used 20520K, capacity 23984K, committed 25292K, reserved 1048576K
}
Event: 29.269 GC heap after
{Heap after GC invocations=182 (full 0):
 garbage-first heap   total 579584K, used 403678K [0x00000000c0000000, 0x0000000100000000)
  region size 1024K, 4 young (4096K), 4 survivors (4096K)
 Metaspace       used 143845K, capacity 150881K, committed 154236K, reserved 1177600K
  class space    used 20520K, capacity 23984K, committed 25292K, reserved 1048576K
}
Event: 29.276 GC heap before
{Heap before GC invocations=182 (full 0):
 garbage-first heap   total 579584K, used 412894K [0x00000000c0000000, 0x0000000100000000)
  region size 1024K, 15 young (15360K), 4 survivors (4096K)
 Metaspace       used 143845K, capacity 150881K, committed 154236K, reserved 1177600K
  class space    used 20520K, capacity 23984K, committed 25292K, reserved 1048576K
}
Event: 29.282 GC heap after
{Heap after GC invocations=183 (full 0):
 garbage-first heap   total 579584K, used 413925K [0x00000000c0000000, 0x0000000100000000)
  region size 1024K, 11 young (11264K), 11 survivors (11264K)
 Metaspace       used 143845K, capacity 150881K, committed 154236K, reserved 1177600K
  class space    used 20520K, capacity 23984K, committed 25292K, reserved 1048576K
}
Event: 29.416 GC heap before
{Heap before GC invocations=184 (full 0):
 garbage-first heap   total 579584K, used 424165K [0x00000000c0000000, 0x0000000100000000)
  region size 1024K, 55 young (56320K), 11 survivors (11264K)
 Metaspace       used 143845K, capacity 150881K, committed 154236K, reserved 1177600K
  class space    used 20520K, capacity 23984K, committed 25292K, reserved 1048576K
}
Event: 29.420 GC heap after
{Heap after GC invocations=185 (full 0):
 garbage-first heap   total 579584K, used 376304K [0x00000000c0000000, 0x0000000100000000)
  region size 1024K, 7 young (7168K), 7 survivors (7168K)
 Metaspace       used 143845K, capacity 150881K, committed 154236K, reserved 1177600K
  class space    used 20520K, capacity 23984K, committed 25292K, reserved 1048576K
}
Event: 29.443 GC heap before
{Heap before GC invocations=185 (full 0):
 garbage-first heap   total 579584K, used 398832K [0x00000000c0000000, 0x0000000100000000)
  region size 1024K, 28 young (28672K), 7 survivors (7168K)
 Metaspace       used 143845K, capacity 150881K, committed 154236K, reserved 1177600K
  class space    used 20520K, capacity 23984K, committed 25292K, reserved 1048576K
}
Event: 29.449 GC heap after
{Heap after GC invocations=186 (full 0):
 garbage-first heap   total 579584K, used 348148K [0x00000000c0000000, 0x0000000100000000)
  region size 1024K, 4 young (4096K), 4 survivors (4096K)
 Metaspace       used 143845K, capacity 150881K, committed 154236K, reserved 1177600K
  class space    used 20520K, capacity 23984K, committed 25292K, reserved 1048576K
}
Event: 29.577 GC heap before
{Heap before GC invocations=186 (full 0):
 garbage-first heap   total 579584K, used 435188K [0x00000000c0000000, 0x0000000100000000)
  region size 1024K, 76 young (77824K), 4 survivors (4096K)
 Metaspace       used 143868K, capacity 150912K, committed 154236K, reserved 1177600K
  class space    used 20529K, capacity 23998K, committed 25292K, reserved 1048576K
}
Event: 29.582 GC heap after
{Heap after GC invocations=187 (full 0):
 garbage-first heap   total 579584K, used 365622K [0x00000000c0000000, 0x0000000100000000)
  region size 1024K, 10 young (10240K), 10 survivors (10240K)
 Metaspace       used 143868K, capacity 150912K, committed 154236K, reserved 1177600K
  class space    used 20529K, capacity 23998K, committed 25292K, reserved 1048576K
}
Event: 29.667 GC heap before
{Heap before GC invocations=187 (full 0):
 garbage-first heap   total 579584K, used 452661K [0x00000000c0000000, 0x0000000100000000)
  region size 1024K, 88 young (90112K), 10 survivors (10240K)
 Metaspace       used 143868K, capacity 150912K, committed 154236K, reserved 1177600K
  class space    used 20529K, capacity 23998K, committed 25292K, reserved 1048576K
}
Event: 29.681 GC heap after
{Heap after GC invocations=188 (full 0):
 garbage-first heap   total 579584K, used 373371K [0x00000000c0000000, 0x0000000100000000)
  region size 1024K, 11 young (11264K), 11 survivors (11264K)
 Metaspace       used 143868K, capacity 150912K, committed 154236K, reserved 1177600K
  class space    used 20529K, capacity 23998K, committed 25292K, reserved 1048576K
}
Event: 29.813 GC heap before
{Heap before GC invocations=188 (full 0):
 garbage-first heap   total 579584K, used 446075K [0x00000000c0000000, 0x0000000100000000)
  region size 1024K, 74 young (75776K), 11 survivors (11264K)
 Metaspace       used 143868K, capacity 150912K, committed 154236K, reserved 1177600K
  class space    used 20529K, capacity 23998K, committed 25292K, reserved 1048576K
}
Event: 29.818 GC heap after
{Heap after GC invocations=189 (full 0):
 garbage-first heap   total 579584K, used 364946K [0x00000000c0000000, 0x0000000100000000)
  region size 1024K, 2 young (2048K), 2 survivors (2048K)
 Metaspace       used 143868K, capacity 150912K, committed 154236K, reserved 1177600K
  class space    used 20529K, capacity 23998K, committed 25292K, reserved 1048576K
}

Deoptimization events (14 events):
Event: 2.135 Thread 0x00007861f802a800 DEOPT PACKING pc=0x00007861e1359e24 sp=0x00007861ff7d3d10
Event: 2.135 Thread 0x00007861f802a800 DEOPT UNPACKING pc=0x00007861e07ee64a sp=0x00007861ff7d31f8 mode 0
Event: 4.107 Thread 0x0000786180007000 DEOPT PACKING pc=0x00007861e17fc6d0 sp=0x00007861879fcd70
Event: 4.107 Thread 0x0000786180007000 DEOPT UNPACKING pc=0x00007861e07ee64a sp=0x00007861879fc240 mode 3
Event: 4.107 Thread 0x0000786180007000 DEOPT PACKING pc=0x00007861e166da74 sp=0x00007861879fce00
Event: 4.107 Thread 0x0000786180007000 DEOPT UNPACKING pc=0x00007861e07ee64a sp=0x00007861879fc348 mode 0
Event: 12.073 Thread 0x0000786180007000 DEOPT PACKING pc=0x00007861e1abac6c sp=0x00007861879f9550
Event: 12.073 Thread 0x0000786180007000 DEOPT UNPACKING pc=0x00007861e07ee64a sp=0x00007861879f8ae8 mode 0
Event: 12.869 Thread 0x0000786180007000 DEOPT PACKING pc=0x00007861e1620a25 sp=0x00007861879f9ef0
Event: 12.869 Thread 0x0000786180007000 DEOPT UNPACKING pc=0x00007861e07ee64a sp=0x00007861879f9418 mode 3
Event: 15.016 Thread 0x0000786180007000 DEOPT PACKING pc=0x00007861e1c0166c sp=0x00007861879f7960
Event: 15.016 Thread 0x0000786180007000 DEOPT UNPACKING pc=0x00007861e07ee64a sp=0x00007861879f6ef8 mode 0
Event: 15.343 Thread 0x000078617d373000 DEOPT PACKING pc=0x00007861e19ebcc0 sp=0x0000786077ffe260
Event: 15.343 Thread 0x000078617d373000 DEOPT UNPACKING pc=0x00007861e07ee64a sp=0x0000786077ffd818 mode 3

Classes redefined (0 events):
No events

Internal exceptions (20 events):
Event: 20.421 Thread 0x000078613807c000 Exception <a 'java/lang/NoSuchMethodError'{0x00000000ca28a318}: 'java.lang.Object java.lang.invoke.Invokers$Holder.invoker(java.lang.Object, java.lang.Object, java.lang.Object, java.lang.Object, java.lang.Object)'> (0x00000000ca28a318) thrown at [./src/hotspot/share/interpreter/linkResolver.cpp, line 773]
Event: 20.421 Thread 0x0000786138071800 Exception <a 'java/lang/NoSuchMethodError'{0x00000000ca2d71e8}: 'java.lang.Object java.lang.invoke.Invokers$Holder.invoker(java.lang.Object, java.lang.Object, java.lang.Object, java.lang.Object, java.lang.Object)'> (0x00000000ca2d71e8) thrown at [./src/hotspot/share/interpreter/linkResolver.cpp, line 773]
Event: 20.421 Thread 0x000078613806d800 Exception <a 'java/lang/NoSuchMethodError'{0x00000000ca2feea0}: 'java.lang.Object java.lang.invoke.Invokers$Holder.invoker(java.lang.Object, java.lang.Object, java.lang.Object, java.lang.Object, java.lang.Object)'> (0x00000000ca2feea0) thrown at [./src/hotspot/share/interpreter/linkResolver.cpp, line 773]
Event: 20.421 Thread 0x000078613807e000 Exception <a 'java/lang/NoSuchMethodError'{0x00000000ca2a2ca0}: 'java.lang.Object java.lang.invoke.Invokers$Holder.invoker(java.lang.Object, java.lang.Object, java.lang.Object, java.lang.Object, java.lang.Object)'> (0x00000000ca2a2ca0) thrown at [./src/hotspot/share/interpreter/linkResolver.cpp, line 773]
Event: 21.671 Thread 0x0000786138061000 Exception <a 'java/lang/ClassCastException'{0x00000000d5abc4d8}: class org.apache.commons.logging.impl.SLF4JLogFactory cannot be cast to class software.amazon.awssdk.thirdparty.org.apache.commons.logging.LogFactory (org.apache.commons.logging.impl.SLF4JLogFactory is in unnamed module of loader 'app'; software.amazon.awssdk.thirdparty.org.apache.commons.logging.LogFactory is in unnamed module of loader org.apache.spark.util.MutableURLClassLoader @42c28305)> (0x00000000d5abc4d8) thrown at [./src/hotspot/shar
Event: 21.671 Thread 0x0000786138061000 Exception <a 'java/lang/ClassCastException'{0x00000000d5ae0a98}: class org.apache.commons.logging.impl.SLF4JLogFactory cannot be cast to class software.amazon.awssdk.thirdparty.org.apache.commons.logging.LogFactory (org.apache.commons.logging.impl.SLF4JLogFactory is in unnamed module of loader 'app'; software.amazon.awssdk.thirdparty.org.apache.commons.logging.LogFactory is in unnamed module of loader org.apache.spark.util.MutableURLClassLoader @42c28305)> (0x00000000d5ae0a98) thrown at [./src/hotspot/shar
Event: 21.674 Thread 0x0000786138061000 Exception <a 'java/lang/NoClassDefFoundError'{0x00000000d5914140}: software/amazon/awssdk/thirdparty/org/apache/log4j/Priority> (0x00000000d5914140) thrown at [./src/hotspot/share/classfile/systemDictionary.cpp, line 219]
Event: 21.741 Thread 0x000078617c820800 Exception <a 'java/lang/NoSuchMethodError'{0x00000000d511de80}: 'java.lang.Object java.lang.invoke.DirectMethodHandle$Holder.invokeSpecial(java.lang.Object, java.lang.Object, java.lang.Object, java.lang.Object, long, java.lang.Object)'> (0x00000000d511de80) thrown at [./src/hotspot/share/interpreter/linkResolver.cpp, line 773]
Event: 21.741 Thread 0x000078617c820800 Exception <a 'java/lang/NoSuchMethodError'{0x00000000d5121078}: 'java.lang.Object java.lang.invoke.Invokers$Holder.linkToTargetMethod(java.lang.Object, java.lang.Object, long, java.lang.Object, java.lang.Object)'> (0x00000000d5121078) thrown at [./src/hotspot/share/interpreter/linkResolver.cpp, line 773]
Event: 22.425 Thread 0x0000786138063000 Exception <a 'java/net/SocketException'{0x00000000d1624a38}: Socket closed> (0x00000000d1624a38) thrown at [./src/hotspot/share/prims/jni.cpp, line 638]
Event: 22.781 Thread 0x0000786138077800 Exception <a 'java/lang/NoSuchMethodError'{0x00000000d6e290f0}: 'java.lang.Object java.lang.invoke.DirectMethodHandle$Holder.invokeStatic(java.lang.Object, long, long)'> (0x00000000d6e290f0) thrown at [./src/hotspot/share/interpreter/linkResolver.cpp, line 773]
Event: 22.781 Thread 0x000078613806d800 Exception <a 'java/lang/NoSuchMethodError'{0x00000000d6e2b568}: 'java.lang.Object java.lang.invoke.DirectMethodHandle$Holder.invokeStatic(java.lang.Object, long, long)'> (0x00000000d6e2b568) thrown at [./src/hotspot/share/interpreter/linkResolver.cpp, line 773]
Event: 22.781 Thread 0x0000786138077800 Exception <a 'java/lang/NoSuchMethodError'{0x00000000d6e40318}: 'java.lang.Object java.lang.invoke.DirectMethodHandle$Holder.invokeSpecial(java.lang.Object, java.lang.Object, long, long)'> (0x00000000d6e40318) thrown at [./src/hotspot/share/interpreter/linkResolver.cpp, line 773]
Event: 22.781 Thread 0x000078613806d800 Exception <a 'java/lang/NoSuchMethodError'{0x00000000d6e378d0}: 'java.lang.Object java.lang.invoke.DirectMethodHandle$Holder.invokeSpecial(java.lang.Object, java.lang.Object, long, long)'> (0x00000000d6e378d0) thrown at [./src/hotspot/share/interpreter/linkResolver.cpp, line 773]
Event: 22.858 Thread 0x000078613806d800 Exception <a 'java/lang/NoSuchMethodError'{0x00000000d6f7dab8}: <clinit>> (0x00000000d6f7dab8) thrown at [./src/hotspot/share/prims/jni.cpp, line 1372]
Event: 22.865 Thread 0x000078613806d800 Exception <a 'java/lang/NoSuchMethodError'{0x00000000d6ffc460}: <clinit>> (0x00000000d6ffc460) thrown at [./src/hotspot/share/prims/jni.cpp, line 1372]
Event: 22.939 Thread 0x000078617c820800 Exception <a 'java/lang/NoSuchMethodError'{0x00000000d7b2bc98}: 'java.lang.Object java.lang.invoke.DirectMethodHandle$Holder.invokeSpecial(java.lang.Object, java.lang.Object, java.lang.Object, int, long)'> (0x00000000d7b2bc98) thrown at [./src/hotspot/share/interpreter/linkResolver.cpp, line 773]
Event: 22.939 Thread 0x000078617c820800 Exception <a 'java/lang/NoSuchMethodError'{0x00000000d7b35d60}: 'java.lang.Object java.lang.invoke.DirectMethodHandle$Holder.invokeStatic(java.lang.Object, long, long, java.lang.Object)'> (0x00000000d7b35d60) thrown at [./src/hotspot/share/interpreter/linkResolver.cpp, line 773]
Event: 29.475 Thread 0x000078617c346000 Exception <a 'java/lang/NoSuchMethodError'{0x00000000e1f512d0}: 'java.lang.Object java.lang.invoke.DirectMethodHandle$Holder.invokeStatic(java.lang.Object, java.lang.Object, java.lang.Object, java.lang.Object, int, java.lang.Object, java.lang.Object, java.lang.Object)'> (0x00000000e1f512d0) thrown at [./src/hotspot/share/interpreter/linkResolver.cpp, line 773]
Event: 29.939 Thread 0x0000786138073800 Exception <a 'java/net/SocketException'{0x00000000e336b868}: Socket closed> (0x00000000e336b868) thrown at [./src/hotspot/share/prims/jni.cpp, line 638]

Events (20 events):
Event: 29.476 loading class org/apache/spark/scheduler/TaskSetManager
Event: 29.476 loading class org/apache/spark/scheduler/TaskSetManager done
Event: 29.476 loading class org/apache/spark/scheduler/TaskSetExcludelist
Event: 29.476 loading class org/apache/spark/scheduler/TaskSetExcludelist done
Event: 29.476 loading class org/apache/spark/scheduler/TaskSetManager
Event: 29.476 loading class org/apache/spark/scheduler/TaskSetManager done
Event: 29.476 loading class org/apache/spark/scheduler/TaskSchedulerImpl
Event: 29.476 loading class org/apache/spark/scheduler/TaskSchedulerImpl done
Event: 29.476 loading class org/apache/spark/scheduler/TaskSchedulerImpl
Event: 29.476 loading class org/apache/spark/scheduler/TaskSchedulerImpl done
Event: 29.576 Executing VM operation: G1CollectForAllocation
Event: 29.582 Executing VM operation: G1CollectForAllocation done
Event: 29.667 Executing VM operation: G1CollectForAllocation
Event: 29.681 Executing VM operation: G1CollectForAllocation done
Event: 29.813 Executing VM operation: G1CollectForAllocation
Event: 29.818 Executing VM operation: G1CollectForAllocation done
Event: 29.848 Executing VM operation: CGC_Operation
Event: 29.858 Executing VM operation: CGC_Operation done
Event: 29.873 Executing VM operation: CGC_Operation
Event: 29.873 Executing VM operation: CGC_Operation done


Dynamic libraries:
c0000000-e3400000 rw-p 00000000 00:00 0 
e3400000-ffe00000 ---p 00000000 00:00 0 
ffe00000-ffe47000 rw-p 00b0e000 08:30 217812                             /opt/java/openjdk/lib/server/classes.jsa
ffe47000-fff00000 rw-p 00000000 00:00 0 
fff00000-fff6c000 rw-p 00aa2000 08:30 217812                             /opt/java/openjdk/lib/server/classes.jsa
fff6c000-100000000 rw-p 00000000 00:00 0 
800000000-800002000 rwxp 00001000 08:30 217812                           /opt/java/openjdk/lib/server/classes.jsa
800002000-8003cc000 rw-p 00003000 08:30 217812                           /opt/java/openjdk/lib/server/classes.jsa
8003cc000-800aa0000 r--p 003cd000 08:30 217812                           /opt/java/openjdk/lib/server/classes.jsa
800aa0000-800aa1000 rw-p 00aa1000 08:30 217812                           /opt/java/openjdk/lib/server/classes.jsa
840000000-8418b3000 rw-p 00000000 00:00 0 
8418b3000-880000000 ---p 00000000 00:00 0 
59b5a5400000-59b5a5401000 r-xp 00000000 08:30 216781                     /opt/java/openjdk/bin/java
59b5a5601000-59b5a5602000 r--p 00001000 08:30 216781                     /opt/java/openjdk/bin/java
59b5a5602000-59b5a5603000 rw-p 00002000 08:30 216781                     /opt/java/openjdk/bin/java
59b5ba8ff000-59b5ba941000 rw-p 00000000 00:00 0                          [heap]
785fcc000000-785fcc2df000 rw-p 00000000 00:00 0 
785fcc2df000-785fd0000000 ---p 00000000 00:00 0 
785fd0580000-785fd07f1000 rw-p 00000000 00:00 0 
785fd07f1000-785fd07f5000 ---p 00000000 00:00 0 
785fd07f5000-785fd08f1000 rw-p 00000000 00:00 0 
785fd08f1000-785fd08f2000 ---p 00000000 00:00 0 
785fd08f2000-785fd09f2000 rw-p 00000000 00:00 0 
785fd09f2000-785fd09f3000 ---p 00000000 00:00 0 
785fd09f3000-785fd0af3000 rw-p 00000000 00:00 0 
785fd0af3000-785fd0af7000 ---p 00000000 00:00 0 
785fd0af7000-785fd4000000 rw-p 00000000 00:00 0 
785fd4000000-785fd42dd000 rw-p 00000000 00:00 0 
785fd42dd000-785fd8000000 ---p 00000000 00:00 0 
785fd8000000-785fd82d3000 rw-p 00000000 00:00 0 
785fd82d3000-785fdc000000 ---p 00000000 00:00 0 
785fdc000000-785fdc2ec000 rw-p 00000000 00:00 0 
785fdc2ec000-785fe0000000 ---p 00000000 00:00 0 
785fe0000000-785fe02b6000 rw-p 00000000 00:00 0 
785fe02b6000-785fe4000000 ---p 00000000 00:00 0 
785fe4000000-785fe42d4000 rw-p 00000000 00:00 0 
785fe42d4000-785fe8000000 ---p 00000000 00:00 0 
785fe8000000-785fe82f1000 rw-p 00000000 00:00 0 
785fe82f1000-785fec000000 ---p 00000000 00:00 0 
785fec000000-785fec2a5000 rw-p 00000000 00:00 0 
785fec2a5000-785ff0000000 ---p 00000000 00:00 0 
785ff0000000-785ff02df000 rw-p 00000000 00:00 0 
785ff02df000-785ff4000000 ---p 00000000 00:00 0 
785ff4000000-785ff4356000 rw-p 00000000 00:00 0 
785ff4356000-785ff8000000 ---p 00000000 00:00 0 
785ff8000000-785ff82ff000 rw-p 00000000 00:00 0 
785ff82ff000-785ffc000000 ---p 00000000 00:00 0 
785ffc000000-785ffc3b4000 rw-p 00000000 00:00 0 
785ffc3b4000-786000000000 ---p 00000000 00:00 0 
786000000000-7860002aa000 rw-p 00000000 00:00 0 
7860002aa000-786004000000 ---p 00000000 00:00 0 
786004000000-7860042ed000 rw-p 00000000 00:00 0 
7860042ed000-786008000000 ---p 00000000 00:00 0 
786008000000-7860082de000 rw-p 00000000 00:00 0 
7860082de000-78600c000000 ---p 00000000 00:00 0 
78600c000000-78600c2e0000 rw-p 00000000 00:00 0 
78600c2e0000-786010000000 ---p 00000000 00:00 0 
786010000000-78601003d000 rw-p 00000000 00:00 0 
78601003d000-786014000000 ---p 00000000 00:00 0 
7860140fc000-7860140fd000 ---p 00000000 00:00 0 
7860140fd000-7860141fd000 rw-p 00000000 00:00 0 
7860141fd000-786014201000 ---p 00000000 00:00 0 
786014201000-7860142fd000 rw-p 00000000 00:00 0 
7860142fd000-786014301000 ---p 00000000 00:00 0 
786014301000-7860151c0000 rw-p 00000000 00:00 0 
7860151c0000-786015400000 rw-p 00000000 00:00 0 
786015400000-7860154ea000 r-xp 00000000 08:30 421353                     /tmp/libzstd-jni-1.5.5-41534814653371353989.so (deleted)
7860154ea000-7860156e9000 ---p 000ea000 08:30 421353                     /tmp/libzstd-jni-1.5.5-41534814653371353989.so (deleted)
7860156e9000-7860156ea000 rw-p 000e9000 08:30 421353                     /tmp/libzstd-jni-1.5.5-41534814653371353989.so (deleted)
7860156fe000-7860156ff000 ---p 00000000 00:00 0 
7860156ff000-7860157ff000 rw-p 00000000 00:00 0 
7860157ff000-786015803000 ---p 00000000 00:00 0 
786015803000-7860158ff000 rw-p 00000000 00:00 0 
7860158ff000-786015903000 ---p 00000000 00:00 0 
786015903000-786015bff000 rw-p 00000000 00:00 0 
786015bff000-786015c00000 ---p 00000000 00:00 0 
786015c00000-786015ec0000 rw-p 00000000 00:00 0 
786015ec0000-786016100000 rw-p 00000000 00:00 0 
786016100000-786016104000 ---p 00000000 00:00 0 
786016104000-7860163c0000 rw-p 00000000 00:00 0 
7860163c0000-786016600000 rw-p 00000000 00:00 0 
786016600000-786016604000 ---p 00000000 00:00 0 
786016604000-786016700000 rw-p 00000000 00:00 0 
786016700000-786016704000 ---p 00000000 00:00 0 
786016704000-786016800000 rw-p 00000000 00:00 0 
786016800000-786016804000 ---p 00000000 00:00 0 
786016804000-786016900000 rw-p 00000000 00:00 0 
786016900000-786016904000 ---p 00000000 00:00 0 
786016904000-786016a00000 rw-p 00000000 00:00 0 
786016a00000-786016a04000 ---p 00000000 00:00 0 
786016a04000-786016b00000 rw-p 00000000 00:00 0 
786016b00000-786016b04000 ---p 00000000 00:00 0 
786016b04000-786016c00000 rw-p 00000000 00:00 0 
786016c00000-786016c04000 ---p 00000000 00:00 0 
786016c04000-786016d00000 rw-p 00000000 00:00 0 
786016d00000-786016d04000 ---p 00000000 00:00 0 
786016d04000-786016e00000 rw-p 00000000 00:00 0 
786016e00000-786016e04000 ---p 00000000 00:00 0 
786016e04000-786016f00000 rw-p 00000000 00:00 0 
786016f00000-786016f04000 ---p 00000000 00:00 0 
786016f04000-786017000000 rw-p 00000000 00:00 0 
786017000000-786017004000 ---p 00000000 00:00 0 
786017004000-786017100000 rw-p 00000000 00:00 0 
786017100000-786017104000 ---p 00000000 00:00 0 
786017104000-786017200000 rw-p 00000000 00:00 0 
786017200000-786017204000 ---p 00000000 00:00 0 
786017204000-786017300000 rw-p 00000000 00:00 0 
786017300000-786017304000 ---p 00000000 00:00 0 
786017304000-7860175c0000 rw-p 00000000 00:00 0 
7860175c0000-7860177c0000 rw-p 00000000 00:00 0 
7860177c0000-7860179c0000 rw-p 00000000 00:00 0 
7860179c0000-786017c00000 rw-p 00000000 00:00 0 
786017c00000-786017c24000 r-xp 00000000 08:30 421357                     /tmp/liblz4-java-1365443291639278144.so
786017c24000-786017e23000 ---p 00024000 08:30 421357                     /tmp/liblz4-java-1365443291639278144.so
786017e23000-786017e24000 rw-p 00023000 08:30 421357                     /tmp/liblz4-java-1365443291639278144.so
786017f00000-786017f04000 ---p 00000000 00:00 0 
786017f04000-786018000000 rw-p 00000000 00:00 0 
786018000000-786018039000 rw-p 00000000 00:00 0 
786018039000-78601c000000 ---p 00000000 00:00 0 
78601c000000-78601c039000 rw-p 00000000 00:00 0 
78601c039000-786020000000 ---p 00000000 00:00 0 
786020000000-78602004d000 rw-p 00000000 00:00 0 
78602004d000-786024000000 ---p 00000000 00:00 0 
786024000000-786024039000 rw-p 00000000 00:00 0 
786024039000-786028000000 ---p 00000000 00:00 0 
786028000000-786028036000 rw-p 00000000 00:00 0 
786028036000-78602c000000 ---p 00000000 00:00 0 
78602c000000-78602c03a000 rw-p 00000000 00:00 0 
78602c03a000-786030000000 ---p 00000000 00:00 0 
786030000000-78603003e000 rw-p 00000000 00:00 0 
78603003e000-786034000000 ---p 00000000 00:00 0 
786034000000-786034044000 rw-p 00000000 00:00 0 
786034044000-786038000000 ---p 00000000 00:00 0 
786038000000-786038041000 rw-p 00000000 00:00 0 
786038041000-78603c000000 ---p 00000000 00:00 0 
78603c000000-78603c039000 rw-p 00000000 00:00 0 
78603c039000-786040000000 ---p 00000000 00:00 0 
786040000000-786040054000 rw-p 00000000 00:00 0 
786040054000-786044000000 ---p 00000000 00:00 0 
786044000000-786044030000 rw-p 00000000 00:00 0 
786044030000-786048000000 ---p 00000000 00:00 0 
786048000000-786048040000 rw-p 00000000 00:00 0 
786048040000-78604c000000 ---p 00000000 00:00 0 
78604c000000-78604c046000 rw-p 00000000 00:00 0 
78604c046000-786050000000 ---p 00000000 00:00 0 
786050000000-786050059000 rw-p 00000000 00:00 0 
786050059000-786054000000 ---p 00000000 00:00 0 
786054000000-786054021000 rw-p 00000000 00:00 0 
786054021000-786058000000 ---p 00000000 00:00 0 
786058000000-786058021000 rw-p 00000000 00:00 0 
786058021000-78605c000000 ---p 00000000 00:00 0 
78605c000000-78605c021000 rw-p 00000000 00:00 0 
78605c021000-786060000000 ---p 00000000 00:00 0 
786060000000-786060021000 rw-p 00000000 00:00 0 
786060021000-786064000000 ---p 00000000 00:00 0 
786064000000-786064021000 rw-p 00000000 00:00 0 
786064021000-786068000000 ---p 00000000 00:00 0 
786068000000-786068021000 rw-p 00000000 00:00 0 
786068021000-78606c000000 ---p 00000000 00:00 0 
78606c000000-78606c021000 rw-p 00000000 00:00 0 
78606c021000-786070000000 ---p 00000000 00:00 0 
786070000000-786070056000 rw-p 00000000 00:00 0 
786070056000-786074000000 ---p 00000000 00:00 0 
786074000000-786074004000 ---p 00000000 00:00 0 
786074004000-7860742c0000 rw-p 00000000 00:00 0 
7860742c0000-7860744c0000 rw-p 00000000 00:00 0 
7860744c0000-786074700000 rw-p 00000000 00:00 0 
786074700000-786074704000 ---p 00000000 00:00 0 
786074704000-786074800000 rw-p 00000000 00:00 0 
786074800000-786074804000 ---p 00000000 00:00 0 
786074804000-786074900000 rw-p 00000000 00:00 0 
786074900000-786074904000 ---p 00000000 00:00 0 
786074904000-786074a00000 rw-p 00000000 00:00 0 
786074a00000-786074a04000 ---p 00000000 00:00 0 
786074a04000-786074b00000 rw-p 00000000 00:00 0 
786074b00000-786074b04000 ---p 00000000 00:00 0 
786074b04000-786074c00000 rw-p 00000000 00:00 0 
786074c00000-786074c04000 ---p 00000000 00:00 0 
786074c04000-786074d00000 rw-p 00000000 00:00 0 
786074d00000-786074d04000 ---p 00000000 00:00 0 
786074d04000-786074e00000 rw-p 00000000 00:00 0 
786074e00000-786074e04000 ---p 00000000 00:00 0 
786074e04000-786074f00000 rw-p 00000000 00:00 0 
786074f00000-786074f04000 ---p 00000000 00:00 0 
786074f04000-786075000000 rw-p 00000000 00:00 0 
786075000000-786075004000 ---p 00000000 00:00 0 
786075004000-786075100000 rw-p 00000000 00:00 0 
786075100000-786075104000 ---p 00000000 00:00 0 
786075104000-786075200000 rw-p 00000000 00:00 0 
786075200000-786075204000 ---p 00000000 00:00 0 
786075204000-786075300000 rw-p 00000000 00:00 0 
786075300000-786075304000 ---p 00000000 00:00 0 
786075304000-786075400000 rw-p 00000000 00:00 0 
786075400000-786075404000 ---p 00000000 00:00 0 
786075404000-786075500000 rw-p 00000000 00:00 0 
786075500000-786075504000 ---p 00000000 00:00 0 
786075504000-786075600000 rw-p 00000000 00:00 0 
786075600000-786075642000 r-xp 00000000 08:30 421350                     /tmp/snappy-1.1.10-81b323a3-b947-4185-8f2b-2e0abb1288d6-libsnappyjava.so
786075642000-786075841000 ---p 00042000 08:30 421350                     /tmp/snappy-1.1.10-81b323a3-b947-4185-8f2b-2e0abb1288d6-libsnappyjava.so
786075841000-786075844000 rw-p 00041000 08:30 421350                     /tmp/snappy-1.1.10-81b323a3-b947-4185-8f2b-2e0abb1288d6-libsnappyjava.so
786075844000-786075856000 rw-p 00000000 00:00 0 
786075900000-786075ac0000 rw-p 00000000 00:00 0 
786075ac0000-786075cc0000 rw-p 00000000 00:00 0 
786075cc0000-786075ec0000 rw-p 00000000 00:00 0 
786075ec0000-7860760c0000 rw-p 00000000 00:00 0 
7860760c0000-7860762c0000 rw-p 00000000 00:00 0 
7860762c0000-7860764c0000 rw-p 00000000 00:00 0 
7860764c0000-7860766c0000 rw-p 00000000 00:00 0 
7860766c0000-7860768c0000 rw-p 00000000 00:00 0 
7860768c0000-786076ac0000 rw-p 00000000 00:00 0 
786076ac0000-786076cc0000 rw-p 00000000 00:00 0 
786076cc0000-786076ec0000 rw-p 00000000 00:00 0 
786076ec0000-786077100000 rw-p 00000000 00:00 0 
786077100000-786077104000 ---p 00000000 00:00 0 
786077104000-7860773c0000 rw-p 00000000 00:00 0 
7860773c0000-786077600000 rw-p 00000000 00:00 0 
786077600000-786077604000 ---p 00000000 00:00 0 
786077604000-786077900000 rw-p 00000000 00:00 0 
786077900000-786077904000 ---p 00000000 00:00 0 
786077904000-786077a00000 rw-p 00000000 00:00 0 
786077a00000-786077a04000 ---p 00000000 00:00 0 
786077a04000-786077b00000 rw-p 00000000 00:00 0 
786077b00000-786077b04000 ---p 00000000 00:00 0 
786077b04000-786077c00000 rw-p 00000000 00:00 0 
786077c00000-786077c04000 ---p 00000000 00:00 0 
786077c04000-786077d00000 rw-p 00000000 00:00 0 
786077d00000-786077d04000 ---p 00000000 00:00 0 
786077d04000-786077e00000 rw-p 00000000 00:00 0 
786077e00000-786077e04000 ---p 00000000 00:00 0 
786077e04000-786077f00000 rw-p 00000000 00:00 0 
786077f00000-786077f04000 ---p 00000000 00:00 0 
786077f04000-786078000000 rw-p 00000000 00:00 0 
786078000000-786078021000 rw-p 00000000 00:00 0 
786078021000-78607c000000 ---p 00000000 00:00 0 
78607c000000-78607c021000 rw-p 00000000 00:00 0 
78607c021000-786080000000 ---p 00000000 00:00 0 
786080000000-7860800a6000 rw-p 00000000 00:00 0 
7860800a6000-786084000000 ---p 00000000 00:00 0 
786084000000-786084021000 rw-p 00000000 00:00 0 
786084021000-786088000000 ---p 00000000 00:00 0 
786088000000-786088021000 rw-p 00000000 00:00 0 
786088021000-78608c000000 ---p 00000000 00:00 0 
78608c000000-78608c021000 rw-p 00000000 00:00 0 
78608c021000-786090000000 ---p 00000000 00:00 0 
786090000000-786090021000 rw-p 00000000 00:00 0 
786090021000-786094000000 ---p 00000000 00:00 0 
786094000000-786094021000 rw-p 00000000 00:00 0 
786094021000-786098000000 ---p 00000000 00:00 0 
786098000000-786098021000 rw-p 00000000 00:00 0 
786098021000-78609c000000 ---p 00000000 00:00 0 
78609c000000-78609c029000 rw-p 00000000 00:00 0 
78609c029000-7860a0000000 ---p 00000000 00:00 0 
7860a0000000-7860a0021000 rw-p 00000000 00:00 0 
7860a0021000-7860a4000000 ---p 00000000 00:00 0 
7860a4000000-7860a4021000 rw-p 00000000 00:00 0 
7860a4021000-7860a8000000 ---p 00000000 00:00 0 
7860a8000000-7860a8021000 rw-p 00000000 00:00 0 
7860a8021000-7860ac000000 ---p 00000000 00:00 0 
7860ac000000-7860ac0be000 rw-p 00000000 00:00 0 
7860ac0be000-7860b0000000 ---p 00000000 00:00 0 
7860b0000000-7860b0021000 rw-p 00000000 00:00 0 
7860b0021000-7860b4000000 ---p 00000000 00:00 0 
7860b4000000-7860b4021000 rw-p 00000000 00:00 0 
7860b4021000-7860b8000000 ---p 00000000 00:00 0 
7860b8000000-7860b8021000 rw-p 00000000 00:00 0 
7860b8021000-7860bc000000 ---p 00000000 00:00 0 
7860bc000000-7860bc021000 rw-p 00000000 00:00 0 
7860bc021000-7860c0000000 ---p 00000000 00:00 0 
7860c0000000-7860c0021000 rw-p 00000000 00:00 0 
7860c0021000-7860c4000000 ---p 00000000 00:00 0 
7860c4000000-7860c4021000 rw-p 00000000 00:00 0 
7860c4021000-7860c8000000 ---p 00000000 00:00 0 
7860c8000000-7860c8021000 rw-p 00000000 00:00 0 
7860c8021000-7860cc000000 ---p 00000000 00:00 0 
7860cc000000-7860cc1c0000 rw-p 00000000 00:00 0 
7860cc1c0000-7860cc400000 rw-p 00000000 00:00 0 
7860cc400000-7860cc440000 r-xp 00000000 08:30 217776                     /opt/java/openjdk/lib/libsunec.so
7860cc440000-7860cc640000 ---p 00040000 08:30 217776                     /opt/java/openjdk/lib/libsunec.so
7860cc640000-7860cc645000 r--p 00040000 08:30 217776                     /opt/java/openjdk/lib/libsunec.so
7860cc645000-7860cc647000 rw-p 00045000 08:30 217776                     /opt/java/openjdk/lib/libsunec.so
7860cc6fe000-7860cc702000 ---p 00000000 00:00 0 
7860cc702000-7860cc9be000 rw-p 00000000 00:00 0 
7860cc9be000-7860ccbbe000 rw-p 00000000 00:00 0 
7860ccbbe000-7860ccdbe000 rw-p 00000000 00:00 0 
7860ccdbe000-7860ccfbe000 rw-p 00000000 00:00 0 
7860ccfbe000-7860cd1be000 rw-p 00000000 00:00 0 
7860cd1be000-7860cd3be000 rw-p 00000000 00:00 0 
7860cd3be000-7860cd5be000 rw-p 00000000 00:00 0 
7860cd5be000-7860cd7be000 rw-p 00000000 00:00 0 
7860cd7be000-7860cd9be000 rw-p 00000000 00:00 0 
7860cd9be000-7860cdbbe000 rw-p 00000000 00:00 0 
7860cdbbe000-7860cddfe000 rw-p 00000000 00:00 0 
7860cddfe000-7860cde02000 ---p 00000000 00:00 0 
7860cde02000-7860cdefe000 rw-p 00000000 00:00 0 
7860cdefe000-7860cdf02000 ---p 00000000 00:00 0 
7860cdf02000-7860cdffe000 rw-p 00000000 00:00 0 
7860cdffe000-7860ce002000 ---p 00000000 00:00 0 
7860ce002000-7860ce0fe000 rw-p 00000000 00:00 0 
7860ce0fe000-7860ce102000 ---p 00000000 00:00 0 
7860ce102000-7860ce1fe000 rw-p 00000000 00:00 0 
7860ce1fe000-7860ce202000 ---p 00000000 00:00 0 
7860ce202000-7860ce4be000 rw-p 00000000 00:00 0 
7860ce4be000-7860ce6fe000 rw-p 00000000 00:00 0 
7860ce6fe000-7860ce702000 ---p 00000000 00:00 0 
7860ce702000-7860cf000000 rw-p 00000000 00:00 0 
7860cf000000-7860cf004000 ---p 00000000 00:00 0 
7860cf004000-7860cf300000 rw-p 00000000 00:00 0 
7860cf300000-7860cf304000 ---p 00000000 00:00 0 
7860cf304000-7860cf400000 rw-p 00000000 00:00 0 
7860cf400000-7860cf404000 ---p 00000000 00:00 0 
7860cf404000-7860cf500000 rw-p 00000000 00:00 0 
7860cf500000-7860cf504000 ---p 00000000 00:00 0 
7860cf504000-7860cf600000 rw-p 00000000 00:00 0 
7860cf600000-7860cf604000 ---p 00000000 00:00 0 
7860cf604000-7860cf700000 rw-p 00000000 00:00 0 
7860cf700000-7860cf704000 ---p 00000000 00:00 0 
7860cf704000-7860cf800000 rw-p 00000000 00:00 0 
7860cf800000-7860cf804000 ---p 00000000 00:00 0 
7860cf804000-7860cf900000 rw-p 00000000 00:00 0 
7860cf900000-7860cf904000 ---p 00000000 00:00 0 
7860cf904000-7860cfa00000 rw-p 00000000 00:00 0 
7860cfa00000-7860cfa04000 ---p 00000000 00:00 0 
7860cfa04000-7860cfb00000 rw-p 00000000 00:00 0 
7860cfb00000-7860cfb04000 ---p 00000000 00:00 0 
7860cfb04000-7860cfc00000 rw-p 00000000 00:00 0 
7860cfc00000-7860cfc04000 ---p 00000000 00:00 0 
7860cfc04000-7860cfd00000 rw-p 00000000 00:00 0 
7860cfd00000-7860cfd04000 ---p 00000000 00:00 0 
7860cfd04000-7860d0000000 rw-p 00000000 00:00 0 
7860d0000000-7860d0021000 rw-p 00000000 00:00 0 
7860d0021000-7860d4000000 ---p 00000000 00:00 0 
7860d4000000-7860d4021000 rw-p 00000000 00:00 0 
7860d4021000-7860d8000000 ---p 00000000 00:00 0 
7860d8000000-7860d8021000 rw-p 00000000 00:00 0 
7860d8021000-7860dc000000 ---p 00000000 00:00 0 
7860dc000000-7860dc021000 rw-p 00000000 00:00 0 
7860dc021000-7860e0000000 ---p 00000000 00:00 0 
7860e0000000-7860e0021000 rw-p 00000000 00:00 0 
7860e0021000-7860e4000000 ---p 00000000 00:00 0 
7860e4000000-7860e4021000 rw-p 00000000 00:00 0 
7860e4021000-7860e8000000 ---p 00000000 00:00 0 
7860e8000000-7860e8021000 rw-p 00000000 00:00 0 
7860e8021000-7860ec000000 ---p 00000000 00:00 0 
7860ec000000-7860ec021000 rw-p 00000000 00:00 0 
7860ec021000-7860f0000000 ---p 00000000 00:00 0 
7860f0000000-7860f00d5000 rw-p 00000000 00:00 0 
7860f00d5000-7860f4000000 ---p 00000000 00:00 0 
7860f4000000-7860f4023000 rw-p 00000000 00:00 0 
7860f4023000-7860f8000000 ---p 00000000 00:00 0 
7860f8000000-7860f8021000 rw-p 00000000 00:00 0 
7860f8021000-7860fc000000 ---p 00000000 00:00 0 
7860fc000000-7860fc021000 rw-p 00000000 00:00 0 
7860fc021000-786100000000 ---p 00000000 00:00 0 
786100000000-786100021000 rw-p 00000000 00:00 0 
786100021000-786104000000 ---p 00000000 00:00 0 
786104000000-786104021000 rw-p 00000000 00:00 0 
786104021000-786108000000 ---p 00000000 00:00 0 
786108000000-786108021000 rw-p 00000000 00:00 0 
786108021000-78610c000000 ---p 00000000 00:00 0 
78610c000000-78610c021000 rw-p 00000000 00:00 0 
78610c021000-786110000000 ---p 00000000 00:00 0 
786110000000-786110021000 rw-p 00000000 00:00 0 
786110021000-786114000000 ---p 00000000 00:00 0 
786114000000-786114021000 rw-p 00000000 00:00 0 
786114021000-786118000000 ---p 00000000 00:00 0 
786118000000-786118021000 rw-p 00000000 00:00 0 
786118021000-78611c000000 ---p 00000000 00:00 0 
78611c000000-78611c021000 rw-p 00000000 00:00 0 
78611c021000-786120000000 ---p 00000000 00:00 0 
786120000000-786120021000 rw-p 00000000 00:00 0 
786120021000-786124000000 ---p 00000000 00:00 0 
786124000000-786124021000 rw-p 00000000 00:00 0 
786124021000-786128000000 ---p 00000000 00:00 0 
786128000000-786128021000 rw-p 00000000 00:00 0 
786128021000-78612c000000 ---p 00000000 00:00 0 
78612c000000-78612c021000 rw-p 00000000 00:00 0 
78612c021000-786130000000 ---p 00000000 00:00 0 
786130000000-786130021000 rw-p 00000000 00:00 0 
786130021000-786134000000 ---p 00000000 00:00 0 
786134000000-786134021000 rw-p 00000000 00:00 0 
786134021000-786138000000 ---p 00000000 00:00 0 
786138000000-786138087000 rw-p 00000000 00:00 0 
786138087000-78613c000000 ---p 00000000 00:00 0 
78613c000000-78613c021000 rw-p 00000000 00:00 0 
78613c021000-786140000000 ---p 00000000 00:00 0 
786140000000-786140021000 rw-p 00000000 00:00 0 
786140021000-786144000000 ---p 00000000 00:00 0 
786144000000-786144021000 rw-p 00000000 00:00 0 
786144021000-786148000000 ---p 00000000 00:00 0 
786148000000-786148021000 rw-p 00000000 00:00 0 
786148021000-78614c000000 ---p 00000000 00:00 0 
78614c000000-78614c021000 rw-p 00000000 00:00 0 
78614c021000-786150000000 ---p 00000000 00:00 0 
786150000000-786150021000 rw-p 00000000 00:00 0 
786150021000-786154000000 ---p 00000000 00:00 0 
786154000000-786154021000 rw-p 00000000 00:00 0 
786154021000-786158000000 ---p 00000000 00:00 0 
786158000000-786158021000 rw-p 00000000 00:00 0 
786158021000-78615c000000 ---p 00000000 00:00 0 
78615c000000-78615c021000 rw-p 00000000 00:00 0 
78615c021000-786160000000 ---p 00000000 00:00 0 
786160000000-786160021000 rw-p 00000000 00:00 0 
786160021000-786164000000 ---p 00000000 00:00 0 
786164000000-786164021000 rw-p 00000000 00:00 0 
786164021000-786168000000 ---p 00000000 00:00 0 
786168000000-786168021000 rw-p 00000000 00:00 0 
786168021000-78616c000000 ---p 00000000 00:00 0 
78616c000000-78616c021000 rw-p 00000000 00:00 0 
78616c021000-786170000000 ---p 00000000 00:00 0 
786170000000-78617002a000 rw-p 00000000 00:00 0 
78617002a000-786174000000 ---p 00000000 00:00 0 
786174000000-78617402c000 rw-p 00000000 00:00 0 
78617402c000-786178000000 ---p 00000000 00:00 0 
786178000000-786178021000 rw-p 00000000 00:00 0 
786178021000-78617c000000 ---p 00000000 00:00 0 
78617c000000-78617eba3000 rw-p 00000000 00:00 0 
78617eba3000-786180000000 ---p 00000000 00:00 0 
786180000000-786180021000 rw-p 00000000 00:00 0 
786180021000-786184000000 ---p 00000000 00:00 0 
7861840fb000-7861840ff000 ---p 00000000 00:00 0 
7861840ff000-7861841fb000 rw-p 00000000 00:00 0 
7861841fb000-7861841ff000 ---p 00000000 00:00 0 
7861841ff000-7861842fb000 rw-p 00000000 00:00 0 
7861842fb000-7861842ff000 ---p 00000000 00:00 0 
7861842ff000-7861843fb000 rw-p 00000000 00:00 0 
7861843fb000-7861843ff000 ---p 00000000 00:00 0 
7861843ff000-7861844fb000 rw-p 00000000 00:00 0 
7861844fb000-7861844ff000 ---p 00000000 00:00 0 
7861844ff000-7861845fb000 rw-p 00000000 00:00 0 
7861845fb000-7861845ff000 ---p 00000000 00:00 0 
7861845ff000-7861846fb000 rw-p 00000000 00:00 0 
7861846fb000-7861846ff000 ---p 00000000 00:00 0 
7861846ff000-7861847fb000 rw-p 00000000 00:00 0 
7861847fb000-7861847ff000 ---p 00000000 00:00 0 
7861847ff000-7861848fb000 rw-p 00000000 00:00 0 
7861848fb000-7861848ff000 ---p 00000000 00:00 0 
7861848ff000-7861849fb000 rw-p 00000000 00:00 0 
7861849fb000-7861849fc000 ---p 00000000 00:00 0 
7861849fc000-786184afc000 rw-p 00000000 00:00 0 
786184afc000-786184afd000 ---p 00000000 00:00 0 
786184afd000-786184dfd000 rw-p 00000000 00:00 0 
786184dfd000-786184e01000 ---p 00000000 00:00 0 
786184e01000-786184efd000 rw-p 00000000 00:00 0 
786184efd000-786184f01000 ---p 00000000 00:00 0 
786184f01000-786184ffd000 rw-p 00000000 00:00 0 
786184ffd000-786185001000 ---p 00000000 00:00 0 
786185001000-7861850fd000 rw-p 00000000 00:00 0 
7861850fd000-786185101000 ---p 00000000 00:00 0 
786185101000-7861853fd000 rw-p 00000000 00:00 0 
7861853fd000-786185401000 ---p 00000000 00:00 0 
786185401000-7861854fd000 rw-p 00000000 00:00 0 
7861854fd000-786185501000 ---p 00000000 00:00 0 
786185501000-7861855fd000 rw-p 00000000 00:00 0 
7861855fd000-786185601000 ---p 00000000 00:00 0 
786185601000-7861856fd000 rw-p 00000000 00:00 0 
7861856fd000-786185701000 ---p 00000000 00:00 0 
786185701000-7861857fd000 rw-p 00000000 00:00 0 
7861857fd000-786185801000 ---p 00000000 00:00 0 
786185801000-7861858fd000 rw-p 00000000 00:00 0 
7861858fd000-786185901000 ---p 00000000 00:00 0 
786185901000-7861859fd000 rw-p 00000000 00:00 0 
7861859fd000-786185a01000 ---p 00000000 00:00 0 
786185a01000-786185afd000 rw-p 00000000 00:00 0 
786185afd000-786185b01000 ---p 00000000 00:00 0 
786185b01000-786185bfd000 rw-p 00000000 00:00 0 
786185bfd000-786185c01000 ---p 00000000 00:00 0 
786185c01000-786185cfd000 rw-p 00000000 00:00 0 
786185cfd000-786185d01000 ---p 00000000 00:00 0 
786185d01000-786185dfd000 rw-p 00000000 00:00 0 
786185dfd000-786185e01000 ---p 00000000 00:00 0 
786185e01000-786185efd000 rw-p 00000000 00:00 0 
786185efd000-786185f01000 ---p 00000000 00:00 0 
786185f01000-786185ffd000 rw-p 00000000 00:00 0 
786185ffd000-786186001000 ---p 00000000 00:00 0 
786186001000-7861860fd000 rw-p 00000000 00:00 0 
7861860fd000-786186101000 ---p 00000000 00:00 0 
786186101000-7861861fd000 rw-p 00000000 00:00 0 
7861861fd000-786186201000 ---p 00000000 00:00 0 
786186201000-7861862fd000 rw-p 00000000 00:00 0 
7861862fd000-786186301000 ---p 00000000 00:00 0 
786186301000-7861863fd000 rw-p 00000000 00:00 0 
7861863fd000-786186401000 ---p 00000000 00:00 0 
786186401000-7861864fd000 rw-p 00000000 00:00 0 
7861864fd000-786186501000 ---p 00000000 00:00 0 
786186501000-7861865fd000 rw-p 00000000 00:00 0 
7861865fd000-786186601000 ---p 00000000 00:00 0 
786186601000-7861866fd000 rw-p 00000000 00:00 0 
7861866fd000-786186701000 ---p 00000000 00:00 0 
786186701000-7861867fd000 rw-p 00000000 00:00 0 
7861867fd000-786186801000 ---p 00000000 00:00 0 
786186801000-7861868fd000 rw-p 00000000 00:00 0 
7861868fd000-786186901000 ---p 00000000 00:00 0 
786186901000-7861869fd000 rw-p 00000000 00:00 0 
7861869fd000-786186a01000 ---p 00000000 00:00 0 
786186a01000-786186afd000 rw-p 00000000 00:00 0 
786186afd000-786186b01000 ---p 00000000 00:00 0 
786186b01000-786186bfd000 rw-p 00000000 00:00 0 
786186bfd000-786186c01000 ---p 00000000 00:00 0 
786186c01000-786186ebd000 rw-p 00000000 00:00 0 
786186ebd000-7861870bd000 rw-p 00000000 00:00 0 
7861870bd000-7861872fd000 rw-p 00000000 00:00 0 
7861872fd000-7861872fe000 ---p 00000000 00:00 0 
7861872fe000-7861873fe000 rw-p 00000000 00:00 0 
7861873fe000-7861873ff000 ---p 00000000 00:00 0 
7861873ff000-7861874ff000 rw-p 00000000 00:00 0 
7861874ff000-786187500000 ---p 00000000 00:00 0 
786187500000-786187600000 rw-p 00000000 00:00 0 
786187600000-786187602000 r-xp 00000000 08:30 217725                     /opt/java/openjdk/lib/libextnet.so
786187602000-786187801000 ---p 00002000 08:30 217725                     /opt/java/openjdk/lib/libextnet.so
786187801000-786187802000 r--p 00001000 08:30 217725                     /opt/java/openjdk/lib/libextnet.so
786187802000-786187803000 rw-p 00002000 08:30 217725                     /opt/java/openjdk/lib/libextnet.so
786187900000-786187904000 ---p 00000000 00:00 0 
786187904000-786187c00000 rw-p 00000000 00:00 0 
786187c00000-786187c01000 r-xp 00000000 08:30 217742                     /opt/java/openjdk/lib/libjaas.so
786187c01000-786187e00000 ---p 00001000 08:30 217742                     /opt/java/openjdk/lib/libjaas.so
786187e00000-786187e01000 r--p 00000000 08:30 217742                     /opt/java/openjdk/lib/libjaas.so
786187e01000-786187e02000 rw-p 00001000 08:30 217742                     /opt/java/openjdk/lib/libjaas.so
786187f00000-786187f04000 ---p 00000000 00:00 0 
786187f04000-786188000000 rw-p 00000000 00:00 0 
786188000000-786188021000 rw-p 00000000 00:00 0 
786188021000-78618c000000 ---p 00000000 00:00 0 
78618c000000-78618c021000 rw-p 00000000 00:00 0 
78618c021000-786190000000 ---p 00000000 00:00 0 
786190000000-786190083000 rw-p 00000000 00:00 0 
786190083000-786194000000 ---p 00000000 00:00 0 
786194000000-78619408f000 rw-p 00000000 00:00 0 
78619408f000-786198000000 ---p 00000000 00:00 0 
786198000000-78619802d000 rw-p 00000000 00:00 0 
78619802d000-78619c000000 ---p 00000000 00:00 0 
78619c000000-78619c04c000 rw-p 00000000 00:00 0 
78619c04c000-7861a0000000 ---p 00000000 00:00 0 
7861a0000000-7861a0021000 rw-p 00000000 00:00 0 
7861a0021000-7861a4000000 ---p 00000000 00:00 0 
7861a4000000-7861a4021000 rw-p 00000000 00:00 0 
7861a4021000-7861a8000000 ---p 00000000 00:00 0 
7861a8000000-7861a8587000 rw-p 00000000 00:00 0 
7861a8587000-7861ac000000 ---p 00000000 00:00 0 
7861ac000000-7861ac021000 rw-p 00000000 00:00 0 
7861ac021000-7861b0000000 ---p 00000000 00:00 0 
7861b0000000-7861b0021000 rw-p 00000000 00:00 0 
7861b0021000-7861b4000000 ---p 00000000 00:00 0 
7861b4000000-7861b4021000 rw-p 00000000 00:00 0 
7861b4021000-7861b8000000 ---p 00000000 00:00 0 
7861b8000000-7861b8021000 rw-p 00000000 00:00 0 
7861b8021000-7861bc000000 ---p 00000000 00:00 0 
7861bc000000-7861bc021000 rw-p 00000000 00:00 0 
7861bc021000-7861c0000000 ---p 00000000 00:00 0 
7861c0000000-7861c0021000 rw-p 00000000 00:00 0 
7861c0021000-7861c4000000 ---p 00000000 00:00 0 
7861c4000000-7861c4eb8000 rw-p 00000000 00:00 0 
7861c4eb8000-7861c8000000 ---p 00000000 00:00 0 
7861c8000000-7861c8021000 rw-p 00000000 00:00 0 
7861c8021000-7861cc000000 ---p 00000000 00:00 0 
7861cc000000-7861cc08c000 rw-p 00000000 00:00 0 
7861cc08c000-7861d0000000 ---p 00000000 00:00 0 
7861d0000000-7861d0004000 ---p 00000000 00:00 0 
7861d0004000-7861d0100000 rw-p 00000000 00:00 0 
7861d0100000-7861d0104000 ---p 00000000 00:00 0 
7861d0104000-7861d03c0000 rw-p 00000000 00:00 0 
7861d03c0000-7861d05c0000 rw-p 00000000 00:00 0 
7861d05c0000-7861d07ec000 rw-p 00000000 00:00 0 
7861d07ec000-7861d0800000 ---p 00000000 00:00 0 
7861d0800000-7861d09c0000 rw-p 00000000 00:00 0 
7861d09c0000-7861d0bc0000 rw-p 00000000 00:00 0 
7861d0bc0000-7861d0e00000 rw-p 00000000 00:00 0 
7861d0e00000-7861d0e05000 r-xp 00000000 08:30 217760                     /opt/java/openjdk/lib/libmanagement_ext.so
7861d0e05000-7861d1005000 ---p 00005000 08:30 217760                     /opt/java/openjdk/lib/libmanagement_ext.so
7861d1005000-7861d1006000 r--p 00005000 08:30 217760                     /opt/java/openjdk/lib/libmanagement_ext.so
7861d1006000-7861d1007000 rw-p 00006000 08:30 217760                     /opt/java/openjdk/lib/libmanagement_ext.so
7861d10ff000-7861d1100000 ---p 00000000 00:00 0 
7861d1100000-7861d1200000 rw-p 00000000 00:00 0 
7861d1200000-7861d1204000 r-xp 00000000 08:30 217758                     /opt/java/openjdk/lib/libmanagement.so
7861d1204000-7861d1403000 ---p 00004000 08:30 217758                     /opt/java/openjdk/lib/libmanagement.so
7861d1403000-7861d1404000 r--p 00003000 08:30 217758                     /opt/java/openjdk/lib/libmanagement.so
7861d1404000-7861d1405000 rw-p 00004000 08:30 217758                     /opt/java/openjdk/lib/libmanagement.so
7861d14ff000-7861d1500000 ---p 00000000 00:00 0 
7861d1500000-7861d1800000 rw-p 00000000 00:00 0 
7861d1800000-7861d1815000 r-xp 00000000 08:30 217766                     /opt/java/openjdk/lib/libnet.so
7861d1815000-7861d1a14000 ---p 00015000 08:30 217766                     /opt/java/openjdk/lib/libnet.so
7861d1a14000-7861d1a15000 r--p 00014000 08:30 217766                     /opt/java/openjdk/lib/libnet.so
7861d1a15000-7861d1a16000 rw-p 00015000 08:30 217766                     /opt/java/openjdk/lib/libnet.so
7861d1aff000-7861d1b00000 ---p 00000000 00:00 0 
7861d1b00000-7861d1c00000 rw-p 00000000 00:00 0 
7861d1c00000-7861d1c10000 r-xp 00000000 08:30 217767                     /opt/java/openjdk/lib/libnio.so
7861d1c10000-7861d1e0f000 ---p 00010000 08:30 217767                     /opt/java/openjdk/lib/libnio.so
7861d1e0f000-7861d1e10000 r--p 0000f000 08:30 217767                     /opt/java/openjdk/lib/libnio.so
7861d1e10000-7861d1e11000 rw-p 00010000 08:30 217767                     /opt/java/openjdk/lib/libnio.so
7861d1f08000-7861d1f09000 ---p 00000000 00:00 0 
7861d1f09000-7861d2009000 rw-p 00000000 00:00 0 
7861d2009000-7861d200a000 ---p 00000000 00:00 0 
7861d200a000-7861d210a000 rw-p 00000000 00:00 0 
7861d210a000-7861d210e000 ---p 00000000 00:00 0 
7861d210e000-7861d220a000 rw-p 00000000 00:00 0 
7861d220a000-7861d220e000 ---p 00000000 00:00 0 
7861d220e000-7861d230a000 rw-p 00000000 00:00 0 
7861d230a000-7861d230e000 ---p 00000000 00:00 0 
7861d230e000-7861d240a000 rw-p 00000000 00:00 0 
7861d240a000-7861d240e000 ---p 00000000 00:00 0 
7861d240e000-7861d250a000 rw-p 00000000 00:00 0 
7861d250a000-7861d250e000 ---p 00000000 00:00 0 
7861d250e000-7861d260a000 rw-p 00000000 00:00 0 
7861d260a000-7861d28f3000 r--p 00000000 08:30 204020                     /usr/lib/locale/locale-archive
7861d28f3000-7861d28f7000 ---p 00000000 00:00 0 
7861d28f7000-7861d29f3000 rw-p 00000000 00:00 0 
7861d29f3000-7861d29f7000 ---p 00000000 00:00 0 
7861d29f7000-7861d2af3000 rw-p 00000000 00:00 0 
7861d2af3000-7861d2af4000 ---p 00000000 00:00 0 
7861d2af4000-7861d33f4000 rw-p 00000000 00:00 0 
7861d33f4000-7861d33f5000 ---p 00000000 00:00 0 
7861d33f5000-7861d34f5000 rw-p 00000000 00:00 0 
7861d34f5000-7861d34f6000 ---p 00000000 00:00 0 
7861d34f6000-7861d4000000 rw-p 00000000 00:00 0 
7861d4000000-7861d4021000 rw-p 00000000 00:00 0 
7861d4021000-7861d8000000 ---p 00000000 00:00 0 
7861d8000000-7861da8d0000 rw-p 00000000 00:00 0 
7861da8d0000-7861daff8000 ---p 00000000 00:00 0 
7861daff8000-7861db8d0000 rw-p 00000000 00:00 0 
7861db8d0000-7861dbff8000 ---p 00000000 00:00 0 
7861dbff8000-7861dc000000 rw-p 00000000 00:00 0 
7861dc000000-7861dc072000 rw-p 00000000 00:00 0 
7861dc072000-7861e0000000 ---p 00000000 00:00 0 
7861e009f000-7861e03a2000 rw-p 00000000 00:00 0 
7861e03a2000-7861e03a3000 ---p 00000000 00:00 0 
7861e03a3000-7861e04a3000 rw-p 00000000 00:00 0 
7861e04a3000-7861e04a4000 ---p 00000000 00:00 0 
7861e04a4000-7861e06be000 rw-p 00000000 00:00 0 
7861e06be000-7861e07a3000 ---p 00000000 00:00 0 
7861e07a3000-7861e07a4000 rw-p 00000000 00:00 0 
7861e07a4000-7861e0a14000 rwxp 00000000 00:00 0 
7861e0a14000-7861e133e000 ---p 00000000 00:00 0 
7861e133e000-7861e2ede000 rwxp 00000000 00:00 0 
7861e2ede000-7861ef7a4000 ---p 00000000 00:00 0 
7861ef7a4000-7861f8000000 r--s 00000000 08:30 217784                     /opt/java/openjdk/lib/modules
7861f8000000-7861faf25000 rw-p 00000000 00:00 0 
7861faf25000-7861fc000000 ---p 00000000 00:00 0 
7861fc0f5000-7861fc20f000 rw-p 00000000 00:00 0 
7861fc20f000-7861fc2f4000 ---p 00000000 00:00 0 
7861fc2f4000-7861fc40f000 rw-p 00000000 00:00 0 
7861fc40f000-7861fc4f4000 ---p 00000000 00:00 0 
7861fc4f4000-7861fd000000 rw-p 00000000 00:00 0 
7861fd000000-7861fd01b000 r-xp 00000000 08:30 217783                     /opt/java/openjdk/lib/libzip.so
7861fd01b000-7861fd21a000 ---p 0001b000 08:30 217783                     /opt/java/openjdk/lib/libzip.so
7861fd21a000-7861fd21b000 r--p 0001a000 08:30 217783                     /opt/java/openjdk/lib/libzip.so
7861fd21b000-7861fd21c000 rw-p 0001b000 08:30 217783                     /opt/java/openjdk/lib/libzip.so
7861fd2ff000-7861fd400000 rw-p 00000000 00:00 0 
7861fd400000-7861fd41b000 r-xp 00000000 08:30 217748                     /opt/java/openjdk/lib/libjimage.so
7861fd41b000-7861fd61a000 ---p 0001b000 08:30 217748                     /opt/java/openjdk/lib/libjimage.so
7861fd61a000-7861fd61c000 r--p 0001a000 08:30 217748                     /opt/java/openjdk/lib/libjimage.so
7861fd61c000-7861fd61d000 rw-p 0001c000 08:30 217748                     /opt/java/openjdk/lib/libjimage.so
7861fd6ff000-7861fd800000 rw-p 00000000 00:00 0 
7861fd800000-7861fd829000 r-xp 00000000 08:30 217743                     /opt/java/openjdk/lib/libjava.so
7861fd829000-7861fda28000 ---p 00029000 08:30 217743                     /opt/java/openjdk/lib/libjava.so
7861fda28000-7861fda29000 r--p 00028000 08:30 217743                     /opt/java/openjdk/lib/libjava.so
7861fda29000-7861fda2a000 rw-p 00029000 08:30 217743                     /opt/java/openjdk/lib/libjava.so
7861fda2a000-7861fda2b000 rw-p 00000000 00:00 0 
7861fda5c000-7861fda60000 ---p 00000000 00:00 0 
7861fda60000-7861fdaff000 rw-p 00000000 00:00 0 
7861fdaff000-7861fdb00000 ---p 00000000 00:00 0 
7861fdb00000-7861fdc00000 rw-p 00000000 00:00 0 
7861fdc00000-7861fdc0d000 r-xp 00000000 08:30 217782                     /opt/java/openjdk/lib/libverify.so
7861fdc0d000-7861fde0c000 ---p 0000d000 08:30 217782                     /opt/java/openjdk/lib/libverify.so
7861fde0c000-7861fde0e000 r--p 0000c000 08:30 217782                     /opt/java/openjdk/lib/libverify.so
7861fde0e000-7861fde0f000 rw-p 0000e000 08:30 217782                     /opt/java/openjdk/lib/libverify.so
7861fde15000-7861fde19000 ---p 00000000 00:00 0 
7861fde19000-7861fde6f000 rw-p 00000000 00:00 0 
7861fde6f000-7861fe000000 ---p 00000000 00:00 0 
7861fe000000-7861ff282000 r-xp 00000000 08:30 217819                     /opt/java/openjdk/lib/server/libjvm.so
7861ff282000-7861ff481000 ---p 01282000 08:30 217819                     /opt/java/openjdk/lib/server/libjvm.so
7861ff481000-7861ff547000 r--p 01281000 08:30 217819                     /opt/java/openjdk/lib/server/libjvm.so
7861ff547000-7861ff582000 rw-p 01347000 08:30 217819                     /opt/java/openjdk/lib/server/libjvm.so
7861ff582000-7861ff5da000 rw-p 00000000 00:00 0 
7861ff5e1000-7861ff6d7000 rw-p 00000000 00:00 0 
7861ff6d7000-7861ff6db000 ---p 00000000 00:00 0 
7861ff6db000-7861ff7d7000 rw-p 00000000 00:00 0 
7861ff7d7000-7861ff7ff000 r--p 00000000 08:30 201005                     /usr/lib/x86_64-linux-gnu/libc.so.6
7861ff7ff000-7861ff994000 r-xp 00028000 08:30 201005                     /usr/lib/x86_64-linux-gnu/libc.so.6
7861ff994000-7861ff9ec000 r--p 001bd000 08:30 201005                     /usr/lib/x86_64-linux-gnu/libc.so.6
7861ff9ec000-7861ff9ed000 ---p 00215000 08:30 201005                     /usr/lib/x86_64-linux-gnu/libc.so.6
7861ff9ed000-7861ff9f1000 r--p 00215000 08:30 201005                     /usr/lib/x86_64-linux-gnu/libc.so.6
7861ff9f1000-7861ff9f3000 rw-p 00219000 08:30 201005                     /usr/lib/x86_64-linux-gnu/libc.so.6
7861ff9f3000-7861ffa00000 rw-p 00000000 00:00 0 
7861ffa00000-7861ffa1a000 r-xp 00000000 08:30 217710                     /opt/java/openjdk/lib/jli/libjli.so
7861ffa1a000-7861ffc1a000 ---p 0001a000 08:30 217710                     /opt/java/openjdk/lib/jli/libjli.so
7861ffc1a000-7861ffc1b000 r--p 0001a000 08:30 217710                     /opt/java/openjdk/lib/jli/libjli.so
7861ffc1b000-7861ffc1c000 rw-p 0001b000 08:30 217710                     /opt/java/openjdk/lib/jli/libjli.so
7861ffc1f000-7861ffc26000 r--s 00000000 08:30 200973                     /usr/lib/x86_64-linux-gnu/gconv/gconv-modules.cache
7861ffc26000-7861ffc8e000 rw-p 00000000 00:00 0 
7861ffc8e000-7861ffca1000 ---p 00000000 00:00 0 
7861ffca1000-7861ffca9000 rw-s 00000000 08:30 418793                     /tmp/hsperfdata_spark/76117
7861ffca9000-7861ffcaa000 r--p 00000000 08:30 201102                     /usr/lib/x86_64-linux-gnu/librt.so.1
7861ffcaa000-7861ffcab000 r-xp 00001000 08:30 201102                     /usr/lib/x86_64-linux-gnu/librt.so.1
7861ffcab000-7861ffcac000 r--p 00002000 08:30 201102                     /usr/lib/x86_64-linux-gnu/librt.so.1
7861ffcac000-7861ffcad000 r--p 00002000 08:30 201102                     /usr/lib/x86_64-linux-gnu/librt.so.1
7861ffcad000-7861ffcae000 rw-p 00003000 08:30 201102                     /usr/lib/x86_64-linux-gnu/librt.so.1
7861ffcae000-7861ffcbc000 r--p 00000000 08:30 201057                     /usr/lib/x86_64-linux-gnu/libm.so.6
7861ffcbc000-7861ffd38000 r-xp 0000e000 08:30 201057                     /usr/lib/x86_64-linux-gnu/libm.so.6
7861ffd38000-7861ffd93000 r--p 0008a000 08:30 201057                     /usr/lib/x86_64-linux-gnu/libm.so.6
7861ffd93000-7861ffd94000 r--p 000e4000 08:30 201057                     /usr/lib/x86_64-linux-gnu/libm.so.6
7861ffd94000-7861ffd95000 rw-p 000e5000 08:30 201057                     /usr/lib/x86_64-linux-gnu/libm.so.6
7861ffd95000-7861ffd97000 rw-p 00000000 00:00 0 
7861ffd97000-7861ffd98000 r--p 00000000 08:30 201019                     /usr/lib/x86_64-linux-gnu/libdl.so.2
7861ffd98000-7861ffd99000 r-xp 00001000 08:30 201019                     /usr/lib/x86_64-linux-gnu/libdl.so.2
7861ffd99000-7861ffd9a000 r--p 00002000 08:30 201019                     /usr/lib/x86_64-linux-gnu/libdl.so.2
7861ffd9a000-7861ffd9b000 r--p 00002000 08:30 201019                     /usr/lib/x86_64-linux-gnu/libdl.so.2
7861ffd9b000-7861ffd9c000 rw-p 00003000 08:30 201019                     /usr/lib/x86_64-linux-gnu/libdl.so.2
7861ffd9c000-7861ffd9d000 r--p 00000000 08:30 201100                     /usr/lib/x86_64-linux-gnu/libpthread.so.0
7861ffd9d000-7861ffd9e000 r-xp 00001000 08:30 201100                     /usr/lib/x86_64-linux-gnu/libpthread.so.0
7861ffd9e000-7861ffd9f000 r--p 00002000 08:30 201100                     /usr/lib/x86_64-linux-gnu/libpthread.so.0
7861ffd9f000-7861ffda0000 r--p 00002000 08:30 201100                     /usr/lib/x86_64-linux-gnu/libpthread.so.0
7861ffda0000-7861ffda1000 rw-p 00003000 08:30 201100                     /usr/lib/x86_64-linux-gnu/libpthread.so.0
7861ffda5000-7861ffda6000 ---p 00000000 00:00 0 
7861ffda6000-7861ffda7000 r--p 00000000 00:00 0 
7861ffda7000-7861ffda9000 rw-p 00000000 00:00 0 
7861ffda9000-7861ffdab000 r--p 00000000 08:30 200987                     /usr/lib/x86_64-linux-gnu/ld-linux-x86-64.so.2
7861ffdab000-7861ffdd5000 r-xp 00002000 08:30 200987                     /usr/lib/x86_64-linux-gnu/ld-linux-x86-64.so.2
7861ffdd5000-7861ffde0000 r--p 0002c000 08:30 200987                     /usr/lib/x86_64-linux-gnu/ld-linux-x86-64.so.2
7861ffde1000-7861ffde3000 r--p 00037000 08:30 200987                     /usr/lib/x86_64-linux-gnu/ld-linux-x86-64.so.2
7861ffde3000-7861ffde5000 rw-p 00039000 08:30 200987                     /usr/lib/x86_64-linux-gnu/ld-linux-x86-64.so.2
7ffc23539000-7ffc2355a000 rw-p 00000000 00:00 0                          [stack]
7ffc235c8000-7ffc235cc000 r--p 00000000 00:00 0                          [vvar]
7ffc235cc000-7ffc235ce000 r-xp 00000000 00:00 0                          [vdso]


VM Arguments:
jvm_args: -Xmx1g -XX:TieredStopAtLevel=1 -XX:+IgnoreUnrecognizedVMOptions --add-opens=java.base/java.lang=ALL-UNNAMED --add-opens=java.base/java.lang.invoke=ALL-UNNAMED --add-opens=java.base/java.lang.reflect=ALL-UNNAMED --add-opens=java.base/java.io=ALL-UNNAMED --add-opens=java.base/java.net=ALL-UNNAMED --add-opens=java.base/java.nio=ALL-UNNAMED --add-opens=java.base/java.util=ALL-UNNAMED --add-opens=java.base/java.util.concurrent=ALL-UNNAMED --add-opens=java.base/java.util.concurrent.atomic=ALL-UNNAMED --add-opens=java.base/jdk.internal.ref=ALL-UNNAMED --add-opens=java.base/sun.nio.ch=ALL-UNNAMED --add-opens=java.base/sun.nio.cs=ALL-UNNAMED --add-opens=java.base/sun.security.action=ALL-UNNAMED --add-opens=java.base/sun.util.calendar=ALL-UNNAMED --add-opens=java.security.jgss/sun.security.krb5=ALL-UNNAMED -Djdk.reflect.useDirectMethodHandle=false 
java_command: org.apache.spark.deploy.SparkSubmit --conf spark.jars.ivy=/tmp/.ivy2 --conf spark.driver.extraJavaOptions=-XX:TieredStopAtLevel=1 --packages org.apache.iceberg:iceberg-spark-runtime-3.5_2.12:1.5.0,org.projectnessie.nessie-integrations:nessie-spark-extensions-3.5_2.12:0.77.1,software.amazon.awssdk:bundle:2.20.18,software.amazon.awssdk:url-connection-client:2.20.18 /opt/spark/work-dir/complex_transforms/05_iceberg_transforms.py
java_class_path (initial): /opt/spark/conf:/opt/spark/jars/kubernetes-model-core-6.7.2.jar:/opt/spark/jars/scala-reflect-2.12.18.jar:/opt/spark/jars/libthrift-0.12.0.jar:/opt/spark/jars/jersey-hk2-2.47.jar:/opt/spark/jars/spark-common-utils_2.12-3.5.9.jar:/opt/spark/jars/kubernetes-model-events-6.7.2.jar:/opt/spark/jars/kubernetes-model-autoscaling-6.7.2.jar:/opt/spark/jars/log4j-1.2-api-2.20.0.jar:/opt/spark/jars/netty-codec-http2-4.1.96.Final.jar:/opt/spark/jars/arrow-memory-core-12.0.1.jar:/opt/spark/jars/stax-api-1.0.1.jar:/opt/spark/jars/spark-catalyst_2.12-3.5.9.jar:/opt/spark/jars/guava-14.0.1.jar:/opt/spark/jars/kubernetes-client-api-6.7.2.jar:/opt/spark/jars/osgi-resource-locator-1.0.3.jar:/opt/spark/jars/netty-handler-4.1.96.Final.jar:/opt/spark/jars/mesos-1.4.3-shaded-protobuf.jar:/opt/spark/jars/httpcore-4.4.16.jar:/opt/spark/jars/compress-lzf-1.1.2.jar:/opt/spark/jars/jsr305-3.0.0.jar:/opt/spark/jars/hive-storage-api-2.8.1.jar:/opt/spark/jars/ivy-2.5.3.jar:/opt/spark/jars/javolution-5.5.1.jar:/opt/spark/jars/netty-codec-socks-4.1.96.Final.jar:/opt/spark/jars/spark-sql-api_2.12-3.5.9.jar:/opt/spark/jars/netty-handler-proxy-4.1.96.Final.jar:/opt/spark/jars/audience-annotations-0.5.0.jar:/opt/spark/jars/kubernetes-client-6.7.2.jar:/opt/spark/jars/jakarta.inject-2.6.1.jar:/opt/spark/jars/aopalliance-repackaged-2.6.1.jar:/opt/spark/jars/commons-compiler-3.1.9.jar:/opt/spark/jars/netty-all-4.1.96.Final.jar:/opt/spark/jars/netty-transport-4.1.96.Final.jar:/opt/spark/jars/commons-logging-1.1.3.jar:/opt/spark/jars/zstd-jni-1.5.5-4.jar:/opt/spark/jars/xz-1.9.jar:/opt/spark/jars/lz4-java-1.8.0.jar:/opt/spark/jars/kubernetes-model-common-6.7.2.jar:/opt/spark/jars/curator-recipes-2.13.0.jar:/opt/spark/jars/jackson-databind-2.15.2.jar:/opt/spark/jars/kubernetes-model-node-6.7.2.jar:/opt/spark/jars/curator-framework-2.13.0.jar:/opt/spark/jars/shims-0.9.45.jar:/opt/spark/jars/jackson-dataformat-yaml-2.15.2.jar:/opt/spark/jars/jakarta.servlet-api-4.0.3.jar:/opt/spark/
Launcher Type: SUN_STANDARD

[Global flags]
     intx CICompilerCount                          = 12                                        {product} {ergonomic}
     uint ConcGCThreads                            = 3                                         {product} {ergonomic}
     uint G1ConcRefinementThreads                  = 13                                        {product} {ergonomic}
   size_t G1HeapRegionSize                         = 1048576                                   {product} {ergonomic}
    uintx GCDrainStackTargetSize                   = 64                                        {product} {ergonomic}
     bool IgnoreUnrecognizedVMOptions              = true                                      {product} {command line}
   size_t InitialHeapSize                          = 130023424                                 {product} {ergonomic}
   size_t MarkStackSize                            = 4194304                                   {product} {ergonomic}
   size_t MaxHeapSize                              = 1073741824                                {product} {command line}
   size_t MaxNewSize                               = 643825664                                 {product} {ergonomic}
   size_t MinHeapDeltaBytes                        = 1048576                                   {product} {ergonomic}
    uintx NonNMethodCodeHeapSize                   = 12163472                               {pd product} {ergonomic}
    uintx NonProfiledCodeHeapSize                  = 239494768                              {pd product} {ergonomic}
    uintx ProfiledCodeHeapSize                     = 0                                      {pd product} {ergonomic}
    uintx ReservedCodeCacheSize                    = 251658240                              {pd product} {ergonomic}
     bool SegmentedCodeCache                       = true                                      {product} {ergonomic}
     intx TieredStopAtLevel                        = 1                                         {product} {command line}
     bool UseCompressedClassPointers               = true                                 {lp64_product} {ergonomic}
     bool UseCompressedOops                        = true                                 {lp64_product} {ergonomic}
     bool UseG1GC                                  = true                                      {product} {ergonomic}

Logging:
Log output configuration:
 #0: stdout all=warning uptime,level,tags
 #1: stderr all=off uptime,level,tags

Environment Variables:
JAVA_HOME=/opt/java/openjdk
PATH=/opt/java/openjdk/bin:/usr/local/sbin:/usr/local/bin:/usr/sbin:/usr/bin:/sbin:/bin
LANG=en_US.UTF-8
LC_ALL=en_US.UTF-8

Signal Handlers:
SIGSEGV: [libjvm.so+0xf51250], sa_mask[0]=11111111011111111101111111111110, sa_flags=SA_RESTART|SA_SIGINFO
SIGBUS: [libjvm.so+0xf51250], sa_mask[0]=11111111011111111101111111111110, sa_flags=SA_RESTART|SA_SIGINFO
SIGFPE: [libjvm.so+0xf51250], sa_mask[0]=11111111011111111101111111111110, sa_flags=SA_RESTART|SA_SIGINFO
SIGPIPE: [libjvm.so+0xc72f40], sa_mask[0]=11111111011111111101111111111110, sa_flags=SA_RESTART|SA_SIGINFO
SIGXFSZ: [libjvm.so+0xc72f40], sa_mask[0]=11111111011111111101111111111110, sa_flags=SA_RESTART|SA_SIGINFO
SIGILL: [libjvm.so+0xf51250], sa_mask[0]=11111111011111111101111111111110, sa_flags=SA_RESTART|SA_SIGINFO
SIGUSR2: [libjvm.so+0xc72de0], sa_mask[0]=00000000000000000000000000000000, sa_flags=SA_RESTART|SA_SIGINFO
SIGHUP: [libjvm.so+0xc73370], sa_mask[0]=11111111011111111101111111111110, sa_flags=SA_RESTART|SA_SIGINFO
SIGINT: [libjvm.so+0xc73370], sa_mask[0]=11111111011111111101111111111110, sa_flags=SA_RESTART|SA_SIGINFO
SIGTERM: [libjvm.so+0xc73370], sa_mask[0]=11111111011111111101111111111110, sa_flags=SA_RESTART|SA_SIGINFO
SIGQUIT: [libjvm.so+0xc73370], sa_mask[0]=11111111011111111101111111111110, sa_flags=SA_RESTART|SA_SIGINFO


---------------  S Y S T E M  ---------------

OS:DISTRIB_ID=Ubuntu
DISTRIB_RELEASE=22.04
DISTRIB_CODENAME=jammy
DISTRIB_DESCRIPTION="Ubuntu 22.04.5 LTS"
uname:Linux 6.6.114.1-microsoft-standard-WSL2 #1 SMP PREEMPT_DYNAMIC Mon Dec  1 20:46:23 UTC 2025 x86_64
OS uptime: 0 days 2:06 hours
libc:glibc 2.35 NPTL 2.35 
rlimit (soft/hard): STACK 8192k/infinity , CORE 0k/infinity , NPROC infinity/infinity , NOFILE 1048576/1048576 , AS infinity/infinity , CPU infinity/infinity , DATA infinity/infinity , FSIZE infinity/infinity , MEMLOCK infinity/infinity
load average:9.74 9.11 5.83

/proc/meminfo:
MemTotal:        8036432 kB
MemFree:           90164 kB
MemAvailable:    1594324 kB
Buffers:            4260 kB
Cached:          1588260 kB
SwapCached:        12104 kB
Active:          2373764 kB
Inactive:        5053920 kB
Active(anon):    1375256 kB
Inactive(anon):  4463640 kB
Active(file):     998508 kB
Inactive(file):   590280 kB
Unevictable:           0 kB
Mlocked:               0 kB
SwapTotal:       2097152 kB
SwapFree:            336 kB
Dirty:              7032 kB
Writeback:             0 kB
AnonPages:       5823008 kB
Mapped:           122456 kB
Shmem:              3304 kB
KReclaimable:     110280 kB
Slab:             211564 kB
SReclaimable:     110280 kB
SUnreclaim:       101284 kB
KernelStack:       21824 kB
PageTables:        28432 kB
SecPageTables:         0 kB
NFS_Unstable:          0 kB
Bounce:                0 kB
WritebackTmp:          0 kB
CommitLimit:     6115368 kB
Committed_AS:   11126520 kB
VmallocTotal:   34359738367 kB
VmallocUsed:       47632 kB
VmallocChunk:          0 kB
Percpu:             6464 kB
HardwareCorrupted:     0 kB
AnonHugePages:         0 kB
ShmemHugePages:        0 kB
ShmemPmdMapped:        0 kB
FileHugePages:         0 kB
FilePmdMapped:         0 kB
Unaccepted:            0 kB
HugePages_Total:       0
HugePages_Free:        0
HugePages_Rsvd:        0
HugePages_Surp:        0
Hugepagesize:       2048 kB
Hugetlb:               0 kB
DirectMap4k:       84992 kB
DirectMap2M:     5062656 kB
DirectMap1G:    12582912 kB

/sys/kernel/mm/transparent_hugepage/enabled:
always [madvise] never
/sys/kernel/mm/transparent_hugepage/defrag (defrag/compaction efforts parameter):
always defer defer+madvise [madvise] never

Process Memory:
Virtual Size: 11327224K (peak: 12467828K)
Resident Set Size: 1033368K (peak: 1033368K) (anon: 1003840K, file: 29528K, shmem: 0K)
Swapped out: 0K
C-Heap outstanding allocations: 183225K, retained: 103774K
glibc malloc tunables: (default)

/proc/sys/kernel/threads-max (system-wide limit on the number of threads):
62706
/proc/sys/vm/max_map_count (maximum number of memory map areas a process may have):
262144
/proc/sys/kernel/pid_max (system-wide limit on number of process identifiers):
99999

container (cgroup) information:
container_type: cgroupv2
cpu_cpuset_cpus: not supported
cpu_memory_nodes: not supported
active_processor_count: 16
cpu_quota: no quota
cpu_period: 100000
cpu_shares: no shares
memory_limit_in_bytes: unlimited
memory_and_swap_limit_in_bytes: unlimited
memory_soft_limit_in_bytes: unlimited
memory_usage_in_bytes: 4592436 k
memory_max_usage_in_bytes: not supported
rss_usage_in_bytes: not supported
cache_usage_in_bytes: not supported
memory_swap_current_in_bytes: 802816 k
memory_swap_max_limit_in_bytes: unlimited
maximum number of tasks: unlimited
current number of tasks: 449

Hyper-V virtualization detected
Steal ticks since vm start: 0
Steal ticks percentage since vm start:  0.000

CPU:total 16 (initial active 16) (16 cores per cpu, 2 threads per core) family 25 model 68 stepping 1 microcode 0xffffffff, cmov, cx8, fxsr, mmx, sse, sse2, sse3, ssse3, sse4.1, sse4.2, popcnt, avx, avx2, aes, clmul, erms, mmxext, 3dnowpref, lzcnt, sse4a, ht, tsc, tscinvbit, tscinv, bmi1, bmi2, adx, sha, fma
CPU Model and flags from /proc/cpuinfo:
model name	: AMD Ryzen 7 7435HS
flags		: fpu vme de pse tsc msr pae mce cx8 apic sep mtrr pge mca cmov pat pse36 clflush mmx fxsr sse sse2 ht syscall nx mmxext fxsr_opt pdpe1gb rdtscp lm constant_tsc rep_good nopl tsc_reliable nonstop_tsc cpuid extd_apicid tsc_known_freq pni pclmulqdq ssse3 fma cx16 sse4_1 sse4_2 movbe popcnt aes xsave avx f16c rdrand hypervisor lahf_lm cmp_legacy svm cr8_legacy abm sse4a misalignsse 3dnowprefetch osvw topoext perfctr_core ssbd ibrs ibpb stibp vmmcall fsgsbase bmi1 avx2 smep bmi2 erms invpcid rdseed adx smap clflushopt clwb sha_ni xsaveopt xsavec xgetbv1 xsaves clzero xsaveerptr arat npt nrip_save tsc_scale vmcb_clean flushbyasid decodeassists pausefilter pfthreshold v_vmsave_vmload umip vaes vpclmulqdq rdpid fsrm
Online cpus:
0-15
Offline cpus:

BIOS frequency limitation:
<Not Available>
Frequency switch latency (ns):
<Not Available>
Available cpu frequencies:
<Not Available>
Current governor:
<Not Available>
Core performance/turbo boost:
<Not Available>

Memory: 4k page, physical 8036432k(89672k free), swap 2097152k(336k free)

vm_info: OpenJDK 64-Bit Server VM (11.0.31+11) for linux-amd64 JRE (11.0.31+11), built on Apr 25 2026 12:54:35 by "" with gcc 7.5.0

END.
