#
# A fatal error has been detected by the Java Runtime Environment:
#
#  SIGSEGV (0xb) at pc=0x000077ac4e81c21f, pid=75604, tid=75660
#
# JRE version: OpenJDK Runtime Environment Temurin-11.0.31+11 (11.0.31+11) (build 11.0.31+11)
# Java VM: OpenJDK 64-Bit Server VM Temurin-11.0.31+11 (11.0.31+11, mixed mode, sharing, tiered, compressed oops, g1 gc, linux-amd64)
# Problematic frame:
# V  [libjvm.so+0x61c21f]  ClassLoaderData::oops_do(OopClosure*, bool, bool)+0x8f
#
# Core dump will be written. Default location: Core dumps may be processed with "/wsl-capture-crash %t %E %p %s" (or dumping to /opt/spark/work-dir/core.75604)
#
# If you would like to submit a bug report, please visit:
#   https://github.com/adoptium/adoptium-support/issues
#

---------------  S U M M A R Y ------------

Command Line: -Xmx1g -XX:+IgnoreUnrecognizedVMOptions --add-opens=java.base/java.lang=ALL-UNNAMED --add-opens=java.base/java.lang.invoke=ALL-UNNAMED --add-opens=java.base/java.lang.reflect=ALL-UNNAMED --add-opens=java.base/java.io=ALL-UNNAMED --add-opens=java.base/java.net=ALL-UNNAMED --add-opens=java.base/java.nio=ALL-UNNAMED --add-opens=java.base/java.util=ALL-UNNAMED --add-opens=java.base/java.util.concurrent=ALL-UNNAMED --add-opens=java.base/java.util.concurrent.atomic=ALL-UNNAMED --add-opens=java.base/jdk.internal.ref=ALL-UNNAMED --add-opens=java.base/sun.nio.ch=ALL-UNNAMED --add-opens=java.base/sun.nio.cs=ALL-UNNAMED --add-opens=java.base/sun.security.action=ALL-UNNAMED --add-opens=java.base/sun.util.calendar=ALL-UNNAMED --add-opens=java.security.jgss/sun.security.krb5=ALL-UNNAMED -Djdk.reflect.useDirectMethodHandle=false org.apache.spark.deploy.SparkSubmit --conf spark.jars.ivy=/tmp/.ivy2 --packages org.apache.iceberg:iceberg-spark-runtime-3.5_2.12:1.5.0,org.projectnessie.nessie-integrations:nessie-spark-extensions-3.5_2.12:0.77.1,software.amazon.awssdk:bundle:2.20.18,software.amazon.awssdk:url-connection-client:2.20.18 /opt/spark/work-dir/complex_transforms/05_iceberg_transforms.py

Host: AMD Ryzen 7 7435HS, 16 cores, 7G, Ubuntu 22.04.5 LTS
Time: Thu Oct  1 16:36:30 2026 UTC elapsed time: 46.658419 seconds (0d 0h 0m 46s)

---------------  T H R E A D  ---------------

Current thread (0x000077ac1400b800):  GCTaskThread "GC Thread#3" [stack: 0x000077abd7100000,0x000077abd7200000] [id=75660]

Stack: [0x000077abd7100000,0x000077abd7200000],  sp=0x000077abd71fea30,  free space=1018k
Native frames: (J=compiled Java code, A=aot compiled Java code, j=interpreted, Vv=VM code, C=native code)
V  [libjvm.so+0x61c21f]  ClassLoaderData::oops_do(OopClosure*, bool, bool)+0x8f
V  [libjvm.so+0x7faa15]  G1CLDScanClosure::do_cld(ClassLoaderData*)+0x35
V  [libjvm.so+0x61f069]  ClassLoaderDataGraph::roots_cld_do(CLDClosure*, CLDClosure*)+0x39
V  [libjvm.so+0x819585]  G1RootProcessor::process_java_roots(G1RootClosures*, G1GCPhaseTimes*, unsigned int)+0x65
V  [libjvm.so+0x819c78]  G1RootProcessor::evacuate_roots(G1ParScanThreadState*, unsigned int)+0x68
V  [libjvm.so+0x7c4dec]  G1ParTask::work(unsigned int)+0xec
V  [libjvm.so+0xf7c20d]  GangWorker::loop()+0x4d
V  [libjvm.so+0xee028f]  Thread::call_run()+0x14f
V  [libjvm.so+0xc7e016]  thread_native_entry(Thread*)+0xe6


siginfo: si_signo: 11 (SIGSEGV), si_code: 128 (SI_KERNEL), si_addr: 0x0000000000000000

Register to memory mapping:

RAX=0x0 is NULL
RBX=0x000077aa34082990 points into unknown readable memory: 0x0095000200000020 | 20 00 00 00 02 00 95 00
RCX=0x0000000000000014 is an unknown value
RDX=0x0000000000004ac2 is an unknown value
RSP=0x000077abd71fea30 points into unknown readable memory: 0x000077abc4000dc8 | c8 0d 00 c4 ab 77 00 00
RBP=0x000077abd71fea50 points into unknown readable memory: 0x000077abd71fea70 | 70 ea 1f d7 ab 77 00 00
RSI=0x0 is NULL
RDI=0x000077abc4017d70 points into unknown readable memory: 0x000077ac4f68ecb0 | b0 ec 68 4f ac 77 00 00
R8 =0x0000000000000003 is an unknown value
R9 =0x0000000800000000 is pointing into metadata
R10=0x0000000000000006 is an unknown value
R11=0x0 is NULL
R12=0x000077abc4000d98 points into unknown readable memory: 0x000077ac4f68ef68 | 68 ef 68 4f ac 77 00 00
R13=0x000077aa34082990 points into unknown readable memory: 0x0095000200000020 | 20 00 00 00 02 00 95 00
R14=0x4072a3ae147ae148 is an unknown value
R15=0x0 is NULL


Registers:
RAX=0x0000000000000000, RBX=0x000077aa34082990, RCX=0x0000000000000014, RDX=0x0000000000004ac2
RSP=0x000077abd71fea30, RBP=0x000077abd71fea50, RSI=0x0000000000000000, RDI=0x000077abc4017d70
R8 =0x0000000000000003, R9 =0x0000000800000000, R10=0x0000000000000006, R11=0x0000000000000000
R12=0x000077abc4000d98, R13=0x000077aa34082990, R14=0x4072a3ae147ae148, R15=0x0000000000000000
RIP=0x000077ac4e81c21f, EFLAGS=0x0000000000010206, CSGSFS=0x002b000000000033, ERR=0x0000000000000000
  TRAPNO=0x000000000000000d

Top of Stack: (sp=0x000077abd71fea30)
0x000077abd71fea30:   000077abc4000dc8 000077abc4000dc8
0x000077abd71fea40:   000077abc4000dc8 000077ac48040cd0
0x000077abd71fea50:   000077abd71fea70 000077ac4e9faa15
0x000077abd71fea60:   00007ffc5116bc56 000077ac4a7ed9e0 

Instructions: (pc=0x000077ac4e81c21f)
0x000077ac4e81c11f:   00 55 8b 57 28 31 c0 48 89 e5 83 fa 01 74 14 48
0x000077ac4e81c12f:   83 c7 28 ba 01 00 00 00 31 c0 f0 0f b1 17 85 c0
0x000077ac4e81c13f:   0f 94 c0 5d c3 66 90 66 2e 0f 1f 84 00 00 00 00
0x000077ac4e81c14f:   00 80 7f 21 00 55 48 89 e5 74 05 66 83 47 24 01
0x000077ac4e81c15f:   5d c3 90 0f 1f 40 00 66 2e 0f 1f 84 00 00 00 00
0x000077ac4e81c16f:   00 80 7f 21 00 55 48 89 e5 74 05 66 83 6f 24 01
0x000077ac4e81c17f:   5d c3 90 0f 1f 40 00 66 2e 0f 1f 84 00 00 00 00
0x000077ac4e81c18f:   00 84 d2 74 24 8b 47 28 83 f8 01 0f 84 d9 00 00
0x000077ac4e81c19f:   00 4c 8d 47 28 ba 01 00 00 00 31 c0 f0 41 0f b1
0x000077ac4e81c1af:   10 85 c0 0f 85 c3 00 00 00 55 84 c9 48 89 e5 41
0x000077ac4e81c1bf:   56 41 55 41 54 53 0f 85 a5 00 00 00 4c 8b 77 30
0x000077ac4e81c1cf:   4d 85 f6 0f 84 87 00 00 00 49 89 f4 41 8b 86 00
0x000077ac4e81c1df:   01 00 00 85 c0 74 2d 83 e8 01 4c 89 f3 4d 8d 6c
0x000077ac4e81c1ef:   c6 08 0f 1f 80 00 00 00 00 48 83 3b 00 74 0c 49
0x000077ac4e81c1ff:   8b 04 24 48 89 de 4c 89 e7 ff 10 48 83 c3 08 4c
0x000077ac4e81c20f:   39 eb 75 e5 4d 8b b6 08 01 00 00 4d 85 f6 74 40
0x000077ac4e81c21f:   41 8b 86 00 01 00 00 85 c0 74 e9 83 e8 01 4c 89
0x000077ac4e81c22f:   f3 4d 8d 6c c6 08 0f 1f 00 48 83 3b 00 74 0c 49
0x000077ac4e81c23f:   8b 04 24 48 89 de 4c 89 e7 ff 10 48 83 c3 08 49
0x000077ac4e81c24f:   39 dd 75 e5 4d 8b b6 08 01 00 00 4d 85 f6 75 c0
0x000077ac4e81c25f:   5b 41 5c 41 5d 41 5e 5d c3 0f 1f 84 00 00 00 00
0x000077ac4e81c26f:   00 c6 47 22 00 e9 52 ff ff ff f3 c3 f3 c3 90 66
0x000077ac4e81c27f:   90 55 48 89 e5 41 55 41 54 53 48 83 ec 08 48 8b
0x000077ac4e81c28f:   5f 38 48 85 db 74 51 49 89 f4 4c 8d 2d 80 50 00
0x000077ac4e81c29f:   00 eb 18 66 0f 1f 44 00 00 49 83 44 24 10 01 48
0x000077ac4e81c2af:   8b 9b 90 00 00 00 48 85 db 74 2d 49 8b 04 24 48
0x000077ac4e81c2bf:   8b 00 4c 39 e8 75 32 8b 43 08 85 c0 78 db 49 83
0x000077ac4e81c2cf:   44 24 08 01 48 89 df e8 55 b2 29 00 48 8b 9b 90
0x000077ac4e81c2df:   00 00 00 48 85 db 75 d3 48 83 c4 08 5b 41 5c 41
0x000077ac4e81c2ef:   5d 5d c3 66 0f 1f 44 00 00 48 89 de 4c 89 e7 ff
0x000077ac4e81c2ff:   d0 eb ac 0f 1f 40 00 66 2e 0f 1f 84 00 00 00 00
0x000077ac4e81c30f:   00 55 48 89 e5 41 54 53 48 8b 5f 38 48 85 db 74 


Stack slot to memory mapping:
stack at sp + 0 slots: 0x000077abc4000dc8 points into unknown readable memory: 0x000077ac4f68ec40 | 40 ec 68 4f ac 77 00 00
stack at sp + 1 slots: 0x000077abc4000dc8 points into unknown readable memory: 0x000077ac4f68ec40 | 40 ec 68 4f ac 77 00 00
stack at sp + 2 slots: 0x000077abc4000dc8 points into unknown readable memory: 0x000077ac4f68ec40 | 40 ec 68 4f ac 77 00 00
stack at sp + 3 slots: 0x000077ac48040cd0 points into unknown readable memory: 0x000000000000000d | 0d 00 00 00 00 00 00 00
stack at sp + 4 slots: 0x000077abd71fea70 points into unknown readable memory: 0x000077abd71feaa0 | a0 ea 1f d7 ab 77 00 00
stack at sp + 5 slots: 0x000077ac4e9faa15: <offset 0x00000000007faa15> in /opt/java/openjdk/lib/server/libjvm.so at 0x000077ac4e200000
stack at sp + 6 slots: 0x00007ffc5116bc56: clock_gettime+0x0000000000000216 in linux-vdso.so.1 at 0x00007ffc5116b000
stack at sp + 7 slots: 0x000077ac4a7ed9e0 points into unknown readable memory: 0x000077ac4a7e2938 | 38 29 7e 4a ac 77 00 00


---------------  P R O C E S S  ---------------

Threads class SMR info:
_java_thread_list=0x000077aa4c003940, length=119, elements={
0x000077ac4802a800, 0x000077ac4812f800, 0x000077ac48131800, 0x000077ac48137000,
0x000077ac48139000, 0x000077ac4813b800, 0x000077ac4813d800, 0x000077ac4813f800,
0x000077ac48182000, 0x000077ac4a6a6000, 0x000077ac4a763000, 0x000077ac4a81e000,
0x000077ac4a824000, 0x000077abc8007000, 0x000077abc0337800, 0x000077abc033d000,
0x000077abc033e000, 0x000077abc0340000, 0x000077abc0342000, 0x000077abc0344000,
0x000077abc0345800, 0x000077abc0347800, 0x000077abc0349000, 0x000077abc034b000,
0x000077abc034c800, 0x000077abc034e800, 0x000077abc0350000, 0x000077abc0352800,
0x000077abc0354800, 0x000077abc0356800, 0x000077abc0358800, 0x000077abc038e000,
0x000077abc039e000, 0x000077abc03a0000, 0x000077abc03a4800, 0x000077abc03a6000,
0x000077abc03a7800, 0x000077abc03a9800, 0x000077abc03ab800, 0x000077abc03d4000,
0x000077abc047e800, 0x000077abc0483800, 0x000077abc0594800, 0x000077abc0596000,
0x000077abc0597800, 0x000077abc0599800, 0x000077abc059b000, 0x000077abc059d000,
0x000077abc059f000, 0x000077abc05a1000, 0x000077abc05da000, 0x000077abc05f6000,
0x000077abc8009800, 0x000077abc061f800, 0x000077abc0624000, 0x000077ab0c003000,
0x000077ab00015800, 0x000077abc0629800, 0x000077abc062a800, 0x000077abc0665000,
0x000077abc068a800, 0x000077abc06eb000, 0x000077abc0614000, 0x000077abc0712000,
0x000077abb0006000, 0x000077abc0759000, 0x000077abc09f6800, 0x000077abc09f8800,
0x000077abc0a03000, 0x000077abc0a05000, 0x000077aacc01a800, 0x000077abc1400800,
0x000077aaac009800, 0x000077aaac00c000, 0x000077aaac00e800, 0x000077aab4002000,
0x000077aab4004000, 0x000077aab4006000, 0x000077abc159d000, 0x000077abc173b800,
0x000077abc14ef000, 0x000077abc2103800, 0x000077abc2105000, 0x000077abc2106800,
0x000077abc2108800, 0x000077abc210a000, 0x000077abc210c000, 0x000077abc210e000,
0x000077abc2110000, 0x000077abc2111800, 0x000077abc2113800, 0x000077abc2115000,
0x000077abc2117000, 0x000077abc2119000, 0x000077abc211b000, 0x000077abc211c800,
0x000077ab84039800, 0x000077ab8403a800, 0x000077ab8403b800, 0x000077ab8403c800,
0x000077ab8403f000, 0x000077ab84041000, 0x000077ab84043000, 0x000077ab84045000,
0x000077ab84046800, 0x000077ab84048800, 0x000077ab8404a800, 0x000077ab8404c800,
0x000077ab8404e800, 0x000077ab84050800, 0x000077ab84053000, 0x000077ab84055000,
0x000077aa3400c800, 0x000077ab7c002000, 0x000077ab7c005000, 0x000077ab7c006800,
0x000077ab7c008800, 0x000077aa4c05c800, 0x000077aa4c058800
}

Java Threads: ( => current thread )
  0x000077ac4802a800 JavaThread "main" [_thread_blocked, id=75630, stack(0x000077ac4f7f0000,0x000077ac4f8f0000)]
  0x000077ac4812f800 JavaThread "Reference Handler" daemon [_thread_blocked, id=75637, stack(0x000077ac22bf5000,0x000077ac22cf5000)]
  0x000077ac48131800 JavaThread "Finalizer" daemon [_thread_blocked, id=75638, stack(0x000077ac22af5000,0x000077ac22bf5000)]
  0x000077ac48137000 JavaThread "Signal Dispatcher" daemon [_thread_blocked, id=75639, stack(0x000077ac2270c000,0x000077ac2280c000)]
  0x000077ac48139000 JavaThread "Service Thread" daemon [_thread_blocked, id=75640, stack(0x000077ac2260c000,0x000077ac2270c000)]
  0x000077ac4813b800 JavaThread "C2 CompilerThread0" daemon [_thread_blocked, id=75641, stack(0x000077ac2250c000,0x000077ac2260c000)]
  0x000077ac4813d800 JavaThread "C1 CompilerThread0" daemon [_thread_blocked, id=75642, stack(0x000077ac2240c000,0x000077ac2250c000)]
  0x000077ac4813f800 JavaThread "Sweeper thread" daemon [_thread_blocked, id=75643, stack(0x000077ac2230c000,0x000077ac2240c000)]
  0x000077ac48182000 JavaThread "Common-Cleaner" daemon [_thread_blocked, id=75644, stack(0x000077ac2220c000,0x000077ac2230c000)]
  0x000077ac4a6a6000 JavaThread "process reaper (pid 75656)" daemon [_thread_in_native, id=75651, stack(0x000077ac4d4ac000,0x000077ac4d4ce000)]
  0x000077ac4a763000 JavaThread "org.apache.hadoop.fs.FileSystem$Statistics$StatisticsDataReferenceCleaner" daemon [_thread_blocked, id=75653, stack(0x000077abd7f00000,0x000077abd8000000)]
  0x000077ac4a81e000 JavaThread "Thread-3" [_thread_in_native, id=75654, stack(0x000077abd7900000,0x000077abd7a00000)]
  0x000077ac4a824000 JavaThread "redirect output" daemon [_thread_in_native, id=75657, stack(0x000077abd7500000,0x000077abd7600000)]
  0x000077abc8007000 JavaThread "Thread-5" [_thread_blocked, id=75659, stack(0x000077abd7200000,0x000077abd7300000)]
  0x000077abc0337800 JavaThread "rpc-boss-3-1" daemon [_thread_in_native, id=75663, stack(0x000077abd69fd000,0x000077abd6afd000)]
  0x000077abc033d000 JavaThread "dispatcher-event-loop-0" daemon [_thread_blocked, id=75664, stack(0x000077abd68fd000,0x000077abd69fd000)]
  0x000077abc033e000 JavaThread "dispatcher-event-loop-1" daemon [_thread_blocked, id=75665, stack(0x000077abd67fd000,0x000077abd68fd000)]
  0x000077abc0340000 JavaThread "dispatcher-event-loop-2" daemon [_thread_blocked, id=75666, stack(0x000077abd66fd000,0x000077abd67fd000)]
  0x000077abc0342000 JavaThread "dispatcher-event-loop-3" daemon [_thread_blocked, id=75667, stack(0x000077abd65fd000,0x000077abd66fd000)]
  0x000077abc0344000 JavaThread "dispatcher-event-loop-4" daemon [_thread_blocked, id=75668, stack(0x000077abd64fd000,0x000077abd65fd000)]
  0x000077abc0345800 JavaThread "dispatcher-event-loop-5" daemon [_thread_blocked, id=75669, stack(0x000077abd63fd000,0x000077abd64fd000)]
  0x000077abc0347800 JavaThread "dispatcher-event-loop-6" daemon [_thread_blocked, id=75670, stack(0x000077abd62fd000,0x000077abd63fd000)]
  0x000077abc0349000 JavaThread "dispatcher-event-loop-7" daemon [_thread_blocked, id=75671, stack(0x000077abd61fd000,0x000077abd62fd000)]
  0x000077abc034b000 JavaThread "dispatcher-event-loop-8" daemon [_thread_blocked, id=75672, stack(0x000077abd60fd000,0x000077abd61fd000)]
  0x000077abc034c800 JavaThread "dispatcher-event-loop-9" daemon [_thread_blocked, id=75673, stack(0x000077abd5ffd000,0x000077abd60fd000)]
  0x000077abc034e800 JavaThread "dispatcher-event-loop-10" daemon [_thread_blocked, id=75674, stack(0x000077abd5efd000,0x000077abd5ffd000)]
  0x000077abc0350000 JavaThread "dispatcher-event-loop-11" daemon [_thread_blocked, id=75675, stack(0x000077abd5dfd000,0x000077abd5efd000)]
  0x000077abc0352800 JavaThread "dispatcher-event-loop-12" daemon [_thread_blocked, id=75676, stack(0x000077abd5cfd000,0x000077abd5dfd000)]
  0x000077abc0354800 JavaThread "dispatcher-event-loop-13" daemon [_thread_blocked, id=75677, stack(0x000077abd5bfd000,0x000077abd5cfd000)]
  0x000077abc0356800 JavaThread "dispatcher-event-loop-14" daemon [_thread_blocked, id=75678, stack(0x000077abd5afd000,0x000077abd5bfd000)]
  0x000077abc0358800 JavaThread "dispatcher-event-loop-15" daemon [_thread_blocked, id=75679, stack(0x000077abd59fd000,0x000077abd5afd000)]
  0x000077abc038e000 JavaThread "map-output-dispatcher-0" daemon [_thread_blocked, id=75680, stack(0x000077abd56fd000,0x000077abd57fd000)]
  0x000077abc039e000 JavaThread "map-output-dispatcher-1" daemon [_thread_blocked, id=75681, stack(0x000077abd55fd000,0x000077abd56fd000)]
  0x000077abc03a0000 JavaThread "map-output-dispatcher-2" daemon [_thread_blocked, id=75682, stack(0x000077abd54fd000,0x000077abd55fd000)]
  0x000077abc03a4800 JavaThread "map-output-dispatcher-3" daemon [_thread_blocked, id=75683, stack(0x000077abd53fd000,0x000077abd54fd000)]
  0x000077abc03a6000 JavaThread "map-output-dispatcher-4" daemon [_thread_blocked, id=75684, stack(0x000077abd52fd000,0x000077abd53fd000)]
  0x000077abc03a7800 JavaThread "map-output-dispatcher-5" daemon [_thread_blocked, id=75685, stack(0x000077abd51fd000,0x000077abd52fd000)]
  0x000077abc03a9800 JavaThread "map-output-dispatcher-6" daemon [_thread_blocked, id=75686, stack(0x000077abd50fd000,0x000077abd51fd000)]
  0x000077abc03ab800 JavaThread "map-output-dispatcher-7" daemon [_thread_blocked, id=75687, stack(0x000077abd4ffd000,0x000077abd50fd000)]
  0x000077abc03d4000 JavaThread "dispatcher-BlockManagerMaster" daemon [_thread_blocked, id=75688, stack(0x000077abd4efd000,0x000077abd4ffd000)]
  0x000077abc047e800 JavaThread "dispatcher-BlockManagerEndpoint1" daemon [_thread_blocked, id=75689, stack(0x000077abd4bfd000,0x000077abd4cfd000)]
  0x000077abc0483800 JavaThread "RemoteBlock-temp-file-clean-thread" daemon [_thread_blocked, id=75690, stack(0x000077abd4afd000,0x000077abd4bfd000)]
  0x000077abc0594800 JavaThread "SparkUI-58" daemon [_thread_in_native, id=75691, stack(0x000077abd47fd000,0x000077abd48fd000)]
  0x000077abc0596000 JavaThread "SparkUI-59" daemon [_thread_in_native, id=75692, stack(0x000077abd46fd000,0x000077abd47fd000)]
  0x000077abc0597800 JavaThread "SparkUI-60" daemon [_thread_in_native, id=75693, stack(0x000077abd45fd000,0x000077abd46fd000)]
  0x000077abc0599800 JavaThread "SparkUI-61" daemon [_thread_in_native, id=75694, stack(0x000077abd44fd000,0x000077abd45fd000)]
  0x000077abc059b000 JavaThread "SparkUI-62" daemon [_thread_in_native, id=75695, stack(0x000077abd43fd000,0x000077abd44fd000)]
  0x000077abc059d000 JavaThread "SparkUI-63" daemon [_thread_in_native, id=75696, stack(0x000077abd42fd000,0x000077abd43fd000)]
  0x000077abc059f000 JavaThread "SparkUI-64" daemon [_thread_in_native, id=75697, stack(0x000077abd41fd000,0x000077abd42fd000)]
  0x000077abc05a1000 JavaThread "SparkUI-65" daemon [_thread_in_native, id=75698, stack(0x000077abd40fd000,0x000077abd41fd000)]
  0x000077abc05da000 JavaThread "SparkUI-66-acceptor-0@6781cfbe-ServerConnector@69462d3e{HTTP/1.1, (http/1.1)}{0.0.0.0:4042}" daemon [_thread_blocked, id=75699, stack(0x000077ab27f00000,0x000077ab28000000)]
  0x000077abc05f6000 JavaThread "SparkUI-67-acceptor-1@4071d545-ServerConnector@69462d3e{HTTP/1.1, (http/1.1)}{0.0.0.0:4042}" daemon [_thread_in_native, id=75700, stack(0x000077ab27e00000,0x000077ab27f00000)]
  0x000077abc8009800 JavaThread "Thread-17" [_thread_in_native, id=75701, stack(0x000077ab27d00000,0x000077ab27e00000)]
  0x000077abc061f800 JavaThread "process reaper" daemon [_thread_blocked, id=75705, stack(0x000077ac4d48a000,0x000077ac4d4ac000)]
  0x000077abc0624000 JavaThread "dispatcher-HeartbeatReceiver" daemon [_thread_blocked, id=75727, stack(0x000077ab279fe000,0x000077ab27afe000)]
  0x000077ab0c003000 JavaThread "heartbeat-receiver-event-loop-thread" daemon [_thread_blocked, id=75728, stack(0x000077ab278fe000,0x000077ab279fe000)]
  0x000077ab00015800 JavaThread "netty-rpc-env-timeout" daemon [_thread_blocked, id=75729, stack(0x000077ab277fe000,0x000077ab278fe000)]
  0x000077abc0629800 JavaThread "task-starvation-timer" daemon [_thread_blocked, id=75730, stack(0x000077ab276fe000,0x000077ab277fe000)]
  0x000077abc062a800 JavaThread "task-abort-timer" daemon [_thread_blocked, id=75731, stack(0x000077ab275fe000,0x000077ab276fe000)]
  0x000077abc0665000 JavaThread "dag-scheduler-event-loop" daemon [_thread_blocked, id=75732, stack(0x000077ab272fe000,0x000077ab273fe000)]
  0x000077abc068a800 JavaThread "driver-heartbeater" daemon [_thread_blocked, id=75733, stack(0x000077ab271fe000,0x000077ab272fe000)]
  0x000077abc06eb000 JavaThread "executor-kill-mark-cleanup" daemon [_thread_blocked, id=75734, stack(0x000077ab270fe000,0x000077ab271fe000)]
  0x000077abc0614000 JavaThread "executor-heartbeater" daemon [_thread_blocked, id=75735, stack(0x000077ab26ffe000,0x000077ab270fe000)]
  0x000077abc0712000 JavaThread "files-client-5-1" daemon [_thread_in_native, id=75758, stack(0x000077ab26efe000,0x000077ab26ffe000)]
  0x000077abb0006000 JavaThread "rpc-server-4-1" daemon [_thread_in_native, id=75759, stack(0x000077ab26dfe000,0x000077ab26efe000)]
  0x000077abc0759000 JavaThread "shuffle-boss-7-1" daemon [_thread_in_native, id=75784, stack(0x000077ab25c24000,0x000077ab25d24000)]
  0x000077abc09f6800 JavaThread "Spark Context Cleaner" daemon [_thread_blocked, id=75785, stack(0x000077ab260fc000,0x000077ab261fc000)]
  0x000077abc09f8800 JavaThread "context-cleaner-periodic-gc" daemon [_thread_blocked, id=75786, stack(0x000077ab25ffc000,0x000077ab260fc000)]
  0x000077abc0a03000 JavaThread "spark-listener-group-appStatus" daemon [_thread_blocked, id=75787, stack(0x000077ab25b24000,0x000077ab25c24000)]
  0x000077abc0a05000 JavaThread "spark-listener-group-executorManagement" daemon [_thread_blocked, id=75788, stack(0x000077ab25a24000,0x000077ab25b24000)]
  0x000077aacc01a800 JavaThread "element-tracking-store-worker" daemon [_thread_blocked, id=75789, stack(0x000077ab25924000,0x000077ab25a24000)]
  0x000077abc1400800 JavaThread "HttpClient-1-SelectorManager" daemon [_thread_in_native, id=75793, stack(0x000077aabff00000,0x000077aac0000000)]
  0x000077aaac009800 JavaThread "HttpClient-2-Worker-0" daemon [_thread_blocked, id=75795, stack(0x000077aabf600000,0x000077aabf700000)]
  0x000077aaac00c000 JavaThread "HttpClient-2-Worker-1" daemon [_thread_blocked, id=75796, stack(0x000077aabf500000,0x000077aabf600000)]
  0x000077aaac00e800 JavaThread "HttpClient-2-Worker-2" daemon [_thread_blocked, id=75797, stack(0x000077aabf400000,0x000077aabf500000)]
  0x000077aab4002000 JavaThread "HttpClient-1-Worker-0" daemon [_thread_blocked, id=75798, stack(0x000077aabf300000,0x000077aabf400000)]
  0x000077aab4004000 JavaThread "HttpClient-1-Worker-1" daemon [_thread_blocked, id=75799, stack(0x000077aabf200000,0x000077aabf300000)]
  0x000077aab4006000 JavaThread "HttpClient-1-Worker-2" daemon [_thread_blocked, id=75800, stack(0x000077aabf100000,0x000077aabf200000)]
  0x000077abc159d000 JavaThread "ForkJoinPool-1-worker-19" daemon [_thread_blocked, id=75801, stack(0x000077aabee00000,0x000077aabef00000)]
  0x000077abc173b800 JavaThread "idle-connection-reaper" daemon [_thread_blocked, id=75802, stack(0x000077aabe900000,0x000077aabea00000)]
  0x000077abc14ef000 JavaThread "iceberg-worker-pool-0" daemon [_thread_blocked, id=75803, stack(0x000077aabf900000,0x000077aabfa00000)]
  0x000077abc2103800 JavaThread "iceberg-worker-pool-1" daemon [_thread_blocked, id=75804, stack(0x000077ab261fc000,0x000077ab262fc000)]
  0x000077abc2105000 JavaThread "iceberg-worker-pool-2" daemon [_thread_blocked, id=75805, stack(0x000077aabcb00000,0x000077aabcc00000)]
  0x000077abc2106800 JavaThread "iceberg-worker-pool-3" daemon [_thread_blocked, id=75806, stack(0x000077aabca00000,0x000077aabcb00000)]
  0x000077abc2108800 JavaThread "iceberg-worker-pool-4" daemon [_thread_blocked, id=75807, stack(0x000077aabc900000,0x000077aabca00000)]
  0x000077abc210a000 JavaThread "iceberg-worker-pool-5" daemon [_thread_blocked, id=75808, stack(0x000077aabc800000,0x000077aabc900000)]
  0x000077abc210c000 JavaThread "iceberg-worker-pool-6" daemon [_thread_blocked, id=75809, stack(0x000077aabc700000,0x000077aabc800000)]
  0x000077abc210e000 JavaThread "iceberg-worker-pool-7" daemon [_thread_blocked, id=75810, stack(0x000077aabc600000,0x000077aabc700000)]
  0x000077abc2110000 JavaThread "iceberg-worker-pool-8" daemon [_thread_blocked, id=75811, stack(0x000077aabc500000,0x000077aabc600000)]
  0x000077abc2111800 JavaThread "iceberg-worker-pool-9" daemon [_thread_blocked, id=75812, stack(0x000077aabc400000,0x000077aabc500000)]
  0x000077abc2113800 JavaThread "iceberg-worker-pool-10" daemon [_thread_blocked, id=75813, stack(0x000077aabc300000,0x000077aabc400000)]
  0x000077abc2115000 JavaThread "iceberg-worker-pool-11" daemon [_thread_blocked, id=75814, stack(0x000077aabc200000,0x000077aabc300000)]
  0x000077abc2117000 JavaThread "iceberg-worker-pool-12" daemon [_thread_blocked, id=75815, stack(0x000077aabc100000,0x000077aabc200000)]
  0x000077abc2119000 JavaThread "iceberg-worker-pool-13" daemon [_thread_blocked, id=75816, stack(0x000077aabc000000,0x000077aabc100000)]
  0x000077abc211b000 JavaThread "iceberg-worker-pool-14" daemon [_thread_blocked, id=75817, stack(0x000077aa63f00000,0x000077aa64000000)]
  0x000077abc211c800 JavaThread "iceberg-worker-pool-15" daemon [_thread_blocked, id=75818, stack(0x000077aa63e00000,0x000077aa63f00000)]
  0x000077ab84039800 JavaThread "Executor task launch worker for task 188.0 in stage 0.0 (TID 188)" daemon [_thread_blocked, id=75822, stack(0x000077ab264fc000,0x000077ab265fc000)]
  0x000077ab8403a800 JavaThread "Executor task launch worker for task 194.0 in stage 0.0 (TID 194)" daemon [_thread_blocked, id=75823, stack(0x000077aa63b00000,0x000077aa63c00000)]
  0x000077ab8403b800 JavaThread "Executor task launch worker for task 192.0 in stage 0.0 (TID 192)" daemon [_thread_blocked, id=75824, stack(0x000077ab24e24000,0x000077ab24f24000)]
  0x000077ab8403c800 JavaThread "Executor task launch worker for task 186.0 in stage 0.0 (TID 186)" daemon [_thread_blocked, id=75825, stack(0x000077aa62900000,0x000077aa62a00000)]
  0x000077ab8403f000 JavaThread "Executor task launch worker for task 195.0 in stage 0.0 (TID 195)" daemon [_thread_blocked, id=75826, stack(0x000077aa62800000,0x000077aa62900000)]
  0x000077ab84041000 JavaThread "Executor task launch worker for task 197.0 in stage 0.0 (TID 197)" daemon [_thread_blocked, id=75827, stack(0x000077aa62700000,0x000077aa62800000)]
  0x000077ab84043000 JavaThread "Executor task launch worker for task 190.0 in stage 0.0 (TID 190)" daemon [_thread_blocked, id=75828, stack(0x000077aa62600000,0x000077aa62700000)]
  0x000077ab84045000 JavaThread "Executor task launch worker for task 183.0 in stage 0.0 (TID 183)" daemon [_thread_blocked, id=75829, stack(0x000077aa62500000,0x000077aa62600000)]
  0x000077ab84046800 JavaThread "Executor task launch worker for task 185.0 in stage 0.0 (TID 185)" daemon [_thread_blocked, id=75830, stack(0x000077aa62400000,0x000077aa62500000)]
  0x000077ab84048800 JavaThread "Executor task launch worker for task 187.0 in stage 0.0 (TID 187)" daemon [_thread_blocked, id=75831, stack(0x000077aa62300000,0x000077aa62400000)]
  0x000077ab8404a800 JavaThread "Executor task launch worker for task 196.0 in stage 0.0 (TID 196)" daemon [_thread_blocked, id=75832, stack(0x000077aa62200000,0x000077aa62300000)]
  0x000077ab8404c800 JavaThread "Executor task launch worker for task 148.0 in stage 0.0 (TID 148)" daemon [_thread_blocked, id=75833, stack(0x000077aa62100000,0x000077aa62200000)]
  0x000077ab8404e800 JavaThread "Executor task launch worker for task 189.0 in stage 0.0 (TID 189)" daemon [_thread_blocked, id=75834, stack(0x000077aa62000000,0x000077aa62100000)]
  0x000077ab84050800 JavaThread "Executor task launch worker for task 184.0 in stage 0.0 (TID 184)" daemon [_thread_blocked, id=75835, stack(0x000077aa61f00000,0x000077aa62000000)]
  0x000077ab84053000 JavaThread "Executor task launch worker for task 193.0 in stage 0.0 (TID 193)" daemon [_thread_blocked, id=75836, stack(0x000077aa61e00000,0x000077aa61f00000)]
  0x000077ab84055000 JavaThread "Executor task launch worker for task 191.0 in stage 0.0 (TID 191)" daemon [_thread_blocked, id=75837, stack(0x000077aa61d00000,0x000077aa61e00000)]
  0x000077aa3400c800 JavaThread "ForkJoinPool.commonPool-worker-19" daemon [_thread_blocked, id=75838, stack(0x000077aa61a00000,0x000077aa61b00000)]
  0x000077ab7c002000 JavaThread "task-result-getter-0" daemon [_thread_blocked, id=75843, stack(0x000077aa1c4f0000,0x000077aa1c5f0000)]
  0x000077ab7c005000 JavaThread "task-result-getter-1" daemon [_thread_blocked, id=75844, stack(0x000077aa1c3f0000,0x000077aa1c4f0000)]
  0x000077ab7c006800 JavaThread "task-result-getter-2" daemon [_thread_blocked, id=75845, stack(0x000077aa1c2f0000,0x000077aa1c3f0000)]
  0x000077ab7c008800 JavaThread "task-result-getter-3" daemon [_thread_blocked, id=75846, stack(0x000077aa1c1f0000,0x000077aa1c2f0000)]
  0x000077aa4c05c800 JavaThread "ForkJoinPool.commonPool-worker-5" daemon [_thread_blocked, id=75848, stack(0x000077aa1bdef000,0x000077aa1beef000)]
  0x000077aa4c058800 JavaThread "ForkJoinPool.commonPool-worker-23" daemon [_thread_blocked, id=75849, stack(0x000077aa1bcef000,0x000077aa1bdef000)]

Other Threads:
  0x000077ac4812c800 VMThread "VM Thread" [stack: 0x000077ac22cf6000,0x000077ac22df6000] [id=75636]
  0x000077ac48185800 WatcherThread [stack: 0x000077ac2210c000,0x000077ac2220c000] [id=75645]
  0x000077ac48044000 GCTaskThread "GC Thread#0" [stack: 0x000077ac4dd00000,0x000077ac4de00000] [id=75631]
  0x000077ac14001000 GCTaskThread "GC Thread#1" [stack: 0x000077ac21d00000,0x000077ac21e00000] [id=75646]
  0x000077ac14002800 GCTaskThread "GC Thread#2" [stack: 0x000077ac21900000,0x000077ac21a00000] [id=75647]
=>0x000077ac1400b800 GCTaskThread "GC Thread#3" [stack: 0x000077abd7100000,0x000077abd7200000] [id=75660]
  0x000077ac1400c800 GCTaskThread "GC Thread#4" [stack: 0x000077abd6fff000,0x000077abd70ff000] [id=75661]
  0x000077ac1400e000 GCTaskThread "GC Thread#5" [stack: 0x000077abd6efe000,0x000077abd6ffe000] [id=75662]
  0x000077ac14024800 GCTaskThread "GC Thread#6" [stack: 0x000077ab27c00000,0x000077ab27d00000] [id=75702]
  0x000077ac14026000 GCTaskThread "GC Thread#7" [stack: 0x000077ab27aff000,0x000077ab27bff000] [id=75703]
  0x000077ac14096800 GCTaskThread "GC Thread#8" [stack: 0x000077aa61100000,0x000077aa61200000] [id=75839]
  0x000077ac1436e000 GCTaskThread "GC Thread#9" [stack: 0x000077aa600fe000,0x000077aa601fe000] [id=75840]
  0x000077ac1436f000 GCTaskThread "GC Thread#10" [stack: 0x000077aa1c6f2000,0x000077aa1c7f2000] [id=75841]
  0x000077ac14370000 GCTaskThread "GC Thread#11" [stack: 0x000077aa1c5f1000,0x000077aa1c6f1000] [id=75842]
  0x000077ac14426000 GCTaskThread "GC Thread#12" [stack: 0x000077aa1c0f0000,0x000077aa1c1f0000] [id=75847]
  0x000077ac48060800 ConcurrentGCThread "G1 Main Marker" [stack: 0x000077ac306a4000,0x000077ac307a4000] [id=75632]
  0x000077ac48062800 ConcurrentGCThread "G1 Conc#0" [stack: 0x000077ac305a3000,0x000077ac306a3000] [id=75633]
  0x000077ac24001000 ConcurrentGCThread "G1 Conc#1" [stack: 0x000077ac21300000,0x000077ac21400000] [id=75648]
  0x000077ac24002800 ConcurrentGCThread "G1 Conc#2" [stack: 0x000077ac20700000,0x000077ac20800000] [id=75649]
  0x000077ac480fc800 ConcurrentGCThread "G1 Refine#0" [stack: 0x000077ac236f8000,0x000077ac237f8000] [id=75634]
  0x000077ac480fe800 ConcurrentGCThread "G1 Young RemSet Sampling" [stack: 0x000077ac235f7000,0x000077ac236f7000] [id=75635]

Threads with active compile tasks:
C2 CompilerThread0    47172 21742       4       org.apache.iceberg.shaded.org.apache.arrow.vector.BaseVariableWidthVector::handleSafe (64 bytes)

VM state:at safepoint (normal execution)

VM Mutex/Monitor currently owned by a thread:  ([mutex/lock_event])
[0x000077ac48028520] Threads_lock - owner thread: 0x000077ac4812c800
[0x000077ac48028d00] Heap_lock - owner thread: 0x000077ab84039800

Heap address: 0x00000000c0000000, size: 1024 MB, Compressed Oops mode: 32-bit
Narrow klass base: 0x0000000800000000, Narrow klass shift: 3
Compressed class space size: 1073741824 Address: 0x0000000840000000

Heap:
 garbage-first heap   total 809984K, used 678538K [0x00000000c0000000, 0x0000000100000000)
  region size 1024K, 284 young (290816K), 3 survivors (3072K)
 Metaspace       used 154467K, capacity 161525K, committed 163584K, reserved 1187840K
  class space    used 20528K, capacity 23998K, committed 24832K, reserved 1048576K
Heap Regions: E=young(eden), S=young(survivor), O=old, HS=humongous(starts), HC=humongous(continues), CS=collection set, F=free, A=archive, TAMS=top-at-mark-start (previous, next)
|   0|0x00000000c0000000, 0x00000000c0100000, 0x00000000c0100000|100%|HS|  |TAMS 0x00000000c0100000, 0x00000000c0000000| Complete 
|   1|0x00000000c0100000, 0x00000000c0200000, 0x00000000c0200000|100%|HS|  |TAMS 0x00000000c0200000, 0x00000000c0100000| Complete 
|   2|0x00000000c0200000, 0x00000000c0300000, 0x00000000c0300000|100%|HC|  |TAMS 0x00000000c0300000, 0x00000000c0200000| Complete 
|   3|0x00000000c0300000, 0x00000000c0400000, 0x00000000c0400000|100%|HC|  |TAMS 0x00000000c0400000, 0x00000000c0300000| Complete 
|   4|0x00000000c0400000, 0x00000000c0500000, 0x00000000c0500000|100%|HS|  |TAMS 0x00000000c0500000, 0x00000000c0400000| Complete 
|   5|0x00000000c0500000, 0x00000000c0600000, 0x00000000c0600000|100%|HS|  |TAMS 0x00000000c0600000, 0x00000000c0500000| Complete 
|   6|0x00000000c0600000, 0x00000000c0700000, 0x00000000c0700000|100%|HS|  |TAMS 0x00000000c0700000, 0x00000000c0600000| Complete 
|   7|0x00000000c0700000, 0x00000000c0800000, 0x00000000c0800000|100%|HS|  |TAMS 0x00000000c0800000, 0x00000000c0700000| Complete 
|   8|0x00000000c0800000, 0x00000000c0900000, 0x00000000c0900000|100%|HC|  |TAMS 0x00000000c0900000, 0x00000000c0800000| Complete 
|   9|0x00000000c0900000, 0x00000000c0a00000, 0x00000000c0a00000|100%| O|  |TAMS 0x00000000c0a00000, 0x00000000c0900000| Untracked 
|  10|0x00000000c0a00000, 0x00000000c0b00000, 0x00000000c0b00000|100%| O|  |TAMS 0x00000000c0b00000, 0x00000000c0a00000| Untracked 
|  11|0x00000000c0b00000, 0x00000000c0c00000, 0x00000000c0c00000|100%| O|  |TAMS 0x00000000c0c00000, 0x00000000c0b00000| Untracked 
|  12|0x00000000c0c00000, 0x00000000c0d00000, 0x00000000c0d00000|100%| O|  |TAMS 0x00000000c0d00000, 0x00000000c0c00000| Complete 
|  13|0x00000000c0d00000, 0x00000000c0e00000, 0x00000000c0e00000|100%| O|  |TAMS 0x00000000c0e00000, 0x00000000c0d00000| Untracked 
|  14|0x00000000c0e00000, 0x00000000c0f00000, 0x00000000c0f00000|100%| O|  |TAMS 0x00000000c0f00000, 0x00000000c0e00000| Untracked 
|  15|0x00000000c0f00000, 0x00000000c1000000, 0x00000000c1000000|100%| O|  |TAMS 0x00000000c1000000, 0x00000000c0f00000| Untracked 
|  16|0x00000000c1000000, 0x00000000c1100000, 0x00000000c1100000|100%| O|  |TAMS 0x00000000c1100000, 0x00000000c1000000| Untracked 
|  17|0x00000000c1100000, 0x00000000c1200000, 0x00000000c1200000|100%| O|  |TAMS 0x00000000c1200000, 0x00000000c1100000| Untracked 
|  18|0x00000000c1200000, 0x00000000c1300000, 0x00000000c1300000|100%| O|  |TAMS 0x00000000c1300000, 0x00000000c1200000| Untracked 
|  19|0x00000000c1300000, 0x00000000c1400000, 0x00000000c1400000|100%| O|  |TAMS 0x00000000c1400000, 0x00000000c1300000| Untracked 
|  20|0x00000000c1400000, 0x00000000c1500000, 0x00000000c1500000|100%| O|  |TAMS 0x00000000c1500000, 0x00000000c1400000| Untracked 
|  21|0x00000000c1500000, 0x00000000c1600000, 0x00000000c1600000|100%| O|  |TAMS 0x00000000c1600000, 0x00000000c1500000| Untracked 
|  22|0x00000000c1600000, 0x00000000c1700000, 0x00000000c1700000|100%| O|  |TAMS 0x00000000c1700000, 0x00000000c1600000| Untracked 
|  23|0x00000000c1700000, 0x00000000c1800000, 0x00000000c1800000|100%|HS|  |TAMS 0x00000000c1800000, 0x00000000c1700000| Complete 
|  24|0x00000000c1800000, 0x00000000c1900000, 0x00000000c1900000|100%|HC|  |TAMS 0x00000000c1900000, 0x00000000c1800000| Complete 
|  25|0x00000000c1900000, 0x00000000c1a00000, 0x00000000c1a00000|100%|HC|  |TAMS 0x00000000c1a00000, 0x00000000c1900000| Complete 
|  26|0x00000000c1a00000, 0x00000000c1b00000, 0x00000000c1b00000|100%| O|  |TAMS 0x00000000c1b00000, 0x00000000c1a00000| Untracked 
|  27|0x00000000c1b00000, 0x00000000c1c00000, 0x00000000c1c00000|100%| O|  |TAMS 0x00000000c1c00000, 0x00000000c1b00000| Untracked 
|  28|0x00000000c1c00000, 0x00000000c1d00000, 0x00000000c1d00000|100%|HS|  |TAMS 0x00000000c1d00000, 0x00000000c1c00000| Complete 
|  29|0x00000000c1d00000, 0x00000000c1e00000, 0x00000000c1e00000|100%|HC|  |TAMS 0x00000000c1e00000, 0x00000000c1d00000| Complete 
|  30|0x00000000c1e00000, 0x00000000c1f00000, 0x00000000c1f00000|100%|HC|  |TAMS 0x00000000c1f00000, 0x00000000c1e00000| Complete 
|  31|0x00000000c1f00000, 0x00000000c2000000, 0x00000000c2000000|100%|HC|  |TAMS 0x00000000c2000000, 0x00000000c1f00000| Complete 
|  32|0x00000000c2000000, 0x00000000c2100000, 0x00000000c2100000|100%|HC|  |TAMS 0x00000000c2100000, 0x00000000c2000000| Complete 
|  33|0x00000000c2100000, 0x00000000c2200000, 0x00000000c2200000|100%|HC|  |TAMS 0x00000000c2200000, 0x00000000c2100000| Complete 
|  34|0x00000000c2200000, 0x00000000c2300000, 0x00000000c2300000|100%|HC|  |TAMS 0x00000000c2300000, 0x00000000c2200000| Complete 
|  35|0x00000000c2300000, 0x00000000c2400000, 0x00000000c2400000|100%|HC|  |TAMS 0x00000000c2400000, 0x00000000c2300000| Complete 
|  36|0x00000000c2400000, 0x00000000c2500000, 0x00000000c2500000|100%|HC|  |TAMS 0x00000000c2500000, 0x00000000c2400000| Complete 
|  37|0x00000000c2500000, 0x00000000c2600000, 0x00000000c2600000|100%|HC|  |TAMS 0x00000000c2600000, 0x00000000c2500000| Complete 
|  38|0x00000000c2600000, 0x00000000c2700000, 0x00000000c2700000|100%|HC|  |TAMS 0x00000000c2700000, 0x00000000c2600000| Complete 
|  39|0x00000000c2700000, 0x00000000c2800000, 0x00000000c2800000|100%|HC|  |TAMS 0x00000000c2800000, 0x00000000c2700000| Complete 
|  40|0x00000000c2800000, 0x00000000c2900000, 0x00000000c2900000|100%|HC|  |TAMS 0x00000000c2900000, 0x00000000c2800000| Complete 
|  41|0x00000000c2900000, 0x00000000c2a00000, 0x00000000c2a00000|100%|HC|  |TAMS 0x00000000c2a00000, 0x00000000c2900000| Complete 
|  42|0x00000000c2a00000, 0x00000000c2b00000, 0x00000000c2b00000|100%|HC|  |TAMS 0x00000000c2b00000, 0x00000000c2a00000| Complete 
|  43|0x00000000c2b00000, 0x00000000c2c00000, 0x00000000c2c00000|100%|HC|  |TAMS 0x00000000c2c00000, 0x00000000c2b00000| Complete 
|  44|0x00000000c2c00000, 0x00000000c2d00000, 0x00000000c2d00000|100%|HC|  |TAMS 0x00000000c2d00000, 0x00000000c2c00000| Complete 
|  45|0x00000000c2d00000, 0x00000000c2e00000, 0x00000000c2e00000|100%|HC|  |TAMS 0x00000000c2e00000, 0x00000000c2d00000| Complete 
|  46|0x00000000c2e00000, 0x00000000c2f00000, 0x00000000c2f00000|100%|HC|  |TAMS 0x00000000c2f00000, 0x00000000c2e00000| Complete 
|  47|0x00000000c2f00000, 0x00000000c3000000, 0x00000000c3000000|100%|HC|  |TAMS 0x00000000c3000000, 0x00000000c2f00000| Complete 
|  48|0x00000000c3000000, 0x00000000c3100000, 0x00000000c3100000|100%|HC|  |TAMS 0x00000000c3100000, 0x00000000c3000000| Complete 
|  49|0x00000000c3100000, 0x00000000c3200000, 0x00000000c3200000|100%|HC|  |TAMS 0x00000000c3200000, 0x00000000c3100000| Complete 
|  50|0x00000000c3200000, 0x00000000c3300000, 0x00000000c3300000|100%|HC|  |TAMS 0x00000000c3300000, 0x00000000c3200000| Complete 
|  51|0x00000000c3300000, 0x00000000c3400000, 0x00000000c3400000|100%|HC|  |TAMS 0x00000000c3400000, 0x00000000c3300000| Complete 
|  52|0x00000000c3400000, 0x00000000c3500000, 0x00000000c3500000|100%|HC|  |TAMS 0x00000000c3500000, 0x00000000c3400000| Complete 
|  53|0x00000000c3500000, 0x00000000c3600000, 0x00000000c3600000|100%|HC|  |TAMS 0x00000000c3600000, 0x00000000c3500000| Complete 
|  54|0x00000000c3600000, 0x00000000c3700000, 0x00000000c3700000|100%|HC|  |TAMS 0x00000000c3700000, 0x00000000c3600000| Complete 
|  55|0x00000000c3700000, 0x00000000c3800000, 0x00000000c3800000|100%|HC|  |TAMS 0x00000000c3800000, 0x00000000c3700000| Complete 
|  56|0x00000000c3800000, 0x00000000c3900000, 0x00000000c3900000|100%|HC|  |TAMS 0x00000000c3900000, 0x00000000c3800000| Complete 
|  57|0x00000000c3900000, 0x00000000c3a00000, 0x00000000c3a00000|100%|HC|  |TAMS 0x00000000c3a00000, 0x00000000c3900000| Complete 
|  58|0x00000000c3a00000, 0x00000000c3b00000, 0x00000000c3b00000|100%|HC|  |TAMS 0x00000000c3b00000, 0x00000000c3a00000| Complete 
|  59|0x00000000c3b00000, 0x00000000c3c00000, 0x00000000c3c00000|100%|HC|  |TAMS 0x00000000c3c00000, 0x00000000c3b00000| Complete 
|  60|0x00000000c3c00000, 0x00000000c3d00000, 0x00000000c3d00000|100%|HC|  |TAMS 0x00000000c3d00000, 0x00000000c3c00000| Complete 
|  61|0x00000000c3d00000, 0x00000000c3e00000, 0x00000000c3e00000|100%|HC|  |TAMS 0x00000000c3e00000, 0x00000000c3d00000| Complete 
|  62|0x00000000c3e00000, 0x00000000c3f00000, 0x00000000c3f00000|100%|HC|  |TAMS 0x00000000c3f00000, 0x00000000c3e00000| Complete 
|  63|0x00000000c3f00000, 0x00000000c4000000, 0x00000000c4000000|100%|HC|  |TAMS 0x00000000c4000000, 0x00000000c3f00000| Complete 
|  64|0x00000000c4000000, 0x00000000c4100000, 0x00000000c4100000|100%|HS|  |TAMS 0x00000000c4100000, 0x00000000c4000000| Complete 
|  65|0x00000000c4100000, 0x00000000c4200000, 0x00000000c4200000|100%|HC|  |TAMS 0x00000000c4200000, 0x00000000c4100000| Complete 
|  66|0x00000000c4200000, 0x00000000c4300000, 0x00000000c4300000|100%|HC|  |TAMS 0x00000000c4300000, 0x00000000c4200000| Complete 
|  67|0x00000000c4300000, 0x00000000c4400000, 0x00000000c4400000|100%|HC|  |TAMS 0x00000000c4400000, 0x00000000c4300000| Complete 
|  68|0x00000000c4400000, 0x00000000c4500000, 0x00000000c4500000|100%|HS|  |TAMS 0x00000000c4500000, 0x00000000c4400000| Complete 
|  69|0x00000000c4500000, 0x00000000c4600000, 0x00000000c4600000|100%| O|  |TAMS 0x00000000c4600000, 0x00000000c4500000| Untracked 
|  70|0x00000000c4600000, 0x00000000c4700000, 0x00000000c4700000|100%| O|  |TAMS 0x00000000c4700000, 0x00000000c4600000| Untracked 
|  71|0x00000000c4700000, 0x00000000c4800000, 0x00000000c4800000|100%| O|  |TAMS 0x00000000c4800000, 0x00000000c4700000| Untracked 
|  72|0x00000000c4800000, 0x00000000c4900000, 0x00000000c4900000|100%| O|  |TAMS 0x00000000c4900000, 0x00000000c4800000| Untracked 
|  73|0x00000000c4900000, 0x00000000c4a00000, 0x00000000c4a00000|100%| O|  |TAMS 0x00000000c4a00000, 0x00000000c4900000| Untracked 
|  74|0x00000000c4a00000, 0x00000000c4b00000, 0x00000000c4b00000|100%| O|  |TAMS 0x00000000c4b00000, 0x00000000c4a00000| Complete 
|  75|0x00000000c4b00000, 0x00000000c4c00000, 0x00000000c4c00000|100%| O|  |TAMS 0x00000000c4c00000, 0x00000000c4b00000| Untracked 
|  76|0x00000000c4c00000, 0x00000000c4d00000, 0x00000000c4d00000|100%| O|  |TAMS 0x00000000c4d00000, 0x00000000c4c00000| Untracked 
|  77|0x00000000c4d00000, 0x00000000c4e00000, 0x00000000c4e00000|100%| O|  |TAMS 0x00000000c4e00000, 0x00000000c4d00000| Untracked 
|  78|0x00000000c4e00000, 0x00000000c4f00000, 0x00000000c4f00000|100%| O|  |TAMS 0x00000000c4f00000, 0x00000000c4e00000| Untracked 
|  79|0x00000000c4f00000, 0x00000000c5000000, 0x00000000c5000000|100%| O|  |TAMS 0x00000000c5000000, 0x00000000c4f00000| Untracked 
|  80|0x00000000c5000000, 0x00000000c5100000, 0x00000000c5100000|100%| O|  |TAMS 0x00000000c5100000, 0x00000000c5000000| Untracked 
|  81|0x00000000c5100000, 0x00000000c5200000, 0x00000000c5200000|100%| O|  |TAMS 0x00000000c5200000, 0x00000000c5100000| Untracked 
|  82|0x00000000c5200000, 0x00000000c5300000, 0x00000000c5300000|100%| O|  |TAMS 0x00000000c5300000, 0x00000000c5200000| Untracked 
|  83|0x00000000c5300000, 0x00000000c5400000, 0x00000000c5400000|100%| O|  |TAMS 0x00000000c5400000, 0x00000000c5300000| Complete 
|  84|0x00000000c5400000, 0x00000000c5500000, 0x00000000c5500000|100%| O|  |TAMS 0x00000000c5500000, 0x00000000c5400000| Complete 
|  85|0x00000000c5500000, 0x00000000c5600000, 0x00000000c5600000|100%| O|  |TAMS 0x00000000c5600000, 0x00000000c5500000| Untracked 
|  86|0x00000000c5600000, 0x00000000c5700000, 0x00000000c5700000|100%| O|  |TAMS 0x00000000c5700000, 0x00000000c5600000| Untracked 
|  87|0x00000000c5700000, 0x00000000c5800000, 0x00000000c5800000|100%| O|  |TAMS 0x00000000c5800000, 0x00000000c5700000| Complete 
|  88|0x00000000c5800000, 0x00000000c5900000, 0x00000000c5900000|100%| O|  |TAMS 0x00000000c5900000, 0x00000000c5800000| Untracked 
|  89|0x00000000c5900000, 0x00000000c5a00000, 0x00000000c5a00000|100%| O|  |TAMS 0x00000000c5a00000, 0x00000000c5900000| Untracked 
|  90|0x00000000c5a00000, 0x00000000c5b00000, 0x00000000c5b00000|100%| O|  |TAMS 0x00000000c5b00000, 0x00000000c5a00000| Untracked 
|  91|0x00000000c5b00000, 0x00000000c5c00000, 0x00000000c5c00000|100%| O|  |TAMS 0x00000000c5c00000, 0x00000000c5b00000| Untracked 
|  92|0x00000000c5c00000, 0x00000000c5d00000, 0x00000000c5d00000|100%| O|  |TAMS 0x00000000c5d00000, 0x00000000c5c00000| Untracked 
|  93|0x00000000c5d00000, 0x00000000c5e00000, 0x00000000c5e00000|100%| O|  |TAMS 0x00000000c5e00000, 0x00000000c5d00000| Untracked 
|  94|0x00000000c5e00000, 0x00000000c5f00000, 0x00000000c5f00000|100%| O|  |TAMS 0x00000000c5f00000, 0x00000000c5e00000| Untracked 
|  95|0x00000000c5f00000, 0x00000000c6000000, 0x00000000c6000000|100%| O|  |TAMS 0x00000000c6000000, 0x00000000c5f00000| Untracked 
|  96|0x00000000c6000000, 0x00000000c6100000, 0x00000000c6100000|100%| O|  |TAMS 0x00000000c6100000, 0x00000000c6000000| Untracked 
|  97|0x00000000c6100000, 0x00000000c6200000, 0x00000000c6200000|100%| O|  |TAMS 0x00000000c6200000, 0x00000000c6100000| Untracked 
|  98|0x00000000c6200000, 0x00000000c6300000, 0x00000000c6300000|100%| O|  |TAMS 0x00000000c6300000, 0x00000000c6200000| Untracked 
|  99|0x00000000c6300000, 0x00000000c6400000, 0x00000000c6400000|100%| O|  |TAMS 0x00000000c6400000, 0x00000000c6300000| Untracked 
| 100|0x00000000c6400000, 0x00000000c6500000, 0x00000000c6500000|100%| O|  |TAMS 0x00000000c6500000, 0x00000000c6400000| Untracked 
| 101|0x00000000c6500000, 0x00000000c6600000, 0x00000000c6600000|100%| O|  |TAMS 0x00000000c6600000, 0x00000000c6500000| Complete 
| 102|0x00000000c6600000, 0x00000000c6700000, 0x00000000c6700000|100%| O|  |TAMS 0x00000000c6700000, 0x00000000c6600000| Untracked 
| 103|0x00000000c6700000, 0x00000000c6800000, 0x00000000c6800000|100%| O|  |TAMS 0x00000000c6800000, 0x00000000c6700000| Untracked 
| 104|0x00000000c6800000, 0x00000000c6900000, 0x00000000c6900000|100%| O|  |TAMS 0x00000000c6900000, 0x00000000c6800000| Untracked 
| 105|0x00000000c6900000, 0x00000000c6a00000, 0x00000000c6a00000|100%| O|  |TAMS 0x00000000c6a00000, 0x00000000c6900000| Complete 
| 106|0x00000000c6a00000, 0x00000000c6b00000, 0x00000000c6b00000|100%| O|  |TAMS 0x00000000c6b00000, 0x00000000c6a00000| Complete 
| 107|0x00000000c6b00000, 0x00000000c6c00000, 0x00000000c6c00000|100%| O|  |TAMS 0x00000000c6c00000, 0x00000000c6b00000| Complete 
| 108|0x00000000c6c00000, 0x00000000c6d00000, 0x00000000c6d00000|100%| O|  |TAMS 0x00000000c6d00000, 0x00000000c6c00000| Complete 
| 109|0x00000000c6d00000, 0x00000000c6e00000, 0x00000000c6e00000|100%|HS|  |TAMS 0x00000000c6e00000, 0x00000000c6d00000| Complete 
| 110|0x00000000c6e00000, 0x00000000c6f00000, 0x00000000c6f00000|100%| O|  |TAMS 0x00000000c6f00000, 0x00000000c6e00000| Untracked 
| 111|0x00000000c6f00000, 0x00000000c7000000, 0x00000000c7000000|100%| O|  |TAMS 0x00000000c7000000, 0x00000000c6f00000| Complete 
| 112|0x00000000c7000000, 0x00000000c7100000, 0x00000000c7100000|100%|HS|  |TAMS 0x00000000c7100000, 0x00000000c7000000| Complete 
| 113|0x00000000c7100000, 0x00000000c7200000, 0x00000000c7200000|100%|HC|  |TAMS 0x00000000c7200000, 0x00000000c7100000| Complete 
| 114|0x00000000c7200000, 0x00000000c7300000, 0x00000000c7300000|100%|HC|  |TAMS 0x00000000c7300000, 0x00000000c7200000| Complete 
| 115|0x00000000c7300000, 0x00000000c7400000, 0x00000000c7400000|100%|HC|  |TAMS 0x00000000c7400000, 0x00000000c7300000| Complete 
| 116|0x00000000c7400000, 0x00000000c7500000, 0x00000000c7500000|100%| O|  |TAMS 0x00000000c7500000, 0x00000000c7400000| Complete 
| 117|0x00000000c7500000, 0x00000000c7600000, 0x00000000c7600000|100%|HS|  |TAMS 0x00000000c7600000, 0x00000000c7500000| Complete 
| 118|0x00000000c7600000, 0x00000000c7700000, 0x00000000c7700000|100%|HC|  |TAMS 0x00000000c7700000, 0x00000000c7600000| Complete 
| 119|0x00000000c7700000, 0x00000000c7800000, 0x00000000c7800000|100%|HC|  |TAMS 0x00000000c7800000, 0x00000000c7700000| Complete 
| 120|0x00000000c7800000, 0x00000000c7900000, 0x00000000c7900000|100%| O|  |TAMS 0x00000000c7900000, 0x00000000c7800000| Complete 
| 121|0x00000000c7900000, 0x00000000c7a00000, 0x00000000c7a00000|100%|HS|  |TAMS 0x00000000c7900000, 0x00000000c7900000| Complete 
| 122|0x00000000c7a00000, 0x00000000c7b00000, 0x00000000c7b00000|100%|HS|  |TAMS 0x00000000c7a00000, 0x00000000c7a00000| Complete 
| 123|0x00000000c7b00000, 0x00000000c7c00000, 0x00000000c7c00000|100%|HS|  |TAMS 0x00000000c7c00000, 0x00000000c7b00000| Complete 
| 124|0x00000000c7c00000, 0x00000000c7d00000, 0x00000000c7d00000|100%|HS|  |TAMS 0x00000000c7d00000, 0x00000000c7c00000| Complete 
| 125|0x00000000c7d00000, 0x00000000c7e00000, 0x00000000c7e00000|100%|HS|  |TAMS 0x00000000c7e00000, 0x00000000c7d00000| Complete 
| 126|0x00000000c7e00000, 0x00000000c7f00000, 0x00000000c7f00000|100%|HC|  |TAMS 0x00000000c7f00000, 0x00000000c7e00000| Complete 
| 127|0x00000000c7f00000, 0x00000000c8000000, 0x00000000c8000000|100%|HC|  |TAMS 0x00000000c8000000, 0x00000000c7f00000| Complete 
| 128|0x00000000c8000000, 0x00000000c8100000, 0x00000000c8100000|100%| O|  |TAMS 0x00000000c8100000, 0x00000000c8000000| Complete 
| 129|0x00000000c8100000, 0x00000000c8200000, 0x00000000c8200000|100%|HS|  |TAMS 0x00000000c8100000, 0x00000000c8100000| Complete 
| 130|0x00000000c8200000, 0x00000000c8300000, 0x00000000c8300000|100%|HS|  |TAMS 0x00000000c8300000, 0x00000000c8200000| Complete 
| 131|0x00000000c8300000, 0x00000000c8400000, 0x00000000c8400000|100%|HS|  |TAMS 0x00000000c8300000, 0x00000000c8300000| Complete 
| 132|0x00000000c8400000, 0x00000000c8500000, 0x00000000c8500000|100%| O|  |TAMS 0x00000000c8500000, 0x00000000c8400000| Complete 
| 133|0x00000000c8500000, 0x00000000c8600000, 0x00000000c8600000|100%|HS|  |TAMS 0x00000000c8500000, 0x00000000c8500000| Complete 
| 134|0x00000000c8600000, 0x00000000c8700000, 0x00000000c8700000|100%|HS|  |TAMS 0x00000000c8700000, 0x00000000c8600000| Complete 
| 135|0x00000000c8700000, 0x00000000c8800000, 0x00000000c8800000|100%|HC|  |TAMS 0x00000000c8800000, 0x00000000c8700000| Complete 
| 136|0x00000000c8800000, 0x00000000c8900000, 0x00000000c8900000|100%|HC|  |TAMS 0x00000000c8900000, 0x00000000c8800000| Complete 
| 137|0x00000000c8900000, 0x00000000c8a00000, 0x00000000c8a00000|100%|HC|  |TAMS 0x00000000c8a00000, 0x00000000c8900000| Complete 
| 138|0x00000000c8a00000, 0x00000000c8b00000, 0x00000000c8b00000|100%|HC|  |TAMS 0x00000000c8b00000, 0x00000000c8a00000| Complete 
| 139|0x00000000c8b00000, 0x00000000c8c00000, 0x00000000c8c00000|100%|HC|  |TAMS 0x00000000c8c00000, 0x00000000c8b00000| Complete 
| 140|0x00000000c8c00000, 0x00000000c8d00000, 0x00000000c8d00000|100%|HC|  |TAMS 0x00000000c8d00000, 0x00000000c8c00000| Complete 
| 141|0x00000000c8d00000, 0x00000000c8e00000, 0x00000000c8e00000|100%|HC|  |TAMS 0x00000000c8e00000, 0x00000000c8d00000| Complete 
| 142|0x00000000c8e00000, 0x00000000c8f00000, 0x00000000c8f00000|100%|HC|  |TAMS 0x00000000c8f00000, 0x00000000c8e00000| Complete 
| 143|0x00000000c8f00000, 0x00000000c9000000, 0x00000000c9000000|100%|HC|  |TAMS 0x00000000c9000000, 0x00000000c8f00000| Complete 
| 144|0x00000000c9000000, 0x00000000c9100000, 0x00000000c9100000|100%|HC|  |TAMS 0x00000000c9100000, 0x00000000c9000000| Complete 
| 145|0x00000000c9100000, 0x00000000c9200000, 0x00000000c9200000|100%|HC|  |TAMS 0x00000000c9200000, 0x00000000c9100000| Complete 
| 146|0x00000000c9200000, 0x00000000c9300000, 0x00000000c9300000|100%|HC|  |TAMS 0x00000000c9300000, 0x00000000c9200000| Complete 
| 147|0x00000000c9300000, 0x00000000c9400000, 0x00000000c9400000|100%|HC|  |TAMS 0x00000000c9400000, 0x00000000c9300000| Complete 
| 148|0x00000000c9400000, 0x00000000c9500000, 0x00000000c9500000|100%|HC|  |TAMS 0x00000000c9500000, 0x00000000c9400000| Complete 
| 149|0x00000000c9500000, 0x00000000c9600000, 0x00000000c9600000|100%|HC|  |TAMS 0x00000000c9600000, 0x00000000c9500000| Complete 
| 150|0x00000000c9600000, 0x00000000c9700000, 0x00000000c9700000|100%|HC|  |TAMS 0x00000000c9700000, 0x00000000c9600000| Complete 
| 151|0x00000000c9700000, 0x00000000c9800000, 0x00000000c9800000|100%|HC|  |TAMS 0x00000000c9800000, 0x00000000c9700000| Complete 
| 152|0x00000000c9800000, 0x00000000c9900000, 0x00000000c9900000|100%|HC|  |TAMS 0x00000000c9900000, 0x00000000c9800000| Complete 
| 153|0x00000000c9900000, 0x00000000c9a00000, 0x00000000c9a00000|100%|HC|  |TAMS 0x00000000c9a00000, 0x00000000c9900000| Complete 
| 154|0x00000000c9a00000, 0x00000000c9b00000, 0x00000000c9b00000|100%|HC|  |TAMS 0x00000000c9b00000, 0x00000000c9a00000| Complete 
| 155|0x00000000c9b00000, 0x00000000c9c00000, 0x00000000c9c00000|100%|HC|  |TAMS 0x00000000c9c00000, 0x00000000c9b00000| Complete 
| 156|0x00000000c9c00000, 0x00000000c9d00000, 0x00000000c9d00000|100%|HC|  |TAMS 0x00000000c9d00000, 0x00000000c9c00000| Complete 
| 157|0x00000000c9d00000, 0x00000000c9e00000, 0x00000000c9e00000|100%|HC|  |TAMS 0x00000000c9e00000, 0x00000000c9d00000| Complete 
| 158|0x00000000c9e00000, 0x00000000c9f00000, 0x00000000c9f00000|100%|HC|  |TAMS 0x00000000c9f00000, 0x00000000c9e00000| Complete 
| 159|0x00000000c9f00000, 0x00000000ca000000, 0x00000000ca000000|100%|HC|  |TAMS 0x00000000ca000000, 0x00000000c9f00000| Complete 
| 160|0x00000000ca000000, 0x00000000ca100000, 0x00000000ca100000|100%|HC|  |TAMS 0x00000000ca100000, 0x00000000ca000000| Complete 
| 161|0x00000000ca100000, 0x00000000ca200000, 0x00000000ca200000|100%|HC|  |TAMS 0x00000000ca200000, 0x00000000ca100000| Complete 
| 162|0x00000000ca200000, 0x00000000ca300000, 0x00000000ca300000|100%|HC|  |TAMS 0x00000000ca300000, 0x00000000ca200000| Complete 
| 163|0x00000000ca300000, 0x00000000ca400000, 0x00000000ca400000|100%|HC|  |TAMS 0x00000000ca400000, 0x00000000ca300000| Complete 
| 164|0x00000000ca400000, 0x00000000ca500000, 0x00000000ca500000|100%|HC|  |TAMS 0x00000000ca500000, 0x00000000ca400000| Complete 
| 165|0x00000000ca500000, 0x00000000ca600000, 0x00000000ca600000|100%|HC|  |TAMS 0x00000000ca600000, 0x00000000ca500000| Complete 
| 166|0x00000000ca600000, 0x00000000ca700000, 0x00000000ca700000|100%|HC|  |TAMS 0x00000000ca700000, 0x00000000ca600000| Complete 
| 167|0x00000000ca700000, 0x00000000ca800000, 0x00000000ca800000|100%|HC|  |TAMS 0x00000000ca800000, 0x00000000ca700000| Complete 
| 168|0x00000000ca800000, 0x00000000ca900000, 0x00000000ca900000|100%|HC|  |TAMS 0x00000000ca900000, 0x00000000ca800000| Complete 
| 169|0x00000000ca900000, 0x00000000caa00000, 0x00000000caa00000|100%|HC|  |TAMS 0x00000000caa00000, 0x00000000ca900000| Complete 
| 170|0x00000000caa00000, 0x00000000cab00000, 0x00000000cab00000|100%|HS|  |TAMS 0x00000000cab00000, 0x00000000caa00000| Complete 
| 171|0x00000000cab00000, 0x00000000cac00000, 0x00000000cac00000|100%|HS|  |TAMS 0x00000000cac00000, 0x00000000cab00000| Complete 
| 172|0x00000000cac00000, 0x00000000cad00000, 0x00000000cad00000|100%| O|  |TAMS 0x00000000cad00000, 0x00000000cac00000| Complete 
| 173|0x00000000cad00000, 0x00000000cae00000, 0x00000000cae00000|100%|HS|  |TAMS 0x00000000cad00000, 0x00000000cad00000| Complete 
| 174|0x00000000cae00000, 0x00000000caf00000, 0x00000000caf00000|100%|HS|  |TAMS 0x00000000caf00000, 0x00000000cae00000| Complete 
| 175|0x00000000caf00000, 0x00000000cb000000, 0x00000000cb000000|100%| O|  |TAMS 0x00000000cb000000, 0x00000000caf00000| Complete 
| 176|0x00000000cb000000, 0x00000000cb100000, 0x00000000cb100000|100%| O|  |TAMS 0x00000000cb100000, 0x00000000cb000000| Complete 
| 177|0x00000000cb100000, 0x00000000cb200000, 0x00000000cb200000|100%| O|  |TAMS 0x00000000cb200000, 0x00000000cb100000| Complete 
| 178|0x00000000cb200000, 0x00000000cb300000, 0x00000000cb300000|100%| O|  |TAMS 0x00000000cb300000, 0x00000000cb200000| Complete 
| 179|0x00000000cb300000, 0x00000000cb400000, 0x00000000cb400000|100%| O|  |TAMS 0x00000000cb400000, 0x00000000cb300000| Complete 
| 180|0x00000000cb400000, 0x00000000cb500000, 0x00000000cb500000|100%| O|  |TAMS 0x00000000cb500000, 0x00000000cb400000| Complete 
| 181|0x00000000cb500000, 0x00000000cb600000, 0x00000000cb600000|100%|HS|  |TAMS 0x00000000cb500000, 0x00000000cb500000| Complete 
| 182|0x00000000cb600000, 0x00000000cb700000, 0x00000000cb700000|100%|HC|  |TAMS 0x00000000cb600000, 0x00000000cb600000| Complete 
| 183|0x00000000cb700000, 0x00000000cb800000, 0x00000000cb800000|100%|HS|  |TAMS 0x00000000cb800000, 0x00000000cb700000| Complete 
| 184|0x00000000cb800000, 0x00000000cb900000, 0x00000000cb900000|100%| O|  |TAMS 0x00000000cb900000, 0x00000000cb800000| Untracked 
| 185|0x00000000cb900000, 0x00000000cba00000, 0x00000000cba00000|100%| O|  |TAMS 0x00000000cba00000, 0x00000000cb900000| Complete 
| 186|0x00000000cba00000, 0x00000000cbb00000, 0x00000000cbb00000|100%| O|  |TAMS 0x00000000cbb00000, 0x00000000cba00000| Complete 
| 187|0x00000000cbb00000, 0x00000000cbc00000, 0x00000000cbc00000|100%| O|  |TAMS 0x00000000cbc00000, 0x00000000cbb00000| Complete 
| 188|0x00000000cbc00000, 0x00000000cbd00000, 0x00000000cbd00000|100%| O|  |TAMS 0x00000000cbd00000, 0x00000000cbc00000| Complete 
| 189|0x00000000cbd00000, 0x00000000cbe00000, 0x00000000cbe00000|100%|HS|  |TAMS 0x00000000cbd00000, 0x00000000cbd00000| Complete 
| 190|0x00000000cbe00000, 0x00000000cbf00000, 0x00000000cbf00000|100%|HS|  |TAMS 0x00000000cbf00000, 0x00000000cbe00000| Complete 
| 191|0x00000000cbf00000, 0x00000000cc000000, 0x00000000cc000000|100%|HS|  |TAMS 0x00000000cbf00000, 0x00000000cbf00000| Complete 
| 192|0x00000000cc000000, 0x00000000cc100000, 0x00000000cc100000|100%| O|  |TAMS 0x00000000cc100000, 0x00000000cc000000| Complete 
| 193|0x00000000cc100000, 0x00000000cc200000, 0x00000000cc200000|100%|HS|  |TAMS 0x00000000cc100000, 0x00000000cc100000| Complete 
| 194|0x00000000cc200000, 0x00000000cc300000, 0x00000000cc300000|100%|HS|  |TAMS 0x00000000cc300000, 0x00000000cc200000| Complete 
| 195|0x00000000cc300000, 0x00000000cc400000, 0x00000000cc400000|100%| O|  |TAMS 0x00000000cc400000, 0x00000000cc300000| Complete 
| 196|0x00000000cc400000, 0x00000000cc500000, 0x00000000cc500000|100%| O|  |TAMS 0x00000000cc500000, 0x00000000cc400000| Complete 
| 197|0x00000000cc500000, 0x00000000cc600000, 0x00000000cc600000|100%| O|  |TAMS 0x00000000cc600000, 0x00000000cc500000| Complete 
| 198|0x00000000cc600000, 0x00000000cc700000, 0x00000000cc700000|100%|HS|  |TAMS 0x00000000cc600000, 0x00000000cc600000| Complete 
| 199|0x00000000cc700000, 0x00000000cc800000, 0x00000000cc800000|100%| O|  |TAMS 0x00000000cc800000, 0x00000000cc700000| Complete 
| 200|0x00000000cc800000, 0x00000000cc900000, 0x00000000cc900000|100%| O|  |TAMS 0x00000000cc900000, 0x00000000cc800000| Complete 
| 201|0x00000000cc900000, 0x00000000cca00000, 0x00000000cca00000|100%|HS|  |TAMS 0x00000000cc900000, 0x00000000cc900000| Complete 
| 202|0x00000000cca00000, 0x00000000ccb00000, 0x00000000ccb00000|100%|HC|  |TAMS 0x00000000cca00000, 0x00000000cca00000| Complete 
| 203|0x00000000ccb00000, 0x00000000ccc00000, 0x00000000ccc00000|100%|HS|  |TAMS 0x00000000ccc00000, 0x00000000ccb00000| Complete 
| 204|0x00000000ccc00000, 0x00000000ccd00000, 0x00000000ccd00000|100%|HS|  |TAMS 0x00000000ccd00000, 0x00000000ccc00000| Complete 
| 205|0x00000000ccd00000, 0x00000000cce00000, 0x00000000cce00000|100%|HS|  |TAMS 0x00000000cce00000, 0x00000000ccd00000| Complete 
| 206|0x00000000cce00000, 0x00000000ccf00000, 0x00000000ccf00000|100%|HS|  |TAMS 0x00000000ccf00000, 0x00000000cce00000| Complete 
| 207|0x00000000ccf00000, 0x00000000cd000000, 0x00000000cd000000|100%| O|  |TAMS 0x00000000cd000000, 0x00000000ccf00000| Complete 
| 208|0x00000000cd000000, 0x00000000cd100000, 0x00000000cd100000|100%| O|  |TAMS 0x00000000cd100000, 0x00000000cd000000| Complete 
| 209|0x00000000cd100000, 0x00000000cd200000, 0x00000000cd200000|100%|HS|  |TAMS 0x00000000cd200000, 0x00000000cd100000| Complete 
| 210|0x00000000cd200000, 0x00000000cd300000, 0x00000000cd300000|100%| O|  |TAMS 0x00000000cd300000, 0x00000000cd200000| Complete 
| 211|0x00000000cd300000, 0x00000000cd400000, 0x00000000cd400000|100%| O|  |TAMS 0x00000000cd400000, 0x00000000cd300000| Complete 
| 212|0x00000000cd400000, 0x00000000cd500000, 0x00000000cd500000|100%| O|  |TAMS 0x00000000cd500000, 0x00000000cd400000| Complete 
| 213|0x00000000cd500000, 0x00000000cd600000, 0x00000000cd600000|100%| O|  |TAMS 0x00000000cd600000, 0x00000000cd500000| Complete 
| 214|0x00000000cd600000, 0x00000000cd700000, 0x00000000cd700000|100%| O|  |TAMS 0x00000000cd700000, 0x00000000cd600000| Complete 
| 215|0x00000000cd700000, 0x00000000cd800000, 0x00000000cd800000|100%| O|  |TAMS 0x00000000cd800000, 0x00000000cd700000| Complete 
| 216|0x00000000cd800000, 0x00000000cd900000, 0x00000000cd900000|100%| O|  |TAMS 0x00000000cd900000, 0x00000000cd800000| Complete 
| 217|0x00000000cd900000, 0x00000000cda00000, 0x00000000cda00000|100%|HS|  |TAMS 0x00000000cda00000, 0x00000000cd900000| Complete 
| 218|0x00000000cda00000, 0x00000000cdb00000, 0x00000000cdb00000|100%| O|  |TAMS 0x00000000cdb00000, 0x00000000cda00000| Complete 
| 219|0x00000000cdb00000, 0x00000000cdc00000, 0x00000000cdc00000|100%|HS|  |TAMS 0x00000000cdc00000, 0x00000000cdb00000| Complete 
| 220|0x00000000cdc00000, 0x00000000cdd00000, 0x00000000cdd00000|100%|HS|  |TAMS 0x00000000cdd00000, 0x00000000cdc00000| Complete 
| 221|0x00000000cdd00000, 0x00000000cde00000, 0x00000000cde00000|100%|HS|  |TAMS 0x00000000cde00000, 0x00000000cdd00000| Complete 
| 222|0x00000000cde00000, 0x00000000cdf00000, 0x00000000cdf00000|100%|HS|  |TAMS 0x00000000cde00000, 0x00000000cde00000| Complete 
| 223|0x00000000cdf00000, 0x00000000ce000000, 0x00000000ce000000|100%| O|  |TAMS 0x00000000ce000000, 0x00000000cdf00000| Complete 
| 224|0x00000000ce000000, 0x00000000ce100000, 0x00000000ce100000|100%| O|  |TAMS 0x00000000ce100000, 0x00000000ce000000| Complete 
| 225|0x00000000ce100000, 0x00000000ce200000, 0x00000000ce200000|100%|HS|  |TAMS 0x00000000ce200000, 0x00000000ce100000| Complete 
| 226|0x00000000ce200000, 0x00000000ce300000, 0x00000000ce300000|100%| O|  |TAMS 0x00000000ce300000, 0x00000000ce200000| Complete 
| 227|0x00000000ce300000, 0x00000000ce400000, 0x00000000ce400000|100%| O|  |TAMS 0x00000000ce400000, 0x00000000ce300000| Complete 
| 228|0x00000000ce400000, 0x00000000ce500000, 0x00000000ce500000|100%| O|  |TAMS 0x00000000ce500000, 0x00000000ce400000| Complete 
| 229|0x00000000ce500000, 0x00000000ce544600, 0x00000000ce600000| 26%| O|  |TAMS 0x00000000ce544600, 0x00000000ce500000| Untracked 
| 230|0x00000000ce600000, 0x00000000ce700000, 0x00000000ce700000|100%|HS|  |TAMS 0x00000000ce700000, 0x00000000ce600000| Complete 
| 231|0x00000000ce700000, 0x00000000ce800000, 0x00000000ce800000|100%|HS|  |TAMS 0x00000000ce800000, 0x00000000ce700000| Complete 
| 232|0x00000000ce800000, 0x00000000ce800000, 0x00000000ce900000|  0%| F|  |TAMS 0x00000000ce800000, 0x00000000ce800000| Untracked 
| 233|0x00000000ce900000, 0x00000000cea00000, 0x00000000cea00000|100%|HS|  |TAMS 0x00000000cea00000, 0x00000000ce900000| Complete 
| 234|0x00000000cea00000, 0x00000000ceb00000, 0x00000000ceb00000|100%|HS|  |TAMS 0x00000000cea00000, 0x00000000cea00000| Complete 
| 235|0x00000000ceb00000, 0x00000000cec00000, 0x00000000cec00000|100%|HC|  |TAMS 0x00000000ceb00000, 0x00000000ceb00000| Complete 
| 236|0x00000000cec00000, 0x00000000ced00000, 0x00000000ced00000|100%|HS|  |TAMS 0x00000000ced00000, 0x00000000cec00000| Complete 
| 237|0x00000000ced00000, 0x00000000cee00000, 0x00000000cee00000|100%|HS|  |TAMS 0x00000000cee00000, 0x00000000ced00000| Complete 
| 238|0x00000000cee00000, 0x00000000cef00000, 0x00000000cef00000|100%|HS|  |TAMS 0x00000000cef00000, 0x00000000cee00000| Complete 
| 239|0x00000000cef00000, 0x00000000cf000000, 0x00000000cf000000|100%|HS|  |TAMS 0x00000000cf000000, 0x00000000cef00000| Complete 
| 240|0x00000000cf000000, 0x00000000cf000000, 0x00000000cf100000|  0%| F|  |TAMS 0x00000000cf000000, 0x00000000cf000000| Untracked 
| 241|0x00000000cf100000, 0x00000000cf200000, 0x00000000cf200000|100%|HS|  |TAMS 0x00000000cf200000, 0x00000000cf100000| Complete 
| 242|0x00000000cf200000, 0x00000000cf200000, 0x00000000cf300000|  0%| F|  |TAMS 0x00000000cf200000, 0x00000000cf200000| Untracked 
| 243|0x00000000cf300000, 0x00000000cf400000, 0x00000000cf400000|100%|HS|  |TAMS 0x00000000cf400000, 0x00000000cf300000| Complete 
| 244|0x00000000cf400000, 0x00000000cf500000, 0x00000000cf500000|100%|HS|  |TAMS 0x00000000cf400000, 0x00000000cf400000| Complete 
| 245|0x00000000cf500000, 0x00000000cf600000, 0x00000000cf600000|100%|HC|  |TAMS 0x00000000cf500000, 0x00000000cf500000| Complete 
| 246|0x00000000cf600000, 0x00000000cf700000, 0x00000000cf700000|100%|HS|  |TAMS 0x00000000cf700000, 0x00000000cf600000| Complete 
| 247|0x00000000cf700000, 0x00000000cf800000, 0x00000000cf800000|100%|HS|  |TAMS 0x00000000cf800000, 0x00000000cf700000| Complete 
| 248|0x00000000cf800000, 0x00000000cf900000, 0x00000000cf900000|100%|HS|  |TAMS 0x00000000cf900000, 0x00000000cf800000| Complete 
| 249|0x00000000cf900000, 0x00000000cf900000, 0x00000000cfa00000|  0%| F|  |TAMS 0x00000000cf900000, 0x00000000cf900000| Untracked 
| 250|0x00000000cfa00000, 0x00000000cfb00000, 0x00000000cfb00000|100%|HS|  |TAMS 0x00000000cfb00000, 0x00000000cfa00000| Complete 
| 251|0x00000000cfb00000, 0x00000000cfc00000, 0x00000000cfc00000|100%|HS|  |TAMS 0x00000000cfc00000, 0x00000000cfb00000| Complete 
| 252|0x00000000cfc00000, 0x00000000cfd00000, 0x00000000cfd00000|100%|HS|  |TAMS 0x00000000cfc00000, 0x00000000cfc00000| Complete 
| 253|0x00000000cfd00000, 0x00000000cfe00000, 0x00000000cfe00000|100%|HC|  |TAMS 0x00000000cfd00000, 0x00000000cfd00000| Complete 
| 254|0x00000000cfe00000, 0x00000000cfe00000, 0x00000000cff00000|  0%| F|  |TAMS 0x00000000cfe00000, 0x00000000cfe00000| Untracked 
| 255|0x00000000cff00000, 0x00000000d0000000, 0x00000000d0000000|100%|HS|  |TAMS 0x00000000d0000000, 0x00000000cff00000| Complete 
| 256|0x00000000d0000000, 0x00000000d0100000, 0x00000000d0100000|100%|HS|  |TAMS 0x00000000d0100000, 0x00000000d0000000| Complete 
| 257|0x00000000d0100000, 0x00000000d0200000, 0x00000000d0200000|100%|HS|  |TAMS 0x00000000d0100000, 0x00000000d0100000| Complete 
| 258|0x00000000d0200000, 0x00000000d0300000, 0x00000000d0300000|100%|HC|  |TAMS 0x00000000d0200000, 0x00000000d0200000| Complete 
| 259|0x00000000d0300000, 0x00000000d0400000, 0x00000000d0400000|100%| O|  |TAMS 0x00000000d0400000, 0x00000000d0300000| Complete 
| 260|0x00000000d0400000, 0x00000000d0500000, 0x00000000d0500000|100%|HS|  |TAMS 0x00000000d0500000, 0x00000000d0400000| Complete 
| 261|0x00000000d0500000, 0x00000000d0600000, 0x00000000d0600000|100%|HS|  |TAMS 0x00000000d0600000, 0x00000000d0500000| Complete 
| 262|0x00000000d0600000, 0x00000000d0700000, 0x00000000d0700000|100%|HS|  |TAMS 0x00000000d0600000, 0x00000000d0600000| Complete 
| 263|0x00000000d0700000, 0x00000000d0800000, 0x00000000d0800000|100%|HC|  |TAMS 0x00000000d0700000, 0x00000000d0700000| Complete 
| 264|0x00000000d0800000, 0x00000000d0900000, 0x00000000d0900000|100%| O|  |TAMS 0x00000000d0900000, 0x00000000d0800000| Complete 
| 265|0x00000000d0900000, 0x00000000d0a00000, 0x00000000d0a00000|100%|HS|  |TAMS 0x00000000d0900000, 0x00000000d0900000| Complete 
| 266|0x00000000d0a00000, 0x00000000d0b00000, 0x00000000d0b00000|100%|HC|  |TAMS 0x00000000d0a00000, 0x00000000d0a00000| Complete 
| 267|0x00000000d0b00000, 0x00000000d0b00000, 0x00000000d0c00000|  0%| F|  |TAMS 0x00000000d0b00000, 0x00000000d0b00000| Untracked 
| 268|0x00000000d0c00000, 0x00000000d0d00000, 0x00000000d0d00000|100%| O|  |TAMS 0x00000000d0d00000, 0x00000000d0c00000| Complete 
| 269|0x00000000d0d00000, 0x00000000d0e00000, 0x00000000d0e00000|100%|HS|  |TAMS 0x00000000d0d00000, 0x00000000d0d00000| Complete 
| 270|0x00000000d0e00000, 0x00000000d0f00000, 0x00000000d0f00000|100%|HC|  |TAMS 0x00000000d0e00000, 0x00000000d0e00000| Complete 
| 271|0x00000000d0f00000, 0x00000000d1000000, 0x00000000d1000000|100%|HS|  |TAMS 0x00000000d0f00000, 0x00000000d0f00000| Complete 
| 272|0x00000000d1000000, 0x00000000d1100000, 0x00000000d1100000|100%|HC|  |TAMS 0x00000000d1000000, 0x00000000d1000000| Complete 
| 273|0x00000000d1100000, 0x00000000d1200000, 0x00000000d1200000|100%|HS|  |TAMS 0x00000000d1100000, 0x00000000d1100000| Complete 
| 274|0x00000000d1200000, 0x00000000d1300000, 0x00000000d1300000|100%|HC|  |TAMS 0x00000000d1200000, 0x00000000d1200000| Complete 
| 275|0x00000000d1300000, 0x00000000d1300000, 0x00000000d1400000|  0%| F|  |TAMS 0x00000000d1300000, 0x00000000d1300000| Untracked 
| 276|0x00000000d1400000, 0x00000000d1500000, 0x00000000d1500000|100%| O|  |TAMS 0x00000000d1500000, 0x00000000d1400000| Complete 
| 277|0x00000000d1500000, 0x00000000d1600000, 0x00000000d1600000|100%| O|  |TAMS 0x00000000d1600000, 0x00000000d1500000| Complete 
| 278|0x00000000d1600000, 0x00000000d1700000, 0x00000000d1700000|100%|HS|  |TAMS 0x00000000d1700000, 0x00000000d1600000| Complete 
| 279|0x00000000d1700000, 0x00000000d1700000, 0x00000000d1800000|  0%| F|  |TAMS 0x00000000d1700000, 0x00000000d1700000| Untracked 
| 280|0x00000000d1800000, 0x00000000d1900000, 0x00000000d1900000|100%| O|  |TAMS 0x00000000d1900000, 0x00000000d1800000| Complete 
| 281|0x00000000d1900000, 0x00000000d1a00000, 0x00000000d1a00000|100%| O|  |TAMS 0x00000000d1a00000, 0x00000000d1900000| Complete 
| 282|0x00000000d1a00000, 0x00000000d1b00000, 0x00000000d1b00000|100%|HS|  |TAMS 0x00000000d1a00000, 0x00000000d1a00000| Complete 
| 283|0x00000000d1b00000, 0x00000000d1c00000, 0x00000000d1c00000|100%|HC|  |TAMS 0x00000000d1b00000, 0x00000000d1b00000| Complete 
| 284|0x00000000d1c00000, 0x00000000d1d00000, 0x00000000d1d00000|100%|HS|  |TAMS 0x00000000d1d00000, 0x00000000d1c00000| Complete 
| 285|0x00000000d1d00000, 0x00000000d1e00000, 0x00000000d1e00000|100%|HS|  |TAMS 0x00000000d1d00000, 0x00000000d1d00000| Complete 
| 286|0x00000000d1e00000, 0x00000000d1f00000, 0x00000000d1f00000|100%|HC|  |TAMS 0x00000000d1e00000, 0x00000000d1e00000| Complete 
| 287|0x00000000d1f00000, 0x00000000d2000000, 0x00000000d2000000|100%|HS|  |TAMS 0x00000000d1f00000, 0x00000000d1f00000| Complete 
| 288|0x00000000d2000000, 0x00000000d2100000, 0x00000000d2100000|100%|HC|  |TAMS 0x00000000d2000000, 0x00000000d2000000| Complete 
| 289|0x00000000d2100000, 0x00000000d2200000, 0x00000000d2200000|100%|HS|  |TAMS 0x00000000d2200000, 0x00000000d2100000| Complete 
| 290|0x00000000d2200000, 0x00000000d2300000, 0x00000000d2300000|100%|HS|  |TAMS 0x00000000d2200000, 0x00000000d2200000| Complete 
| 291|0x00000000d2300000, 0x00000000d2400000, 0x00000000d2400000|100%|HC|  |TAMS 0x00000000d2300000, 0x00000000d2300000| Complete 
| 292|0x00000000d2400000, 0x00000000d2500000, 0x00000000d2500000|100%|HS|  |TAMS 0x00000000d2400000, 0x00000000d2400000| Complete 
| 293|0x00000000d2500000, 0x00000000d2600000, 0x00000000d2600000|100%|HC|  |TAMS 0x00000000d2500000, 0x00000000d2500000| Complete 
| 294|0x00000000d2600000, 0x00000000d2600000, 0x00000000d2700000|  0%| F|  |TAMS 0x00000000d2600000, 0x00000000d2600000| Untracked 
| 295|0x00000000d2700000, 0x00000000d2700000, 0x00000000d2800000|  0%| F|  |TAMS 0x00000000d2700000, 0x00000000d2700000| Untracked 
| 296|0x00000000d2800000, 0x00000000d2900000, 0x00000000d2900000|100%|HS|  |TAMS 0x00000000d2900000, 0x00000000d2800000| Complete 
| 297|0x00000000d2900000, 0x00000000d2a00000, 0x00000000d2a00000|100%|HS|  |TAMS 0x00000000d2a00000, 0x00000000d2900000| Complete 
| 298|0x00000000d2a00000, 0x00000000d2a00000, 0x00000000d2b00000|  0%| F|  |TAMS 0x00000000d2a00000, 0x00000000d2a00000| Untracked 
| 299|0x00000000d2b00000, 0x00000000d2b00000, 0x00000000d2c00000|  0%| F|  |TAMS 0x00000000d2b00000, 0x00000000d2b00000| Untracked 
| 300|0x00000000d2c00000, 0x00000000d2d00000, 0x00000000d2d00000|100%|HS|  |TAMS 0x00000000d2d00000, 0x00000000d2c00000| Complete 
| 301|0x00000000d2d00000, 0x00000000d2e00000, 0x00000000d2e00000|100%|HS|  |TAMS 0x00000000d2e00000, 0x00000000d2d00000| Complete 
| 302|0x00000000d2e00000, 0x00000000d2f00000, 0x00000000d2f00000|100%| O|  |TAMS 0x00000000d2f00000, 0x00000000d2e00000| Complete 
| 303|0x00000000d2f00000, 0x00000000d3000000, 0x00000000d3000000|100%|HS|  |TAMS 0x00000000d3000000, 0x00000000d2f00000| Complete 
| 304|0x00000000d3000000, 0x00000000d3100000, 0x00000000d3100000|100%| O|  |TAMS 0x00000000d3100000, 0x00000000d3000000| Complete 
| 305|0x00000000d3100000, 0x00000000d3200000, 0x00000000d3200000|100%|HS|  |TAMS 0x00000000d3200000, 0x00000000d3100000| Complete 
| 306|0x00000000d3200000, 0x00000000d3300000, 0x00000000d3300000|100%|HS|  |TAMS 0x00000000d3300000, 0x00000000d3200000| Complete 
| 307|0x00000000d3300000, 0x00000000d3300000, 0x00000000d3400000|  0%| F|  |TAMS 0x00000000d3300000, 0x00000000d3300000| Untracked 
| 308|0x00000000d3400000, 0x00000000d3500000, 0x00000000d3500000|100%|HS|  |TAMS 0x00000000d3500000, 0x00000000d3400000| Complete 
| 309|0x00000000d3500000, 0x00000000d3500000, 0x00000000d3600000|  0%| F|  |TAMS 0x00000000d3500000, 0x00000000d3500000| Untracked 
| 310|0x00000000d3600000, 0x00000000d3700000, 0x00000000d3700000|100%|HS|  |TAMS 0x00000000d3700000, 0x00000000d3600000| Complete 
| 311|0x00000000d3700000, 0x00000000d3800000, 0x00000000d3800000|100%|HC|  |TAMS 0x00000000d3800000, 0x00000000d3700000| Complete 
| 312|0x00000000d3800000, 0x00000000d3900000, 0x00000000d3900000|100%|HS|  |TAMS 0x00000000d3900000, 0x00000000d3800000| Complete 
| 313|0x00000000d3900000, 0x00000000d3900000, 0x00000000d3a00000|  0%| F|  |TAMS 0x00000000d3900000, 0x00000000d3900000| Untracked 
| 314|0x00000000d3a00000, 0x00000000d3b00000, 0x00000000d3b00000|100%|HS|  |TAMS 0x00000000d3b00000, 0x00000000d3a00000| Complete 
| 315|0x00000000d3b00000, 0x00000000d3b00000, 0x00000000d3c00000|  0%| F|  |TAMS 0x00000000d3b00000, 0x00000000d3b00000| Untracked 
| 316|0x00000000d3c00000, 0x00000000d3c00000, 0x00000000d3d00000|  0%| F|  |TAMS 0x00000000d3c00000, 0x00000000d3c00000| Untracked 
| 317|0x00000000d3d00000, 0x00000000d3d00000, 0x00000000d3e00000|  0%| F|  |TAMS 0x00000000d3d00000, 0x00000000d3d00000| Untracked 
| 318|0x00000000d3e00000, 0x00000000d3e00000, 0x00000000d3f00000|  0%| F|  |TAMS 0x00000000d3e00000, 0x00000000d3e00000| Untracked 
| 319|0x00000000d3f00000, 0x00000000d3f00000, 0x00000000d4000000|  0%| F|  |TAMS 0x00000000d3f00000, 0x00000000d3f00000| Untracked 
| 320|0x00000000d4000000, 0x00000000d4000000, 0x00000000d4100000|  0%| F|  |TAMS 0x00000000d4000000, 0x00000000d4000000| Untracked 
| 321|0x00000000d4100000, 0x00000000d4100000, 0x00000000d4200000|  0%| F|  |TAMS 0x00000000d4100000, 0x00000000d4100000| Untracked 
| 322|0x00000000d4200000, 0x00000000d4200000, 0x00000000d4300000|  0%| F|  |TAMS 0x00000000d4200000, 0x00000000d4200000| Untracked 
| 323|0x00000000d4300000, 0x00000000d4300000, 0x00000000d4400000|  0%| F|  |TAMS 0x00000000d4300000, 0x00000000d4300000| Untracked 
| 324|0x00000000d4400000, 0x00000000d4400000, 0x00000000d4500000|  0%| F|  |TAMS 0x00000000d4400000, 0x00000000d4400000| Untracked 
| 325|0x00000000d4500000, 0x00000000d4500000, 0x00000000d4600000|  0%| F|  |TAMS 0x00000000d4500000, 0x00000000d4500000| Untracked 
| 326|0x00000000d4600000, 0x00000000d4600000, 0x00000000d4700000|  0%| F|  |TAMS 0x00000000d4600000, 0x00000000d4600000| Untracked 
| 327|0x00000000d4700000, 0x00000000d4700000, 0x00000000d4800000|  0%| F|  |TAMS 0x00000000d4700000, 0x00000000d4700000| Untracked 
| 328|0x00000000d4800000, 0x00000000d4800000, 0x00000000d4900000|  0%| F|  |TAMS 0x00000000d4800000, 0x00000000d4800000| Untracked 
| 329|0x00000000d4900000, 0x00000000d4900000, 0x00000000d4a00000|  0%| F|  |TAMS 0x00000000d4900000, 0x00000000d4900000| Untracked 
| 330|0x00000000d4a00000, 0x00000000d4a00000, 0x00000000d4b00000|  0%| F|  |TAMS 0x00000000d4a00000, 0x00000000d4a00000| Untracked 
| 331|0x00000000d4b00000, 0x00000000d4b00000, 0x00000000d4c00000|  0%| F|  |TAMS 0x00000000d4b00000, 0x00000000d4b00000| Untracked 
| 332|0x00000000d4c00000, 0x00000000d4d00000, 0x00000000d4d00000|100%|HS|  |TAMS 0x00000000d4d00000, 0x00000000d4c00000| Complete 
| 333|0x00000000d4d00000, 0x00000000d4d00000, 0x00000000d4e00000|  0%| F|  |TAMS 0x00000000d4d00000, 0x00000000d4d00000| Untracked 
| 334|0x00000000d4e00000, 0x00000000d4e00000, 0x00000000d4f00000|  0%| F|  |TAMS 0x00000000d4e00000, 0x00000000d4e00000| Untracked 
| 335|0x00000000d4f00000, 0x00000000d5000000, 0x00000000d5000000|100%|HS|  |TAMS 0x00000000d5000000, 0x00000000d4f00000| Complete 
| 336|0x00000000d5000000, 0x00000000d5100000, 0x00000000d5100000|100%|HC|  |TAMS 0x00000000d5100000, 0x00000000d5000000| Complete 
| 337|0x00000000d5100000, 0x00000000d5200000, 0x00000000d5200000|100%|HC|  |TAMS 0x00000000d5200000, 0x00000000d5100000| Complete 
| 338|0x00000000d5200000, 0x00000000d5300000, 0x00000000d5300000|100%|HC|  |TAMS 0x00000000d5300000, 0x00000000d5200000| Complete 
| 339|0x00000000d5300000, 0x00000000d5400000, 0x00000000d5400000|100%|HC|  |TAMS 0x00000000d5400000, 0x00000000d5300000| Complete 
| 340|0x00000000d5400000, 0x00000000d5500000, 0x00000000d5500000|100%|HC|  |TAMS 0x00000000d5500000, 0x00000000d5400000| Complete 
| 341|0x00000000d5500000, 0x00000000d5600000, 0x00000000d5600000|100%|HC|  |TAMS 0x00000000d5600000, 0x00000000d5500000| Complete 
| 342|0x00000000d5600000, 0x00000000d5700000, 0x00000000d5700000|100%|HC|  |TAMS 0x00000000d5700000, 0x00000000d5600000| Complete 
| 343|0x00000000d5700000, 0x00000000d5800000, 0x00000000d5800000|100%|HC|  |TAMS 0x00000000d5800000, 0x00000000d5700000| Complete 
| 344|0x00000000d5800000, 0x00000000d5900000, 0x00000000d5900000|100%|HS|  |TAMS 0x00000000d5900000, 0x00000000d5800000| Complete 
| 345|0x00000000d5900000, 0x00000000d5a00000, 0x00000000d5a00000|100%|HS|  |TAMS 0x00000000d5a00000, 0x00000000d5900000| Complete 
| 346|0x00000000d5a00000, 0x00000000d5b00000, 0x00000000d5b00000|100%|HS|  |TAMS 0x00000000d5b00000, 0x00000000d5a00000| Complete 
| 347|0x00000000d5b00000, 0x00000000d5b00000, 0x00000000d5c00000|  0%| F|  |TAMS 0x00000000d5b00000, 0x00000000d5b00000| Untracked 
| 348|0x00000000d5c00000, 0x00000000d5c00000, 0x00000000d5d00000|  0%| F|  |TAMS 0x00000000d5c00000, 0x00000000d5c00000| Untracked 
| 349|0x00000000d5d00000, 0x00000000d5d00000, 0x00000000d5e00000|  0%| F|  |TAMS 0x00000000d5d00000, 0x00000000d5d00000| Untracked 
| 350|0x00000000d5e00000, 0x00000000d5e00000, 0x00000000d5f00000|  0%| F|  |TAMS 0x00000000d5e00000, 0x00000000d5e00000| Untracked 
| 351|0x00000000d5f00000, 0x00000000d5f00000, 0x00000000d6000000|  0%| F|  |TAMS 0x00000000d5f00000, 0x00000000d5f00000| Untracked 
| 352|0x00000000d6000000, 0x00000000d6100000, 0x00000000d6100000|100%| O|  |TAMS 0x00000000d6100000, 0x00000000d6000000| Complete 
| 353|0x00000000d6100000, 0x00000000d6200000, 0x00000000d6200000|100%| O|  |TAMS 0x00000000d6200000, 0x00000000d6100000| Complete 
| 354|0x00000000d6200000, 0x00000000d6300000, 0x00000000d6300000|100%| O|  |TAMS 0x00000000d6300000, 0x00000000d6200000| Complete 
| 355|0x00000000d6300000, 0x00000000d6400000, 0x00000000d6400000|100%| O|  |TAMS 0x00000000d6400000, 0x00000000d6300000| Complete 
| 356|0x00000000d6400000, 0x00000000d6400000, 0x00000000d6500000|  0%| F|  |TAMS 0x00000000d6400000, 0x00000000d6400000| Untracked 
| 357|0x00000000d6500000, 0x00000000d6600000, 0x00000000d6600000|100%| O|  |TAMS 0x00000000d6600000, 0x00000000d6500000| Complete 
| 358|0x00000000d6600000, 0x00000000d6700000, 0x00000000d6700000|100%|HS|  |TAMS 0x00000000d6700000, 0x00000000d6600000| Complete 
| 359|0x00000000d6700000, 0x00000000d6800000, 0x00000000d6800000|100%|HC|  |TAMS 0x00000000d6800000, 0x00000000d6700000| Complete 
| 360|0x00000000d6800000, 0x00000000d6900000, 0x00000000d6900000|100%|HC|  |TAMS 0x00000000d6900000, 0x00000000d6800000| Complete 
| 361|0x00000000d6900000, 0x00000000d6a00000, 0x00000000d6a00000|100%|HC|  |TAMS 0x00000000d6a00000, 0x00000000d6900000| Complete 
| 362|0x00000000d6a00000, 0x00000000d6b00000, 0x00000000d6b00000|100%|HC|  |TAMS 0x00000000d6b00000, 0x00000000d6a00000| Complete 
| 363|0x00000000d6b00000, 0x00000000d6c00000, 0x00000000d6c00000|100%|HC|  |TAMS 0x00000000d6c00000, 0x00000000d6b00000| Complete 
| 364|0x00000000d6c00000, 0x00000000d6d00000, 0x00000000d6d00000|100%|HC|  |TAMS 0x00000000d6d00000, 0x00000000d6c00000| Complete 
| 365|0x00000000d6d00000, 0x00000000d6e00000, 0x00000000d6e00000|100%|HC|  |TAMS 0x00000000d6e00000, 0x00000000d6d00000| Complete 
| 366|0x00000000d6e00000, 0x00000000d6f00000, 0x00000000d6f00000|100%|HC|  |TAMS 0x00000000d6f00000, 0x00000000d6e00000| Complete 
| 367|0x00000000d6f00000, 0x00000000d7000000, 0x00000000d7000000|100%|HS|  |TAMS 0x00000000d7000000, 0x00000000d6f00000| Complete 
| 368|0x00000000d7000000, 0x00000000d7100000, 0x00000000d7100000|100%|HC|  |TAMS 0x00000000d7100000, 0x00000000d7000000| Complete 
| 369|0x00000000d7100000, 0x00000000d7200000, 0x00000000d7200000|100%|HC|  |TAMS 0x00000000d7200000, 0x00000000d7100000| Complete 
| 370|0x00000000d7200000, 0x00000000d7300000, 0x00000000d7300000|100%|HC|  |TAMS 0x00000000d7300000, 0x00000000d7200000| Complete 
| 371|0x00000000d7300000, 0x00000000d7400000, 0x00000000d7400000|100%|HC|  |TAMS 0x00000000d7400000, 0x00000000d7300000| Complete 
| 372|0x00000000d7400000, 0x00000000d7500000, 0x00000000d7500000|100%|HC|  |TAMS 0x00000000d7500000, 0x00000000d7400000| Complete 
| 373|0x00000000d7500000, 0x00000000d7600000, 0x00000000d7600000|100%|HC|  |TAMS 0x00000000d7600000, 0x00000000d7500000| Complete 
| 374|0x00000000d7600000, 0x00000000d7700000, 0x00000000d7700000|100%|HC|  |TAMS 0x00000000d7700000, 0x00000000d7600000| Complete 
| 375|0x00000000d7700000, 0x00000000d7800000, 0x00000000d7800000|100%|HC|  |TAMS 0x00000000d7800000, 0x00000000d7700000| Complete 
| 376|0x00000000d7800000, 0x00000000d7900000, 0x00000000d7900000|100%|HS|  |TAMS 0x00000000d7900000, 0x00000000d7800000| Complete 
| 377|0x00000000d7900000, 0x00000000d7a00000, 0x00000000d7a00000|100%|HC|  |TAMS 0x00000000d7a00000, 0x00000000d7900000| Complete 
| 378|0x00000000d7a00000, 0x00000000d7b00000, 0x00000000d7b00000|100%|HC|  |TAMS 0x00000000d7b00000, 0x00000000d7a00000| Complete 
| 379|0x00000000d7b00000, 0x00000000d7c00000, 0x00000000d7c00000|100%|HC|  |TAMS 0x00000000d7c00000, 0x00000000d7b00000| Complete 
| 380|0x00000000d7c00000, 0x00000000d7d00000, 0x00000000d7d00000|100%|HC|  |TAMS 0x00000000d7d00000, 0x00000000d7c00000| Complete 
| 381|0x00000000d7d00000, 0x00000000d7e00000, 0x00000000d7e00000|100%|HC|  |TAMS 0x00000000d7e00000, 0x00000000d7d00000| Complete 
| 382|0x00000000d7e00000, 0x00000000d7f00000, 0x00000000d7f00000|100%|HC|  |TAMS 0x00000000d7f00000, 0x00000000d7e00000| Complete 
| 383|0x00000000d7f00000, 0x00000000d8000000, 0x00000000d8000000|100%|HC|  |TAMS 0x00000000d8000000, 0x00000000d7f00000| Complete 
| 384|0x00000000d8000000, 0x00000000d8100000, 0x00000000d8100000|100%|HC|  |TAMS 0x00000000d8100000, 0x00000000d8000000| Complete 
| 385|0x00000000d8100000, 0x00000000d8200000, 0x00000000d8200000|100%|HS|  |TAMS 0x00000000d8200000, 0x00000000d8100000| Complete 
| 386|0x00000000d8200000, 0x00000000d8300000, 0x00000000d8300000|100%|HC|  |TAMS 0x00000000d8300000, 0x00000000d8200000| Complete 
| 387|0x00000000d8300000, 0x00000000d8400000, 0x00000000d8400000|100%|HC|  |TAMS 0x00000000d8400000, 0x00000000d8300000| Complete 
| 388|0x00000000d8400000, 0x00000000d8500000, 0x00000000d8500000|100%|HC|  |TAMS 0x00000000d8500000, 0x00000000d8400000| Complete 
| 389|0x00000000d8500000, 0x00000000d8600000, 0x00000000d8600000|100%|HC|  |TAMS 0x00000000d8600000, 0x00000000d8500000| Complete 
| 390|0x00000000d8600000, 0x00000000d8700000, 0x00000000d8700000|100%|HC|  |TAMS 0x00000000d8700000, 0x00000000d8600000| Complete 
| 391|0x00000000d8700000, 0x00000000d8800000, 0x00000000d8800000|100%|HC|  |TAMS 0x00000000d8800000, 0x00000000d8700000| Complete 
| 392|0x00000000d8800000, 0x00000000d8900000, 0x00000000d8900000|100%|HC|  |TAMS 0x00000000d8900000, 0x00000000d8800000| Complete 
| 393|0x00000000d8900000, 0x00000000d8a00000, 0x00000000d8a00000|100%|HC|  |TAMS 0x00000000d8a00000, 0x00000000d8900000| Complete 
| 394|0x00000000d8a00000, 0x00000000d8b00000, 0x00000000d8b00000|100%|HS|  |TAMS 0x00000000d8b00000, 0x00000000d8a00000| Complete 
| 395|0x00000000d8b00000, 0x00000000d8c00000, 0x00000000d8c00000|100%|HC|  |TAMS 0x00000000d8c00000, 0x00000000d8b00000| Complete 
| 396|0x00000000d8c00000, 0x00000000d8d00000, 0x00000000d8d00000|100%|HC|  |TAMS 0x00000000d8d00000, 0x00000000d8c00000| Complete 
| 397|0x00000000d8d00000, 0x00000000d8e00000, 0x00000000d8e00000|100%|HC|  |TAMS 0x00000000d8e00000, 0x00000000d8d00000| Complete 
| 398|0x00000000d8e00000, 0x00000000d8f00000, 0x00000000d8f00000|100%|HC|  |TAMS 0x00000000d8f00000, 0x00000000d8e00000| Complete 
| 399|0x00000000d8f00000, 0x00000000d9000000, 0x00000000d9000000|100%|HC|  |TAMS 0x00000000d9000000, 0x00000000d8f00000| Complete 
| 400|0x00000000d9000000, 0x00000000d9100000, 0x00000000d9100000|100%|HC|  |TAMS 0x00000000d9100000, 0x00000000d9000000| Complete 
| 401|0x00000000d9100000, 0x00000000d9200000, 0x00000000d9200000|100%|HC|  |TAMS 0x00000000d9200000, 0x00000000d9100000| Complete 
| 402|0x00000000d9200000, 0x00000000d9300000, 0x00000000d9300000|100%|HC|  |TAMS 0x00000000d9300000, 0x00000000d9200000| Complete 
| 403|0x00000000d9300000, 0x00000000d9400000, 0x00000000d9400000|100%|HS|  |TAMS 0x00000000d9400000, 0x00000000d9300000| Complete 
| 404|0x00000000d9400000, 0x00000000d9500000, 0x00000000d9500000|100%|HC|  |TAMS 0x00000000d9500000, 0x00000000d9400000| Complete 
| 405|0x00000000d9500000, 0x00000000d9600000, 0x00000000d9600000|100%|HC|  |TAMS 0x00000000d9600000, 0x00000000d9500000| Complete 
| 406|0x00000000d9600000, 0x00000000d9700000, 0x00000000d9700000|100%|HC|  |TAMS 0x00000000d9700000, 0x00000000d9600000| Complete 
| 407|0x00000000d9700000, 0x00000000d9800000, 0x00000000d9800000|100%|HC|  |TAMS 0x00000000d9800000, 0x00000000d9700000| Complete 
| 408|0x00000000d9800000, 0x00000000d9900000, 0x00000000d9900000|100%|HC|  |TAMS 0x00000000d9900000, 0x00000000d9800000| Complete 
| 409|0x00000000d9900000, 0x00000000d9a00000, 0x00000000d9a00000|100%|HC|  |TAMS 0x00000000d9a00000, 0x00000000d9900000| Complete 
| 410|0x00000000d9a00000, 0x00000000d9b00000, 0x00000000d9b00000|100%|HC|  |TAMS 0x00000000d9b00000, 0x00000000d9a00000| Complete 
| 411|0x00000000d9b00000, 0x00000000d9c00000, 0x00000000d9c00000|100%|HC|  |TAMS 0x00000000d9c00000, 0x00000000d9b00000| Complete 
| 412|0x00000000d9c00000, 0x00000000d9c00000, 0x00000000d9d00000|  0%| F|  |TAMS 0x00000000d9c00000, 0x00000000d9c00000| Untracked 
| 413|0x00000000d9d00000, 0x00000000d9d00000, 0x00000000d9e00000|  0%| F|  |TAMS 0x00000000d9d00000, 0x00000000d9d00000| Untracked 
| 414|0x00000000d9e00000, 0x00000000d9e00000, 0x00000000d9f00000|  0%| F|  |TAMS 0x00000000d9e00000, 0x00000000d9e00000| Untracked 
| 415|0x00000000d9f00000, 0x00000000d9f00000, 0x00000000da000000|  0%| F|  |TAMS 0x00000000d9f00000, 0x00000000d9f00000| Untracked 
| 416|0x00000000da000000, 0x00000000da000000, 0x00000000da100000|  0%| F|  |TAMS 0x00000000da000000, 0x00000000da000000| Untracked 
| 417|0x00000000da100000, 0x00000000da100000, 0x00000000da200000|  0%| F|  |TAMS 0x00000000da100000, 0x00000000da100000| Untracked 
| 418|0x00000000da200000, 0x00000000da200000, 0x00000000da300000|  0%| F|  |TAMS 0x00000000da200000, 0x00000000da200000| Untracked 
| 419|0x00000000da300000, 0x00000000da300000, 0x00000000da400000|  0%| F|  |TAMS 0x00000000da300000, 0x00000000da300000| Untracked 
| 420|0x00000000da400000, 0x00000000da400000, 0x00000000da500000|  0%| F|  |TAMS 0x00000000da400000, 0x00000000da400000| Untracked 
| 421|0x00000000da500000, 0x00000000da500000, 0x00000000da600000|  0%| F|  |TAMS 0x00000000da500000, 0x00000000da500000| Untracked 
| 422|0x00000000da600000, 0x00000000da600000, 0x00000000da700000|  0%| F|  |TAMS 0x00000000da600000, 0x00000000da600000| Untracked 
| 423|0x00000000da700000, 0x00000000da700000, 0x00000000da800000|  0%| F|  |TAMS 0x00000000da700000, 0x00000000da700000| Untracked 
| 424|0x00000000da800000, 0x00000000da800000, 0x00000000da900000|  0%| F|  |TAMS 0x00000000da800000, 0x00000000da800000| Untracked 
| 425|0x00000000da900000, 0x00000000da900000, 0x00000000daa00000|  0%| F|  |TAMS 0x00000000da900000, 0x00000000da900000| Untracked 
| 426|0x00000000daa00000, 0x00000000daa00000, 0x00000000dab00000|  0%| F|  |TAMS 0x00000000daa00000, 0x00000000daa00000| Untracked 
| 427|0x00000000dab00000, 0x00000000dab00000, 0x00000000dac00000|  0%| F|  |TAMS 0x00000000dab00000, 0x00000000dab00000| Untracked 
| 428|0x00000000dac00000, 0x00000000dac00000, 0x00000000dad00000|  0%| F|  |TAMS 0x00000000dac00000, 0x00000000dac00000| Untracked 
| 429|0x00000000dad00000, 0x00000000dad00000, 0x00000000dae00000|  0%| F|  |TAMS 0x00000000dad00000, 0x00000000dad00000| Untracked 
| 430|0x00000000dae00000, 0x00000000dae00000, 0x00000000daf00000|  0%| F|  |TAMS 0x00000000dae00000, 0x00000000dae00000| Untracked 
| 431|0x00000000daf00000, 0x00000000daf00000, 0x00000000db000000|  0%| F|  |TAMS 0x00000000daf00000, 0x00000000daf00000| Untracked 
| 432|0x00000000db000000, 0x00000000db000000, 0x00000000db100000|  0%| F|  |TAMS 0x00000000db000000, 0x00000000db000000| Untracked 
| 433|0x00000000db100000, 0x00000000db100000, 0x00000000db200000|  0%| F|  |TAMS 0x00000000db100000, 0x00000000db100000| Untracked 
| 434|0x00000000db200000, 0x00000000db200000, 0x00000000db300000|  0%| F|  |TAMS 0x00000000db200000, 0x00000000db200000| Untracked 
| 435|0x00000000db300000, 0x00000000db300000, 0x00000000db400000|  0%| F|  |TAMS 0x00000000db300000, 0x00000000db300000| Untracked 
| 436|0x00000000db400000, 0x00000000db400000, 0x00000000db500000|  0%| F|  |TAMS 0x00000000db400000, 0x00000000db400000| Untracked 
| 437|0x00000000db500000, 0x00000000db500000, 0x00000000db600000|  0%| F|  |TAMS 0x00000000db500000, 0x00000000db500000| Untracked 
| 438|0x00000000db600000, 0x00000000db600000, 0x00000000db700000|  0%| F|  |TAMS 0x00000000db600000, 0x00000000db600000| Untracked 
| 439|0x00000000db700000, 0x00000000db700000, 0x00000000db800000|  0%| F|  |TAMS 0x00000000db700000, 0x00000000db700000| Untracked 
| 440|0x00000000db800000, 0x00000000db800000, 0x00000000db900000|  0%| F|  |TAMS 0x00000000db800000, 0x00000000db800000| Untracked 
| 441|0x00000000db900000, 0x00000000db900000, 0x00000000dba00000|  0%| F|  |TAMS 0x00000000db900000, 0x00000000db900000| Untracked 
| 442|0x00000000dba00000, 0x00000000dba00000, 0x00000000dbb00000|  0%| F|  |TAMS 0x00000000dba00000, 0x00000000dba00000| Untracked 
| 443|0x00000000dbb00000, 0x00000000dbb00000, 0x00000000dbc00000|  0%| F|  |TAMS 0x00000000dbb00000, 0x00000000dbb00000| Untracked 
| 444|0x00000000dbc00000, 0x00000000dbc00000, 0x00000000dbd00000|  0%| F|  |TAMS 0x00000000dbc00000, 0x00000000dbc00000| Untracked 
| 445|0x00000000dbd00000, 0x00000000dbd00000, 0x00000000dbe00000|  0%| F|  |TAMS 0x00000000dbd00000, 0x00000000dbd00000| Untracked 
| 446|0x00000000dbe00000, 0x00000000dbe00000, 0x00000000dbf00000|  0%| F|  |TAMS 0x00000000dbe00000, 0x00000000dbe00000| Untracked 
| 447|0x00000000dbf00000, 0x00000000dbf00000, 0x00000000dc000000|  0%| F|  |TAMS 0x00000000dbf00000, 0x00000000dbf00000| Untracked 
| 448|0x00000000dc000000, 0x00000000dc000000, 0x00000000dc100000|  0%| F|  |TAMS 0x00000000dc000000, 0x00000000dc000000| Untracked 
| 449|0x00000000dc100000, 0x00000000dc100000, 0x00000000dc200000|  0%| F|  |TAMS 0x00000000dc100000, 0x00000000dc100000| Untracked 
| 450|0x00000000dc200000, 0x00000000dc200000, 0x00000000dc300000|  0%| F|  |TAMS 0x00000000dc200000, 0x00000000dc200000| Untracked 
| 451|0x00000000dc300000, 0x00000000dc300000, 0x00000000dc400000|  0%| F|  |TAMS 0x00000000dc300000, 0x00000000dc300000| Untracked 
| 452|0x00000000dc400000, 0x00000000dc400000, 0x00000000dc500000|  0%| F|  |TAMS 0x00000000dc400000, 0x00000000dc400000| Untracked 
| 453|0x00000000dc500000, 0x00000000dc500000, 0x00000000dc600000|  0%| F|  |TAMS 0x00000000dc500000, 0x00000000dc500000| Untracked 
| 454|0x00000000dc600000, 0x00000000dc600000, 0x00000000dc700000|  0%| F|  |TAMS 0x00000000dc600000, 0x00000000dc600000| Untracked 
| 455|0x00000000dc700000, 0x00000000dc700000, 0x00000000dc800000|  0%| F|  |TAMS 0x00000000dc700000, 0x00000000dc700000| Untracked 
| 456|0x00000000dc800000, 0x00000000dc800000, 0x00000000dc900000|  0%| F|  |TAMS 0x00000000dc800000, 0x00000000dc800000| Untracked 
| 457|0x00000000dc900000, 0x00000000dc900000, 0x00000000dca00000|  0%| F|  |TAMS 0x00000000dc900000, 0x00000000dc900000| Untracked 
| 458|0x00000000dca00000, 0x00000000dca00000, 0x00000000dcb00000|  0%| F|  |TAMS 0x00000000dca00000, 0x00000000dca00000| Untracked 
| 459|0x00000000dcb00000, 0x00000000dcb00000, 0x00000000dcc00000|  0%| F|  |TAMS 0x00000000dcb00000, 0x00000000dcb00000| Untracked 
| 460|0x00000000dcc00000, 0x00000000dcc00000, 0x00000000dcd00000|  0%| F|  |TAMS 0x00000000dcc00000, 0x00000000dcc00000| Untracked 
| 461|0x00000000dcd00000, 0x00000000dcd00000, 0x00000000dce00000|  0%| F|  |TAMS 0x00000000dcd00000, 0x00000000dcd00000| Untracked 
| 462|0x00000000dce00000, 0x00000000dce00000, 0x00000000dcf00000|  0%| F|  |TAMS 0x00000000dce00000, 0x00000000dce00000| Untracked 
| 463|0x00000000dcf00000, 0x00000000dcf00000, 0x00000000dd000000|  0%| F|  |TAMS 0x00000000dcf00000, 0x00000000dcf00000| Untracked 
| 464|0x00000000dd000000, 0x00000000dd000000, 0x00000000dd100000|  0%| F|  |TAMS 0x00000000dd000000, 0x00000000dd000000| Untracked 
| 465|0x00000000dd100000, 0x00000000dd100000, 0x00000000dd200000|  0%| F|  |TAMS 0x00000000dd100000, 0x00000000dd100000| Untracked 
| 466|0x00000000dd200000, 0x00000000dd200000, 0x00000000dd300000|  0%| F|  |TAMS 0x00000000dd200000, 0x00000000dd200000| Untracked 
| 467|0x00000000dd300000, 0x00000000dd300000, 0x00000000dd400000|  0%| F|  |TAMS 0x00000000dd300000, 0x00000000dd300000| Untracked 
| 468|0x00000000dd400000, 0x00000000dd400000, 0x00000000dd500000|  0%| F|  |TAMS 0x00000000dd400000, 0x00000000dd400000| Untracked 
| 469|0x00000000dd500000, 0x00000000dd500000, 0x00000000dd600000|  0%| F|  |TAMS 0x00000000dd500000, 0x00000000dd500000| Untracked 
| 470|0x00000000dd600000, 0x00000000dd600000, 0x00000000dd700000|  0%| F|  |TAMS 0x00000000dd600000, 0x00000000dd600000| Untracked 
| 471|0x00000000dd700000, 0x00000000dd700000, 0x00000000dd800000|  0%| F|  |TAMS 0x00000000dd700000, 0x00000000dd700000| Untracked 
| 472|0x00000000dd800000, 0x00000000dd800000, 0x00000000dd900000|  0%| F|  |TAMS 0x00000000dd800000, 0x00000000dd800000| Untracked 
| 473|0x00000000dd900000, 0x00000000dd900000, 0x00000000dda00000|  0%| F|  |TAMS 0x00000000dd900000, 0x00000000dd900000| Untracked 
| 474|0x00000000dda00000, 0x00000000dda00000, 0x00000000ddb00000|  0%| F|  |TAMS 0x00000000dda00000, 0x00000000dda00000| Untracked 
| 475|0x00000000ddb00000, 0x00000000ddb00000, 0x00000000ddc00000|  0%| F|  |TAMS 0x00000000ddb00000, 0x00000000ddb00000| Untracked 
| 476|0x00000000ddc00000, 0x00000000ddc00000, 0x00000000ddd00000|  0%| F|  |TAMS 0x00000000ddc00000, 0x00000000ddc00000| Untracked 
| 477|0x00000000ddd00000, 0x00000000ddd00000, 0x00000000dde00000|  0%| F|  |TAMS 0x00000000ddd00000, 0x00000000ddd00000| Untracked 
| 478|0x00000000dde00000, 0x00000000dde00000, 0x00000000ddf00000|  0%| F|  |TAMS 0x00000000dde00000, 0x00000000dde00000| Untracked 
| 479|0x00000000ddf00000, 0x00000000ddf00000, 0x00000000de000000|  0%| F|  |TAMS 0x00000000ddf00000, 0x00000000ddf00000| Untracked 
| 480|0x00000000de000000, 0x00000000de000000, 0x00000000de100000|  0%| F|  |TAMS 0x00000000de000000, 0x00000000de000000| Untracked 
| 481|0x00000000de100000, 0x00000000de100000, 0x00000000de200000|  0%| F|  |TAMS 0x00000000de100000, 0x00000000de100000| Untracked 
| 482|0x00000000de200000, 0x00000000de200000, 0x00000000de300000|  0%| F|  |TAMS 0x00000000de200000, 0x00000000de200000| Untracked 
| 483|0x00000000de300000, 0x00000000de300000, 0x00000000de400000|  0%| F|  |TAMS 0x00000000de300000, 0x00000000de300000| Untracked 
| 484|0x00000000de400000, 0x00000000de400000, 0x00000000de500000|  0%| F|  |TAMS 0x00000000de400000, 0x00000000de400000| Untracked 
| 485|0x00000000de500000, 0x00000000de500000, 0x00000000de600000|  0%| F|  |TAMS 0x00000000de500000, 0x00000000de500000| Untracked 
| 486|0x00000000de600000, 0x00000000de600000, 0x00000000de700000|  0%| F|  |TAMS 0x00000000de600000, 0x00000000de600000| Untracked 
| 487|0x00000000de700000, 0x00000000de700000, 0x00000000de800000|  0%| F|  |TAMS 0x00000000de700000, 0x00000000de700000| Untracked 
| 488|0x00000000de800000, 0x00000000de800000, 0x00000000de900000|  0%| F|  |TAMS 0x00000000de800000, 0x00000000de800000| Untracked 
| 489|0x00000000de900000, 0x00000000de900000, 0x00000000dea00000|  0%| F|  |TAMS 0x00000000de900000, 0x00000000de900000| Untracked 
| 490|0x00000000dea00000, 0x00000000dea00000, 0x00000000deb00000|  0%| F|  |TAMS 0x00000000dea00000, 0x00000000dea00000| Untracked 
| 491|0x00000000deb00000, 0x00000000deb00000, 0x00000000dec00000|  0%| F|  |TAMS 0x00000000deb00000, 0x00000000deb00000| Untracked 
| 492|0x00000000dec00000, 0x00000000dec00000, 0x00000000ded00000|  0%| F|  |TAMS 0x00000000dec00000, 0x00000000dec00000| Untracked 
| 493|0x00000000ded00000, 0x00000000ded00000, 0x00000000dee00000|  0%| F|  |TAMS 0x00000000ded00000, 0x00000000ded00000| Untracked 
| 494|0x00000000dee00000, 0x00000000def00000, 0x00000000def00000|100%| O|  |TAMS 0x00000000def00000, 0x00000000dee00000| Complete 
| 495|0x00000000def00000, 0x00000000def00000, 0x00000000df000000|  0%| F|  |TAMS 0x00000000def00000, 0x00000000def00000| Untracked 
| 496|0x00000000df000000, 0x00000000df0e9bc0, 0x00000000df100000| 91%| S|  |TAMS 0x00000000df000000, 0x00000000df000000| Complete 
| 497|0x00000000df100000, 0x00000000df200000, 0x00000000df200000|100%| O|  |TAMS 0x00000000df200000, 0x00000000df100000| Complete 
| 498|0x00000000df200000, 0x00000000df300000, 0x00000000df300000|100%| O|  |TAMS 0x00000000df300000, 0x00000000df200000| Complete 
| 499|0x00000000df300000, 0x00000000df400000, 0x00000000df400000|100%| S|  |TAMS 0x00000000df300000, 0x00000000df300000| Complete 
| 500|0x00000000df400000, 0x00000000df500000, 0x00000000df500000|100%| S|  |TAMS 0x00000000df400000, 0x00000000df400000| Complete 
| 501|0x00000000df500000, 0x00000000df600000, 0x00000000df600000|100%| E|CS|TAMS 0x00000000df500000, 0x00000000df500000| Complete 
| 502|0x00000000df600000, 0x00000000df700000, 0x00000000df700000|100%| E|CS|TAMS 0x00000000df600000, 0x00000000df600000| Complete 
| 503|0x00000000df700000, 0x00000000df800000, 0x00000000df800000|100%| E|CS|TAMS 0x00000000df700000, 0x00000000df700000| Complete 
| 504|0x00000000df800000, 0x00000000df900000, 0x00000000df900000|100%| E|CS|TAMS 0x00000000df800000, 0x00000000df800000| Complete 
| 505|0x00000000df900000, 0x00000000dfa00000, 0x00000000dfa00000|100%| E|CS|TAMS 0x00000000df900000, 0x00000000df900000| Complete 
| 506|0x00000000dfa00000, 0x00000000dfb00000, 0x00000000dfb00000|100%| E|CS|TAMS 0x00000000dfa00000, 0x00000000dfa00000| Complete 
| 507|0x00000000dfb00000, 0x00000000dfc00000, 0x00000000dfc00000|100%| E|CS|TAMS 0x00000000dfb00000, 0x00000000dfb00000| Complete 
| 508|0x00000000dfc00000, 0x00000000dfd00000, 0x00000000dfd00000|100%| E|CS|TAMS 0x00000000dfc00000, 0x00000000dfc00000| Complete 
| 509|0x00000000dfd00000, 0x00000000dfe00000, 0x00000000dfe00000|100%| E|CS|TAMS 0x00000000dfd00000, 0x00000000dfd00000| Complete 
| 510|0x00000000dfe00000, 0x00000000dff00000, 0x00000000dff00000|100%| E|CS|TAMS 0x00000000dfe00000, 0x00000000dfe00000| Complete 
| 511|0x00000000dff00000, 0x00000000e0000000, 0x00000000e0000000|100%| E|CS|TAMS 0x00000000dff00000, 0x00000000dff00000| Complete 
| 512|0x00000000e0000000, 0x00000000e0100000, 0x00000000e0100000|100%| E|CS|TAMS 0x00000000e0000000, 0x00000000e0000000| Complete 
| 513|0x00000000e0100000, 0x00000000e0200000, 0x00000000e0200000|100%| E|CS|TAMS 0x00000000e0100000, 0x00000000e0100000| Complete 
| 514|0x00000000e0200000, 0x00000000e0300000, 0x00000000e0300000|100%| E|CS|TAMS 0x00000000e0200000, 0x00000000e0200000| Complete 
| 515|0x00000000e0300000, 0x00000000e0400000, 0x00000000e0400000|100%| E|CS|TAMS 0x00000000e0300000, 0x00000000e0300000| Complete 
| 516|0x00000000e0400000, 0x00000000e0500000, 0x00000000e0500000|100%| E|CS|TAMS 0x00000000e0400000, 0x00000000e0400000| Complete 
| 517|0x00000000e0500000, 0x00000000e0600000, 0x00000000e0600000|100%| E|CS|TAMS 0x00000000e0500000, 0x00000000e0500000| Complete 
| 518|0x00000000e0600000, 0x00000000e0700000, 0x00000000e0700000|100%| E|CS|TAMS 0x00000000e0600000, 0x00000000e0600000| Complete 
| 519|0x00000000e0700000, 0x00000000e0800000, 0x00000000e0800000|100%| E|CS|TAMS 0x00000000e0700000, 0x00000000e0700000| Complete 
| 520|0x00000000e0800000, 0x00000000e0900000, 0x00000000e0900000|100%| E|CS|TAMS 0x00000000e0800000, 0x00000000e0800000| Complete 
| 521|0x00000000e0900000, 0x00000000e0a00000, 0x00000000e0a00000|100%| E|CS|TAMS 0x00000000e0900000, 0x00000000e0900000| Complete 
| 522|0x00000000e0a00000, 0x00000000e0b00000, 0x00000000e0b00000|100%| E|CS|TAMS 0x00000000e0a00000, 0x00000000e0a00000| Complete 
| 523|0x00000000e0b00000, 0x00000000e0c00000, 0x00000000e0c00000|100%| E|CS|TAMS 0x00000000e0b00000, 0x00000000e0b00000| Complete 
| 524|0x00000000e0c00000, 0x00000000e0d00000, 0x00000000e0d00000|100%| E|CS|TAMS 0x00000000e0c00000, 0x00000000e0c00000| Complete 
| 525|0x00000000e0d00000, 0x00000000e0e00000, 0x00000000e0e00000|100%| E|CS|TAMS 0x00000000e0d00000, 0x00000000e0d00000| Complete 
| 526|0x00000000e0e00000, 0x00000000e0f00000, 0x00000000e0f00000|100%| E|CS|TAMS 0x00000000e0e00000, 0x00000000e0e00000| Complete 
| 527|0x00000000e0f00000, 0x00000000e1000000, 0x00000000e1000000|100%| E|CS|TAMS 0x00000000e0f00000, 0x00000000e0f00000| Complete 
| 528|0x00000000e1000000, 0x00000000e1100000, 0x00000000e1100000|100%| E|CS|TAMS 0x00000000e1000000, 0x00000000e1000000| Complete 
| 529|0x00000000e1100000, 0x00000000e1200000, 0x00000000e1200000|100%| E|CS|TAMS 0x00000000e1100000, 0x00000000e1100000| Complete 
| 530|0x00000000e1200000, 0x00000000e1300000, 0x00000000e1300000|100%| E|CS|TAMS 0x00000000e1200000, 0x00000000e1200000| Complete 
| 531|0x00000000e1300000, 0x00000000e1400000, 0x00000000e1400000|100%| E|CS|TAMS 0x00000000e1300000, 0x00000000e1300000| Complete 
| 532|0x00000000e1400000, 0x00000000e1500000, 0x00000000e1500000|100%| E|CS|TAMS 0x00000000e1400000, 0x00000000e1400000| Complete 
| 533|0x00000000e1500000, 0x00000000e1600000, 0x00000000e1600000|100%| E|CS|TAMS 0x00000000e1500000, 0x00000000e1500000| Complete 
| 534|0x00000000e1600000, 0x00000000e1700000, 0x00000000e1700000|100%| E|CS|TAMS 0x00000000e1600000, 0x00000000e1600000| Complete 
| 535|0x00000000e1700000, 0x00000000e1800000, 0x00000000e1800000|100%| E|CS|TAMS 0x00000000e1700000, 0x00000000e1700000| Complete 
| 536|0x00000000e1800000, 0x00000000e1900000, 0x00000000e1900000|100%| E|CS|TAMS 0x00000000e1800000, 0x00000000e1800000| Complete 
| 537|0x00000000e1900000, 0x00000000e1a00000, 0x00000000e1a00000|100%| E|CS|TAMS 0x00000000e1900000, 0x00000000e1900000| Complete 
| 538|0x00000000e1a00000, 0x00000000e1b00000, 0x00000000e1b00000|100%| E|CS|TAMS 0x00000000e1a00000, 0x00000000e1a00000| Complete 
| 539|0x00000000e1b00000, 0x00000000e1c00000, 0x00000000e1c00000|100%| E|CS|TAMS 0x00000000e1b00000, 0x00000000e1b00000| Complete 
| 540|0x00000000e1c00000, 0x00000000e1d00000, 0x00000000e1d00000|100%| E|CS|TAMS 0x00000000e1c00000, 0x00000000e1c00000| Complete 
| 541|0x00000000e1d00000, 0x00000000e1e00000, 0x00000000e1e00000|100%| E|CS|TAMS 0x00000000e1d00000, 0x00000000e1d00000| Complete 
| 542|0x00000000e1e00000, 0x00000000e1f00000, 0x00000000e1f00000|100%| E|CS|TAMS 0x00000000e1e00000, 0x00000000e1e00000| Complete 
| 543|0x00000000e1f00000, 0x00000000e2000000, 0x00000000e2000000|100%| E|CS|TAMS 0x00000000e1f00000, 0x00000000e1f00000| Complete 
| 544|0x00000000e2000000, 0x00000000e2100000, 0x00000000e2100000|100%| E|CS|TAMS 0x00000000e2000000, 0x00000000e2000000| Complete 
| 545|0x00000000e2100000, 0x00000000e2200000, 0x00000000e2200000|100%| E|CS|TAMS 0x00000000e2100000, 0x00000000e2100000| Complete 
| 546|0x00000000e2200000, 0x00000000e2300000, 0x00000000e2300000|100%| E|CS|TAMS 0x00000000e2200000, 0x00000000e2200000| Complete 
| 547|0x00000000e2300000, 0x00000000e2400000, 0x00000000e2400000|100%| E|CS|TAMS 0x00000000e2300000, 0x00000000e2300000| Complete 
| 548|0x00000000e2400000, 0x00000000e2500000, 0x00000000e2500000|100%| E|CS|TAMS 0x00000000e2400000, 0x00000000e2400000| Complete 
| 549|0x00000000e2500000, 0x00000000e2600000, 0x00000000e2600000|100%| E|CS|TAMS 0x00000000e2500000, 0x00000000e2500000| Complete 
| 550|0x00000000e2600000, 0x00000000e2700000, 0x00000000e2700000|100%| E|CS|TAMS 0x00000000e2600000, 0x00000000e2600000| Complete 
| 551|0x00000000e2700000, 0x00000000e2800000, 0x00000000e2800000|100%| E|CS|TAMS 0x00000000e2700000, 0x00000000e2700000| Complete 
| 552|0x00000000e2800000, 0x00000000e2900000, 0x00000000e2900000|100%| E|CS|TAMS 0x00000000e2800000, 0x00000000e2800000| Complete 
| 553|0x00000000e2900000, 0x00000000e2a00000, 0x00000000e2a00000|100%| E|CS|TAMS 0x00000000e2900000, 0x00000000e2900000| Complete 
| 554|0x00000000e2a00000, 0x00000000e2b00000, 0x00000000e2b00000|100%| E|CS|TAMS 0x00000000e2a00000, 0x00000000e2a00000| Complete 
| 555|0x00000000e2b00000, 0x00000000e2c00000, 0x00000000e2c00000|100%| E|CS|TAMS 0x00000000e2b00000, 0x00000000e2b00000| Complete 
| 556|0x00000000e2c00000, 0x00000000e2d00000, 0x00000000e2d00000|100%| E|CS|TAMS 0x00000000e2c00000, 0x00000000e2c00000| Complete 
| 557|0x00000000e2d00000, 0x00000000e2e00000, 0x00000000e2e00000|100%| E|CS|TAMS 0x00000000e2d00000, 0x00000000e2d00000| Complete 
| 558|0x00000000e2e00000, 0x00000000e2f00000, 0x00000000e2f00000|100%| E|CS|TAMS 0x00000000e2e00000, 0x00000000e2e00000| Complete 
| 559|0x00000000e2f00000, 0x00000000e3000000, 0x00000000e3000000|100%| E|CS|TAMS 0x00000000e2f00000, 0x00000000e2f00000| Complete 
| 560|0x00000000e3000000, 0x00000000e3100000, 0x00000000e3100000|100%| E|CS|TAMS 0x00000000e3000000, 0x00000000e3000000| Complete 
| 561|0x00000000e3100000, 0x00000000e3200000, 0x00000000e3200000|100%| E|CS|TAMS 0x00000000e3100000, 0x00000000e3100000| Complete 
| 562|0x00000000e3200000, 0x00000000e3300000, 0x00000000e3300000|100%| E|CS|TAMS 0x00000000e3200000, 0x00000000e3200000| Complete 
| 563|0x00000000e3300000, 0x00000000e3400000, 0x00000000e3400000|100%| E|CS|TAMS 0x00000000e3300000, 0x00000000e3300000| Complete 
| 564|0x00000000e3400000, 0x00000000e3500000, 0x00000000e3500000|100%| E|CS|TAMS 0x00000000e3400000, 0x00000000e3400000| Complete 
| 565|0x00000000e3500000, 0x00000000e3600000, 0x00000000e3600000|100%| E|CS|TAMS 0x00000000e3500000, 0x00000000e3500000| Complete 
| 566|0x00000000e3600000, 0x00000000e3700000, 0x00000000e3700000|100%| E|CS|TAMS 0x00000000e3600000, 0x00000000e3600000| Complete 
| 567|0x00000000e3700000, 0x00000000e3800000, 0x00000000e3800000|100%| E|CS|TAMS 0x00000000e3700000, 0x00000000e3700000| Complete 
| 568|0x00000000e3800000, 0x00000000e3900000, 0x00000000e3900000|100%| E|CS|TAMS 0x00000000e3800000, 0x00000000e3800000| Complete 
| 569|0x00000000e3900000, 0x00000000e3a00000, 0x00000000e3a00000|100%| E|CS|TAMS 0x00000000e3900000, 0x00000000e3900000| Complete 
| 570|0x00000000e3a00000, 0x00000000e3b00000, 0x00000000e3b00000|100%| E|CS|TAMS 0x00000000e3a00000, 0x00000000e3a00000| Complete 
| 571|0x00000000e3b00000, 0x00000000e3c00000, 0x00000000e3c00000|100%| E|CS|TAMS 0x00000000e3b00000, 0x00000000e3b00000| Complete 
| 572|0x00000000e3c00000, 0x00000000e3d00000, 0x00000000e3d00000|100%| E|CS|TAMS 0x00000000e3c00000, 0x00000000e3c00000| Complete 
| 573|0x00000000e3d00000, 0x00000000e3e00000, 0x00000000e3e00000|100%| E|CS|TAMS 0x00000000e3d00000, 0x00000000e3d00000| Complete 
| 574|0x00000000e3e00000, 0x00000000e3f00000, 0x00000000e3f00000|100%| E|CS|TAMS 0x00000000e3e00000, 0x00000000e3e00000| Complete 
| 575|0x00000000e3f00000, 0x00000000e4000000, 0x00000000e4000000|100%| E|CS|TAMS 0x00000000e3f00000, 0x00000000e3f00000| Complete 
| 576|0x00000000e4000000, 0x00000000e4100000, 0x00000000e4100000|100%| E|CS|TAMS 0x00000000e4000000, 0x00000000e4000000| Complete 
| 577|0x00000000e4100000, 0x00000000e4200000, 0x00000000e4200000|100%| E|CS|TAMS 0x00000000e4100000, 0x00000000e4100000| Complete 
| 578|0x00000000e4200000, 0x00000000e4300000, 0x00000000e4300000|100%| E|CS|TAMS 0x00000000e4200000, 0x00000000e4200000| Complete 
| 579|0x00000000e4300000, 0x00000000e4400000, 0x00000000e4400000|100%| E|CS|TAMS 0x00000000e4300000, 0x00000000e4300000| Complete 
| 580|0x00000000e4400000, 0x00000000e4500000, 0x00000000e4500000|100%| E|CS|TAMS 0x00000000e4400000, 0x00000000e4400000| Complete 
| 581|0x00000000e4500000, 0x00000000e4600000, 0x00000000e4600000|100%| E|CS|TAMS 0x00000000e4500000, 0x00000000e4500000| Complete 
| 582|0x00000000e4600000, 0x00000000e4700000, 0x00000000e4700000|100%| E|CS|TAMS 0x00000000e4600000, 0x00000000e4600000| Complete 
| 583|0x00000000e4700000, 0x00000000e4800000, 0x00000000e4800000|100%| E|CS|TAMS 0x00000000e4700000, 0x00000000e4700000| Complete 
| 584|0x00000000e4800000, 0x00000000e4900000, 0x00000000e4900000|100%| E|CS|TAMS 0x00000000e4800000, 0x00000000e4800000| Complete 
| 585|0x00000000e4900000, 0x00000000e4a00000, 0x00000000e4a00000|100%| E|CS|TAMS 0x00000000e4900000, 0x00000000e4900000| Complete 
| 586|0x00000000e4a00000, 0x00000000e4b00000, 0x00000000e4b00000|100%| E|CS|TAMS 0x00000000e4a00000, 0x00000000e4a00000| Complete 
| 587|0x00000000e4b00000, 0x00000000e4c00000, 0x00000000e4c00000|100%| E|CS|TAMS 0x00000000e4b00000, 0x00000000e4b00000| Complete 
| 588|0x00000000e4c00000, 0x00000000e4d00000, 0x00000000e4d00000|100%| E|CS|TAMS 0x00000000e4c00000, 0x00000000e4c00000| Complete 
| 589|0x00000000e4d00000, 0x00000000e4e00000, 0x00000000e4e00000|100%| E|CS|TAMS 0x00000000e4d00000, 0x00000000e4d00000| Complete 
| 590|0x00000000e4e00000, 0x00000000e4f00000, 0x00000000e4f00000|100%| E|CS|TAMS 0x00000000e4e00000, 0x00000000e4e00000| Complete 
| 591|0x00000000e4f00000, 0x00000000e5000000, 0x00000000e5000000|100%| E|CS|TAMS 0x00000000e4f00000, 0x00000000e4f00000| Complete 
| 592|0x00000000e5000000, 0x00000000e5100000, 0x00000000e5100000|100%| E|CS|TAMS 0x00000000e5000000, 0x00000000e5000000| Complete 
| 593|0x00000000e5100000, 0x00000000e5200000, 0x00000000e5200000|100%| E|CS|TAMS 0x00000000e5100000, 0x00000000e5100000| Complete 
| 594|0x00000000e5200000, 0x00000000e5300000, 0x00000000e5300000|100%| E|CS|TAMS 0x00000000e5200000, 0x00000000e5200000| Complete 
| 595|0x00000000e5300000, 0x00000000e5400000, 0x00000000e5400000|100%| E|CS|TAMS 0x00000000e5300000, 0x00000000e5300000| Complete 
| 596|0x00000000e5400000, 0x00000000e5500000, 0x00000000e5500000|100%| E|CS|TAMS 0x00000000e5400000, 0x00000000e5400000| Complete 
| 597|0x00000000e5500000, 0x00000000e5600000, 0x00000000e5600000|100%| E|CS|TAMS 0x00000000e5500000, 0x00000000e5500000| Complete 
| 598|0x00000000e5600000, 0x00000000e5700000, 0x00000000e5700000|100%| E|CS|TAMS 0x00000000e5600000, 0x00000000e5600000| Complete 
| 599|0x00000000e5700000, 0x00000000e5800000, 0x00000000e5800000|100%| E|CS|TAMS 0x00000000e5700000, 0x00000000e5700000| Complete 
| 600|0x00000000e5800000, 0x00000000e5900000, 0x00000000e5900000|100%| E|CS|TAMS 0x00000000e5800000, 0x00000000e5800000| Complete 
| 601|0x00000000e5900000, 0x00000000e5a00000, 0x00000000e5a00000|100%| E|CS|TAMS 0x00000000e5900000, 0x00000000e5900000| Complete 
| 602|0x00000000e5a00000, 0x00000000e5b00000, 0x00000000e5b00000|100%| E|CS|TAMS 0x00000000e5a00000, 0x00000000e5a00000| Complete 
| 603|0x00000000e5b00000, 0x00000000e5c00000, 0x00000000e5c00000|100%| E|CS|TAMS 0x00000000e5b00000, 0x00000000e5b00000| Complete 
| 604|0x00000000e5c00000, 0x00000000e5d00000, 0x00000000e5d00000|100%| E|CS|TAMS 0x00000000e5c00000, 0x00000000e5c00000| Complete 
| 605|0x00000000e5d00000, 0x00000000e5e00000, 0x00000000e5e00000|100%| E|CS|TAMS 0x00000000e5d00000, 0x00000000e5d00000| Complete 
| 606|0x00000000e5e00000, 0x00000000e5f00000, 0x00000000e5f00000|100%| E|CS|TAMS 0x00000000e5e00000, 0x00000000e5e00000| Complete 
| 607|0x00000000e5f00000, 0x00000000e6000000, 0x00000000e6000000|100%| E|CS|TAMS 0x00000000e5f00000, 0x00000000e5f00000| Complete 
| 608|0x00000000e6000000, 0x00000000e6100000, 0x00000000e6100000|100%| E|CS|TAMS 0x00000000e6000000, 0x00000000e6000000| Complete 
| 609|0x00000000e6100000, 0x00000000e6200000, 0x00000000e6200000|100%| E|CS|TAMS 0x00000000e6100000, 0x00000000e6100000| Complete 
| 610|0x00000000e6200000, 0x00000000e6300000, 0x00000000e6300000|100%| E|CS|TAMS 0x00000000e6200000, 0x00000000e6200000| Complete 
| 611|0x00000000e6300000, 0x00000000e6400000, 0x00000000e6400000|100%| E|CS|TAMS 0x00000000e6300000, 0x00000000e6300000| Complete 
| 612|0x00000000e6400000, 0x00000000e6500000, 0x00000000e6500000|100%| E|CS|TAMS 0x00000000e6400000, 0x00000000e6400000| Complete 
| 613|0x00000000e6500000, 0x00000000e6600000, 0x00000000e6600000|100%| E|CS|TAMS 0x00000000e6500000, 0x00000000e6500000| Complete 
| 614|0x00000000e6600000, 0x00000000e6700000, 0x00000000e6700000|100%| E|CS|TAMS 0x00000000e6600000, 0x00000000e6600000| Complete 
| 615|0x00000000e6700000, 0x00000000e6800000, 0x00000000e6800000|100%| E|CS|TAMS 0x00000000e6700000, 0x00000000e6700000| Complete 
| 616|0x00000000e6800000, 0x00000000e6900000, 0x00000000e6900000|100%| E|CS|TAMS 0x00000000e6800000, 0x00000000e6800000| Complete 
| 617|0x00000000e6900000, 0x00000000e6a00000, 0x00000000e6a00000|100%| E|CS|TAMS 0x00000000e6900000, 0x00000000e6900000| Complete 
| 618|0x00000000e6a00000, 0x00000000e6b00000, 0x00000000e6b00000|100%| E|CS|TAMS 0x00000000e6a00000, 0x00000000e6a00000| Complete 
| 619|0x00000000e6b00000, 0x00000000e6c00000, 0x00000000e6c00000|100%| E|CS|TAMS 0x00000000e6b00000, 0x00000000e6b00000| Complete 
| 620|0x00000000e6c00000, 0x00000000e6d00000, 0x00000000e6d00000|100%| E|CS|TAMS 0x00000000e6c00000, 0x00000000e6c00000| Complete 
| 621|0x00000000e6d00000, 0x00000000e6e00000, 0x00000000e6e00000|100%| E|CS|TAMS 0x00000000e6d00000, 0x00000000e6d00000| Complete 
| 622|0x00000000e6e00000, 0x00000000e6f00000, 0x00000000e6f00000|100%| E|CS|TAMS 0x00000000e6e00000, 0x00000000e6e00000| Complete 
| 623|0x00000000e6f00000, 0x00000000e7000000, 0x00000000e7000000|100%| E|CS|TAMS 0x00000000e6f00000, 0x00000000e6f00000| Complete 
| 624|0x00000000e7000000, 0x00000000e7100000, 0x00000000e7100000|100%| E|CS|TAMS 0x00000000e7000000, 0x00000000e7000000| Complete 
| 625|0x00000000e7100000, 0x00000000e7200000, 0x00000000e7200000|100%| E|CS|TAMS 0x00000000e7100000, 0x00000000e7100000| Complete 
| 626|0x00000000e7200000, 0x00000000e7300000, 0x00000000e7300000|100%| E|CS|TAMS 0x00000000e7200000, 0x00000000e7200000| Complete 
| 627|0x00000000e7300000, 0x00000000e7400000, 0x00000000e7400000|100%| E|CS|TAMS 0x00000000e7300000, 0x00000000e7300000| Complete 
| 628|0x00000000e7400000, 0x00000000e7500000, 0x00000000e7500000|100%| E|CS|TAMS 0x00000000e7400000, 0x00000000e7400000| Complete 
| 629|0x00000000e7500000, 0x00000000e7600000, 0x00000000e7600000|100%| E|CS|TAMS 0x00000000e7500000, 0x00000000e7500000| Complete 
| 630|0x00000000e7600000, 0x00000000e7700000, 0x00000000e7700000|100%| E|CS|TAMS 0x00000000e7600000, 0x00000000e7600000| Complete 
| 631|0x00000000e7700000, 0x00000000e7800000, 0x00000000e7800000|100%| E|CS|TAMS 0x00000000e7700000, 0x00000000e7700000| Complete 
| 632|0x00000000e7800000, 0x00000000e7900000, 0x00000000e7900000|100%| E|CS|TAMS 0x00000000e7800000, 0x00000000e7800000| Complete 
| 633|0x00000000e7900000, 0x00000000e7a00000, 0x00000000e7a00000|100%| E|CS|TAMS 0x00000000e7900000, 0x00000000e7900000| Complete 
| 634|0x00000000e7a00000, 0x00000000e7b00000, 0x00000000e7b00000|100%| E|CS|TAMS 0x00000000e7a00000, 0x00000000e7a00000| Complete 
| 635|0x00000000e7b00000, 0x00000000e7c00000, 0x00000000e7c00000|100%| E|CS|TAMS 0x00000000e7b00000, 0x00000000e7b00000| Complete 
| 636|0x00000000e7c00000, 0x00000000e7d00000, 0x00000000e7d00000|100%| E|CS|TAMS 0x00000000e7c00000, 0x00000000e7c00000| Complete 
| 637|0x00000000e7d00000, 0x00000000e7e00000, 0x00000000e7e00000|100%| E|CS|TAMS 0x00000000e7d00000, 0x00000000e7d00000| Complete 
| 638|0x00000000e7e00000, 0x00000000e7f00000, 0x00000000e7f00000|100%| E|CS|TAMS 0x00000000e7e00000, 0x00000000e7e00000| Complete 
| 639|0x00000000e7f00000, 0x00000000e8000000, 0x00000000e8000000|100%| E|CS|TAMS 0x00000000e7f00000, 0x00000000e7f00000| Complete 
| 640|0x00000000e8000000, 0x00000000e8100000, 0x00000000e8100000|100%| E|CS|TAMS 0x00000000e8000000, 0x00000000e8000000| Complete 
| 641|0x00000000e8100000, 0x00000000e8200000, 0x00000000e8200000|100%| E|CS|TAMS 0x00000000e8100000, 0x00000000e8100000| Complete 
| 642|0x00000000e8200000, 0x00000000e8300000, 0x00000000e8300000|100%| E|CS|TAMS 0x00000000e8200000, 0x00000000e8200000| Complete 
| 643|0x00000000e8300000, 0x00000000e8400000, 0x00000000e8400000|100%| E|CS|TAMS 0x00000000e8300000, 0x00000000e8300000| Complete 
| 644|0x00000000e8400000, 0x00000000e8500000, 0x00000000e8500000|100%| E|CS|TAMS 0x00000000e8400000, 0x00000000e8400000| Complete 
| 645|0x00000000e8500000, 0x00000000e8600000, 0x00000000e8600000|100%| E|CS|TAMS 0x00000000e8500000, 0x00000000e8500000| Complete 
| 646|0x00000000e8600000, 0x00000000e8700000, 0x00000000e8700000|100%| E|CS|TAMS 0x00000000e8600000, 0x00000000e8600000| Complete 
| 647|0x00000000e8700000, 0x00000000e8800000, 0x00000000e8800000|100%| E|CS|TAMS 0x00000000e8700000, 0x00000000e8700000| Complete 
| 648|0x00000000e8800000, 0x00000000e8900000, 0x00000000e8900000|100%| E|CS|TAMS 0x00000000e8800000, 0x00000000e8800000| Complete 
| 649|0x00000000e8900000, 0x00000000e8a00000, 0x00000000e8a00000|100%| E|CS|TAMS 0x00000000e8900000, 0x00000000e8900000| Complete 
| 650|0x00000000e8a00000, 0x00000000e8b00000, 0x00000000e8b00000|100%| E|CS|TAMS 0x00000000e8a00000, 0x00000000e8a00000| Complete 
| 651|0x00000000e8b00000, 0x00000000e8c00000, 0x00000000e8c00000|100%| E|CS|TAMS 0x00000000e8b00000, 0x00000000e8b00000| Complete 
| 652|0x00000000e8c00000, 0x00000000e8d00000, 0x00000000e8d00000|100%| E|CS|TAMS 0x00000000e8c00000, 0x00000000e8c00000| Complete 
| 653|0x00000000e8d00000, 0x00000000e8e00000, 0x00000000e8e00000|100%| E|CS|TAMS 0x00000000e8d00000, 0x00000000e8d00000| Complete 
| 654|0x00000000e8e00000, 0x00000000e8f00000, 0x00000000e8f00000|100%| E|CS|TAMS 0x00000000e8e00000, 0x00000000e8e00000| Complete 
| 655|0x00000000e8f00000, 0x00000000e9000000, 0x00000000e9000000|100%| E|CS|TAMS 0x00000000e8f00000, 0x00000000e8f00000| Complete 
| 656|0x00000000e9000000, 0x00000000e9100000, 0x00000000e9100000|100%| E|CS|TAMS 0x00000000e9000000, 0x00000000e9000000| Complete 
| 657|0x00000000e9100000, 0x00000000e9200000, 0x00000000e9200000|100%| E|CS|TAMS 0x00000000e9100000, 0x00000000e9100000| Complete 
| 658|0x00000000e9200000, 0x00000000e9300000, 0x00000000e9300000|100%| E|CS|TAMS 0x00000000e9200000, 0x00000000e9200000| Complete 
| 659|0x00000000e9300000, 0x00000000e9400000, 0x00000000e9400000|100%| E|CS|TAMS 0x00000000e9300000, 0x00000000e9300000| Complete 
| 660|0x00000000e9400000, 0x00000000e9500000, 0x00000000e9500000|100%| E|CS|TAMS 0x00000000e9400000, 0x00000000e9400000| Complete 
| 661|0x00000000e9500000, 0x00000000e9600000, 0x00000000e9600000|100%| E|CS|TAMS 0x00000000e9500000, 0x00000000e9500000| Complete 
| 662|0x00000000e9600000, 0x00000000e9700000, 0x00000000e9700000|100%| E|CS|TAMS 0x00000000e9600000, 0x00000000e9600000| Complete 
| 663|0x00000000e9700000, 0x00000000e9800000, 0x00000000e9800000|100%| E|CS|TAMS 0x00000000e9700000, 0x00000000e9700000| Complete 
| 664|0x00000000e9800000, 0x00000000e9900000, 0x00000000e9900000|100%| E|CS|TAMS 0x00000000e9800000, 0x00000000e9800000| Complete 
| 665|0x00000000e9900000, 0x00000000e9a00000, 0x00000000e9a00000|100%| E|CS|TAMS 0x00000000e9900000, 0x00000000e9900000| Complete 
| 666|0x00000000e9a00000, 0x00000000e9b00000, 0x00000000e9b00000|100%| E|CS|TAMS 0x00000000e9a00000, 0x00000000e9a00000| Complete 
| 667|0x00000000e9b00000, 0x00000000e9c00000, 0x00000000e9c00000|100%| E|CS|TAMS 0x00000000e9b00000, 0x00000000e9b00000| Complete 
| 668|0x00000000e9c00000, 0x00000000e9d00000, 0x00000000e9d00000|100%| E|CS|TAMS 0x00000000e9c00000, 0x00000000e9c00000| Complete 
| 669|0x00000000e9d00000, 0x00000000e9e00000, 0x00000000e9e00000|100%| E|CS|TAMS 0x00000000e9d00000, 0x00000000e9d00000| Complete 
| 670|0x00000000e9e00000, 0x00000000e9f00000, 0x00000000e9f00000|100%| E|CS|TAMS 0x00000000e9e00000, 0x00000000e9e00000| Complete 
| 671|0x00000000e9f00000, 0x00000000ea000000, 0x00000000ea000000|100%| E|CS|TAMS 0x00000000e9f00000, 0x00000000e9f00000| Complete 
| 672|0x00000000ea000000, 0x00000000ea100000, 0x00000000ea100000|100%| E|CS|TAMS 0x00000000ea000000, 0x00000000ea000000| Complete 
| 673|0x00000000ea100000, 0x00000000ea200000, 0x00000000ea200000|100%| E|CS|TAMS 0x00000000ea100000, 0x00000000ea100000| Complete 
| 674|0x00000000ea200000, 0x00000000ea300000, 0x00000000ea300000|100%| E|CS|TAMS 0x00000000ea200000, 0x00000000ea200000| Complete 
| 675|0x00000000ea300000, 0x00000000ea400000, 0x00000000ea400000|100%| E|CS|TAMS 0x00000000ea300000, 0x00000000ea300000| Complete 
| 676|0x00000000ea400000, 0x00000000ea500000, 0x00000000ea500000|100%| E|CS|TAMS 0x00000000ea400000, 0x00000000ea400000| Complete 
| 677|0x00000000ea500000, 0x00000000ea600000, 0x00000000ea600000|100%| E|CS|TAMS 0x00000000ea500000, 0x00000000ea500000| Complete 
| 678|0x00000000ea600000, 0x00000000ea700000, 0x00000000ea700000|100%| E|CS|TAMS 0x00000000ea600000, 0x00000000ea600000| Complete 
| 679|0x00000000ea700000, 0x00000000ea800000, 0x00000000ea800000|100%| E|CS|TAMS 0x00000000ea700000, 0x00000000ea700000| Complete 
| 680|0x00000000ea800000, 0x00000000ea900000, 0x00000000ea900000|100%| E|CS|TAMS 0x00000000ea800000, 0x00000000ea800000| Complete 
| 681|0x00000000ea900000, 0x00000000eaa00000, 0x00000000eaa00000|100%| E|CS|TAMS 0x00000000ea900000, 0x00000000ea900000| Complete 
| 682|0x00000000eaa00000, 0x00000000eab00000, 0x00000000eab00000|100%| E|CS|TAMS 0x00000000eaa00000, 0x00000000eaa00000| Complete 
| 683|0x00000000eab00000, 0x00000000eac00000, 0x00000000eac00000|100%| E|CS|TAMS 0x00000000eab00000, 0x00000000eab00000| Complete 
| 684|0x00000000eac00000, 0x00000000ead00000, 0x00000000ead00000|100%| E|CS|TAMS 0x00000000eac00000, 0x00000000eac00000| Complete 
| 685|0x00000000ead00000, 0x00000000eae00000, 0x00000000eae00000|100%| E|CS|TAMS 0x00000000ead00000, 0x00000000ead00000| Complete 
| 686|0x00000000eae00000, 0x00000000eaf00000, 0x00000000eaf00000|100%| E|CS|TAMS 0x00000000eae00000, 0x00000000eae00000| Complete 
| 687|0x00000000eaf00000, 0x00000000eb000000, 0x00000000eb000000|100%| E|CS|TAMS 0x00000000eaf00000, 0x00000000eaf00000| Complete 
| 688|0x00000000eb000000, 0x00000000eb100000, 0x00000000eb100000|100%| E|CS|TAMS 0x00000000eb000000, 0x00000000eb000000| Complete 
| 689|0x00000000eb100000, 0x00000000eb200000, 0x00000000eb200000|100%| E|CS|TAMS 0x00000000eb100000, 0x00000000eb100000| Complete 
| 690|0x00000000eb200000, 0x00000000eb300000, 0x00000000eb300000|100%| E|CS|TAMS 0x00000000eb200000, 0x00000000eb200000| Complete 
| 691|0x00000000eb300000, 0x00000000eb400000, 0x00000000eb400000|100%| E|CS|TAMS 0x00000000eb300000, 0x00000000eb300000| Complete 
| 692|0x00000000eb400000, 0x00000000eb500000, 0x00000000eb500000|100%| E|CS|TAMS 0x00000000eb400000, 0x00000000eb400000| Complete 
| 693|0x00000000eb500000, 0x00000000eb600000, 0x00000000eb600000|100%| E|CS|TAMS 0x00000000eb500000, 0x00000000eb500000| Complete 
| 694|0x00000000eb600000, 0x00000000eb700000, 0x00000000eb700000|100%| E|CS|TAMS 0x00000000eb600000, 0x00000000eb600000| Complete 
| 695|0x00000000eb700000, 0x00000000eb800000, 0x00000000eb800000|100%| E|CS|TAMS 0x00000000eb700000, 0x00000000eb700000| Complete 
| 696|0x00000000eb800000, 0x00000000eb900000, 0x00000000eb900000|100%| E|CS|TAMS 0x00000000eb800000, 0x00000000eb800000| Complete 
| 697|0x00000000eb900000, 0x00000000eba00000, 0x00000000eba00000|100%| E|CS|TAMS 0x00000000eb900000, 0x00000000eb900000| Complete 
| 698|0x00000000eba00000, 0x00000000ebb00000, 0x00000000ebb00000|100%| E|CS|TAMS 0x00000000eba00000, 0x00000000eba00000| Complete 
| 699|0x00000000ebb00000, 0x00000000ebc00000, 0x00000000ebc00000|100%| E|CS|TAMS 0x00000000ebb00000, 0x00000000ebb00000| Complete 
| 700|0x00000000ebc00000, 0x00000000ebcab330, 0x00000000ebd00000| 66%| E|CS|TAMS 0x00000000ebc00000, 0x00000000ebc00000| Complete 
| 701|0x00000000ebd00000, 0x00000000ebe00000, 0x00000000ebe00000|100%| E|CS|TAMS 0x00000000ebd00000, 0x00000000ebd00000| Complete 
| 702|0x00000000ebe00000, 0x00000000ebf00000, 0x00000000ebf00000|100%| E|CS|TAMS 0x00000000ebe00000, 0x00000000ebe00000| Complete 
| 703|0x00000000ebf00000, 0x00000000ec000000, 0x00000000ec000000|100%| E|CS|TAMS 0x00000000ebf00000, 0x00000000ebf00000| Complete 
| 704|0x00000000ec000000, 0x00000000ec100000, 0x00000000ec100000|100%| E|CS|TAMS 0x00000000ec000000, 0x00000000ec000000| Complete 
| 705|0x00000000ec100000, 0x00000000ec200000, 0x00000000ec200000|100%| E|CS|TAMS 0x00000000ec100000, 0x00000000ec100000| Complete 
| 706|0x00000000ec200000, 0x00000000ec300000, 0x00000000ec300000|100%| E|CS|TAMS 0x00000000ec200000, 0x00000000ec200000| Complete 
| 707|0x00000000ec300000, 0x00000000ec400000, 0x00000000ec400000|100%| E|CS|TAMS 0x00000000ec300000, 0x00000000ec300000| Complete 
| 708|0x00000000ec400000, 0x00000000ec500000, 0x00000000ec500000|100%| E|CS|TAMS 0x00000000ec400000, 0x00000000ec400000| Complete 
| 709|0x00000000ec500000, 0x00000000ec600000, 0x00000000ec600000|100%| E|CS|TAMS 0x00000000ec500000, 0x00000000ec500000| Complete 
| 710|0x00000000ec600000, 0x00000000ec700000, 0x00000000ec700000|100%| E|CS|TAMS 0x00000000ec600000, 0x00000000ec600000| Complete 
| 711|0x00000000ec700000, 0x00000000ec800000, 0x00000000ec800000|100%| E|CS|TAMS 0x00000000ec700000, 0x00000000ec700000| Complete 
| 712|0x00000000ec800000, 0x00000000ec900000, 0x00000000ec900000|100%| E|CS|TAMS 0x00000000ec800000, 0x00000000ec800000| Complete 
| 713|0x00000000ec900000, 0x00000000eca00000, 0x00000000eca00000|100%| E|CS|TAMS 0x00000000ec900000, 0x00000000ec900000| Complete 
| 714|0x00000000eca00000, 0x00000000ecb00000, 0x00000000ecb00000|100%| E|CS|TAMS 0x00000000eca00000, 0x00000000eca00000| Complete 
| 715|0x00000000ecb00000, 0x00000000ecc00000, 0x00000000ecc00000|100%| E|CS|TAMS 0x00000000ecb00000, 0x00000000ecb00000| Complete 
| 716|0x00000000ecc00000, 0x00000000ecd00000, 0x00000000ecd00000|100%| E|CS|TAMS 0x00000000ecc00000, 0x00000000ecc00000| Complete 
| 717|0x00000000ecd00000, 0x00000000ece00000, 0x00000000ece00000|100%| E|CS|TAMS 0x00000000ecd00000, 0x00000000ecd00000| Complete 
| 718|0x00000000ece00000, 0x00000000ecf00000, 0x00000000ecf00000|100%| E|CS|TAMS 0x00000000ece00000, 0x00000000ece00000| Complete 
| 719|0x00000000ecf00000, 0x00000000ed000000, 0x00000000ed000000|100%| E|CS|TAMS 0x00000000ecf00000, 0x00000000ecf00000| Complete 
| 720|0x00000000ed000000, 0x00000000ed100000, 0x00000000ed100000|100%| E|CS|TAMS 0x00000000ed000000, 0x00000000ed000000| Complete 
| 721|0x00000000ed100000, 0x00000000ed200000, 0x00000000ed200000|100%| E|CS|TAMS 0x00000000ed100000, 0x00000000ed100000| Complete 
| 722|0x00000000ed200000, 0x00000000ed300000, 0x00000000ed300000|100%| E|CS|TAMS 0x00000000ed200000, 0x00000000ed200000| Complete 
| 723|0x00000000ed300000, 0x00000000ed400000, 0x00000000ed400000|100%| E|CS|TAMS 0x00000000ed300000, 0x00000000ed300000| Complete 
| 724|0x00000000ed400000, 0x00000000ed500000, 0x00000000ed500000|100%| E|CS|TAMS 0x00000000ed400000, 0x00000000ed400000| Complete 
| 725|0x00000000ed500000, 0x00000000ed600000, 0x00000000ed600000|100%| E|CS|TAMS 0x00000000ed500000, 0x00000000ed500000| Complete 
| 726|0x00000000ed600000, 0x00000000ed700000, 0x00000000ed700000|100%| E|CS|TAMS 0x00000000ed600000, 0x00000000ed600000| Complete 
| 727|0x00000000ed700000, 0x00000000ed800000, 0x00000000ed800000|100%| E|CS|TAMS 0x00000000ed700000, 0x00000000ed700000| Complete 
| 728|0x00000000ed800000, 0x00000000ed900000, 0x00000000ed900000|100%| E|CS|TAMS 0x00000000ed800000, 0x00000000ed800000| Complete 
| 729|0x00000000ed900000, 0x00000000eda00000, 0x00000000eda00000|100%| E|CS|TAMS 0x00000000ed900000, 0x00000000ed900000| Complete 
| 730|0x00000000eda00000, 0x00000000edb00000, 0x00000000edb00000|100%| E|CS|TAMS 0x00000000eda00000, 0x00000000eda00000| Complete 
| 731|0x00000000edb00000, 0x00000000edc00000, 0x00000000edc00000|100%| E|CS|TAMS 0x00000000edb00000, 0x00000000edb00000| Complete 
| 732|0x00000000edc00000, 0x00000000edd00000, 0x00000000edd00000|100%| E|CS|TAMS 0x00000000edc00000, 0x00000000edc00000| Complete 
| 733|0x00000000edd00000, 0x00000000ede00000, 0x00000000ede00000|100%| E|CS|TAMS 0x00000000edd00000, 0x00000000edd00000| Complete 
| 734|0x00000000ede00000, 0x00000000edf00000, 0x00000000edf00000|100%| E|CS|TAMS 0x00000000ede00000, 0x00000000ede00000| Complete 
| 735|0x00000000edf00000, 0x00000000ee000000, 0x00000000ee000000|100%| E|CS|TAMS 0x00000000edf00000, 0x00000000edf00000| Complete 
| 736|0x00000000ee000000, 0x00000000ee100000, 0x00000000ee100000|100%| E|CS|TAMS 0x00000000ee000000, 0x00000000ee000000| Complete 
| 737|0x00000000ee100000, 0x00000000ee200000, 0x00000000ee200000|100%| E|CS|TAMS 0x00000000ee100000, 0x00000000ee100000| Complete 
| 738|0x00000000ee200000, 0x00000000ee300000, 0x00000000ee300000|100%| E|CS|TAMS 0x00000000ee200000, 0x00000000ee200000| Complete 
| 739|0x00000000ee300000, 0x00000000ee400000, 0x00000000ee400000|100%| E|CS|TAMS 0x00000000ee300000, 0x00000000ee300000| Complete 
| 740|0x00000000ee400000, 0x00000000ee500000, 0x00000000ee500000|100%| E|CS|TAMS 0x00000000ee400000, 0x00000000ee400000| Complete 
| 741|0x00000000ee500000, 0x00000000ee600000, 0x00000000ee600000|100%| E|CS|TAMS 0x00000000ee500000, 0x00000000ee500000| Complete 
| 742|0x00000000ee600000, 0x00000000ee700000, 0x00000000ee700000|100%| E|CS|TAMS 0x00000000ee600000, 0x00000000ee600000| Complete 
| 743|0x00000000ee700000, 0x00000000ee800000, 0x00000000ee800000|100%| E|CS|TAMS 0x00000000ee700000, 0x00000000ee700000| Complete 
| 744|0x00000000ee800000, 0x00000000ee900000, 0x00000000ee900000|100%| E|CS|TAMS 0x00000000ee800000, 0x00000000ee800000| Complete 
| 745|0x00000000ee900000, 0x00000000eea00000, 0x00000000eea00000|100%| E|CS|TAMS 0x00000000ee900000, 0x00000000ee900000| Complete 
| 746|0x00000000eea00000, 0x00000000eeb00000, 0x00000000eeb00000|100%| E|CS|TAMS 0x00000000eea00000, 0x00000000eea00000| Complete 
| 747|0x00000000eeb00000, 0x00000000eec00000, 0x00000000eec00000|100%| E|CS|TAMS 0x00000000eeb00000, 0x00000000eeb00000| Complete 
| 748|0x00000000eec00000, 0x00000000eed00000, 0x00000000eed00000|100%| E|CS|TAMS 0x00000000eec00000, 0x00000000eec00000| Complete 
| 749|0x00000000eed00000, 0x00000000eee00000, 0x00000000eee00000|100%| E|CS|TAMS 0x00000000eed00000, 0x00000000eed00000| Complete 
| 750|0x00000000eee00000, 0x00000000eef00000, 0x00000000eef00000|100%| E|CS|TAMS 0x00000000eee00000, 0x00000000eee00000| Complete 
| 751|0x00000000eef00000, 0x00000000ef000000, 0x00000000ef000000|100%| E|CS|TAMS 0x00000000eef00000, 0x00000000eef00000| Complete 
| 752|0x00000000ef000000, 0x00000000ef100000, 0x00000000ef100000|100%| E|CS|TAMS 0x00000000ef000000, 0x00000000ef000000| Complete 
| 753|0x00000000ef100000, 0x00000000ef200000, 0x00000000ef200000|100%| E|CS|TAMS 0x00000000ef100000, 0x00000000ef100000| Complete 
| 754|0x00000000ef200000, 0x00000000ef300000, 0x00000000ef300000|100%| E|CS|TAMS 0x00000000ef200000, 0x00000000ef200000| Complete 
| 755|0x00000000ef300000, 0x00000000ef400000, 0x00000000ef400000|100%| E|CS|TAMS 0x00000000ef300000, 0x00000000ef300000| Complete 
| 756|0x00000000ef400000, 0x00000000ef500000, 0x00000000ef500000|100%| E|CS|TAMS 0x00000000ef400000, 0x00000000ef400000| Complete 
| 757|0x00000000ef500000, 0x00000000ef600000, 0x00000000ef600000|100%| E|CS|TAMS 0x00000000ef500000, 0x00000000ef500000| Complete 
| 758|0x00000000ef600000, 0x00000000ef700000, 0x00000000ef700000|100%| E|CS|TAMS 0x00000000ef600000, 0x00000000ef600000| Complete 
| 759|0x00000000ef700000, 0x00000000ef800000, 0x00000000ef800000|100%| E|CS|TAMS 0x00000000ef700000, 0x00000000ef700000| Complete 
| 760|0x00000000ef800000, 0x00000000ef900000, 0x00000000ef900000|100%| E|CS|TAMS 0x00000000ef800000, 0x00000000ef800000| Complete 
| 761|0x00000000ef900000, 0x00000000efa00000, 0x00000000efa00000|100%| E|CS|TAMS 0x00000000ef900000, 0x00000000ef900000| Complete 
| 762|0x00000000efa00000, 0x00000000efb00000, 0x00000000efb00000|100%| E|CS|TAMS 0x00000000efa00000, 0x00000000efa00000| Complete 
| 763|0x00000000efb00000, 0x00000000efc00000, 0x00000000efc00000|100%| E|CS|TAMS 0x00000000efb00000, 0x00000000efb00000| Complete 
| 764|0x00000000efc00000, 0x00000000efd00000, 0x00000000efd00000|100%| E|CS|TAMS 0x00000000efc00000, 0x00000000efc00000| Complete 
| 765|0x00000000efd00000, 0x00000000efe00000, 0x00000000efe00000|100%| E|CS|TAMS 0x00000000efd00000, 0x00000000efd00000| Complete 
| 766|0x00000000efe00000, 0x00000000eff00000, 0x00000000eff00000|100%| E|CS|TAMS 0x00000000efe00000, 0x00000000efe00000| Complete 
| 767|0x00000000eff00000, 0x00000000f0000000, 0x00000000f0000000|100%| E|CS|TAMS 0x00000000eff00000, 0x00000000eff00000| Complete 
| 768|0x00000000f0000000, 0x00000000f0100000, 0x00000000f0100000|100%| E|CS|TAMS 0x00000000f0000000, 0x00000000f0000000| Complete 
| 769|0x00000000f0100000, 0x00000000f0200000, 0x00000000f0200000|100%| E|CS|TAMS 0x00000000f0100000, 0x00000000f0100000| Complete 
| 770|0x00000000f0200000, 0x00000000f0300000, 0x00000000f0300000|100%| E|CS|TAMS 0x00000000f0200000, 0x00000000f0200000| Complete 
| 771|0x00000000f0300000, 0x00000000f0400000, 0x00000000f0400000|100%| E|CS|TAMS 0x00000000f0300000, 0x00000000f0300000| Complete 
| 772|0x00000000f0400000, 0x00000000f0500000, 0x00000000f0500000|100%| E|CS|TAMS 0x00000000f0400000, 0x00000000f0400000| Complete 
| 773|0x00000000f0500000, 0x00000000f0600000, 0x00000000f0600000|100%| E|CS|TAMS 0x00000000f0500000, 0x00000000f0500000| Complete 
| 774|0x00000000f0600000, 0x00000000f0700000, 0x00000000f0700000|100%| E|CS|TAMS 0x00000000f0600000, 0x00000000f0600000| Complete 
| 775|0x00000000f0700000, 0x00000000f0800000, 0x00000000f0800000|100%| E|CS|TAMS 0x00000000f0700000, 0x00000000f0700000| Complete 
| 776|0x00000000f0800000, 0x00000000f0900000, 0x00000000f0900000|100%| E|CS|TAMS 0x00000000f0800000, 0x00000000f0800000| Complete 
| 777|0x00000000f0900000, 0x00000000f0a00000, 0x00000000f0a00000|100%| E|CS|TAMS 0x00000000f0900000, 0x00000000f0900000| Complete 
| 778|0x00000000f0a00000, 0x00000000f0b00000, 0x00000000f0b00000|100%| E|CS|TAMS 0x00000000f0a00000, 0x00000000f0a00000| Complete 
| 779|0x00000000f0b00000, 0x00000000f0c00000, 0x00000000f0c00000|100%| E|CS|TAMS 0x00000000f0b00000, 0x00000000f0b00000| Complete 
| 780|0x00000000f0c00000, 0x00000000f0d00000, 0x00000000f0d00000|100%| E|CS|TAMS 0x00000000f0c00000, 0x00000000f0c00000| Complete 
| 781|0x00000000f0d00000, 0x00000000f0e00000, 0x00000000f0e00000|100%| E|CS|TAMS 0x00000000f0d00000, 0x00000000f0d00000| Complete 
| 782|0x00000000f0e00000, 0x00000000f0f00000, 0x00000000f0f00000|100%| E|CS|TAMS 0x00000000f0e00000, 0x00000000f0e00000| Complete 
| 783|0x00000000f0f00000, 0x00000000f1000000, 0x00000000f1000000|100%| E|CS|TAMS 0x00000000f0f00000, 0x00000000f0f00000| Complete 
| 784|0x00000000f1000000, 0x00000000f1100000, 0x00000000f1100000|100%| E|CS|TAMS 0x00000000f1000000, 0x00000000f1000000| Complete 
| 785|0x00000000f1100000, 0x00000000f1200000, 0x00000000f1200000|100%| E|CS|TAMS 0x00000000f1100000, 0x00000000f1100000| Complete 
| 786|0x00000000f1200000, 0x00000000f1300000, 0x00000000f1300000|100%| E|CS|TAMS 0x00000000f1200000, 0x00000000f1200000| Complete 
| 787|0x00000000f1300000, 0x00000000f1400000, 0x00000000f1400000|100%| E|CS|TAMS 0x00000000f1300000, 0x00000000f1300000| Complete 
| 788|0x00000000f1400000, 0x00000000f1500000, 0x00000000f1500000|100%| E|CS|TAMS 0x00000000f1400000, 0x00000000f1400000| Complete 
|1022|0x00000000ffe00000, 0x00000000ffe47000, 0x00000000fff00000| 27%|OA|  |TAMS 0x00000000ffe47000, 0x00000000ffe00000| Untracked 
|1023|0x00000000fff00000, 0x00000000fff6c000, 0x0000000100000000| 42%|CA|  |TAMS 0x00000000fff6c000, 0x00000000fff00000| Untracked 

Card table byte_map: [0x000077ac4c2f5000,0x000077ac4c4f5000] _byte_map_base: 0x000077ac4bcf5000

Marking Bits (Prev, Next): (CMBitMap*) 0x000077ac4805b7c8, (CMBitMap*) 0x000077ac4805b800
 Prev Bits: [0x000077ac2b000000, 0x000077ac2c000000)
 Next Bits: [0x000077ac2a000000, 0x000077ac2b000000)

Polling page: 0x000077ac4fe3c000

Metaspace:

Usage:
  Non-class:    134.30 MB capacity,   130.80 MB ( 97%) used,     2.63 MB (  2%) free+waste,   890.19 KB ( <1%) overhead. 
      Class:     23.44 MB capacity,    20.05 MB ( 86%) used,     2.93 MB ( 13%) free+waste,   467.50 KB (  2%) overhead. 
       Both:    157.74 MB capacity,   150.85 MB ( 96%) used,     5.57 MB (  4%) free+waste,     1.33 MB ( <1%) overhead. 

Virtual space:
  Non-class space:      136.00 MB reserved,     135.50 MB (>99%) committed 
      Class space:        1.00 GB reserved,      24.25 MB (  2%) committed 
             Both:        1.13 GB reserved,     159.75 MB ( 14%) committed 

Chunk freelists:
   Non-Class:  1.08 MB
       Class:  834.00 KB
        Both:  1.89 MB

MaxMetaspaceSize: unlimited
CompressedClassSpaceSize: 1.00 GB
Initial GC threshold: 20.80 MB
Current GC threshold: 266.25 MB
CDS: on

CodeHeap 'non-profiled nmethods': size=119172Kb used=11053Kb max_used=11053Kb free=108118Kb
 bounds [0x000077ac38343000, 0x000077ac38e13000, 0x000077ac3f7a4000]
CodeHeap 'profiled nmethods': size=119168Kb used=39475Kb max_used=39475Kb free=79692Kb
 bounds [0x000077ac30ee3000, 0x000077ac33573000, 0x000077ac38343000]
CodeHeap 'non-nmethods': size=7420Kb used=1613Kb max_used=2640Kb free=5806Kb
 bounds [0x000077ac307a4000, 0x000077ac30a44000, 0x000077ac30ee3000]
 total_blobs=22101 nmethods=21111 adapters=902
 compilation: enabled
              stopped_count=0, restarted_count=0
 full_count=0

Compilation events (20 events):
Event: 46.574 Thread 0x000077ac4813b800 nmethod 21728 0x000077ac38e0b910 code [0x000077ac38e0bb00, 0x000077ac38e0c2e8]
Event: 46.575 Thread 0x000077ac4813b800 21729       4       org.apache.iceberg.shaded.org.apache.parquet.shaded.org.apache.thrift.protocol.TCompactProtocol::readVarint32 (128 bytes)
Event: 46.575 Thread 0x000077ac4813d800 21733       3       org.apache.iceberg.arrow.vectorized.parquet.VectorizedParquetDefinitionLevelReader$VarWidthReader::nextVal (70 bytes)
Event: 46.575 Thread 0x000077ac4813d800 nmethod 21733 0x000077ac33569b10 code [0x000077ac33569da0, 0x000077ac3356a8b0]
Event: 46.575 Thread 0x000077ac4813d800 21737       3       org.apache.iceberg.arrow.vectorized.parquet.VectorizedParquetDefinitionLevelReader$BaseReader::nextBatch (298 bytes)
Event: 46.576 Thread 0x000077ac4813d800 nmethod 21737 0x000077ac3356ad90 code [0x000077ac3356b060, 0x000077ac3356c120]
Event: 46.576 Thread 0x000077ac4813d800 21735       3       org.apache.iceberg.shaded.org.apache.arrow.vector.BaseVariableWidthVector::handleSafe (64 bytes)
Event: 46.576 Thread 0x000077ac4813d800 nmethod 21735 0x000077ac3356c910 code [0x000077ac3356cb80, 0x000077ac3356d7f0]
Event: 46.576 Thread 0x000077ac4813d800 21741       3       org.apache.iceberg.shaded.io.netty.buffer.AbstractReferenceCountedByteBuf$1::unsafeOffset (4 bytes)
Event: 46.576 Thread 0x000077ac4813d800 nmethod 21741 0x000077ac3356dc90 code [0x000077ac3356de40, 0x000077ac3356dfb0]
Event: 46.576 Thread 0x000077ac4813d800 21740       3       org.apache.iceberg.shaded.org.apache.arrow.vector.BaseVariableWidthVector::setValueLengthSafe (57 bytes)
Event: 46.577 Thread 0x000077ac4813d800 nmethod 21740 0x000077ac3356e090 code [0x000077ac3356e2c0, 0x000077ac3356e950]
Event: 46.577 Thread 0x000077ac4813d800 21734       3       org.apache.iceberg.shaded.org.apache.arrow.memory.ArrowBuf::<init> (104 bytes)
Event: 46.577 Thread 0x000077ac4813d800 nmethod 21734 0x000077ac3356ec90 code [0x000077ac3356ee60, 0x000077ac3356f1b0]
Event: 46.578 Thread 0x000077ac4813d800 21743       3       org.apache.iceberg.shaded.org.apache.arrow.memory.BufferLedger::release (6 bytes)
Event: 46.578 Thread 0x000077ac4813d800 nmethod 21743 0x000077ac3356f290 code [0x000077ac3356f440, 0x000077ac3356f580]
Event: 46.581 Thread 0x000077ac4813d800 21746   !   3       org.apache.iceberg.shaded.org.apache.arrow.memory.BufferLedger::decrement (59 bytes)
Event: 46.581 Thread 0x000077ac4813d800 nmethod 21746 0x000077ac3356f610 code [0x000077ac3356f800, 0x000077ac3356fd90]
Event: 46.586 Thread 0x000077ac4813b800 nmethod 21729 0x000077ac38e0c990 code [0x000077ac38e0cbe0, 0x000077ac38e0d998]
Event: 46.586 Thread 0x000077ac4813b800 21742       4       org.apache.iceberg.shaded.org.apache.arrow.vector.BaseVariableWidthVector::handleSafe (64 bytes)

GC Heap History (20 events):
Event: 43.620 GC heap after
{Heap after GC invocations=169 (full 0):
 garbage-first heap   total 809984K, used 339979K [0x00000000c0000000, 0x0000000100000000)
  region size 1024K, 8 young (8192K), 8 survivors (8192K)
 Metaspace       used 154118K, capacity 161171K, committed 163328K, reserved 1187840K
  class space    used 20516K, capacity 23983K, committed 24832K, reserved 1048576K
}
Event: 44.069 GC heap before
{Heap before GC invocations=170 (full 0):
 garbage-first heap   total 809984K, used 631819K [0x00000000c0000000, 0x0000000100000000)
  region size 1024K, 283 young (289792K), 8 survivors (8192K)
 Metaspace       used 154198K, capacity 161260K, committed 163328K, reserved 1187840K
  class space    used 20516K, capacity 23984K, committed 24832K, reserved 1048576K
}
Event: 44.075 GC heap after
{Heap after GC invocations=171 (full 0):
 garbage-first heap   total 809984K, used 320986K [0x00000000c0000000, 0x0000000100000000)
  region size 1024K, 17 young (17408K), 17 survivors (17408K)
 Metaspace       used 154198K, capacity 161260K, committed 163328K, reserved 1187840K
  class space    used 20516K, capacity 23984K, committed 24832K, reserved 1048576K
}
Event: 44.111 GC heap before
{Heap before GC invocations=171 (full 0):
 garbage-first heap   total 809984K, used 352730K [0x00000000c0000000, 0x0000000100000000)
  region size 1024K, 39 young (39936K), 17 survivors (17408K)
 Metaspace       used 154206K, capacity 161265K, committed 163328K, reserved 1187840K
  class space    used 20516K, capacity 23984K, committed 24832K, reserved 1048576K
}
Event: 44.117 GC heap after
{Heap after GC invocations=172 (full 0):
 garbage-first heap   total 809984K, used 302773K [0x00000000c0000000, 0x0000000100000000)
  region size 1024K, 5 young (5120K), 5 survivors (5120K)
 Metaspace       used 154206K, capacity 161265K, committed 163328K, reserved 1187840K
  class space    used 20516K, capacity 23984K, committed 24832K, reserved 1048576K
}
Event: 44.476 GC heap before
{Heap before GC invocations=172 (full 0):
 garbage-first heap   total 809984K, used 561845K [0x00000000c0000000, 0x0000000100000000)
  region size 1024K, 196 young (200704K), 5 survivors (5120K)
 Metaspace       used 154211K, capacity 161266K, committed 163328K, reserved 1187840K
  class space    used 20517K, capacity 23984K, committed 24832K, reserved 1048576K
}
Event: 44.481 GC heap after
{Heap after GC invocations=173 (full 0):
 garbage-first heap   total 809984K, used 358705K [0x00000000c0000000, 0x0000000100000000)
  region size 1024K, 12 young (12288K), 12 survivors (12288K)
 Metaspace       used 154211K, capacity 161266K, committed 163328K, reserved 1187840K
  class space    used 20517K, capacity 23984K, committed 24832K, reserved 1048576K
}
Event: 44.989 GC heap before
{Heap before GC invocations=174 (full 0):
 garbage-first heap   total 809984K, used 676145K [0x00000000c0000000, 0x0000000100000000)
  region size 1024K, 293 young (300032K), 12 survivors (12288K)
 Metaspace       used 154243K, capacity 161269K, committed 163328K, reserved 1187840K
  class space    used 20518K, capacity 23984K, committed 24832K, reserved 1048576K
}
Event: 44.995 GC heap after
{Heap after GC invocations=175 (full 0):
 garbage-first heap   total 809984K, used 343760K [0x00000000c0000000, 0x0000000100000000)
  region size 1024K, 19 young (19456K), 19 survivors (19456K)
 Metaspace       used 154243K, capacity 161269K, committed 163328K, reserved 1187840K
  class space    used 20518K, capacity 23984K, committed 24832K, reserved 1048576K
}
Event: 45.010 GC heap before
{Heap before GC invocations=175 (full 0):
 garbage-first heap   total 809984K, used 366288K [0x00000000c0000000, 0x0000000100000000)
  region size 1024K, 39 young (39936K), 19 survivors (19456K)
 Metaspace       used 154243K, capacity 161269K, committed 163328K, reserved 1187840K
  class space    used 20518K, capacity 23984K, committed 24832K, reserved 1048576K
}
Event: 45.016 GC heap after
{Heap after GC invocations=176 (full 0):
 garbage-first heap   total 809984K, used 336194K [0x00000000c0000000, 0x0000000100000000)
  region size 1024K, 5 young (5120K), 5 survivors (5120K)
 Metaspace       used 154243K, capacity 161269K, committed 163328K, reserved 1187840K
  class space    used 20518K, capacity 23984K, committed 24832K, reserved 1048576K
}
Event: 45.266 GC heap before
{Heap before GC invocations=176 (full 0):
 garbage-first heap   total 809984K, used 551234K [0x00000000c0000000, 0x0000000100000000)
  region size 1024K, 172 young (176128K), 5 survivors (5120K)
 Metaspace       used 154251K, capacity 161269K, committed 163328K, reserved 1187840K
  class space    used 20518K, capacity 23984K, committed 24832K, reserved 1048576K
}
Event: 45.273 GC heap after
{Heap after GC invocations=177 (full 0):
 garbage-first heap   total 809984K, used 368998K [0x00000000c0000000, 0x0000000100000000)
  region size 1024K, 11 young (11264K), 11 survivors (11264K)
 Metaspace       used 154251K, capacity 161269K, committed 163328K, reserved 1187840K
  class space    used 20518K, capacity 23984K, committed 24832K, reserved 1048576K
}
Event: 45.773 GC heap before
{Heap before GC invocations=178 (full 0):
 garbage-first heap   total 809984K, used 705894K [0x00000000c0000000, 0x0000000100000000)
  region size 1024K, 290 young (296960K), 11 survivors (11264K)
 Metaspace       used 154273K, capacity 161336K, committed 163584K, reserved 1187840K
  class space    used 20519K, capacity 23984K, committed 24832K, reserved 1048576K
}
Event: 45.780 GC heap after
{Heap after GC invocations=179 (full 0):
 garbage-first heap   total 809984K, used 375085K [0x00000000c0000000, 0x0000000100000000)
  region size 1024K, 20 young (20480K), 20 survivors (20480K)
 Metaspace       used 154273K, capacity 161336K, committed 163584K, reserved 1187840K
  class space    used 20519K, capacity 23984K, committed 24832K, reserved 1048576K
}
Event: 45.881 GC heap before
{Heap before GC invocations=179 (full 0):
 garbage-first heap   total 809984K, used 410925K [0x00000000c0000000, 0x0000000100000000)
  region size 1024K, 39 young (39936K), 20 survivors (20480K)
 Metaspace       used 154299K, capacity 161348K, committed 163584K, reserved 1187840K
  class space    used 20519K, capacity 23984K, committed 24832K, reserved 1048576K
}
Event: 45.892 GC heap after
{Heap after GC invocations=180 (full 0):
 garbage-first heap   total 809984K, used 370653K [0x00000000c0000000, 0x0000000100000000)
  region size 1024K, 5 young (5120K), 5 survivors (5120K)
 Metaspace       used 154299K, capacity 161348K, committed 163584K, reserved 1187840K
  class space    used 20519K, capacity 23984K, committed 24832K, reserved 1048576K
}
Event: 46.011 GC heap before
{Heap before GC invocations=180 (full 0):
 garbage-first heap   total 809984K, used 465885K [0x00000000c0000000, 0x0000000100000000)
  region size 1024K, 82 young (83968K), 5 survivors (5120K)
 Metaspace       used 154325K, capacity 161351K, committed 163584K, reserved 1187840K
  class space    used 20519K, capacity 23984K, committed 24832K, reserved 1048576K
}
Event: 46.016 GC heap after
{Heap after GC invocations=181 (full 0):
 garbage-first heap   total 809984K, used 382602K [0x00000000c0000000, 0x0000000100000000)
  region size 1024K, 7 young (7168K), 7 survivors (7168K)
 Metaspace       used 154325K, capacity 161351K, committed 163584K, reserved 1187840K
  class space    used 20519K, capacity 23984K, committed 24832K, reserved 1048576K
}
Event: 46.587 GC heap before
{Heap before GC invocations=182 (full 0):
 garbage-first heap   total 809984K, used 677514K [0x00000000c0000000, 0x0000000100000000)
  region size 1024K, 288 young (294912K), 7 survivors (7168K)
 Metaspace       used 154467K, capacity 161525K, committed 163584K, reserved 1187840K
  class space    used 20528K, capacity 23998K, committed 24832K, reserved 1048576K
}

Deoptimization events (20 events):
Event: 46.573 Thread 0x000077ab84039800 DEOPT PACKING pc=0x000077ac38ab393c sp=0x000077ab265f92b0
Event: 46.573 Thread 0x000077ab84039800 DEOPT UNPACKING pc=0x000077ac307edea5 sp=0x000077ab265f9188 mode 2
Event: 46.573 Thread 0x000077ab84039800 Uncommon trap: trap_request=0xffffff4d fr.pc=0x000077ac38ab8948 relative=0x0000000000000128
Event: 46.573 Thread 0x000077ab84039800 Uncommon trap: reason=unstable_if action=reinterpret pc=0x000077ac38ab8948 method=org.apache.iceberg.shaded.org.apache.arrow.vector.BaseVariableWidthVector.handleSafe(II)V @ 54 c2
Event: 46.573 Thread 0x000077ab84039800 DEOPT PACKING pc=0x000077ac38ab8948 sp=0x000077ab265f9150
Event: 46.573 Thread 0x000077ab84039800 DEOPT UNPACKING pc=0x000077ac307edea5 sp=0x000077ab265f90e8 mode 2
Event: 46.573 Thread 0x000077ab84039800 Uncommon trap: trap_request=0xffffff4d fr.pc=0x000077ac38de50d0 relative=0x00000000000020d0
Event: 46.574 Thread 0x000077ab84039800 Uncommon trap: reason=unstable_if action=reinterpret pc=0x000077ac38de50d0 method=org.apache.iceberg.shaded.io.netty.buffer.PoolChunk.isSubpage(J)Z @ 8 c2
Event: 46.574 Thread 0x000077ab84039800 DEOPT PACKING pc=0x000077ac38de50d0 sp=0x000077ab265f8fa0
Event: 46.574 Thread 0x000077ab84039800 DEOPT UNPACKING pc=0x000077ac307edea5 sp=0x000077ab265f8a30 mode 2
Event: 46.574 Thread 0x000077ab84039800 Uncommon trap: trap_request=0xffffff4d fr.pc=0x000077ac38ded0ac relative=0x000000000000326c
Event: 46.574 Thread 0x000077ab84039800 Uncommon trap: reason=unstable_if action=reinterpret pc=0x000077ac38ded0ac method=org.apache.iceberg.shaded.io.netty.buffer.PoolChunk.isSubpage(J)Z @ 8 c2
Event: 46.575 Thread 0x000077ab84039800 DEOPT PACKING pc=0x000077ac38ded0ac sp=0x000077ab265f8e70
Event: 46.575 Thread 0x000077ab84039800 DEOPT UNPACKING pc=0x000077ac307edea5 sp=0x000077ab265f89d8 mode 2
Event: 46.578 Thread 0x000077ab84039800 DEOPT PACKING pc=0x000077ac3356bfe1 sp=0x000077ab265f9300
Event: 46.578 Thread 0x000077ab84039800 DEOPT UNPACKING pc=0x000077ac307ee64a sp=0x000077ab265f8838 mode 0
Event: 46.582 Thread 0x000077ab84039800 DEOPT PACKING pc=0x000077ac3356bfe1 sp=0x000077ab265f9300
Event: 46.582 Thread 0x000077ab84039800 DEOPT UNPACKING pc=0x000077ac307ee64a sp=0x000077ab265f8838 mode 0
Event: 46.585 Thread 0x000077ab84039800 DEOPT PACKING pc=0x000077ac3356bfe1 sp=0x000077ab265f9300
Event: 46.585 Thread 0x000077ab84039800 DEOPT UNPACKING pc=0x000077ac307ee64a sp=0x000077ab265f8838 mode 0

Classes redefined (0 events):
No events

Internal exceptions (20 events):
Event: 39.149 Thread 0x000077ab84041000 Exception <a 'java/lang/NoSuchMethodError'{0x00000000dc1dd240}: 'java.lang.Object java.lang.invoke.Invokers$Holder.linkToTargetMethod(long, long, java.lang.Object)'> (0x00000000dc1dd240) thrown at [./src/hotspot/share/interpreter/linkResolver.cpp, line 773]
Event: 39.282 Thread 0x000077ab84053000 Exception <a 'java/lang/NoSuchMethodError'{0x00000000dbdd7978}: 'void java.lang.invoke.DirectMethodHandle$Holder.invokeStatic(java.lang.Object, java.lang.Object, long, java.lang.Object, java.lang.Object)'> (0x00000000dbdd7978) thrown at [./src/hotspot/share/interpreter/linkResolver.cpp, line 773]
Event: 39.300 Thread 0x000077ab84039800 Exception <a 'java/lang/NoSuchMethodError'{0x00000000dbb23e78}: <clinit>> (0x00000000dbb23e78) thrown at [./src/hotspot/share/prims/jni.cpp, line 1372]
Event: 39.301 Thread 0x000077ab8403f000 Exception <a 'java/lang/NoSuchMethodError'{0x00000000dbc0e9d0}: <clinit>> (0x00000000dbc0e9d0) thrown at [./src/hotspot/share/prims/jni.cpp, line 1372]
Event: 39.301 Thread 0x000077ab84046800 Exception <a 'java/lang/NoSuchMethodError'{0x00000000dbb78f08}: <clinit>> (0x00000000dbb78f08) thrown at [./src/hotspot/share/prims/jni.cpp, line 1372]
Event: 39.301 Thread 0x000077ab84050800 Exception <a 'java/lang/NoSuchMethodError'{0x00000000dbb5a1d0}: <clinit>> (0x00000000dbb5a1d0) thrown at [./src/hotspot/share/prims/jni.cpp, line 1372]
Event: 39.301 Thread 0x000077ab8404c800 Exception <a 'java/lang/NoSuchMethodError'{0x00000000dbb72bc8}: <clinit>> (0x00000000dbb72bc8) thrown at [./src/hotspot/share/prims/jni.cpp, line 1372]
Event: 39.309 Thread 0x000077ab8403a800 Exception <a 'java/lang/NoSuchMethodError'{0x00000000db2d75e8}: <clinit>> (0x00000000db2d75e8) thrown at [./src/hotspot/share/prims/jni.cpp, line 1372]
Event: 39.309 Thread 0x000077ab8404a800 Exception <a 'java/lang/NoSuchMethodError'{0x00000000db2fb3e0}: <clinit>> (0x00000000db2fb3e0) thrown at [./src/hotspot/share/prims/jni.cpp, line 1372]
Event: 39.309 Thread 0x000077ab8403c800 Exception <a 'java/lang/NoSuchMethodError'{0x00000000db2ff960}: <clinit>> (0x00000000db2ff960) thrown at [./src/hotspot/share/prims/jni.cpp, line 1372]
Event: 39.309 Thread 0x000077ab84045000 Exception <a 'java/lang/NoSuchMethodError'{0x00000000db2831f8}: <clinit>> (0x00000000db2831f8) thrown at [./src/hotspot/share/prims/jni.cpp, line 1372]
Event: 39.309 Thread 0x000077ab8403f000 Exception <a 'java/lang/NoSuchMethodError'{0x00000000db2ba430}: <clinit>> (0x00000000db2ba430) thrown at [./src/hotspot/share/prims/jni.cpp, line 1372]
Event: 39.309 Thread 0x000077ab8403b800 Exception <a 'java/lang/NoSuchMethodError'{0x00000000db2f5678}: <clinit>> (0x00000000db2f5678) thrown at [./src/hotspot/share/prims/jni.cpp, line 1372]
Event: 39.309 Thread 0x000077ab84050800 Exception <a 'java/lang/NoSuchMethodError'{0x00000000db2c28f0}: <clinit>> (0x00000000db2c28f0) thrown at [./src/hotspot/share/prims/jni.cpp, line 1372]
Event: 39.317 Thread 0x000077ab84041000 Exception <a 'java/lang/NoSuchMethodError'{0x00000000dfe060e8}: <clinit>> (0x00000000dfe060e8) thrown at [./src/hotspot/share/prims/jni.cpp, line 1372]
Event: 39.411 Thread 0x000077abc0a03000 Exception <a 'java/lang/NoSuchMethodError'{0x00000000ea5551f0}: 'java.lang.Object java.lang.invoke.DirectMethodHandle$Holder.invokeSpecial(java.lang.Object, java.lang.Object, java.lang.Object, int, long)'> (0x00000000ea5551f0) thrown at [./src/hotspot/share/interpreter/linkResolver.cpp, line 773]
Event: 39.412 Thread 0x000077abc0a03000 Exception <a 'java/lang/NoSuchMethodError'{0x00000000ea460990}: 'java.lang.Object java.lang.invoke.DirectMethodHandle$Holder.invokeStatic(java.lang.Object, long, long, java.lang.Object)'> (0x00000000ea460990) thrown at [./src/hotspot/share/interpreter/linkResolver.cpp, line 773]
Event: 40.569 Thread 0x000077ab84043000 Implicit null exception at 0x000077ac38bc6ee8 to 0x000077ac38bc7af8
Event: 46.183 Thread 0x000077abc0354800 Exception <a 'java/lang/NoSuchMethodError'{0x00000000eb1a0060}: 'java.lang.Object java.lang.invoke.DirectMethodHandle$Holder.invokeStatic(java.lang.Object, java.lang.Object, java.lang.Object, java.lang.Object, int, java.lang.Object, java.lang.Object, java.lang.Object)'> (0x00000000eb1a0060) thrown at [./src/hotspot/share/interpreter/linkResolver.cpp, line 773]
Event: 46.515 Thread 0x000077ab84039800 Exception <a 'java/net/SocketException'{0x00000000e03952a8}: Socket closed> (0x00000000e03952a8) thrown at [./src/hotspot/share/prims/jni.cpp, line 638]

Events (20 events):
Event: 46.183 loading class org/apache/spark/scheduler/TaskSetManager done
Event: 46.184 loading class scala/runtime/Nothing$
Event: 46.184 loading class scala/runtime/Nothing$ done
Event: 46.184 loading class scala/Function1
Event: 46.184 loading class scala/Function1 done
Event: 46.185 loading class org/apache/spark/scheduler/TaskSetManager
Event: 46.185 loading class org/apache/spark/scheduler/TaskSetManager done
Event: 46.185 loading class org/apache/spark/scheduler/TaskSetExcludelist
Event: 46.185 loading class org/apache/spark/scheduler/TaskSetExcludelist done
Event: 46.185 loading class org/apache/spark/scheduler/TaskSetManager
Event: 46.185 loading class org/apache/spark/scheduler/TaskSetManager done
Event: 46.186 loading class org/apache/spark/scheduler/TaskSchedulerImpl
Event: 46.186 loading class org/apache/spark/scheduler/TaskSchedulerImpl done
Event: 46.186 loading class org/apache/spark/scheduler/TaskSchedulerImpl
Event: 46.186 loading class org/apache/spark/scheduler/TaskSchedulerImpl done
Event: 46.573 Executing VM operation: RevokeBias
Event: 46.574 Executing VM operation: RevokeBias done
Event: 46.574 Executing VM operation: RevokeBias
Event: 46.574 Executing VM operation: RevokeBias done
Event: 46.587 Executing VM operation: G1CollectForAllocation


Dynamic libraries:
c0000000-f1500000 rw-p 00000000 00:00 0 
f1500000-ffe00000 ---p 00000000 00:00 0 
ffe00000-ffe47000 rw-p 00b0e000 08:30 217812                             /opt/java/openjdk/lib/server/classes.jsa
ffe47000-fff00000 rw-p 00000000 00:00 0 
fff00000-fff6c000 rw-p 00aa2000 08:30 217812                             /opt/java/openjdk/lib/server/classes.jsa
fff6c000-100000000 rw-p 00000000 00:00 0 
800000000-800002000 rwxp 00001000 08:30 217812                           /opt/java/openjdk/lib/server/classes.jsa
800002000-8003cc000 rw-p 00003000 08:30 217812                           /opt/java/openjdk/lib/server/classes.jsa
8003cc000-800aa0000 r--p 003cd000 08:30 217812                           /opt/java/openjdk/lib/server/classes.jsa
800aa0000-800aa1000 rw-p 00aa1000 08:30 217812                           /opt/java/openjdk/lib/server/classes.jsa
840000000-841840000 rw-p 00000000 00:00 0 
841840000-880000000 ---p 00000000 00:00 0 
5e54db400000-5e54db401000 r-xp 00000000 08:30 216781                     /opt/java/openjdk/bin/java
5e54db601000-5e54db602000 r--p 00001000 08:30 216781                     /opt/java/openjdk/bin/java
5e54db602000-5e54db603000 rw-p 00002000 08:30 216781                     /opt/java/openjdk/bin/java
5e54f2149000-5e54f242e000 rw-p 00000000 00:00 0                          [heap]
77aa1bcef000-77aa1bcf3000 ---p 00000000 00:00 0 
77aa1bcf3000-77aa1bdef000 rw-p 00000000 00:00 0 
77aa1bdef000-77aa1bdf3000 ---p 00000000 00:00 0 
77aa1bdf3000-77aa1c06f000 rw-p 00000000 00:00 0 
77aa1c06f000-77aa1c0ef000 ---p 00000000 00:00 0 
77aa1c0ef000-77aa1c0f0000 ---p 00000000 00:00 0 
77aa1c0f0000-77aa1c1f0000 rw-p 00000000 00:00 0 
77aa1c1f0000-77aa1c1f4000 ---p 00000000 00:00 0 
77aa1c1f4000-77aa1c2f0000 rw-p 00000000 00:00 0 
77aa1c2f0000-77aa1c2f4000 ---p 00000000 00:00 0 
77aa1c2f4000-77aa1c3f0000 rw-p 00000000 00:00 0 
77aa1c3f0000-77aa1c3f4000 ---p 00000000 00:00 0 
77aa1c3f4000-77aa1c4f0000 rw-p 00000000 00:00 0 
77aa1c4f0000-77aa1c4f4000 ---p 00000000 00:00 0 
77aa1c4f4000-77aa1c5f0000 rw-p 00000000 00:00 0 
77aa1c5f0000-77aa1c5f1000 ---p 00000000 00:00 0 
77aa1c5f1000-77aa1c6f1000 rw-p 00000000 00:00 0 
77aa1c6f1000-77aa1c6f2000 ---p 00000000 00:00 0 
77aa1c6f2000-77aa20000000 rw-p 00000000 00:00 0 
77aa20000000-77aa202ec000 rw-p 00000000 00:00 0 
77aa202ec000-77aa24000000 ---p 00000000 00:00 0 
77aa24000000-77aa242b9000 rw-p 00000000 00:00 0 
77aa242b9000-77aa28000000 ---p 00000000 00:00 0 
77aa28000000-77aa2830f000 rw-p 00000000 00:00 0 
77aa2830f000-77aa2c000000 ---p 00000000 00:00 0 
77aa2c000000-77aa2c2ce000 rw-p 00000000 00:00 0 
77aa2c2ce000-77aa30000000 ---p 00000000 00:00 0 
77aa30000000-77aa302be000 rw-p 00000000 00:00 0 
77aa302be000-77aa34000000 ---p 00000000 00:00 0 
77aa34000000-77aa3434e000 rw-p 00000000 00:00 0 
77aa3434e000-77aa38000000 ---p 00000000 00:00 0 
77aa38000000-77aa38330000 rw-p 00000000 00:00 0 
77aa38330000-77aa3c000000 ---p 00000000 00:00 0 
77aa3c000000-77aa3c2e4000 rw-p 00000000 00:00 0 
77aa3c2e4000-77aa40000000 ---p 00000000 00:00 0 
77aa40000000-77aa402e2000 rw-p 00000000 00:00 0 
77aa402e2000-77aa44000000 ---p 00000000 00:00 0 
77aa44000000-77aa442dd000 rw-p 00000000 00:00 0 
77aa442dd000-77aa48000000 ---p 00000000 00:00 0 
77aa48000000-77aa482ce000 rw-p 00000000 00:00 0 
77aa482ce000-77aa4c000000 ---p 00000000 00:00 0 
77aa4c000000-77aa4c2df000 rw-p 00000000 00:00 0 
77aa4c2df000-77aa50000000 ---p 00000000 00:00 0 
77aa50000000-77aa50032000 rw-p 00000000 00:00 0 
77aa50032000-77aa54000000 ---p 00000000 00:00 0 
77aa54000000-77aa543e4000 rw-p 00000000 00:00 0 
77aa543e4000-77aa58000000 ---p 00000000 00:00 0 
77aa58000000-77aa58035000 rw-p 00000000 00:00 0 
77aa58035000-77aa5c000000 ---p 00000000 00:00 0 
77aa5c000000-77aa5c03e000 rw-p 00000000 00:00 0 
77aa5c03e000-77aa60000000 ---p 00000000 00:00 0 
77aa600fd000-77aa600fe000 ---p 00000000 00:00 0 
77aa600fe000-77aa60bc0000 rw-p 00000000 00:00 0 
77aa60bc0000-77aa60e00000 rw-p 00000000 00:00 0 
77aa60e00000-77aa60eea000 r-xp 00000000 08:30 418793                     /tmp/libzstd-jni-1.5.5-49498489539747249065.so (deleted)
77aa60eea000-77aa610e9000 ---p 000ea000 08:30 418793                     /tmp/libzstd-jni-1.5.5-49498489539747249065.so (deleted)
77aa610e9000-77aa610ea000 rw-p 000e9000 08:30 418793                     /tmp/libzstd-jni-1.5.5-49498489539747249065.so (deleted)
77aa610ff000-77aa61100000 ---p 00000000 00:00 0 
77aa61100000-77aa613c0000 rw-p 00000000 00:00 0 
77aa613c0000-77aa615c0000 rw-p 00000000 00:00 0 
77aa615c0000-77aa617c0000 rw-p 00000000 00:00 0 
77aa617c0000-77aa61a00000 rw-p 00000000 00:00 0 
77aa61a00000-77aa61a04000 ---p 00000000 00:00 0 
77aa61a04000-77aa61d00000 rw-p 00000000 00:00 0 
77aa61d00000-77aa61d04000 ---p 00000000 00:00 0 
77aa61d04000-77aa61e00000 rw-p 00000000 00:00 0 
77aa61e00000-77aa61e04000 ---p 00000000 00:00 0 
77aa61e04000-77aa61f00000 rw-p 00000000 00:00 0 
77aa61f00000-77aa61f04000 ---p 00000000 00:00 0 
77aa61f04000-77aa62000000 rw-p 00000000 00:00 0 
77aa62000000-77aa62004000 ---p 00000000 00:00 0 
77aa62004000-77aa62100000 rw-p 00000000 00:00 0 
77aa62100000-77aa62104000 ---p 00000000 00:00 0 
77aa62104000-77aa62200000 rw-p 00000000 00:00 0 
77aa62200000-77aa62204000 ---p 00000000 00:00 0 
77aa62204000-77aa62300000 rw-p 00000000 00:00 0 
77aa62300000-77aa62304000 ---p 00000000 00:00 0 
77aa62304000-77aa62400000 rw-p 00000000 00:00 0 
77aa62400000-77aa62404000 ---p 00000000 00:00 0 
77aa62404000-77aa62500000 rw-p 00000000 00:00 0 
77aa62500000-77aa62504000 ---p 00000000 00:00 0 
77aa62504000-77aa62600000 rw-p 00000000 00:00 0 
77aa62600000-77aa62604000 ---p 00000000 00:00 0 
77aa62604000-77aa62700000 rw-p 00000000 00:00 0 
77aa62700000-77aa62704000 ---p 00000000 00:00 0 
77aa62704000-77aa62800000 rw-p 00000000 00:00 0 
77aa62800000-77aa62804000 ---p 00000000 00:00 0 
77aa62804000-77aa62900000 rw-p 00000000 00:00 0 
77aa62900000-77aa62904000 ---p 00000000 00:00 0 
77aa62904000-77aa62bc0000 rw-p 00000000 00:00 0 
77aa62bc0000-77aa62dc0000 rw-p 00000000 00:00 0 
77aa62dc0000-77aa62fc0000 rw-p 00000000 00:00 0 
77aa62fc0000-77aa631c0000 rw-p 00000000 00:00 0 
77aa631c0000-77aa633c0000 rw-p 00000000 00:00 0 
77aa633c0000-77aa63600000 rw-p 00000000 00:00 0 
77aa63600000-77aa63624000 r-xp 00000000 08:30 418726                     /tmp/liblz4-java-10807305653749344059.so
77aa63624000-77aa63823000 ---p 00024000 08:30 418726                     /tmp/liblz4-java-10807305653749344059.so
77aa63823000-77aa63824000 rw-p 00023000 08:30 418726                     /tmp/liblz4-java-10807305653749344059.so
77aa63900000-77aa63b00000 rw-p 00000000 00:00 0 
77aa63b00000-77aa63b04000 ---p 00000000 00:00 0 
77aa63b04000-77aa63e00000 rw-p 00000000 00:00 0 
77aa63e00000-77aa63e04000 ---p 00000000 00:00 0 
77aa63e04000-77aa63f00000 rw-p 00000000 00:00 0 
77aa63f00000-77aa63f04000 ---p 00000000 00:00 0 
77aa63f04000-77aa64000000 rw-p 00000000 00:00 0 
77aa64000000-77aa64031000 rw-p 00000000 00:00 0 
77aa64031000-77aa68000000 ---p 00000000 00:00 0 
77aa68000000-77aa6802b000 rw-p 00000000 00:00 0 
77aa6802b000-77aa6c000000 ---p 00000000 00:00 0 
77aa6c000000-77aa6c033000 rw-p 00000000 00:00 0 
77aa6c033000-77aa70000000 ---p 00000000 00:00 0 
77aa70000000-77aa7002a000 rw-p 00000000 00:00 0 
77aa7002a000-77aa74000000 ---p 00000000 00:00 0 
77aa74000000-77aa74034000 rw-p 00000000 00:00 0 
77aa74034000-77aa78000000 ---p 00000000 00:00 0 
77aa78000000-77aa7803b000 rw-p 00000000 00:00 0 
77aa7803b000-77aa7c000000 ---p 00000000 00:00 0 
77aa7c000000-77aa7c03b000 rw-p 00000000 00:00 0 
77aa7c03b000-77aa80000000 ---p 00000000 00:00 0 
77aa80000000-77aa80046000 rw-p 00000000 00:00 0 
77aa80046000-77aa84000000 ---p 00000000 00:00 0 
77aa84000000-77aa84035000 rw-p 00000000 00:00 0 
77aa84035000-77aa88000000 ---p 00000000 00:00 0 
77aa88000000-77aa88032000 rw-p 00000000 00:00 0 
77aa88032000-77aa8c000000 ---p 00000000 00:00 0 
77aa8c000000-77aa8c021000 rw-p 00000000 00:00 0 
77aa8c021000-77aa90000000 ---p 00000000 00:00 0 
77aa90000000-77aa90049000 rw-p 00000000 00:00 0 
77aa90049000-77aa94000000 ---p 00000000 00:00 0 
77aa94000000-77aa94021000 rw-p 00000000 00:00 0 
77aa94021000-77aa98000000 ---p 00000000 00:00 0 
77aa98000000-77aa98059000 rw-p 00000000 00:00 0 
77aa98059000-77aa9c000000 ---p 00000000 00:00 0 
77aa9c000000-77aa9c021000 rw-p 00000000 00:00 0 
77aa9c021000-77aaa0000000 ---p 00000000 00:00 0 
77aaa0000000-77aaa0021000 rw-p 00000000 00:00 0 
77aaa0021000-77aaa4000000 ---p 00000000 00:00 0 
77aaa4000000-77aaa4021000 rw-p 00000000 00:00 0 
77aaa4021000-77aaa8000000 ---p 00000000 00:00 0 
77aaa8000000-77aaa8021000 rw-p 00000000 00:00 0 
77aaa8021000-77aaac000000 ---p 00000000 00:00 0 
77aaac000000-77aaac045000 rw-p 00000000 00:00 0 
77aaac045000-77aab0000000 ---p 00000000 00:00 0 
77aab0000000-77aab0025000 rw-p 00000000 00:00 0 
77aab0025000-77aab4000000 ---p 00000000 00:00 0 
77aab4000000-77aab4021000 rw-p 00000000 00:00 0 
77aab4021000-77aab8000000 ---p 00000000 00:00 0 
77aab8000000-77aab8405000 rw-p 00000000 00:00 0 
77aab8405000-77aabc000000 ---p 00000000 00:00 0 
77aabc000000-77aabc004000 ---p 00000000 00:00 0 
77aabc004000-77aabc100000 rw-p 00000000 00:00 0 
77aabc100000-77aabc104000 ---p 00000000 00:00 0 
77aabc104000-77aabc200000 rw-p 00000000 00:00 0 
77aabc200000-77aabc204000 ---p 00000000 00:00 0 
77aabc204000-77aabc300000 rw-p 00000000 00:00 0 
77aabc300000-77aabc304000 ---p 00000000 00:00 0 
77aabc304000-77aabc400000 rw-p 00000000 00:00 0 
77aabc400000-77aabc404000 ---p 00000000 00:00 0 
77aabc404000-77aabc500000 rw-p 00000000 00:00 0 
77aabc500000-77aabc504000 ---p 00000000 00:00 0 
77aabc504000-77aabc600000 rw-p 00000000 00:00 0 
77aabc600000-77aabc604000 ---p 00000000 00:00 0 
77aabc604000-77aabc700000 rw-p 00000000 00:00 0 
77aabc700000-77aabc704000 ---p 00000000 00:00 0 
77aabc704000-77aabc800000 rw-p 00000000 00:00 0 
77aabc800000-77aabc804000 ---p 00000000 00:00 0 
77aabc804000-77aabc900000 rw-p 00000000 00:00 0 
77aabc900000-77aabc904000 ---p 00000000 00:00 0 
77aabc904000-77aabca00000 rw-p 00000000 00:00 0 
77aabca00000-77aabca04000 ---p 00000000 00:00 0 
77aabca04000-77aabcb00000 rw-p 00000000 00:00 0 
77aabcb00000-77aabcb04000 ---p 00000000 00:00 0 
77aabcb04000-77aabce00000 rw-p 00000000 00:00 0 
77aabce00000-77aabce42000 r-xp 00000000 08:30 418720                     /tmp/snappy-1.1.10-c75c56e6-9ffe-4d1f-a5a9-a055fe67c01e-libsnappyjava.so
77aabce42000-77aabd041000 ---p 00042000 08:30 418720                     /tmp/snappy-1.1.10-c75c56e6-9ffe-4d1f-a5a9-a055fe67c01e-libsnappyjava.so
77aabd041000-77aabd044000 rw-p 00041000 08:30 418720                     /tmp/snappy-1.1.10-c75c56e6-9ffe-4d1f-a5a9-a055fe67c01e-libsnappyjava.so
77aabd044000-77aabd056000 rw-p 00000000 00:00 0 
77aabd100000-77aabd2c0000 rw-p 00000000 00:00 0 
77aabd2c0000-77aabd4c0000 rw-p 00000000 00:00 0 
77aabd4c0000-77aabd6c0000 rw-p 00000000 00:00 0 
77aabd6c0000-77aabd8c0000 rw-p 00000000 00:00 0 
77aabd8c0000-77aabdac0000 rw-p 00000000 00:00 0 
77aabdac0000-77aabdcc0000 rw-p 00000000 00:00 0 
77aabdcc0000-77aabdec0000 rw-p 00000000 00:00 0 
77aabdec0000-77aabe0c0000 rw-p 00000000 00:00 0 
77aabe0c0000-77aabe2c0000 rw-p 00000000 00:00 0 
77aabe2c0000-77aabe4c0000 rw-p 00000000 00:00 0 
77aabe4c0000-77aabe6c0000 rw-p 00000000 00:00 0 
77aabe6c0000-77aabe900000 rw-p 00000000 00:00 0 
77aabe900000-77aabe904000 ---p 00000000 00:00 0 
77aabe904000-77aabebc0000 rw-p 00000000 00:00 0 
77aabebc0000-77aabee00000 rw-p 00000000 00:00 0 
77aabee00000-77aabee04000 ---p 00000000 00:00 0 
77aabee04000-77aabf100000 rw-p 00000000 00:00 0 
77aabf100000-77aabf104000 ---p 00000000 00:00 0 
77aabf104000-77aabf200000 rw-p 00000000 00:00 0 
77aabf200000-77aabf204000 ---p 00000000 00:00 0 
77aabf204000-77aabf300000 rw-p 00000000 00:00 0 
77aabf300000-77aabf304000 ---p 00000000 00:00 0 
77aabf304000-77aabf400000 rw-p 00000000 00:00 0 
77aabf400000-77aabf404000 ---p 00000000 00:00 0 
77aabf404000-77aabf500000 rw-p 00000000 00:00 0 
77aabf500000-77aabf504000 ---p 00000000 00:00 0 
77aabf504000-77aabf600000 rw-p 00000000 00:00 0 
77aabf600000-77aabf604000 ---p 00000000 00:00 0 
77aabf604000-77aabf900000 rw-p 00000000 00:00 0 
77aabf900000-77aabf904000 ---p 00000000 00:00 0 
77aabf904000-77aabfc00000 rw-p 00000000 00:00 0 
77aabfc00000-77aabfc40000 r-xp 00000000 08:30 217776                     /opt/java/openjdk/lib/libsunec.so
77aabfc40000-77aabfe40000 ---p 00040000 08:30 217776                     /opt/java/openjdk/lib/libsunec.so
77aabfe40000-77aabfe45000 r--p 00040000 08:30 217776                     /opt/java/openjdk/lib/libsunec.so
77aabfe45000-77aabfe47000 rw-p 00045000 08:30 217776                     /opt/java/openjdk/lib/libsunec.so
77aabff00000-77aabff04000 ---p 00000000 00:00 0 
77aabff04000-77aac0000000 rw-p 00000000 00:00 0 
77aac0000000-77aac0021000 rw-p 00000000 00:00 0 
77aac0021000-77aac4000000 ---p 00000000 00:00 0 
77aac4000000-77aac4021000 rw-p 00000000 00:00 0 
77aac4021000-77aac8000000 ---p 00000000 00:00 0 
77aac8000000-77aac8021000 rw-p 00000000 00:00 0 
77aac8021000-77aacc000000 ---p 00000000 00:00 0 
77aacc000000-77aacc086000 rw-p 00000000 00:00 0 
77aacc086000-77aad0000000 ---p 00000000 00:00 0 
77aad0000000-77aad0021000 rw-p 00000000 00:00 0 
77aad0021000-77aad4000000 ---p 00000000 00:00 0 
77aad4000000-77aad4021000 rw-p 00000000 00:00 0 
77aad4021000-77aad8000000 ---p 00000000 00:00 0 
77aad8000000-77aad8480000 rw-p 00000000 00:00 0 
77aad8480000-77aadc000000 ---p 00000000 00:00 0 
77aadc000000-77aadcc1b000 rw-p 00000000 00:00 0 
77aadcc1b000-77aae0000000 ---p 00000000 00:00 0 
77aae0000000-77aae0043000 rw-p 00000000 00:00 0 
77aae0043000-77aae4000000 ---p 00000000 00:00 0 
77aae4000000-77aae4021000 rw-p 00000000 00:00 0 
77aae4021000-77aae8000000 ---p 00000000 00:00 0 
77aae8000000-77aae8021000 rw-p 00000000 00:00 0 
77aae8021000-77aaec000000 ---p 00000000 00:00 0 
77aaec000000-77aaec043000 rw-p 00000000 00:00 0 
77aaec043000-77aaf0000000 ---p 00000000 00:00 0 
77aaf0000000-77aaf00a0000 rw-p 00000000 00:00 0 
77aaf00a0000-77aaf4000000 ---p 00000000 00:00 0 
77aaf4000000-77aaf4021000 rw-p 00000000 00:00 0 
77aaf4021000-77aaf8000000 ---p 00000000 00:00 0 
77aaf8000000-77aaf8021000 rw-p 00000000 00:00 0 
77aaf8021000-77aafc000000 ---p 00000000 00:00 0 
77aafc000000-77aafc021000 rw-p 00000000 00:00 0 
77aafc021000-77ab00000000 ---p 00000000 00:00 0 
77ab00000000-77ab00021000 rw-p 00000000 00:00 0 
77ab00021000-77ab04000000 ---p 00000000 00:00 0 
77ab04000000-77ab04021000 rw-p 00000000 00:00 0 
77ab04021000-77ab08000000 ---p 00000000 00:00 0 
77ab08000000-77ab08021000 rw-p 00000000 00:00 0 
77ab08021000-77ab0c000000 ---p 00000000 00:00 0 
77ab0c000000-77ab0c021000 rw-p 00000000 00:00 0 
77ab0c021000-77ab10000000 ---p 00000000 00:00 0 
77ab10000000-77ab10021000 rw-p 00000000 00:00 0 
77ab10021000-77ab14000000 ---p 00000000 00:00 0 
77ab14000000-77ab14023000 rw-p 00000000 00:00 0 
77ab14023000-77ab18000000 ---p 00000000 00:00 0 
77ab18000000-77ab18021000 rw-p 00000000 00:00 0 
77ab18021000-77ab1c000000 ---p 00000000 00:00 0 
77ab1c000000-77ab1c021000 rw-p 00000000 00:00 0 
77ab1c021000-77ab20000000 ---p 00000000 00:00 0 
77ab20000000-77ab20021000 rw-p 00000000 00:00 0 
77ab20021000-77ab24000000 ---p 00000000 00:00 0 
77ab24024000-77ab241e4000 rw-p 00000000 00:00 0 
77ab241e4000-77ab243e4000 rw-p 00000000 00:00 0 
77ab243e4000-77ab245e4000 rw-p 00000000 00:00 0 
77ab245e4000-77ab247e4000 rw-p 00000000 00:00 0 
77ab247e4000-77ab249e4000 rw-p 00000000 00:00 0 
77ab249e4000-77ab24be4000 rw-p 00000000 00:00 0 
77ab24be4000-77ab24e24000 rw-p 00000000 00:00 0 
77ab24e24000-77ab24e28000 ---p 00000000 00:00 0 
77ab24e28000-77ab250e4000 rw-p 00000000 00:00 0 
77ab250e4000-77ab252e4000 rw-p 00000000 00:00 0 
77ab252e4000-77ab254e4000 rw-p 00000000 00:00 0 
77ab254e4000-77ab256e4000 rw-p 00000000 00:00 0 
77ab256e4000-77ab25924000 rw-p 00000000 00:00 0 
77ab25924000-77ab25928000 ---p 00000000 00:00 0 
77ab25928000-77ab25a24000 rw-p 00000000 00:00 0 
77ab25a24000-77ab25a28000 ---p 00000000 00:00 0 
77ab25a28000-77ab25b24000 rw-p 00000000 00:00 0 
77ab25b24000-77ab25b28000 ---p 00000000 00:00 0 
77ab25b28000-77ab25c24000 rw-p 00000000 00:00 0 
77ab25c24000-77ab25c28000 ---p 00000000 00:00 0 
77ab25c28000-77ab25d24000 rw-p 00000000 00:00 0 
77ab25d87000-77ab25f87000 rw-p 00000000 00:00 0 
77ab25ffc000-77ab26000000 ---p 00000000 00:00 0 
77ab26000000-77ab260fc000 rw-p 00000000 00:00 0 
77ab260fc000-77ab26100000 ---p 00000000 00:00 0 
77ab26100000-77ab261fc000 rw-p 00000000 00:00 0 
77ab261fc000-77ab26200000 ---p 00000000 00:00 0 
77ab26200000-77ab264fc000 rw-p 00000000 00:00 0 
77ab264fc000-77ab26500000 ---p 00000000 00:00 0 
77ab26500000-77ab26dfe000 rw-p 00000000 00:00 0 
77ab26dfe000-77ab26e02000 ---p 00000000 00:00 0 
77ab26e02000-77ab26efe000 rw-p 00000000 00:00 0 
77ab26efe000-77ab26f02000 ---p 00000000 00:00 0 
77ab26f02000-77ab26ffe000 rw-p 00000000 00:00 0 
77ab26ffe000-77ab27002000 ---p 00000000 00:00 0 
77ab27002000-77ab270fe000 rw-p 00000000 00:00 0 
77ab270fe000-77ab27102000 ---p 00000000 00:00 0 
77ab27102000-77ab271fe000 rw-p 00000000 00:00 0 
77ab271fe000-77ab27202000 ---p 00000000 00:00 0 
77ab27202000-77ab272fe000 rw-p 00000000 00:00 0 
77ab272fe000-77ab27302000 ---p 00000000 00:00 0 
77ab27302000-77ab275fe000 rw-p 00000000 00:00 0 
77ab275fe000-77ab27602000 ---p 00000000 00:00 0 
77ab27602000-77ab276fe000 rw-p 00000000 00:00 0 
77ab276fe000-77ab27702000 ---p 00000000 00:00 0 
77ab27702000-77ab277fe000 rw-p 00000000 00:00 0 
77ab277fe000-77ab27802000 ---p 00000000 00:00 0 
77ab27802000-77ab278fe000 rw-p 00000000 00:00 0 
77ab278fe000-77ab27902000 ---p 00000000 00:00 0 
77ab27902000-77ab279fe000 rw-p 00000000 00:00 0 
77ab279fe000-77ab27a02000 ---p 00000000 00:00 0 
77ab27a02000-77ab27afe000 rw-p 00000000 00:00 0 
77ab27afe000-77ab27aff000 ---p 00000000 00:00 0 
77ab27aff000-77ab27bff000 rw-p 00000000 00:00 0 
77ab27bff000-77ab27c00000 ---p 00000000 00:00 0 
77ab27c00000-77ab27d00000 rw-p 00000000 00:00 0 
77ab27d00000-77ab27d04000 ---p 00000000 00:00 0 
77ab27d04000-77ab27e00000 rw-p 00000000 00:00 0 
77ab27e00000-77ab27e04000 ---p 00000000 00:00 0 
77ab27e04000-77ab27f00000 rw-p 00000000 00:00 0 
77ab27f00000-77ab27f04000 ---p 00000000 00:00 0 
77ab27f04000-77ab28000000 rw-p 00000000 00:00 0 
77ab28000000-77ab28021000 rw-p 00000000 00:00 0 
77ab28021000-77ab2c000000 ---p 00000000 00:00 0 
77ab2c000000-77ab2c021000 rw-p 00000000 00:00 0 
77ab2c021000-77ab30000000 ---p 00000000 00:00 0 
77ab30000000-77ab30021000 rw-p 00000000 00:00 0 
77ab30021000-77ab34000000 ---p 00000000 00:00 0 
77ab34000000-77ab34021000 rw-p 00000000 00:00 0 
77ab34021000-77ab38000000 ---p 00000000 00:00 0 
77ab38000000-77ab38021000 rw-p 00000000 00:00 0 
77ab38021000-77ab3c000000 ---p 00000000 00:00 0 
77ab3c000000-77ab3c021000 rw-p 00000000 00:00 0 
77ab3c021000-77ab40000000 ---p 00000000 00:00 0 
77ab40000000-77ab40021000 rw-p 00000000 00:00 0 
77ab40021000-77ab44000000 ---p 00000000 00:00 0 
77ab44000000-77ab44021000 rw-p 00000000 00:00 0 
77ab44021000-77ab48000000 ---p 00000000 00:00 0 
77ab48000000-77ab48021000 rw-p 00000000 00:00 0 
77ab48021000-77ab4c000000 ---p 00000000 00:00 0 
77ab4c000000-77ab4c021000 rw-p 00000000 00:00 0 
77ab4c021000-77ab50000000 ---p 00000000 00:00 0 
77ab50000000-77ab50021000 rw-p 00000000 00:00 0 
77ab50021000-77ab54000000 ---p 00000000 00:00 0 
77ab54000000-77ab54021000 rw-p 00000000 00:00 0 
77ab54021000-77ab58000000 ---p 00000000 00:00 0 
77ab58000000-77ab58021000 rw-p 00000000 00:00 0 
77ab58021000-77ab5c000000 ---p 00000000 00:00 0 
77ab5c000000-77ab5c021000 rw-p 00000000 00:00 0 
77ab5c021000-77ab60000000 ---p 00000000 00:00 0 
77ab60000000-77ab60021000 rw-p 00000000 00:00 0 
77ab60021000-77ab64000000 ---p 00000000 00:00 0 
77ab64000000-77ab64021000 rw-p 00000000 00:00 0 
77ab64021000-77ab68000000 ---p 00000000 00:00 0 
77ab68000000-77ab68021000 rw-p 00000000 00:00 0 
77ab68021000-77ab6c000000 ---p 00000000 00:00 0 
77ab6c000000-77ab6c021000 rw-p 00000000 00:00 0 
77ab6c021000-77ab70000000 ---p 00000000 00:00 0 
77ab70000000-77ab70021000 rw-p 00000000 00:00 0 
77ab70021000-77ab74000000 ---p 00000000 00:00 0 
77ab74000000-77ab74021000 rw-p 00000000 00:00 0 
77ab74021000-77ab78000000 ---p 00000000 00:00 0 
77ab78000000-77ab78021000 rw-p 00000000 00:00 0 
77ab78021000-77ab7c000000 ---p 00000000 00:00 0 
77ab7c000000-77ab7c021000 rw-p 00000000 00:00 0 
77ab7c021000-77ab80000000 ---p 00000000 00:00 0 
77ab80000000-77ab80021000 rw-p 00000000 00:00 0 
77ab80021000-77ab84000000 ---p 00000000 00:00 0 
77ab84000000-77ab84059000 rw-p 00000000 00:00 0 
77ab84059000-77ab88000000 ---p 00000000 00:00 0 
77ab88000000-77ab88021000 rw-p 00000000 00:00 0 
77ab88021000-77ab8c000000 ---p 00000000 00:00 0 
77ab8c000000-77ab8c021000 rw-p 00000000 00:00 0 
77ab8c021000-77ab90000000 ---p 00000000 00:00 0 
77ab90000000-77ab90021000 rw-p 00000000 00:00 0 
77ab90021000-77ab94000000 ---p 00000000 00:00 0 
77ab94000000-77ab94021000 rw-p 00000000 00:00 0 
77ab94021000-77ab98000000 ---p 00000000 00:00 0 
77ab98000000-77ab98021000 rw-p 00000000 00:00 0 
77ab98021000-77ab9c000000 ---p 00000000 00:00 0 
77ab9c000000-77ab9c021000 rw-p 00000000 00:00 0 
77ab9c021000-77aba0000000 ---p 00000000 00:00 0 
77aba0000000-77aba0021000 rw-p 00000000 00:00 0 
77aba0021000-77aba4000000 ---p 00000000 00:00 0 
77aba4000000-77aba4021000 rw-p 00000000 00:00 0 
77aba4021000-77aba8000000 ---p 00000000 00:00 0 
77aba8000000-77aba8021000 rw-p 00000000 00:00 0 
77aba8021000-77abac000000 ---p 00000000 00:00 0 
77abac000000-77abac021000 rw-p 00000000 00:00 0 
77abac021000-77abb0000000 ---p 00000000 00:00 0 
77abb0000000-77abb0021000 rw-p 00000000 00:00 0 
77abb0021000-77abb4000000 ---p 00000000 00:00 0 
77abb4000000-77abb4021000 rw-p 00000000 00:00 0 
77abb4021000-77abb8000000 ---p 00000000 00:00 0 
77abb8000000-77abb804f000 rw-p 00000000 00:00 0 
77abb804f000-77abbc000000 ---p 00000000 00:00 0 
77abbc000000-77abbc0dd000 rw-p 00000000 00:00 0 
77abbc0dd000-77abc0000000 ---p 00000000 00:00 0 
77abc0000000-77abc224f000 rw-p 00000000 00:00 0 
77abc224f000-77abc4000000 ---p 00000000 00:00 0 
77abc4000000-77abc43ee000 rw-p 00000000 00:00 0 
77abc43ee000-77abc8000000 ---p 00000000 00:00 0 
77abc8000000-77abc8021000 rw-p 00000000 00:00 0 
77abc8021000-77abcc000000 ---p 00000000 00:00 0 
77abcc000000-77abcc021000 rw-p 00000000 00:00 0 
77abcc021000-77abd0000000 ---p 00000000 00:00 0 
77abd0000000-77abd0021000 rw-p 00000000 00:00 0 
77abd0021000-77abd4000000 ---p 00000000 00:00 0 
77abd40fd000-77abd4101000 ---p 00000000 00:00 0 
77abd4101000-77abd41fd000 rw-p 00000000 00:00 0 
77abd41fd000-77abd4201000 ---p 00000000 00:00 0 
77abd4201000-77abd42fd000 rw-p 00000000 00:00 0 
77abd42fd000-77abd4301000 ---p 00000000 00:00 0 
77abd4301000-77abd43fd000 rw-p 00000000 00:00 0 
77abd43fd000-77abd4401000 ---p 00000000 00:00 0 
77abd4401000-77abd44fd000 rw-p 00000000 00:00 0 
77abd44fd000-77abd4501000 ---p 00000000 00:00 0 
77abd4501000-77abd45fd000 rw-p 00000000 00:00 0 
77abd45fd000-77abd4601000 ---p 00000000 00:00 0 
77abd4601000-77abd46fd000 rw-p 00000000 00:00 0 
77abd46fd000-77abd4701000 ---p 00000000 00:00 0 
77abd4701000-77abd47fd000 rw-p 00000000 00:00 0 
77abd47fd000-77abd4801000 ---p 00000000 00:00 0 
77abd4801000-77abd4afd000 rw-p 00000000 00:00 0 
77abd4afd000-77abd4b01000 ---p 00000000 00:00 0 
77abd4b01000-77abd4bfd000 rw-p 00000000 00:00 0 
77abd4bfd000-77abd4c01000 ---p 00000000 00:00 0 
77abd4c01000-77abd4efd000 rw-p 00000000 00:00 0 
77abd4efd000-77abd4f01000 ---p 00000000 00:00 0 
77abd4f01000-77abd4ffd000 rw-p 00000000 00:00 0 
77abd4ffd000-77abd5001000 ---p 00000000 00:00 0 
77abd5001000-77abd50fd000 rw-p 00000000 00:00 0 
77abd50fd000-77abd5101000 ---p 00000000 00:00 0 
77abd5101000-77abd51fd000 rw-p 00000000 00:00 0 
77abd51fd000-77abd5201000 ---p 00000000 00:00 0 
77abd5201000-77abd52fd000 rw-p 00000000 00:00 0 
77abd52fd000-77abd5301000 ---p 00000000 00:00 0 
77abd5301000-77abd53fd000 rw-p 00000000 00:00 0 
77abd53fd000-77abd5401000 ---p 00000000 00:00 0 
77abd5401000-77abd54fd000 rw-p 00000000 00:00 0 
77abd54fd000-77abd5501000 ---p 00000000 00:00 0 
77abd5501000-77abd55fd000 rw-p 00000000 00:00 0 
77abd55fd000-77abd5601000 ---p 00000000 00:00 0 
77abd5601000-77abd56fd000 rw-p 00000000 00:00 0 
77abd56fd000-77abd5701000 ---p 00000000 00:00 0 
77abd5701000-77abd59fd000 rw-p 00000000 00:00 0 
77abd59fd000-77abd5a01000 ---p 00000000 00:00 0 
77abd5a01000-77abd5afd000 rw-p 00000000 00:00 0 
77abd5afd000-77abd5b01000 ---p 00000000 00:00 0 
77abd5b01000-77abd5bfd000 rw-p 00000000 00:00 0 
77abd5bfd000-77abd5c01000 ---p 00000000 00:00 0 
77abd5c01000-77abd5cfd000 rw-p 00000000 00:00 0 
77abd5cfd000-77abd5d01000 ---p 00000000 00:00 0 
77abd5d01000-77abd5dfd000 rw-p 00000000 00:00 0 
77abd5dfd000-77abd5e01000 ---p 00000000 00:00 0 
77abd5e01000-77abd5efd000 rw-p 00000000 00:00 0 
77abd5efd000-77abd5f01000 ---p 00000000 00:00 0 
77abd5f01000-77abd5ffd000 rw-p 00000000 00:00 0 
77abd5ffd000-77abd6001000 ---p 00000000 00:00 0 
77abd6001000-77abd60fd000 rw-p 00000000 00:00 0 
77abd60fd000-77abd6101000 ---p 00000000 00:00 0 
77abd6101000-77abd61fd000 rw-p 00000000 00:00 0 
77abd61fd000-77abd6201000 ---p 00000000 00:00 0 
77abd6201000-77abd62fd000 rw-p 00000000 00:00 0 
77abd62fd000-77abd6301000 ---p 00000000 00:00 0 
77abd6301000-77abd63fd000 rw-p 00000000 00:00 0 
77abd63fd000-77abd6401000 ---p 00000000 00:00 0 
77abd6401000-77abd64fd000 rw-p 00000000 00:00 0 
77abd64fd000-77abd6501000 ---p 00000000 00:00 0 
77abd6501000-77abd65fd000 rw-p 00000000 00:00 0 
77abd65fd000-77abd6601000 ---p 00000000 00:00 0 
77abd6601000-77abd66fd000 rw-p 00000000 00:00 0 
77abd66fd000-77abd6701000 ---p 00000000 00:00 0 
77abd6701000-77abd67fd000 rw-p 00000000 00:00 0 
77abd67fd000-77abd6801000 ---p 00000000 00:00 0 
77abd6801000-77abd68fd000 rw-p 00000000 00:00 0 
77abd68fd000-77abd6901000 ---p 00000000 00:00 0 
77abd6901000-77abd69fd000 rw-p 00000000 00:00 0 
77abd69fd000-77abd6a01000 ---p 00000000 00:00 0 
77abd6a01000-77abd6cbd000 rw-p 00000000 00:00 0 
77abd6cbd000-77abd6efd000 rw-p 00000000 00:00 0 
77abd6efd000-77abd6efe000 ---p 00000000 00:00 0 
77abd6efe000-77abd6ffe000 rw-p 00000000 00:00 0 
77abd6ffe000-77abd6fff000 ---p 00000000 00:00 0 
77abd6fff000-77abd70ff000 rw-p 00000000 00:00 0 
77abd70ff000-77abd7100000 ---p 00000000 00:00 0 
77abd7100000-77abd7200000 rw-p 00000000 00:00 0 
77abd7200000-77abd7204000 ---p 00000000 00:00 0 
77abd7204000-77abd7500000 rw-p 00000000 00:00 0 
77abd7500000-77abd7504000 ---p 00000000 00:00 0 
77abd7504000-77abd7600000 rw-p 00000000 00:00 0 
77abd7600000-77abd7602000 r-xp 00000000 08:30 217725                     /opt/java/openjdk/lib/libextnet.so
77abd7602000-77abd7801000 ---p 00002000 08:30 217725                     /opt/java/openjdk/lib/libextnet.so
77abd7801000-77abd7802000 r--p 00001000 08:30 217725                     /opt/java/openjdk/lib/libextnet.so
77abd7802000-77abd7803000 rw-p 00002000 08:30 217725                     /opt/java/openjdk/lib/libextnet.so
77abd7900000-77abd7904000 ---p 00000000 00:00 0 
77abd7904000-77abd7a00000 rw-p 00000000 00:00 0 
77abd7a00000-77abd7a01000 r-xp 00000000 08:30 217742                     /opt/java/openjdk/lib/libjaas.so
77abd7a01000-77abd7c00000 ---p 00001000 08:30 217742                     /opt/java/openjdk/lib/libjaas.so
77abd7c00000-77abd7c01000 r--p 00000000 08:30 217742                     /opt/java/openjdk/lib/libjaas.so
77abd7c01000-77abd7c02000 rw-p 00001000 08:30 217742                     /opt/java/openjdk/lib/libjaas.so
77abd7d00000-77abd7f00000 rw-p 00000000 00:00 0 
77abd7f00000-77abd7f04000 ---p 00000000 00:00 0 
77abd7f04000-77abd8000000 rw-p 00000000 00:00 0 
77abd8000000-77abd8082000 rw-p 00000000 00:00 0 
77abd8082000-77abdc000000 ---p 00000000 00:00 0 
77abdc000000-77abdc021000 rw-p 00000000 00:00 0 
77abdc021000-77abe0000000 ---p 00000000 00:00 0 
77abe0000000-77abe0074000 rw-p 00000000 00:00 0 
77abe0074000-77abe4000000 ---p 00000000 00:00 0 
77abe4000000-77abe40a1000 rw-p 00000000 00:00 0 
77abe40a1000-77abe8000000 ---p 00000000 00:00 0 
77abe8000000-77abe8021000 rw-p 00000000 00:00 0 
77abe8021000-77abec000000 ---p 00000000 00:00 0 
77abec000000-77abec03a000 rw-p 00000000 00:00 0 
77abec03a000-77abf0000000 ---p 00000000 00:00 0 
77abf0000000-77abf0021000 rw-p 00000000 00:00 0 
77abf0021000-77abf4000000 ---p 00000000 00:00 0 
77abf4000000-77abf4021000 rw-p 00000000 00:00 0 
77abf4021000-77abf8000000 ---p 00000000 00:00 0 
77abf8000000-77abf9be0000 rw-p 00000000 00:00 0 
77abf9be0000-77abfc000000 ---p 00000000 00:00 0 
77abfc000000-77abfc892000 rw-p 00000000 00:00 0 
77abfc892000-77ac00000000 ---p 00000000 00:00 0 
77ac00000000-77ac00021000 rw-p 00000000 00:00 0 
77ac00021000-77ac04000000 ---p 00000000 00:00 0 
77ac04000000-77ac04021000 rw-p 00000000 00:00 0 
77ac04021000-77ac08000000 ---p 00000000 00:00 0 
77ac08000000-77ac08021000 rw-p 00000000 00:00 0 
77ac08021000-77ac0c000000 ---p 00000000 00:00 0 
77ac0c000000-77ac0c021000 rw-p 00000000 00:00 0 
77ac0c021000-77ac10000000 ---p 00000000 00:00 0 
77ac10000000-77ac10021000 rw-p 00000000 00:00 0 
77ac10021000-77ac14000000 ---p 00000000 00:00 0 
77ac14000000-77ac14bdd000 rw-p 00000000 00:00 0 
77ac14bdd000-77ac18000000 ---p 00000000 00:00 0 
77ac18000000-77ac18021000 rw-p 00000000 00:00 0 
77ac18021000-77ac1c000000 ---p 00000000 00:00 0 
77ac1c000000-77ac1c07b000 rw-p 00000000 00:00 0 
77ac1c07b000-77ac20000000 ---p 00000000 00:00 0 
77ac200ff000-77ac202bf000 rw-p 00000000 00:00 0 
77ac202bf000-77ac204bf000 rw-p 00000000 00:00 0 
77ac204bf000-77ac206ff000 rw-p 00000000 00:00 0 
77ac206ff000-77ac20700000 ---p 00000000 00:00 0 
77ac20700000-77ac209c0000 rw-p 00000000 00:00 0 
77ac209c0000-77ac20bc0000 rw-p 00000000 00:00 0 
77ac20bc0000-77ac20dc0000 rw-p 00000000 00:00 0 
77ac20dc0000-77ac21000000 rw-p 00000000 00:00 0 
77ac21000000-77ac21005000 r-xp 00000000 08:30 217760                     /opt/java/openjdk/lib/libmanagement_ext.so
77ac21005000-77ac21205000 ---p 00005000 08:30 217760                     /opt/java/openjdk/lib/libmanagement_ext.so
77ac21205000-77ac21206000 r--p 00005000 08:30 217760                     /opt/java/openjdk/lib/libmanagement_ext.so
77ac21206000-77ac21207000 rw-p 00006000 08:30 217760                     /opt/java/openjdk/lib/libmanagement_ext.so
77ac212ff000-77ac21300000 ---p 00000000 00:00 0 
77ac21300000-77ac21400000 rw-p 00000000 00:00 0 
77ac21400000-77ac21404000 r-xp 00000000 08:30 217758                     /opt/java/openjdk/lib/libmanagement.so
77ac21404000-77ac21603000 ---p 00004000 08:30 217758                     /opt/java/openjdk/lib/libmanagement.so
77ac21603000-77ac21604000 r--p 00003000 08:30 217758                     /opt/java/openjdk/lib/libmanagement.so
77ac21604000-77ac21605000 rw-p 00004000 08:30 217758                     /opt/java/openjdk/lib/libmanagement.so
77ac216ff000-77ac218ff000 rw-p 00000000 00:00 0 
77ac218ff000-77ac21900000 ---p 00000000 00:00 0 
77ac21900000-77ac21a00000 rw-p 00000000 00:00 0 
77ac21a00000-77ac21a15000 r-xp 00000000 08:30 217766                     /opt/java/openjdk/lib/libnet.so
77ac21a15000-77ac21c14000 ---p 00015000 08:30 217766                     /opt/java/openjdk/lib/libnet.so
77ac21c14000-77ac21c15000 r--p 00014000 08:30 217766                     /opt/java/openjdk/lib/libnet.so
77ac21c15000-77ac21c16000 rw-p 00015000 08:30 217766                     /opt/java/openjdk/lib/libnet.so
77ac21cff000-77ac21d00000 ---p 00000000 00:00 0 
77ac21d00000-77ac21e00000 rw-p 00000000 00:00 0 
77ac21e00000-77ac21e10000 r-xp 00000000 08:30 217767                     /opt/java/openjdk/lib/libnio.so
77ac21e10000-77ac2200f000 ---p 00010000 08:30 217767                     /opt/java/openjdk/lib/libnio.so
77ac2200f000-77ac22010000 r--p 0000f000 08:30 217767                     /opt/java/openjdk/lib/libnio.so
77ac22010000-77ac22011000 rw-p 00010000 08:30 217767                     /opt/java/openjdk/lib/libnio.so
77ac2210b000-77ac2210c000 ---p 00000000 00:00 0 
77ac2210c000-77ac2220c000 rw-p 00000000 00:00 0 
77ac2220c000-77ac22210000 ---p 00000000 00:00 0 
77ac22210000-77ac2230c000 rw-p 00000000 00:00 0 
77ac2230c000-77ac22310000 ---p 00000000 00:00 0 
77ac22310000-77ac2240c000 rw-p 00000000 00:00 0 
77ac2240c000-77ac22410000 ---p 00000000 00:00 0 
77ac22410000-77ac2250c000 rw-p 00000000 00:00 0 
77ac2250c000-77ac22510000 ---p 00000000 00:00 0 
77ac22510000-77ac2260c000 rw-p 00000000 00:00 0 
77ac2260c000-77ac22610000 ---p 00000000 00:00 0 
77ac22610000-77ac2270c000 rw-p 00000000 00:00 0 
77ac2270c000-77ac22710000 ---p 00000000 00:00 0 
77ac22710000-77ac2280c000 rw-p 00000000 00:00 0 
77ac2280c000-77ac22af5000 r--p 00000000 08:30 204020                     /usr/lib/locale/locale-archive
77ac22af5000-77ac22af9000 ---p 00000000 00:00 0 
77ac22af9000-77ac22bf5000 rw-p 00000000 00:00 0 
77ac22bf5000-77ac22bf9000 ---p 00000000 00:00 0 
77ac22bf9000-77ac22cf5000 rw-p 00000000 00:00 0 
77ac22cf5000-77ac22cf6000 ---p 00000000 00:00 0 
77ac22cf6000-77ac235f6000 rw-p 00000000 00:00 0 
77ac235f6000-77ac235f7000 ---p 00000000 00:00 0 
77ac235f7000-77ac236f7000 rw-p 00000000 00:00 0 
77ac236f7000-77ac236f8000 ---p 00000000 00:00 0 
77ac236f8000-77ac24000000 rw-p 00000000 00:00 0 
77ac24000000-77ac24021000 rw-p 00000000 00:00 0 
77ac24021000-77ac28000000 ---p 00000000 00:00 0 
77ac28000000-77ac2ac54000 rw-p 00000000 00:00 0 
77ac2ac54000-77ac2aff8000 ---p 00000000 00:00 0 
77ac2aff8000-77ac2bc54000 rw-p 00000000 00:00 0 
77ac2bc54000-77ac2bff8000 ---p 00000000 00:00 0 
77ac2bff8000-77ac2c000000 rw-p 00000000 00:00 0 
77ac2c000000-77ac2c030000 rw-p 00000000 00:00 0 
77ac2c030000-77ac30000000 ---p 00000000 00:00 0 
77ac3009d000-77ac305a2000 rw-p 00000000 00:00 0 
77ac305a2000-77ac305a3000 ---p 00000000 00:00 0 
77ac305a3000-77ac306a3000 rw-p 00000000 00:00 0 
77ac306a3000-77ac306a4000 ---p 00000000 00:00 0 
77ac306a4000-77ac307a4000 rw-p 00000000 00:00 0 
77ac307a4000-77ac30a44000 rwxp 00000000 00:00 0 
77ac30a44000-77ac30ee3000 ---p 00000000 00:00 0 
77ac30ee3000-77ac33573000 rwxp 00000000 00:00 0 
77ac33573000-77ac38343000 ---p 00000000 00:00 0 
77ac38343000-77ac38e13000 rwxp 00000000 00:00 0 
77ac38e13000-77ac3f7a4000 ---p 00000000 00:00 0 
77ac3f7a4000-77ac48000000 r--s 00000000 08:30 217784                     /opt/java/openjdk/lib/modules
77ac48000000-77ac4a82c000 rw-p 00000000 00:00 0 
77ac4a82c000-77ac4c000000 ---p 00000000 00:00 0 
77ac4c0f5000-77ac4c280000 rw-p 00000000 00:00 0 
77ac4c280000-77ac4c2f4000 ---p 00000000 00:00 0 
77ac4c2f4000-77ac4c480000 rw-p 00000000 00:00 0 
77ac4c480000-77ac4c4f4000 ---p 00000000 00:00 0 
77ac4c4f4000-77ac4c680000 rw-p 00000000 00:00 0 
77ac4c680000-77ac4c6f4000 ---p 00000000 00:00 0 
77ac4c6f4000-77ac4d200000 rw-p 00000000 00:00 0 
77ac4d200000-77ac4d21b000 r-xp 00000000 08:30 217783                     /opt/java/openjdk/lib/libzip.so
77ac4d21b000-77ac4d41a000 ---p 0001b000 08:30 217783                     /opt/java/openjdk/lib/libzip.so
77ac4d41a000-77ac4d41b000 r--p 0001a000 08:30 217783                     /opt/java/openjdk/lib/libzip.so
77ac4d41b000-77ac4d41c000 rw-p 0001b000 08:30 217783                     /opt/java/openjdk/lib/libzip.so
77ac4d48a000-77ac4d48e000 ---p 00000000 00:00 0 
77ac4d48e000-77ac4d4ac000 rw-p 00000000 00:00 0 
77ac4d4ac000-77ac4d4b0000 ---p 00000000 00:00 0 
77ac4d4b0000-77ac4d600000 rw-p 00000000 00:00 0 
77ac4d600000-77ac4d61b000 r-xp 00000000 08:30 217748                     /opt/java/openjdk/lib/libjimage.so
77ac4d61b000-77ac4d81a000 ---p 0001b000 08:30 217748                     /opt/java/openjdk/lib/libjimage.so
77ac4d81a000-77ac4d81c000 r--p 0001a000 08:30 217748                     /opt/java/openjdk/lib/libjimage.so
77ac4d81c000-77ac4d81d000 rw-p 0001c000 08:30 217748                     /opt/java/openjdk/lib/libjimage.so
77ac4d823000-77ac4da00000 rw-p 00000000 00:00 0 
77ac4da00000-77ac4da29000 r-xp 00000000 08:30 217743                     /opt/java/openjdk/lib/libjava.so
77ac4da29000-77ac4dc28000 ---p 00029000 08:30 217743                     /opt/java/openjdk/lib/libjava.so
77ac4dc28000-77ac4dc29000 r--p 00028000 08:30 217743                     /opt/java/openjdk/lib/libjava.so
77ac4dc29000-77ac4dc2a000 rw-p 00029000 08:30 217743                     /opt/java/openjdk/lib/libjava.so
77ac4dc2a000-77ac4dc2b000 rw-p 00000000 00:00 0 
77ac4dc32000-77ac4dcff000 rw-p 00000000 00:00 0 
77ac4dcff000-77ac4dd00000 ---p 00000000 00:00 0 
77ac4dd00000-77ac4de00000 rw-p 00000000 00:00 0 
77ac4de00000-77ac4de0d000 r-xp 00000000 08:30 217782                     /opt/java/openjdk/lib/libverify.so
77ac4de0d000-77ac4e00c000 ---p 0000d000 08:30 217782                     /opt/java/openjdk/lib/libverify.so
77ac4e00c000-77ac4e00e000 r--p 0000c000 08:30 217782                     /opt/java/openjdk/lib/libverify.so
77ac4e00e000-77ac4e00f000 rw-p 0000e000 08:30 217782                     /opt/java/openjdk/lib/libverify.so
77ac4e02e000-77ac4e044000 rw-p 00000000 00:00 0 
77ac4e044000-77ac4e117000 ---p 00000000 00:00 0 
77ac4e117000-77ac4e165000 rw-p 00000000 00:00 0 
77ac4e165000-77ac4e200000 ---p 00000000 00:00 0 
77ac4e200000-77ac4f482000 r-xp 00000000 08:30 217819                     /opt/java/openjdk/lib/server/libjvm.so
77ac4f482000-77ac4f681000 ---p 01282000 08:30 217819                     /opt/java/openjdk/lib/server/libjvm.so
77ac4f681000-77ac4f747000 r--p 01281000 08:30 217819                     /opt/java/openjdk/lib/server/libjvm.so
77ac4f747000-77ac4f782000 rw-p 01347000 08:30 217819                     /opt/java/openjdk/lib/server/libjvm.so
77ac4f782000-77ac4f7da000 rw-p 00000000 00:00 0 
77ac4f7da000-77ac4f7e1000 r--s 00000000 08:30 200973                     /usr/lib/x86_64-linux-gnu/gconv/gconv-modules.cache
77ac4f7e1000-77ac4f7e7000 rw-p 00000000 00:00 0 
77ac4f7e7000-77ac4f7f0000 ---p 00000000 00:00 0 
77ac4f7f0000-77ac4f7f4000 ---p 00000000 00:00 0 
77ac4f7f4000-77ac4f8f0000 rw-p 00000000 00:00 0 
77ac4f8f0000-77ac4f8fe000 r--p 00000000 08:30 201057                     /usr/lib/x86_64-linux-gnu/libm.so.6
77ac4f8fe000-77ac4f97a000 r-xp 0000e000 08:30 201057                     /usr/lib/x86_64-linux-gnu/libm.so.6
77ac4f97a000-77ac4f9d5000 r--p 0008a000 08:30 201057                     /usr/lib/x86_64-linux-gnu/libm.so.6
77ac4f9d5000-77ac4f9d6000 r--p 000e4000 08:30 201057                     /usr/lib/x86_64-linux-gnu/libm.so.6
77ac4f9d6000-77ac4f9d7000 rw-p 000e5000 08:30 201057                     /usr/lib/x86_64-linux-gnu/libm.so.6
77ac4f9d7000-77ac4f9ff000 r--p 00000000 08:30 201005                     /usr/lib/x86_64-linux-gnu/libc.so.6
77ac4f9ff000-77ac4fb94000 r-xp 00028000 08:30 201005                     /usr/lib/x86_64-linux-gnu/libc.so.6
77ac4fb94000-77ac4fbec000 r--p 001bd000 08:30 201005                     /usr/lib/x86_64-linux-gnu/libc.so.6
77ac4fbec000-77ac4fbed000 ---p 00215000 08:30 201005                     /usr/lib/x86_64-linux-gnu/libc.so.6
77ac4fbed000-77ac4fbf1000 r--p 00215000 08:30 201005                     /usr/lib/x86_64-linux-gnu/libc.so.6
77ac4fbf1000-77ac4fbf3000 rw-p 00219000 08:30 201005                     /usr/lib/x86_64-linux-gnu/libc.so.6
77ac4fbf3000-77ac4fc00000 rw-p 00000000 00:00 0 
77ac4fc00000-77ac4fc1a000 r-xp 00000000 08:30 217710                     /opt/java/openjdk/lib/jli/libjli.so
77ac4fc1a000-77ac4fe1a000 ---p 0001a000 08:30 217710                     /opt/java/openjdk/lib/jli/libjli.so
77ac4fe1a000-77ac4fe1b000 r--p 0001a000 08:30 217710                     /opt/java/openjdk/lib/jli/libjli.so
77ac4fe1b000-77ac4fe1c000 rw-p 0001b000 08:30 217710                     /opt/java/openjdk/lib/jli/libjli.so
77ac4fe1f000-77ac4fe27000 rw-s 00000000 08:30 418671                     /tmp/hsperfdata_spark/75604
77ac4fe27000-77ac4fe28000 r--p 00000000 08:30 201102                     /usr/lib/x86_64-linux-gnu/librt.so.1
77ac4fe28000-77ac4fe29000 r-xp 00001000 08:30 201102                     /usr/lib/x86_64-linux-gnu/librt.so.1
77ac4fe29000-77ac4fe2a000 r--p 00002000 08:30 201102                     /usr/lib/x86_64-linux-gnu/librt.so.1
77ac4fe2a000-77ac4fe2b000 r--p 00002000 08:30 201102                     /usr/lib/x86_64-linux-gnu/librt.so.1
77ac4fe2b000-77ac4fe2c000 rw-p 00003000 08:30 201102                     /usr/lib/x86_64-linux-gnu/librt.so.1
77ac4fe2c000-77ac4fe2e000 rw-p 00000000 00:00 0 
77ac4fe2e000-77ac4fe2f000 r--p 00000000 08:30 201019                     /usr/lib/x86_64-linux-gnu/libdl.so.2
77ac4fe2f000-77ac4fe30000 r-xp 00001000 08:30 201019                     /usr/lib/x86_64-linux-gnu/libdl.so.2
77ac4fe30000-77ac4fe31000 r--p 00002000 08:30 201019                     /usr/lib/x86_64-linux-gnu/libdl.so.2
77ac4fe31000-77ac4fe32000 r--p 00002000 08:30 201019                     /usr/lib/x86_64-linux-gnu/libdl.so.2
77ac4fe32000-77ac4fe33000 rw-p 00003000 08:30 201019                     /usr/lib/x86_64-linux-gnu/libdl.so.2
77ac4fe33000-77ac4fe34000 r--p 00000000 08:30 201100                     /usr/lib/x86_64-linux-gnu/libpthread.so.0
77ac4fe34000-77ac4fe35000 r-xp 00001000 08:30 201100                     /usr/lib/x86_64-linux-gnu/libpthread.so.0
77ac4fe35000-77ac4fe36000 r--p 00002000 08:30 201100                     /usr/lib/x86_64-linux-gnu/libpthread.so.0
77ac4fe36000-77ac4fe37000 r--p 00002000 08:30 201100                     /usr/lib/x86_64-linux-gnu/libpthread.so.0
77ac4fe37000-77ac4fe38000 rw-p 00003000 08:30 201100                     /usr/lib/x86_64-linux-gnu/libpthread.so.0
77ac4fe3c000-77ac4fe3d000 ---p 00000000 00:00 0 
77ac4fe3d000-77ac4fe3e000 r--p 00000000 00:00 0 
77ac4fe3e000-77ac4fe40000 rw-p 00000000 00:00 0 
77ac4fe40000-77ac4fe42000 r--p 00000000 08:30 200987                     /usr/lib/x86_64-linux-gnu/ld-linux-x86-64.so.2
77ac4fe42000-77ac4fe6c000 r-xp 00002000 08:30 200987                     /usr/lib/x86_64-linux-gnu/ld-linux-x86-64.so.2
77ac4fe6c000-77ac4fe77000 r--p 0002c000 08:30 200987                     /usr/lib/x86_64-linux-gnu/ld-linux-x86-64.so.2
77ac4fe78000-77ac4fe7a000 r--p 00037000 08:30 200987                     /usr/lib/x86_64-linux-gnu/ld-linux-x86-64.so.2
77ac4fe7a000-77ac4fe7c000 rw-p 00039000 08:30 200987                     /usr/lib/x86_64-linux-gnu/ld-linux-x86-64.so.2
7ffc510f2000-7ffc51113000 rw-p 00000000 00:00 0                          [stack]
7ffc51167000-7ffc5116b000 r--p 00000000 00:00 0                          [vvar]
7ffc5116b000-7ffc5116d000 r-xp 00000000 00:00 0                          [vdso]


VM Arguments:
jvm_args: -Xmx1g -XX:+IgnoreUnrecognizedVMOptions --add-opens=java.base/java.lang=ALL-UNNAMED --add-opens=java.base/java.lang.invoke=ALL-UNNAMED --add-opens=java.base/java.lang.reflect=ALL-UNNAMED --add-opens=java.base/java.io=ALL-UNNAMED --add-opens=java.base/java.net=ALL-UNNAMED --add-opens=java.base/java.nio=ALL-UNNAMED --add-opens=java.base/java.util=ALL-UNNAMED --add-opens=java.base/java.util.concurrent=ALL-UNNAMED --add-opens=java.base/java.util.concurrent.atomic=ALL-UNNAMED --add-opens=java.base/jdk.internal.ref=ALL-UNNAMED --add-opens=java.base/sun.nio.ch=ALL-UNNAMED --add-opens=java.base/sun.nio.cs=ALL-UNNAMED --add-opens=java.base/sun.security.action=ALL-UNNAMED --add-opens=java.base/sun.util.calendar=ALL-UNNAMED --add-opens=java.security.jgss/sun.security.krb5=ALL-UNNAMED -Djdk.reflect.useDirectMethodHandle=false 
java_command: org.apache.spark.deploy.SparkSubmit --conf spark.jars.ivy=/tmp/.ivy2 --packages org.apache.iceberg:iceberg-spark-runtime-3.5_2.12:1.5.0,org.projectnessie.nessie-integrations:nessie-spark-extensions-3.5_2.12:0.77.1,software.amazon.awssdk:bundle:2.20.18,software.amazon.awssdk:url-connection-client:2.20.18 /opt/spark/work-dir/complex_transforms/05_iceberg_transforms.py
java_class_path (initial): /opt/spark/conf:/opt/spark/jars/kubernetes-model-core-6.7.2.jar:/opt/spark/jars/scala-reflect-2.12.18.jar:/opt/spark/jars/libthrift-0.12.0.jar:/opt/spark/jars/jersey-hk2-2.47.jar:/opt/spark/jars/spark-common-utils_2.12-3.5.9.jar:/opt/spark/jars/kubernetes-model-events-6.7.2.jar:/opt/spark/jars/kubernetes-model-autoscaling-6.7.2.jar:/opt/spark/jars/log4j-1.2-api-2.20.0.jar:/opt/spark/jars/netty-codec-http2-4.1.96.Final.jar:/opt/spark/jars/arrow-memory-core-12.0.1.jar:/opt/spark/jars/stax-api-1.0.1.jar:/opt/spark/jars/spark-catalyst_2.12-3.5.9.jar:/opt/spark/jars/guava-14.0.1.jar:/opt/spark/jars/kubernetes-client-api-6.7.2.jar:/opt/spark/jars/osgi-resource-locator-1.0.3.jar:/opt/spark/jars/netty-handler-4.1.96.Final.jar:/opt/spark/jars/mesos-1.4.3-shaded-protobuf.jar:/opt/spark/jars/httpcore-4.4.16.jar:/opt/spark/jars/compress-lzf-1.1.2.jar:/opt/spark/jars/jsr305-3.0.0.jar:/opt/spark/jars/hive-storage-api-2.8.1.jar:/opt/spark/jars/ivy-2.5.3.jar:/opt/spark/jars/javolution-5.5.1.jar:/opt/spark/jars/netty-codec-socks-4.1.96.Final.jar:/opt/spark/jars/spark-sql-api_2.12-3.5.9.jar:/opt/spark/jars/netty-handler-proxy-4.1.96.Final.jar:/opt/spark/jars/audience-annotations-0.5.0.jar:/opt/spark/jars/kubernetes-client-6.7.2.jar:/opt/spark/jars/jakarta.inject-2.6.1.jar:/opt/spark/jars/aopalliance-repackaged-2.6.1.jar:/opt/spark/jars/commons-compiler-3.1.9.jar:/opt/spark/jars/netty-all-4.1.96.Final.jar:/opt/spark/jars/netty-transport-4.1.96.Final.jar:/opt/spark/jars/commons-logging-1.1.3.jar:/opt/spark/jars/zstd-jni-1.5.5-4.jar:/opt/spark/jars/xz-1.9.jar:/opt/spark/jars/lz4-java-1.8.0.jar:/opt/spark/jars/kubernetes-model-common-6.7.2.jar:/opt/spark/jars/curator-recipes-2.13.0.jar:/opt/spark/jars/jackson-databind-2.15.2.jar:/opt/spark/jars/kubernetes-model-node-6.7.2.jar:/opt/spark/jars/curator-framework-2.13.0.jar:/opt/spark/jars/shims-0.9.45.jar:/opt/spark/jars/jackson-dataformat-yaml-2.15.2.jar:/opt/spark/jars/jakarta.servlet-api-4.0.3.jar:/opt/spark/
Launcher Type: SUN_STANDARD

[Global flags]
     intx CICompilerCount                          = 12                                        {product} {ergonomic}
     uint ConcGCThreads                            = 3                                         {product} {ergonomic}
     uint G1ConcRefinementThreads                  = 13                                        {product} {ergonomic}
   size_t G1HeapRegionSize                         = 1048576                                   {product} {ergonomic}
    uintx GCDrainStackTargetSize                   = 64                                        {product} {ergonomic}
     bool IgnoreUnrecognizedVMOptions              = true                                      {product} {command line}
   size_t InitialHeapSize                          = 130023424                                 {product} {ergonomic}
   size_t MarkStackSize                            = 4194304                                   {product} {ergonomic}
   size_t MaxHeapSize                              = 1073741824                                {product} {command line}
   size_t MaxNewSize                               = 643825664                                 {product} {ergonomic}
   size_t MinHeapDeltaBytes                        = 1048576                                   {product} {ergonomic}
    uintx NonNMethodCodeHeapSize                   = 7594288                                {pd product} {ergonomic}
    uintx NonProfiledCodeHeapSize                  = 122031976                              {pd product} {ergonomic}
    uintx ProfiledCodeHeapSize                     = 122031976                              {pd product} {ergonomic}
    uintx ReservedCodeCacheSize                    = 251658240                              {pd product} {ergonomic}
     bool SegmentedCodeCache                       = true                                      {product} {ergonomic}
     bool UseCompressedClassPointers               = true                                 {lp64_product} {ergonomic}
     bool UseCompressedOops                        = true                                 {lp64_product} {ergonomic}
     bool UseG1GC                                  = true                                      {product} {ergonomic}

Logging:
Log output configuration:
 #0: stdout all=warning uptime,level,tags
 #1: stderr all=off uptime,level,tags

Environment Variables:
JAVA_HOME=/opt/java/openjdk
PATH=/opt/java/openjdk/bin:/usr/local/sbin:/usr/local/bin:/usr/sbin:/usr/bin:/sbin:/bin
LANG=en_US.UTF-8
LC_ALL=en_US.UTF-8

Signal Handlers:
SIGSEGV: [libjvm.so+0xf51250], sa_mask[0]=11111111011111111101111111111110, sa_flags=SA_RESTART|SA_SIGINFO
SIGBUS: [libjvm.so+0xf51250], sa_mask[0]=11111111011111111101111111111110, sa_flags=SA_RESTART|SA_SIGINFO
SIGFPE: [libjvm.so+0xf51250], sa_mask[0]=11111111011111111101111111111110, sa_flags=SA_RESTART|SA_SIGINFO
SIGPIPE: [libjvm.so+0xc72f40], sa_mask[0]=11111111011111111101111111111110, sa_flags=SA_RESTART|SA_SIGINFO
SIGXFSZ: [libjvm.so+0xc72f40], sa_mask[0]=11111111011111111101111111111110, sa_flags=SA_RESTART|SA_SIGINFO
SIGILL: [libjvm.so+0xf51250], sa_mask[0]=11111111011111111101111111111110, sa_flags=SA_RESTART|SA_SIGINFO
SIGUSR2: [libjvm.so+0xc72de0], sa_mask[0]=00000000000000000000000000000000, sa_flags=SA_RESTART|SA_SIGINFO
SIGHUP: [libjvm.so+0xc73370], sa_mask[0]=11111111011111111101111111111110, sa_flags=SA_RESTART|SA_SIGINFO
SIGINT: [libjvm.so+0xc73370], sa_mask[0]=11111111011111111101111111111110, sa_flags=SA_RESTART|SA_SIGINFO
SIGTERM: [libjvm.so+0xc73370], sa_mask[0]=11111111011111111101111111111110, sa_flags=SA_RESTART|SA_SIGINFO
SIGQUIT: [libjvm.so+0xc73370], sa_mask[0]=11111111011111111101111111111110, sa_flags=SA_RESTART|SA_SIGINFO


---------------  S Y S T E M  ---------------

OS:DISTRIB_ID=Ubuntu
DISTRIB_RELEASE=22.04
DISTRIB_CODENAME=jammy
DISTRIB_DESCRIPTION="Ubuntu 22.04.5 LTS"
uname:Linux 6.6.114.1-microsoft-standard-WSL2 #1 SMP PREEMPT_DYNAMIC Mon Dec  1 20:46:23 UTC 2025 x86_64
OS uptime: 0 days 2:02 hours
libc:glibc 2.35 NPTL 2.35 
rlimit (soft/hard): STACK 8192k/infinity , CORE 0k/infinity , NPROC infinity/infinity , NOFILE 1048576/1048576 , AS infinity/infinity , CPU infinity/infinity , DATA infinity/infinity , FSIZE infinity/infinity , MEMLOCK infinity/infinity
load average:2.48 2.94 3.16

/proc/meminfo:
MemTotal:        8036432 kB
MemFree:           81292 kB
MemAvailable:    1205720 kB
Buffers:            3140 kB
Cached:          1215388 kB
SwapCached:         9416 kB
Active:          2208096 kB
Inactive:        5241308 kB
Active(anon):    1358120 kB
Inactive(anon):  4876936 kB
Active(file):     849976 kB
Inactive(file):   364372 kB
Unevictable:           0 kB
Mlocked:               0 kB
SwapTotal:       2097152 kB
SwapFree:         110836 kB
Dirty:              7512 kB
Writeback:             0 kB
AnonPages:       6222352 kB
Mapped:           103956 kB
Shmem:              3304 kB
KReclaimable:      99696 kB
Slab:             201108 kB
SReclaimable:      99696 kB
SUnreclaim:       101412 kB
KernelStack:       21856 kB
PageTables:        28896 kB
SecPageTables:         0 kB
NFS_Unstable:          0 kB
Bounce:                0 kB
WritebackTmp:          0 kB
CommitLimit:     6115368 kB
Committed_AS:   11384740 kB
VmallocTotal:   34359738367 kB
VmallocUsed:       47592 kB
VmallocChunk:          0 kB
Percpu:             6464 kB
HardwareCorrupted:     0 kB
AnonHugePages:         0 kB
ShmemHugePages:        0 kB
ShmemPmdMapped:        0 kB
FileHugePages:         0 kB
FilePmdMapped:         0 kB
Unaccepted:            0 kB
HugePages_Total:       0
HugePages_Free:        0
HugePages_Rsvd:        0
HugePages_Surp:        0
Hugepagesize:       2048 kB
Hugetlb:               0 kB
DirectMap4k:       84992 kB
DirectMap2M:     5062656 kB
DirectMap1G:    12582912 kB

/sys/kernel/mm/transparent_hugepage/enabled:
always [madvise] never
/sys/kernel/mm/transparent_hugepage/defrag (defrag/compaction efforts parameter):
always defer defer+madvise [madvise] never

Process Memory:
Virtual Size: 11338688K (peak: 12467828K)
Resident Set Size: 1322788K (peak: 1322788K) (anon: 1293528K, file: 29260K, shmem: 0K)
Swapped out: 0K
C-Heap outstanding allocations: 198606K, retained: 108389K
glibc malloc tunables: (default)

/proc/sys/kernel/threads-max (system-wide limit on the number of threads):
62706
/proc/sys/vm/max_map_count (maximum number of memory map areas a process may have):
262144
/proc/sys/kernel/pid_max (system-wide limit on number of process identifiers):
99999

container (cgroup) information:
container_type: cgroupv2
cpu_cpuset_cpus: not supported
cpu_memory_nodes: not supported
active_processor_count: 16
cpu_quota: no quota
cpu_period: 100000
cpu_shares: no shares
memory_limit_in_bytes: unlimited
memory_and_swap_limit_in_bytes: unlimited
memory_soft_limit_in_bytes: unlimited
memory_usage_in_bytes: 4521004 k
memory_max_usage_in_bytes: not supported
rss_usage_in_bytes: not supported
cache_usage_in_bytes: not supported
memory_swap_current_in_bytes: 713128 k
memory_swap_max_limit_in_bytes: unlimited
maximum number of tasks: unlimited
current number of tasks: 448

Hyper-V virtualization detected
Steal ticks since vm start: 0
Steal ticks percentage since vm start:  0.000

CPU:total 16 (initial active 16) (16 cores per cpu, 2 threads per core) family 25 model 68 stepping 1 microcode 0xffffffff, cmov, cx8, fxsr, mmx, sse, sse2, sse3, ssse3, sse4.1, sse4.2, popcnt, avx, avx2, aes, clmul, erms, mmxext, 3dnowpref, lzcnt, sse4a, ht, tsc, tscinvbit, tscinv, bmi1, bmi2, adx, sha, fma
CPU Model and flags from /proc/cpuinfo:
model name	: AMD Ryzen 7 7435HS
flags		: fpu vme de pse tsc msr pae mce cx8 apic sep mtrr pge mca cmov pat pse36 clflush mmx fxsr sse sse2 ht syscall nx mmxext fxsr_opt pdpe1gb rdtscp lm constant_tsc rep_good nopl tsc_reliable nonstop_tsc cpuid extd_apicid tsc_known_freq pni pclmulqdq ssse3 fma cx16 sse4_1 sse4_2 movbe popcnt aes xsave avx f16c rdrand hypervisor lahf_lm cmp_legacy svm cr8_legacy abm sse4a misalignsse 3dnowprefetch osvw topoext perfctr_core ssbd ibrs ibpb stibp vmmcall fsgsbase bmi1 avx2 smep bmi2 erms invpcid rdseed adx smap clflushopt clwb sha_ni xsaveopt xsavec xgetbv1 xsaves clzero xsaveerptr arat npt nrip_save tsc_scale vmcb_clean flushbyasid decodeassists pausefilter pfthreshold v_vmsave_vmload umip vaes vpclmulqdq rdpid fsrm
Online cpus:
0-15
Offline cpus:

BIOS frequency limitation:
<Not Available>
Frequency switch latency (ns):
<Not Available>
Available cpu frequencies:
<Not Available>
Current governor:
<Not Available>
Core performance/turbo boost:
<Not Available>

Memory: 4k page, physical 8036432k(81548k free), swap 2097152k(110836k free)

vm_info: OpenJDK 64-Bit Server VM (11.0.31+11) for linux-amd64 JRE (11.0.31+11), built on Apr 25 2026 12:54:35 by "" with gcc 7.5.0

END.
